ISO-10303-21;
HEADER;
FILE_DESCRIPTION(('Open CASCADE Model'),'2;1');
FILE_NAME('Open CASCADE Shape Model','2026-08-07T09:01:06',('Author'),(
    'Open CASCADE'),'Open CASCADE STEP processor 7.9','Open CASCADE 7.9'
  ,'Unknown');
FILE_SCHEMA(('AUTOMOTIVE_DESIGN { 1 0 10303 214 1 1 1 1 }'));
ENDSEC;
DATA;
#1 = APPLICATION_PROTOCOL_DEFINITION('international standard',
  'automotive_design',2000,#2);
#2 = APPLICATION_CONTEXT(
  'core data for automotive mechanical design processes');
#3 = SHAPE_DEFINITION_REPRESENTATION(#4,#10);
#4 = PRODUCT_DEFINITION_SHAPE('','',#5);
#5 = PRODUCT_DEFINITION('design','',#6,#9);
#6 = PRODUCT_DEFINITION_FORMATION('','',#7);
#7 = PRODUCT('Open CASCADE STEP translator 7.9 3',
  'Open CASCADE STEP translator 7.9 3','',(#8));
#8 = PRODUCT_CONTEXT('',#2,'mechanical');
#9 = PRODUCT_DEFINITION_CONTEXT('part definition',#2,'design');
#10 = ADVANCED_BREP_SHAPE_REPRESENTATION('',(#11,#15),#12351);
#11 = AXIS2_PLACEMENT_3D('',#12,#13,#14);
#12 = CARTESIAN_POINT('',(0.,0.,0.));
#13 = DIRECTION('',(0.,0.,1.));
#14 = DIRECTION('',(1.,0.,-0.));
#15 = MANIFOLD_SOLID_BREP('',#16);
#16 = CLOSED_SHELL('',(#17,#135,#223,#639,#694,#766,#820,#872,#1084,
    #1139,#1193,#1226,#1303,#1357,#1412,#1572,#1627,#2464,#2519,#2657,
    #2709,#3067,#3092,#3117,#3164,#3191,#3218,#3245,#3272,#3279,#3304,
    #3329,#3336,#3417,#3466,#3520,#3695,#4061,#4621,#4691,#4718,#4772,
    #4846,#4916,#4963,#5036,#5083,#5130,#5178,#5248,#5275,#5322,#5370,
    #5438,#5485,#5532,#5580,#5657,#5684,#5800,#5848,#5897,#5944,#5993,
    #6043,#6070,#6124,#6272,#6504,#7064,#7134,#7161,#7216,#7271,#7326,
    #7381,#7436,#7491,#7546,#7742,#7823,#7898,#7945,#7993,#8042,#8525,
    #8552,#8865,#8942,#8949,#8976,#9003,#9030,#9057,#9084,#9090,#9116,
    #9143,#9149,#9175,#9202,#9229,#9256,#9283,#9290,#9371,#9378,#9385,
    #9392,#9467,#9514,#9562,#9803,#9852,#10335,#10362,#10389,#10416,
    #10443,#10470,#10497,#10503,#10529,#10556,#10562,#10588,#10615,
    #10642,#10669,#10696,#10703,#10738,#10777,#10812,#10851,#10886,
    #10921,#10960,#10987,#11061,#11108,#11155,#11180,#11205,#11251,
    #11327,#11376,#11425,#11452,#11479,#11506,#11533,#11560,#11587,
    #11614,#11641,#11668,#11695,#11702,#11727,#11773,#11849,#11898,
    #11947,#11974,#12029,#12092,#12147,#12174,#12229,#12284,#12311,
    #12321,#12328,#12335,#12339,#12343,#12347));
#17 = ADVANCED_FACE('',(#18),#32,.F.);
#18 = FACE_BOUND('',#19,.F.);
#19 = EDGE_LOOP('',(#20,#55,#83,#111));
#20 = ORIENTED_EDGE('',*,*,#21,.F.);
#21 = EDGE_CURVE('',#22,#24,#26,.T.);
#22 = VERTEX_POINT('',#23);
#23 = CARTESIAN_POINT('',(-5.551115123126E-17,6.,0.6));
#24 = VERTEX_POINT('',#25);
#25 = CARTESIAN_POINT('',(-8.881784197001E-16,6.,14.486140888476));
#26 = SURFACE_CURVE('',#27,(#31,#43),.PCURVE_S1.);
#27 = LINE('',#28,#29);
#28 = CARTESIAN_POINT('',(-8.881784197001E-16,6.,0.));
#29 = VECTOR('',#30,1.);
#30 = DIRECTION('',(0.,0.,1.));
#31 = PCURVE('',#32,#37);
#32 = PLANE('',#33);
#33 = AXIS2_PLACEMENT_3D('',#34,#35,#36);
#34 = CARTESIAN_POINT('',(0.,0.,0.));
#35 = DIRECTION('',(1.,0.,0.));
#36 = DIRECTION('',(0.,0.,1.));
#37 = DEFINITIONAL_REPRESENTATION('',(#38),#42);
#38 = LINE('',#39,#40);
#39 = CARTESIAN_POINT('',(0.,-6.));
#40 = VECTOR('',#41,1.);
#41 = DIRECTION('',(1.,0.));
#42 = ( GEOMETRIC_REPRESENTATION_CONTEXT(2) 
PARAMETRIC_REPRESENTATION_CONTEXT() REPRESENTATION_CONTEXT('2D SPACE',''
  ) );
#43 = PCURVE('',#44,#49);
#44 = CYLINDRICAL_SURFACE('',#45,6.);
#45 = AXIS2_PLACEMENT_3D('',#46,#47,#48);
#46 = CARTESIAN_POINT('',(6.,6.,0.));
#47 = DIRECTION('',(0.,0.,1.));
#48 = DIRECTION('',(-1.,-0.,0.));
#49 = DEFINITIONAL_REPRESENTATION('',(#50),#54);
#50 = LINE('',#51,#52);
#51 = CARTESIAN_POINT('',(0.,0.));
#52 = VECTOR('',#53,1.);
#53 = DIRECTION('',(0.,1.));
#54 = ( GEOMETRIC_REPRESENTATION_CONTEXT(2) 
PARAMETRIC_REPRESENTATION_CONTEXT() REPRESENTATION_CONTEXT('2D SPACE',''
  ) );
#55 = ORIENTED_EDGE('',*,*,#56,.T.);
#56 = EDGE_CURVE('',#22,#57,#59,.T.);
#57 = VERTEX_POINT('',#58);
#58 = CARTESIAN_POINT('',(-2.22044604925E-16,150.20842373802,0.6));
#59 = SURFACE_CURVE('',#60,(#64,#71),.PCURVE_S1.);
#60 = LINE('',#61,#62);
#61 = CARTESIAN_POINT('',(0.,6.,0.6));
#62 = VECTOR('',#63,1.);
#63 = DIRECTION('',(0.,1.,0.));
#64 = PCURVE('',#32,#65);
#65 = DEFINITIONAL_REPRESENTATION('',(#66),#70);
#66 = LINE('',#67,#68);
#67 = CARTESIAN_POINT('',(0.6,-6.));
#68 = VECTOR('',#69,1.);
#69 = DIRECTION('',(0.,-1.));
#70 = ( GEOMETRIC_REPRESENTATION_CONTEXT(2) 
PARAMETRIC_REPRESENTATION_CONTEXT() REPRESENTATION_CONTEXT('2D SPACE',''
  ) );
#71 = PCURVE('',#72,#77);
#72 = PLANE('',#73);
#73 = AXIS2_PLACEMENT_3D('',#74,#75,#76);
#74 = CARTESIAN_POINT('',(0.3,6.,0.3));
#75 = DIRECTION('',(-0.707106781187,-1.701458523382E-18,-0.707106781187)
  );
#76 = DIRECTION('',(-1.203112859791E-18,1.,-1.203112859791E-18));
#77 = DEFINITIONAL_REPRESENTATION('',(#78),#82);
#78 = LINE('',#79,#80);
#79 = CARTESIAN_POINT('',(0.,-0.424264068712));
#80 = VECTOR('',#81,1.);
#81 = DIRECTION('',(1.,0.));
#82 = ( GEOMETRIC_REPRESENTATION_CONTEXT(2) 
PARAMETRIC_REPRESENTATION_CONTEXT() REPRESENTATION_CONTEXT('2D SPACE',''
  ) );
#83 = ORIENTED_EDGE('',*,*,#84,.T.);
#84 = EDGE_CURVE('',#57,#85,#87,.T.);
#85 = VERTEX_POINT('',#86);
#86 = CARTESIAN_POINT('',(-8.881784197001E-16,150.20842373802,
    46.45173607474));
#87 = SURFACE_CURVE('',#88,(#92,#99),.PCURVE_S1.);
#88 = LINE('',#89,#90);
#89 = CARTESIAN_POINT('',(-8.881784197001E-16,150.20842373802,0.));
#90 = VECTOR('',#91,1.);
#91 = DIRECTION('',(0.,0.,1.));
#92 = PCURVE('',#32,#93);
#93 = DEFINITIONAL_REPRESENTATION('',(#94),#98);
#94 = LINE('',#95,#96);
#95 = CARTESIAN_POINT('',(0.,-150.208423738));
#96 = VECTOR('',#97,1.);
#97 = DIRECTION('',(1.,0.));
#98 = ( GEOMETRIC_REPRESENTATION_CONTEXT(2) 
PARAMETRIC_REPRESENTATION_CONTEXT() REPRESENTATION_CONTEXT('2D SPACE',''
  ) );
#99 = PCURVE('',#100,#105);
#100 = CYLINDRICAL_SURFACE('',#101,6.);
#101 = AXIS2_PLACEMENT_3D('',#102,#103,#104);
#102 = CARTESIAN_POINT('',(6.,150.20842373802,0.));
#103 = DIRECTION('',(0.,0.,1.));
#104 = DIRECTION('',(-1.,-0.,0.));
#105 = DEFINITIONAL_REPRESENTATION('',(#106),#110);
#106 = LINE('',#107,#108);
#107 = CARTESIAN_POINT('',(-0.,0.));
#108 = VECTOR('',#109,1.);
#109 = DIRECTION('',(-0.,1.));
#110 = ( GEOMETRIC_REPRESENTATION_CONTEXT(2) 
PARAMETRIC_REPRESENTATION_CONTEXT() REPRESENTATION_CONTEXT('2D SPACE',''
  ) );
#111 = ORIENTED_EDGE('',*,*,#112,.T.);
#112 = EDGE_CURVE('',#85,#24,#113,.T.);
#113 = SURFACE_CURVE('',#114,(#118,#124),.PCURVE_S1.);
#114 = LINE('',#115,#116);
#115 = CARTESIAN_POINT('',(0.,-221.0579219448,-35.84407858545));
#116 = VECTOR('',#117,1.);
#117 = DIRECTION('',(0.,-0.976302648363,-0.216409655053));
#118 = PCURVE('',#32,#119);
#119 = DEFINITIONAL_REPRESENTATION('',(#120),#123);
#120 = B_SPLINE_CURVE_WITH_KNOTS('',1,(#121,#122),.UNSPECIFIED.,.F.,.F.,
  (2,2),(-380.277925401,-232.5691959615),.PIECEWISE_BEZIER_KNOTS.);
#121 = CARTESIAN_POINT('',(46.45173607474,-150.208423738));
#122 = CARTESIAN_POINT('',(14.486140888476,-6.));
#123 = ( GEOMETRIC_REPRESENTATION_CONTEXT(2) 
PARAMETRIC_REPRESENTATION_CONTEXT() REPRESENTATION_CONTEXT('2D SPACE',''
  ) );
#124 = PCURVE('',#125,#130);
#125 = PLANE('',#126);
#126 = AXIS2_PLACEMENT_3D('',#127,#128,#129);
#127 = CARTESIAN_POINT('',(-450.,-439.3361917632,-84.22817869631));
#128 = DIRECTION('',(0.,-0.216409655053,0.976302648363));
#129 = DIRECTION('',(1.,0.,0.));
#130 = DEFINITIONAL_REPRESENTATION('',(#131),#134);
#131 = B_SPLINE_CURVE_WITH_KNOTS('',1,(#132,#133),.UNSPECIFIED.,.F.,.F.,
  (2,2),(-380.277925401,-232.5691959615),.PIECEWISE_BEZIER_KNOTS.);
#132 = CARTESIAN_POINT('',(450.,603.85436471972));
#133 = CARTESIAN_POINT('',(450.,456.14563528027));
#134 = ( GEOMETRIC_REPRESENTATION_CONTEXT(2) 
PARAMETRIC_REPRESENTATION_CONTEXT() REPRESENTATION_CONTEXT('2D SPACE',''
  ) );
#135 = ADVANCED_FACE('',(#136),#44,.T.);
#136 = FACE_BOUND('',#137,.T.);
#137 = EDGE_LOOP('',(#138,#139,#168,#196));
#138 = ORIENTED_EDGE('',*,*,#21,.F.);
#139 = ORIENTED_EDGE('',*,*,#140,.F.);
#140 = EDGE_CURVE('',#141,#22,#143,.T.);
#141 = VERTEX_POINT('',#142);
#142 = CARTESIAN_POINT('',(6.,1.665334536938E-16,0.6));
#143 = SURFACE_CURVE('',#144,(#149,#156),.PCURVE_S1.);
#144 = CIRCLE('',#145,6.);
#145 = AXIS2_PLACEMENT_3D('',#146,#147,#148);
#146 = CARTESIAN_POINT('',(6.,6.,0.6));
#147 = DIRECTION('',(-0.,0.,-1.));
#148 = DIRECTION('',(-2.960594732334E-16,-1.,0.));
#149 = PCURVE('',#44,#150);
#150 = DEFINITIONAL_REPRESENTATION('',(#151),#155);
#151 = LINE('',#152,#153);
#152 = CARTESIAN_POINT('',(1.570796326795,0.6));
#153 = VECTOR('',#154,1.);
#154 = DIRECTION('',(-1.,-0.));
#155 = ( GEOMETRIC_REPRESENTATION_CONTEXT(2) 
PARAMETRIC_REPRESENTATION_CONTEXT() REPRESENTATION_CONTEXT('2D SPACE',''
  ) );
#156 = PCURVE('',#157,#162);
#157 = CONICAL_SURFACE('',#158,6.,0.785398163397);
#158 = AXIS2_PLACEMENT_3D('',#159,#160,#161);
#159 = CARTESIAN_POINT('',(6.,6.,0.6));
#160 = DIRECTION('',(0.,0.,1.));
#161 = DIRECTION('',(-2.960594732334E-16,-1.,0.));
#162 = DEFINITIONAL_REPRESENTATION('',(#163),#167);
#163 = LINE('',#164,#165);
#164 = CARTESIAN_POINT('',(-0.,-0.));
#165 = VECTOR('',#166,1.);
#166 = DIRECTION('',(-1.,-0.));
#167 = ( GEOMETRIC_REPRESENTATION_CONTEXT(2) 
PARAMETRIC_REPRESENTATION_CONTEXT() REPRESENTATION_CONTEXT('2D SPACE',''
  ) );
#168 = ORIENTED_EDGE('',*,*,#169,.T.);
#169 = EDGE_CURVE('',#141,#170,#172,.T.);
#170 = VERTEX_POINT('',#171);
#171 = CARTESIAN_POINT('',(6.,-8.881784197001E-16,13.156166077393));
#172 = SURFACE_CURVE('',#173,(#177,#184),.PCURVE_S1.);
#173 = LINE('',#174,#175);
#174 = CARTESIAN_POINT('',(6.,-8.881784197001E-16,0.));
#175 = VECTOR('',#176,1.);
#176 = DIRECTION('',(0.,0.,1.));
#177 = PCURVE('',#44,#178);
#178 = DEFINITIONAL_REPRESENTATION('',(#179),#183);
#179 = LINE('',#180,#181);
#180 = CARTESIAN_POINT('',(1.570796326795,0.));
#181 = VECTOR('',#182,1.);
#182 = DIRECTION('',(0.,1.));
#183 = ( GEOMETRIC_REPRESENTATION_CONTEXT(2) 
PARAMETRIC_REPRESENTATION_CONTEXT() REPRESENTATION_CONTEXT('2D SPACE',''
  ) );
#184 = PCURVE('',#185,#190);
#185 = PLANE('',#186);
#186 = AXIS2_PLACEMENT_3D('',#187,#188,#189);
#187 = CARTESIAN_POINT('',(0.,0.,0.));
#188 = DIRECTION('',(0.,1.,0.));
#189 = DIRECTION('',(0.,0.,1.));
#190 = DEFINITIONAL_REPRESENTATION('',(#191),#195);
#191 = LINE('',#192,#193);
#192 = CARTESIAN_POINT('',(0.,6.));
#193 = VECTOR('',#194,1.);
#194 = DIRECTION('',(1.,0.));
#195 = ( GEOMETRIC_REPRESENTATION_CONTEXT(2) 
PARAMETRIC_REPRESENTATION_CONTEXT() REPRESENTATION_CONTEXT('2D SPACE',''
  ) );
#196 = ORIENTED_EDGE('',*,*,#197,.F.);
#197 = EDGE_CURVE('',#24,#170,#198,.T.);
#198 = SURFACE_CURVE('',#199,(#204,#216),.PCURVE_S1.);
#199 = ELLIPSE('',#200,6.145635280271,6.);
#200 = AXIS2_PLACEMENT_3D('',#201,#202,#203);
#201 = CARTESIAN_POINT('',(6.,6.,14.486140888476));
#202 = DIRECTION('',(0.,-0.216409655053,0.976302648363));
#203 = DIRECTION('',(0.,0.976302648363,0.216409655053));
#204 = PCURVE('',#44,#205);
#205 = DEFINITIONAL_REPRESENTATION('',(#206),#215);
#206 = B_SPLINE_CURVE_WITH_KNOTS('',7,(#207,#208,#209,#210,#211,#212,
    #213,#214),.UNSPECIFIED.,.F.,.F.,(8,8),(1.570796326795,3.14159265359
    ),.PIECEWISE_BEZIER_KNOTS.);
#207 = CARTESIAN_POINT('',(0.,14.486140888476));
#208 = CARTESIAN_POINT('',(0.224399475256,14.187695238765));
#209 = CARTESIAN_POINT('',(0.448798950513,13.889250800919));
#210 = CARTESIAN_POINT('',(0.673198425769,13.615344102562));
#211 = CARTESIAN_POINT('',(0.897597901026,13.390557507012));
#212 = CARTESIAN_POINT('',(1.121997376282,13.23430033215));
#213 = CARTESIAN_POINT('',(1.346396851538,13.156166077393));
#214 = CARTESIAN_POINT('',(1.570796326795,13.156166077393));
#215 = ( GEOMETRIC_REPRESENTATION_CONTEXT(2) 
PARAMETRIC_REPRESENTATION_CONTEXT() REPRESENTATION_CONTEXT('2D SPACE',''
  ) );
#216 = PCURVE('',#125,#217);
#217 = DEFINITIONAL_REPRESENTATION('',(#218),#222);
#218 = ELLIPSE('',#219,6.145635280271,6.);
#219 = AXIS2_PLACEMENT_2D('',#220,#221);
#220 = CARTESIAN_POINT('',(456.,456.14563528027));
#221 = DIRECTION('',(0.,1.));
#222 = ( GEOMETRIC_REPRESENTATION_CONTEXT(2) 
PARAMETRIC_REPRESENTATION_CONTEXT() REPRESENTATION_CONTEXT('2D SPACE',''
  ) );
#223 = ADVANCED_FACE('',(#224,#396),#125,.T.);
#224 = FACE_BOUND('',#225,.T.);
#225 = EDGE_LOOP('',(#226,#255,#256,#257,#278,#312,#338,#372));
#226 = ORIENTED_EDGE('',*,*,#227,.T.);
#227 = EDGE_CURVE('',#228,#85,#230,.T.);
#228 = VERTEX_POINT('',#229);
#229 = CARTESIAN_POINT('',(6.,156.20842373802,47.781710885823));
#230 = SURFACE_CURVE('',#231,(#236,#243),.PCURVE_S1.);
#231 = ELLIPSE('',#232,6.145635280271,6.);
#232 = AXIS2_PLACEMENT_3D('',#233,#234,#235);
#233 = CARTESIAN_POINT('',(6.,150.20842373802,46.45173607474));
#234 = DIRECTION('',(0.,-0.216409655053,0.976302648363));
#235 = DIRECTION('',(0.,0.976302648363,0.216409655053));
#236 = PCURVE('',#125,#237);
#237 = DEFINITIONAL_REPRESENTATION('',(#238),#242);
#238 = ELLIPSE('',#239,6.145635280271,6.);
#239 = AXIS2_PLACEMENT_2D('',#240,#241);
#240 = CARTESIAN_POINT('',(456.,603.85436471972));
#241 = DIRECTION('',(0.,1.));
#242 = ( GEOMETRIC_REPRESENTATION_CONTEXT(2) 
PARAMETRIC_REPRESENTATION_CONTEXT() REPRESENTATION_CONTEXT('2D SPACE',''
  ) );
#243 = PCURVE('',#100,#244);
#244 = DEFINITIONAL_REPRESENTATION('',(#245),#254);
#245 = B_SPLINE_CURVE_WITH_KNOTS('',7,(#246,#247,#248,#249,#250,#251,
    #252,#253),.UNSPECIFIED.,.F.,.F.,(8,8),(1.057526724829E-17,
    1.570796326795),.PIECEWISE_BEZIER_KNOTS.);
#246 = CARTESIAN_POINT('',(-1.570796326795,47.781710885823));
#247 = CARTESIAN_POINT('',(-1.346396851538,47.781710885823));
#248 = CARTESIAN_POINT('',(-1.121997376282,47.70357663106));
#249 = CARTESIAN_POINT('',(-0.897597901026,47.547319456239));
#250 = CARTESIAN_POINT('',(-0.673198425769,47.322532860628));
#251 = CARTESIAN_POINT('',(-0.448798950513,47.048626162303));
#252 = CARTESIAN_POINT('',(-0.224399475256,46.750181724451));
#253 = CARTESIAN_POINT('',(0.,46.45173607474));
#254 = ( GEOMETRIC_REPRESENTATION_CONTEXT(2) 
PARAMETRIC_REPRESENTATION_CONTEXT() REPRESENTATION_CONTEXT('2D SPACE',''
  ) );
#255 = ORIENTED_EDGE('',*,*,#112,.T.);
#256 = ORIENTED_EDGE('',*,*,#197,.T.);
#257 = ORIENTED_EDGE('',*,*,#258,.T.);
#258 = EDGE_CURVE('',#170,#259,#261,.T.);
#259 = VERTEX_POINT('',#260);
#260 = CARTESIAN_POINT('',(189.29285714285,-8.881784197001E-16,
    13.156166077393));
#261 = SURFACE_CURVE('',#262,(#266,#272),.PCURVE_S1.);
#262 = LINE('',#263,#264);
#263 = CARTESIAN_POINT('',(-225.,-2.947951909747E-15,13.156166077393));
#264 = VECTOR('',#265,1.);
#265 = DIRECTION('',(1.,0.,-0.));
#266 = PCURVE('',#125,#267);
#267 = DEFINITIONAL_REPRESENTATION('',(#268),#271);
#268 = B_SPLINE_CURVE_WITH_KNOTS('',1,(#269,#270),.UNSPECIFIED.,.F.,.F.,
  (2,2),(231.,414.29285714285),.PIECEWISE_BEZIER_KNOTS.);
#269 = CARTESIAN_POINT('',(456.,450.));
#270 = CARTESIAN_POINT('',(639.29285714285,450.));
#271 = ( GEOMETRIC_REPRESENTATION_CONTEXT(2) 
PARAMETRIC_REPRESENTATION_CONTEXT() REPRESENTATION_CONTEXT('2D SPACE',''
  ) );
#272 = PCURVE('',#185,#273);
#273 = DEFINITIONAL_REPRESENTATION('',(#274),#277);
#274 = B_SPLINE_CURVE_WITH_KNOTS('',1,(#275,#276),.UNSPECIFIED.,.F.,.F.,
  (2,2),(231.,414.29285714285),.PIECEWISE_BEZIER_KNOTS.);
#275 = CARTESIAN_POINT('',(13.156166077393,6.));
#276 = CARTESIAN_POINT('',(13.156166077393,189.29285714285));
#277 = ( GEOMETRIC_REPRESENTATION_CONTEXT(2) 
PARAMETRIC_REPRESENTATION_CONTEXT() REPRESENTATION_CONTEXT('2D SPACE',''
  ) );
#278 = ORIENTED_EDGE('',*,*,#279,.T.);
#279 = EDGE_CURVE('',#259,#280,#282,.T.);
#280 = VERTEX_POINT('',#281);
#281 = CARTESIAN_POINT('',(195.29285714285,6.,14.486140888476));
#282 = SURFACE_CURVE('',#283,(#288,#295),.PCURVE_S1.);
#283 = ELLIPSE('',#284,6.145635280271,6.);
#284 = AXIS2_PLACEMENT_3D('',#285,#286,#287);
#285 = CARTESIAN_POINT('',(189.29285714285,6.,14.486140888476));
#286 = DIRECTION('',(0.,-0.216409655053,0.976302648363));
#287 = DIRECTION('',(0.,0.976302648363,0.216409655053));
#288 = PCURVE('',#125,#289);
#289 = DEFINITIONAL_REPRESENTATION('',(#290),#294);
#290 = ELLIPSE('',#291,6.145635280271,6.);
#291 = AXIS2_PLACEMENT_2D('',#292,#293);
#292 = CARTESIAN_POINT('',(639.29285714285,456.14563528027));
#293 = DIRECTION('',(0.,1.));
#294 = ( GEOMETRIC_REPRESENTATION_CONTEXT(2) 
PARAMETRIC_REPRESENTATION_CONTEXT() REPRESENTATION_CONTEXT('2D SPACE',''
  ) );
#295 = PCURVE('',#296,#301);
#296 = CYLINDRICAL_SURFACE('',#297,6.);
#297 = AXIS2_PLACEMENT_3D('',#298,#299,#300);
#298 = CARTESIAN_POINT('',(189.29285714285,6.,0.));
#299 = DIRECTION('',(0.,0.,1.));
#300 = DIRECTION('',(1.,0.,-0.));
#301 = DEFINITIONAL_REPRESENTATION('',(#302),#311);
#302 = B_SPLINE_CURVE_WITH_KNOTS('',7,(#303,#304,#305,#306,#307,#308,
    #309,#310),.UNSPECIFIED.,.F.,.F.,(8,8),(3.14159265359,4.712388980385
    ),.PIECEWISE_BEZIER_KNOTS.);
#303 = CARTESIAN_POINT('',(-1.570796326795,13.156166077393));
#304 = CARTESIAN_POINT('',(-1.346396851538,13.156166077393));
#305 = CARTESIAN_POINT('',(-1.121997376282,13.234300332148));
#306 = CARTESIAN_POINT('',(-0.897597901026,13.390557507014));
#307 = CARTESIAN_POINT('',(-0.673198425769,13.615344102557));
#308 = CARTESIAN_POINT('',(-0.448798950513,13.88925080092));
#309 = CARTESIAN_POINT('',(-0.224399475256,14.187695238765));
#310 = CARTESIAN_POINT('',(-1.480297366167E-16,14.486140888476));
#311 = ( GEOMETRIC_REPRESENTATION_CONTEXT(2) 
PARAMETRIC_REPRESENTATION_CONTEXT() REPRESENTATION_CONTEXT('2D SPACE',''
  ) );
#312 = ORIENTED_EDGE('',*,*,#313,.F.);
#313 = EDGE_CURVE('',#314,#280,#316,.T.);
#314 = VERTEX_POINT('',#315);
#315 = CARTESIAN_POINT('',(195.29285714285,150.20842373802,
    46.45173607474));
#316 = SURFACE_CURVE('',#317,(#321,#327),.PCURVE_S1.);
#317 = LINE('',#318,#319);
#318 = CARTESIAN_POINT('',(195.29285714285,-221.0579219448,
    -35.84407858545));
#319 = VECTOR('',#320,1.);
#320 = DIRECTION('',(0.,-0.976302648363,-0.216409655053));
#321 = PCURVE('',#125,#322);
#322 = DEFINITIONAL_REPRESENTATION('',(#323),#326);
#323 = B_SPLINE_CURVE_WITH_KNOTS('',1,(#324,#325),.UNSPECIFIED.,.F.,.F.,
  (2,2),(-380.277925401,-232.5691959615),.PIECEWISE_BEZIER_KNOTS.);
#324 = CARTESIAN_POINT('',(645.29285714285,603.85436471972));
#325 = CARTESIAN_POINT('',(645.29285714285,456.14563528027));
#326 = ( GEOMETRIC_REPRESENTATION_CONTEXT(2) 
PARAMETRIC_REPRESENTATION_CONTEXT() REPRESENTATION_CONTEXT('2D SPACE',''
  ) );
#327 = PCURVE('',#328,#333);
#328 = PLANE('',#329);
#329 = AXIS2_PLACEMENT_3D('',#330,#331,#332);
#330 = CARTESIAN_POINT('',(195.29285714285,0.,0.));
#331 = DIRECTION('',(1.,0.,0.));
#332 = DIRECTION('',(0.,0.,1.));
#333 = DEFINITIONAL_REPRESENTATION('',(#334),#337);
#334 = B_SPLINE_CURVE_WITH_KNOTS('',1,(#335,#336),.UNSPECIFIED.,.F.,.F.,
  (2,2),(-380.277925401,-232.5691959615),.PIECEWISE_BEZIER_KNOTS.);
#335 = CARTESIAN_POINT('',(46.45173607474,-150.208423738));
#336 = CARTESIAN_POINT('',(14.486140888476,-6.));
#337 = ( GEOMETRIC_REPRESENTATION_CONTEXT(2) 
PARAMETRIC_REPRESENTATION_CONTEXT() REPRESENTATION_CONTEXT('2D SPACE',''
  ) );
#338 = ORIENTED_EDGE('',*,*,#339,.T.);
#339 = EDGE_CURVE('',#314,#340,#342,.T.);
#340 = VERTEX_POINT('',#341);
#341 = CARTESIAN_POINT('',(189.29285714285,156.20842373802,
    47.781710885823));
#342 = SURFACE_CURVE('',#343,(#348,#355),.PCURVE_S1.);
#343 = ELLIPSE('',#344,6.145635280271,6.);
#344 = AXIS2_PLACEMENT_3D('',#345,#346,#347);
#345 = CARTESIAN_POINT('',(189.29285714285,150.20842373802,
    46.45173607474));
#346 = DIRECTION('',(0.,-0.216409655053,0.976302648363));
#347 = DIRECTION('',(0.,0.976302648363,0.216409655053));
#348 = PCURVE('',#125,#349);
#349 = DEFINITIONAL_REPRESENTATION('',(#350),#354);
#350 = ELLIPSE('',#351,6.145635280271,6.);
#351 = AXIS2_PLACEMENT_2D('',#352,#353);
#352 = CARTESIAN_POINT('',(639.29285714285,603.85436471972));
#353 = DIRECTION('',(0.,1.));
#354 = ( GEOMETRIC_REPRESENTATION_CONTEXT(2) 
PARAMETRIC_REPRESENTATION_CONTEXT() REPRESENTATION_CONTEXT('2D SPACE',''
  ) );
#355 = PCURVE('',#356,#361);
#356 = CYLINDRICAL_SURFACE('',#357,6.);
#357 = AXIS2_PLACEMENT_3D('',#358,#359,#360);
#358 = CARTESIAN_POINT('',(189.29285714285,150.20842373802,0.));
#359 = DIRECTION('',(0.,0.,1.));
#360 = DIRECTION('',(1.,0.,-0.));
#361 = DEFINITIONAL_REPRESENTATION('',(#362),#371);
#362 = B_SPLINE_CURVE_WITH_KNOTS('',7,(#363,#364,#365,#366,#367,#368,
    #369,#370),.UNSPECIFIED.,.F.,.F.,(8,8),(4.712388980385,6.28318530718
    ),.PIECEWISE_BEZIER_KNOTS.);
#363 = CARTESIAN_POINT('',(0.,46.45173607474));
#364 = CARTESIAN_POINT('',(0.224399475256,46.750181724451));
#365 = CARTESIAN_POINT('',(0.448798950513,47.0486261623));
#366 = CARTESIAN_POINT('',(0.673198425769,47.322532860646));
#367 = CARTESIAN_POINT('',(0.897597901026,47.547319456221));
#368 = CARTESIAN_POINT('',(1.121997376282,47.703576631063));
#369 = CARTESIAN_POINT('',(1.346396851538,47.781710885823));
#370 = CARTESIAN_POINT('',(1.570796326795,47.781710885823));
#371 = ( GEOMETRIC_REPRESENTATION_CONTEXT(2) 
PARAMETRIC_REPRESENTATION_CONTEXT() REPRESENTATION_CONTEXT('2D SPACE',''
  ) );
#372 = ORIENTED_EDGE('',*,*,#373,.F.);
#373 = EDGE_CURVE('',#228,#340,#374,.T.);
#374 = SURFACE_CURVE('',#375,(#379,#385),.PCURVE_S1.);
#375 = LINE('',#376,#377);
#376 = CARTESIAN_POINT('',(-225.,156.20842373802,47.781710885823));
#377 = VECTOR('',#378,1.);
#378 = DIRECTION('',(1.,0.,-0.));
#379 = PCURVE('',#125,#380);
#380 = DEFINITIONAL_REPRESENTATION('',(#381),#384);
#381 = B_SPLINE_CURVE_WITH_KNOTS('',1,(#382,#383),.UNSPECIFIED.,.F.,.F.,
  (2,2),(231.,414.29285714285),.PIECEWISE_BEZIER_KNOTS.);
#382 = CARTESIAN_POINT('',(456.,610.));
#383 = CARTESIAN_POINT('',(639.29285714285,610.));
#384 = ( GEOMETRIC_REPRESENTATION_CONTEXT(2) 
PARAMETRIC_REPRESENTATION_CONTEXT() REPRESENTATION_CONTEXT('2D SPACE',''
  ) );
#385 = PCURVE('',#386,#391);
#386 = PLANE('',#387);
#387 = AXIS2_PLACEMENT_3D('',#388,#389,#390);
#388 = CARTESIAN_POINT('',(0.,156.20842373802,0.));
#389 = DIRECTION('',(0.,1.,0.));
#390 = DIRECTION('',(0.,0.,1.));
#391 = DEFINITIONAL_REPRESENTATION('',(#392),#395);
#392 = B_SPLINE_CURVE_WITH_KNOTS('',1,(#393,#394),.UNSPECIFIED.,.F.,.F.,
  (2,2),(231.,414.29285714285),.PIECEWISE_BEZIER_KNOTS.);
#393 = CARTESIAN_POINT('',(47.781710885823,6.));
#394 = CARTESIAN_POINT('',(47.781710885823,189.29285714285));
#395 = ( GEOMETRIC_REPRESENTATION_CONTEXT(2) 
PARAMETRIC_REPRESENTATION_CONTEXT() REPRESENTATION_CONTEXT('2D SPACE',''
  ) );
#396 = FACE_BOUND('',#397,.T.);
#397 = EDGE_LOOP('',(#398,#434,#460,#494,#521,#555,#581,#615));
#398 = ORIENTED_EDGE('',*,*,#399,.F.);
#399 = EDGE_CURVE('',#400,#402,#404,.T.);
#400 = VERTEX_POINT('',#401);
#401 = CARTESIAN_POINT('',(3.2,6.,14.486140888476));
#402 = VERTEX_POINT('',#403);
#403 = CARTESIAN_POINT('',(6.,3.2,13.865485976638));
#404 = SURFACE_CURVE('',#405,(#410,#417),.PCURVE_S1.);
#405 = ELLIPSE('',#406,2.867963130793,2.8);
#406 = AXIS2_PLACEMENT_3D('',#407,#408,#409);
#407 = CARTESIAN_POINT('',(6.,6.,14.486140888476));
#408 = DIRECTION('',(0.,-0.216409655053,0.976302648363));
#409 = DIRECTION('',(0.,0.976302648363,0.216409655053));
#410 = PCURVE('',#125,#411);
#411 = DEFINITIONAL_REPRESENTATION('',(#412),#416);
#412 = ELLIPSE('',#413,2.867963130793,2.8);
#413 = AXIS2_PLACEMENT_2D('',#414,#415);
#414 = CARTESIAN_POINT('',(456.,456.14563528027));
#415 = DIRECTION('',(0.,1.));
#416 = ( GEOMETRIC_REPRESENTATION_CONTEXT(2) 
PARAMETRIC_REPRESENTATION_CONTEXT() REPRESENTATION_CONTEXT('2D SPACE',''
  ) );
#417 = PCURVE('',#418,#423);
#418 = CYLINDRICAL_SURFACE('',#419,2.8);
#419 = AXIS2_PLACEMENT_3D('',#420,#421,#422);
#420 = CARTESIAN_POINT('',(6.,6.,3.2));
#421 = DIRECTION('',(0.,0.,1.));
#422 = DIRECTION('',(-1.,-0.,0.));
#423 = DEFINITIONAL_REPRESENTATION('',(#424),#433);
#424 = B_SPLINE_CURVE_WITH_KNOTS('',7,(#425,#426,#427,#428,#429,#430,
    #431,#432),.UNSPECIFIED.,.F.,.F.,(8,8),(1.570796326795,3.14159265359
    ),.PIECEWISE_BEZIER_KNOTS.);
#425 = CARTESIAN_POINT('',(0.,11.286140888476));
#426 = CARTESIAN_POINT('',(0.224399475256,11.146866251945));
#427 = CARTESIAN_POINT('',(0.448798950513,11.00759218095));
#428 = CARTESIAN_POINT('',(0.673198425769,10.879769055047));
#429 = CARTESIAN_POINT('',(0.897597901026,10.774868643796));
#430 = CARTESIAN_POINT('',(1.121997376282,10.701948628856));
#431 = CARTESIAN_POINT('',(1.346396851538,10.665485976638));
#432 = CARTESIAN_POINT('',(1.570796326795,10.665485976638));
#433 = ( GEOMETRIC_REPRESENTATION_CONTEXT(2) 
PARAMETRIC_REPRESENTATION_CONTEXT() REPRESENTATION_CONTEXT('2D SPACE',''
  ) );
#434 = ORIENTED_EDGE('',*,*,#435,.T.);
#435 = EDGE_CURVE('',#400,#436,#438,.T.);
#436 = VERTEX_POINT('',#437);
#437 = CARTESIAN_POINT('',(3.2,150.20842373802,46.45173607474));
#438 = SURFACE_CURVE('',#439,(#443,#449),.PCURVE_S1.);
#439 = LINE('',#440,#441);
#440 = CARTESIAN_POINT('',(3.2,-219.1948048559,-35.43109545239));
#441 = VECTOR('',#442,1.);
#442 = DIRECTION('',(-0.,0.976302648363,0.216409655053));
#443 = PCURVE('',#125,#444);
#444 = DEFINITIONAL_REPRESENTATION('',(#445),#448);
#445 = B_SPLINE_CURVE_WITH_KNOTS('',1,(#446,#447),.UNSPECIFIED.,.F.,.F.,
  (2,2),(230.66085627611,378.36958571557),.PIECEWISE_BEZIER_KNOTS.);
#446 = CARTESIAN_POINT('',(453.2,456.14563528027));
#447 = CARTESIAN_POINT('',(453.2,603.85436471972));
#448 = ( GEOMETRIC_REPRESENTATION_CONTEXT(2) 
PARAMETRIC_REPRESENTATION_CONTEXT() REPRESENTATION_CONTEXT('2D SPACE',''
  ) );
#449 = PCURVE('',#450,#455);
#450 = PLANE('',#451);
#451 = AXIS2_PLACEMENT_3D('',#452,#453,#454);
#452 = CARTESIAN_POINT('',(3.2,3.2,3.2));
#453 = DIRECTION('',(1.,0.,0.));
#454 = DIRECTION('',(0.,0.,1.));
#455 = DEFINITIONAL_REPRESENTATION('',(#456),#459);
#456 = B_SPLINE_CURVE_WITH_KNOTS('',1,(#457,#458),.UNSPECIFIED.,.F.,.F.,
  (2,2),(230.66085627611,378.36958571557),.PIECEWISE_BEZIER_KNOTS.);
#457 = CARTESIAN_POINT('',(11.286140888476,-2.8));
#458 = CARTESIAN_POINT('',(43.25173607474,-147.008423738));
#459 = ( GEOMETRIC_REPRESENTATION_CONTEXT(2) 
PARAMETRIC_REPRESENTATION_CONTEXT() REPRESENTATION_CONTEXT('2D SPACE',''
  ) );
#460 = ORIENTED_EDGE('',*,*,#461,.F.);
#461 = EDGE_CURVE('',#462,#436,#464,.T.);
#462 = VERTEX_POINT('',#463);
#463 = CARTESIAN_POINT('',(6.,153.00842373802,47.072390986578));
#464 = SURFACE_CURVE('',#465,(#470,#477),.PCURVE_S1.);
#465 = ELLIPSE('',#466,2.867963130793,2.8);
#466 = AXIS2_PLACEMENT_3D('',#467,#468,#469);
#467 = CARTESIAN_POINT('',(6.,150.20842373802,46.45173607474));
#468 = DIRECTION('',(0.,-0.216409655053,0.976302648363));
#469 = DIRECTION('',(0.,0.976302648363,0.216409655053));
#470 = PCURVE('',#125,#471);
#471 = DEFINITIONAL_REPRESENTATION('',(#472),#476);
#472 = ELLIPSE('',#473,2.867963130793,2.8);
#473 = AXIS2_PLACEMENT_2D('',#474,#475);
#474 = CARTESIAN_POINT('',(456.,603.85436471972));
#475 = DIRECTION('',(0.,1.));
#476 = ( GEOMETRIC_REPRESENTATION_CONTEXT(2) 
PARAMETRIC_REPRESENTATION_CONTEXT() REPRESENTATION_CONTEXT('2D SPACE',''
  ) );
#477 = PCURVE('',#478,#483);
#478 = CYLINDRICAL_SURFACE('',#479,2.8);
#479 = AXIS2_PLACEMENT_3D('',#480,#481,#482);
#480 = CARTESIAN_POINT('',(6.,150.20842373802,3.2));
#481 = DIRECTION('',(0.,0.,1.));
#482 = DIRECTION('',(-1.,-0.,0.));
#483 = DEFINITIONAL_REPRESENTATION('',(#484),#493);
#484 = B_SPLINE_CURVE_WITH_KNOTS('',7,(#485,#486,#487,#488,#489,#490,
    #491,#492),.UNSPECIFIED.,.F.,.F.,(8,8),(1.057526724829E-17,
    1.570796326795),.PIECEWISE_BEZIER_KNOTS.);
#485 = CARTESIAN_POINT('',(-1.570796326795,43.872390986578));
#486 = CARTESIAN_POINT('',(-1.346396851538,43.872390986578));
#487 = CARTESIAN_POINT('',(-1.121997376282,43.835928334356));
#488 = CARTESIAN_POINT('',(-0.897597901025,43.763008319432));
#489 = CARTESIAN_POINT('',(-0.67319842577,43.658107908167));
#490 = CARTESIAN_POINT('',(-0.448798950513,43.530284782271));
#491 = CARTESIAN_POINT('',(-0.224399475256,43.391010711272));
#492 = CARTESIAN_POINT('',(0.,43.25173607474));
#493 = ( GEOMETRIC_REPRESENTATION_CONTEXT(2) 
PARAMETRIC_REPRESENTATION_CONTEXT() REPRESENTATION_CONTEXT('2D SPACE',''
  ) );
#494 = ORIENTED_EDGE('',*,*,#495,.F.);
#495 = EDGE_CURVE('',#496,#462,#498,.T.);
#496 = VERTEX_POINT('',#497);
#497 = CARTESIAN_POINT('',(189.29285714285,153.00842373802,
    47.072390986578));
#498 = SURFACE_CURVE('',#499,(#503,#509),.PCURVE_S1.);
#499 = LINE('',#500,#501);
#500 = CARTESIAN_POINT('',(-223.4,153.00842373802,47.072390986578));
#501 = VECTOR('',#502,1.);
#502 = DIRECTION('',(-1.,0.,0.));
#503 = PCURVE('',#125,#504);
#504 = DEFINITIONAL_REPRESENTATION('',(#505),#508);
#505 = B_SPLINE_CURVE_WITH_KNOTS('',1,(#506,#507),.UNSPECIFIED.,.F.,.F.,
  (2,2),(-412.6928571428,-229.4),.PIECEWISE_BEZIER_KNOTS.);
#506 = CARTESIAN_POINT('',(639.29285714285,606.72232785052));
#507 = CARTESIAN_POINT('',(456.,606.72232785052));
#508 = ( GEOMETRIC_REPRESENTATION_CONTEXT(2) 
PARAMETRIC_REPRESENTATION_CONTEXT() REPRESENTATION_CONTEXT('2D SPACE',''
  ) );
#509 = PCURVE('',#510,#515);
#510 = PLANE('',#511);
#511 = AXIS2_PLACEMENT_3D('',#512,#513,#514);
#512 = CARTESIAN_POINT('',(3.2,153.00842373802,3.2));
#513 = DIRECTION('',(0.,1.,0.));
#514 = DIRECTION('',(0.,0.,1.));
#515 = DEFINITIONAL_REPRESENTATION('',(#516),#520);
#516 = LINE('',#517,#518);
#517 = CARTESIAN_POINT('',(43.872390986578,-226.6));
#518 = VECTOR('',#519,1.);
#519 = DIRECTION('',(0.,-1.));
#520 = ( GEOMETRIC_REPRESENTATION_CONTEXT(2) 
PARAMETRIC_REPRESENTATION_CONTEXT() REPRESENTATION_CONTEXT('2D SPACE',''
  ) );
#521 = ORIENTED_EDGE('',*,*,#522,.F.);
#522 = EDGE_CURVE('',#523,#496,#525,.T.);
#523 = VERTEX_POINT('',#524);
#524 = CARTESIAN_POINT('',(192.09285714285,150.20842373802,
    46.45173607474));
#525 = SURFACE_CURVE('',#526,(#531,#538),.PCURVE_S1.);
#526 = ELLIPSE('',#527,2.867963130793,2.8);
#527 = AXIS2_PLACEMENT_3D('',#528,#529,#530);
#528 = CARTESIAN_POINT('',(189.29285714285,150.20842373802,
    46.45173607474));
#529 = DIRECTION('',(0.,-0.216409655053,0.976302648363));
#530 = DIRECTION('',(0.,0.976302648363,0.216409655053));
#531 = PCURVE('',#125,#532);
#532 = DEFINITIONAL_REPRESENTATION('',(#533),#537);
#533 = ELLIPSE('',#534,2.867963130793,2.8);
#534 = AXIS2_PLACEMENT_2D('',#535,#536);
#535 = CARTESIAN_POINT('',(639.29285714285,603.85436471972));
#536 = DIRECTION('',(0.,1.));
#537 = ( GEOMETRIC_REPRESENTATION_CONTEXT(2) 
PARAMETRIC_REPRESENTATION_CONTEXT() REPRESENTATION_CONTEXT('2D SPACE',''
  ) );
#538 = PCURVE('',#539,#544);
#539 = CYLINDRICAL_SURFACE('',#540,2.8);
#540 = AXIS2_PLACEMENT_3D('',#541,#542,#543);
#541 = CARTESIAN_POINT('',(189.29285714285,150.20842373802,3.2));
#542 = DIRECTION('',(0.,0.,1.));
#543 = DIRECTION('',(1.,0.,-0.));
#544 = DEFINITIONAL_REPRESENTATION('',(#545),#554);
#545 = B_SPLINE_CURVE_WITH_KNOTS('',7,(#546,#547,#548,#549,#550,#551,
    #552,#553),.UNSPECIFIED.,.F.,.F.,(8,8),(4.712388980385,6.28318530718
    ),.PIECEWISE_BEZIER_KNOTS.);
#546 = CARTESIAN_POINT('',(0.,43.25173607474));
#547 = CARTESIAN_POINT('',(0.224399475256,43.391010711272));
#548 = CARTESIAN_POINT('',(0.448798950513,43.530284782267));
#549 = CARTESIAN_POINT('',(0.673198425769,43.658107908181));
#550 = CARTESIAN_POINT('',(0.897597901025,43.763008319423));
#551 = CARTESIAN_POINT('',(1.121997376282,43.835928334362));
#552 = CARTESIAN_POINT('',(1.346396851538,43.872390986578));
#553 = CARTESIAN_POINT('',(1.570796326795,43.872390986578));
#554 = ( GEOMETRIC_REPRESENTATION_CONTEXT(2) 
PARAMETRIC_REPRESENTATION_CONTEXT() REPRESENTATION_CONTEXT('2D SPACE',''
  ) );
#555 = ORIENTED_EDGE('',*,*,#556,.F.);
#556 = EDGE_CURVE('',#557,#523,#559,.T.);
#557 = VERTEX_POINT('',#558);
#558 = CARTESIAN_POINT('',(192.09285714285,6.,14.486140888476));
#559 = SURFACE_CURVE('',#560,(#564,#570),.PCURVE_S1.);
#560 = LINE('',#561,#562);
#561 = CARTESIAN_POINT('',(192.09285714285,-219.1948048559,
    -35.43109545239));
#562 = VECTOR('',#563,1.);
#563 = DIRECTION('',(-0.,0.976302648363,0.216409655053));
#564 = PCURVE('',#125,#565);
#565 = DEFINITIONAL_REPRESENTATION('',(#566),#569);
#566 = B_SPLINE_CURVE_WITH_KNOTS('',1,(#567,#568),.UNSPECIFIED.,.F.,.F.,
  (2,2),(230.66085627611,378.36958571557),.PIECEWISE_BEZIER_KNOTS.);
#567 = CARTESIAN_POINT('',(642.09285714285,456.14563528027));
#568 = CARTESIAN_POINT('',(642.09285714285,603.85436471972));
#569 = ( GEOMETRIC_REPRESENTATION_CONTEXT(2) 
PARAMETRIC_REPRESENTATION_CONTEXT() REPRESENTATION_CONTEXT('2D SPACE',''
  ) );
#570 = PCURVE('',#571,#576);
#571 = PLANE('',#572);
#572 = AXIS2_PLACEMENT_3D('',#573,#574,#575);
#573 = CARTESIAN_POINT('',(192.09285714285,3.2,3.2));
#574 = DIRECTION('',(1.,0.,0.));
#575 = DIRECTION('',(0.,0.,1.));
#576 = DEFINITIONAL_REPRESENTATION('',(#577),#580);
#577 = B_SPLINE_CURVE_WITH_KNOTS('',1,(#578,#579),.UNSPECIFIED.,.F.,.F.,
  (2,2),(230.66085627611,378.36958571557),.PIECEWISE_BEZIER_KNOTS.);
#578 = CARTESIAN_POINT('',(11.286140888476,-2.8));
#579 = CARTESIAN_POINT('',(43.25173607474,-147.008423738));
#580 = ( GEOMETRIC_REPRESENTATION_CONTEXT(2) 
PARAMETRIC_REPRESENTATION_CONTEXT() REPRESENTATION_CONTEXT('2D SPACE',''
  ) );
#581 = ORIENTED_EDGE('',*,*,#582,.F.);
#582 = EDGE_CURVE('',#583,#557,#585,.T.);
#583 = VERTEX_POINT('',#584);
#584 = CARTESIAN_POINT('',(189.29285714285,3.2,13.865485976638));
#585 = SURFACE_CURVE('',#586,(#591,#598),.PCURVE_S1.);
#586 = ELLIPSE('',#587,2.867963130793,2.8);
#587 = AXIS2_PLACEMENT_3D('',#588,#589,#590);
#588 = CARTESIAN_POINT('',(189.29285714285,6.,14.486140888476));
#589 = DIRECTION('',(0.,-0.216409655053,0.976302648363));
#590 = DIRECTION('',(0.,0.976302648363,0.216409655053));
#591 = PCURVE('',#125,#592);
#592 = DEFINITIONAL_REPRESENTATION('',(#593),#597);
#593 = ELLIPSE('',#594,2.867963130793,2.8);
#594 = AXIS2_PLACEMENT_2D('',#595,#596);
#595 = CARTESIAN_POINT('',(639.29285714285,456.14563528027));
#596 = DIRECTION('',(0.,1.));
#597 = ( GEOMETRIC_REPRESENTATION_CONTEXT(2) 
PARAMETRIC_REPRESENTATION_CONTEXT() REPRESENTATION_CONTEXT('2D SPACE',''
  ) );
#598 = PCURVE('',#599,#604);
#599 = CYLINDRICAL_SURFACE('',#600,2.8);
#600 = AXIS2_PLACEMENT_3D('',#601,#602,#603);
#601 = CARTESIAN_POINT('',(189.29285714285,6.,3.2));
#602 = DIRECTION('',(0.,0.,1.));
#603 = DIRECTION('',(1.,0.,-0.));
#604 = DEFINITIONAL_REPRESENTATION('',(#605),#614);
#605 = B_SPLINE_CURVE_WITH_KNOTS('',7,(#606,#607,#608,#609,#610,#611,
    #612,#613),.UNSPECIFIED.,.F.,.F.,(8,8),(3.14159265359,4.712388980385
    ),.PIECEWISE_BEZIER_KNOTS.);
#606 = CARTESIAN_POINT('',(-1.570796326795,10.665485976638));
#607 = CARTESIAN_POINT('',(-1.346396851538,10.665485976638));
#608 = CARTESIAN_POINT('',(-1.121997376282,10.701948628858));
#609 = CARTESIAN_POINT('',(-0.897597901026,10.774868643791));
#610 = CARTESIAN_POINT('',(-0.673198425769,10.879769055051));
#611 = CARTESIAN_POINT('',(-0.448798950513,11.007592180949));
#612 = CARTESIAN_POINT('',(-0.224399475256,11.146866251945));
#613 = CARTESIAN_POINT('',(-3.172065784643E-16,11.286140888476));
#614 = ( GEOMETRIC_REPRESENTATION_CONTEXT(2) 
PARAMETRIC_REPRESENTATION_CONTEXT() REPRESENTATION_CONTEXT('2D SPACE',''
  ) );
#615 = ORIENTED_EDGE('',*,*,#616,.T.);
#616 = EDGE_CURVE('',#583,#402,#617,.T.);
#617 = SURFACE_CURVE('',#618,(#622,#628),.PCURVE_S1.);
#618 = LINE('',#619,#620);
#619 = CARTESIAN_POINT('',(-223.4,3.2,13.865485976638));
#620 = VECTOR('',#621,1.);
#621 = DIRECTION('',(-1.,0.,0.));
#622 = PCURVE('',#125,#623);
#623 = DEFINITIONAL_REPRESENTATION('',(#624),#627);
#624 = B_SPLINE_CURVE_WITH_KNOTS('',1,(#625,#626),.UNSPECIFIED.,.F.,.F.,
  (2,2),(-412.6928571428,-229.4),.PIECEWISE_BEZIER_KNOTS.);
#625 = CARTESIAN_POINT('',(639.29285714285,453.27767214947));
#626 = CARTESIAN_POINT('',(456.,453.27767214947));
#627 = ( GEOMETRIC_REPRESENTATION_CONTEXT(2) 
PARAMETRIC_REPRESENTATION_CONTEXT() REPRESENTATION_CONTEXT('2D SPACE',''
  ) );
#628 = PCURVE('',#629,#634);
#629 = PLANE('',#630);
#630 = AXIS2_PLACEMENT_3D('',#631,#632,#633);
#631 = CARTESIAN_POINT('',(3.2,3.2,3.2));
#632 = DIRECTION('',(0.,1.,0.));
#633 = DIRECTION('',(0.,0.,1.));
#634 = DEFINITIONAL_REPRESENTATION('',(#635),#638);
#635 = B_SPLINE_CURVE_WITH_KNOTS('',1,(#636,#637),.UNSPECIFIED.,.F.,.F.,
  (2,2),(-412.6928571428,-229.4),.PIECEWISE_BEZIER_KNOTS.);
#636 = CARTESIAN_POINT('',(10.665485976638,186.09285714285));
#637 = CARTESIAN_POINT('',(10.665485976638,2.8));
#638 = ( GEOMETRIC_REPRESENTATION_CONTEXT(2) 
PARAMETRIC_REPRESENTATION_CONTEXT() REPRESENTATION_CONTEXT('2D SPACE',''
  ) );
#639 = ADVANCED_FACE('',(#640),#100,.T.);
#640 = FACE_BOUND('',#641,.F.);
#641 = EDGE_LOOP('',(#642,#643,#672,#693));
#642 = ORIENTED_EDGE('',*,*,#84,.F.);
#643 = ORIENTED_EDGE('',*,*,#644,.T.);
#644 = EDGE_CURVE('',#57,#645,#647,.T.);
#645 = VERTEX_POINT('',#646);
#646 = CARTESIAN_POINT('',(6.,156.20842373802,0.6));
#647 = SURFACE_CURVE('',#648,(#653,#660),.PCURVE_S1.);
#648 = CIRCLE('',#649,6.);
#649 = AXIS2_PLACEMENT_3D('',#650,#651,#652);
#650 = CARTESIAN_POINT('',(6.,150.20842373802,0.6));
#651 = DIRECTION('',(-0.,0.,-1.));
#652 = DIRECTION('',(-1.,0.,0.));
#653 = PCURVE('',#100,#654);
#654 = DEFINITIONAL_REPRESENTATION('',(#655),#659);
#655 = LINE('',#656,#657);
#656 = CARTESIAN_POINT('',(-0.,0.6));
#657 = VECTOR('',#658,1.);
#658 = DIRECTION('',(-1.,0.));
#659 = ( GEOMETRIC_REPRESENTATION_CONTEXT(2) 
PARAMETRIC_REPRESENTATION_CONTEXT() REPRESENTATION_CONTEXT('2D SPACE',''
  ) );
#660 = PCURVE('',#661,#666);
#661 = CONICAL_SURFACE('',#662,6.,0.785398163397);
#662 = AXIS2_PLACEMENT_3D('',#663,#664,#665);
#663 = CARTESIAN_POINT('',(6.,150.20842373802,0.6));
#664 = DIRECTION('',(0.,0.,1.));
#665 = DIRECTION('',(-1.,0.,0.));
#666 = DEFINITIONAL_REPRESENTATION('',(#667),#671);
#667 = LINE('',#668,#669);
#668 = CARTESIAN_POINT('',(-0.,-0.));
#669 = VECTOR('',#670,1.);
#670 = DIRECTION('',(-1.,-0.));
#671 = ( GEOMETRIC_REPRESENTATION_CONTEXT(2) 
PARAMETRIC_REPRESENTATION_CONTEXT() REPRESENTATION_CONTEXT('2D SPACE',''
  ) );
#672 = ORIENTED_EDGE('',*,*,#673,.T.);
#673 = EDGE_CURVE('',#645,#228,#674,.T.);
#674 = SURFACE_CURVE('',#675,(#679,#686),.PCURVE_S1.);
#675 = LINE('',#676,#677);
#676 = CARTESIAN_POINT('',(6.,156.20842373802,0.));
#677 = VECTOR('',#678,1.);
#678 = DIRECTION('',(0.,0.,1.));
#679 = PCURVE('',#100,#680);
#680 = DEFINITIONAL_REPRESENTATION('',(#681),#685);
#681 = LINE('',#682,#683);
#682 = CARTESIAN_POINT('',(-1.570796326795,0.));
#683 = VECTOR('',#684,1.);
#684 = DIRECTION('',(-0.,1.));
#685 = ( GEOMETRIC_REPRESENTATION_CONTEXT(2) 
PARAMETRIC_REPRESENTATION_CONTEXT() REPRESENTATION_CONTEXT('2D SPACE',''
  ) );
#686 = PCURVE('',#386,#687);
#687 = DEFINITIONAL_REPRESENTATION('',(#688),#692);
#688 = LINE('',#689,#690);
#689 = CARTESIAN_POINT('',(0.,6.));
#690 = VECTOR('',#691,1.);
#691 = DIRECTION('',(1.,0.));
#692 = ( GEOMETRIC_REPRESENTATION_CONTEXT(2) 
PARAMETRIC_REPRESENTATION_CONTEXT() REPRESENTATION_CONTEXT('2D SPACE',''
  ) );
#693 = ORIENTED_EDGE('',*,*,#227,.T.);
#694 = ADVANCED_FACE('',(#695),#72,.T.);
#695 = FACE_BOUND('',#696,.T.);
#696 = EDGE_LOOP('',(#697,#718,#719,#740));
#697 = ORIENTED_EDGE('',*,*,#698,.F.);
#698 = EDGE_CURVE('',#22,#699,#701,.T.);
#699 = VERTEX_POINT('',#700);
#700 = CARTESIAN_POINT('',(0.6,6.,-5.551115123126E-17));
#701 = SURFACE_CURVE('',#702,(#706,#712),.PCURVE_S1.);
#702 = LINE('',#703,#704);
#703 = CARTESIAN_POINT('',(0.3,6.,0.3));
#704 = VECTOR('',#705,1.);
#705 = DIRECTION('',(0.707106781187,-9.091735351839E-36,-0.707106781187)
  );
#706 = PCURVE('',#72,#707);
#707 = DEFINITIONAL_REPRESENTATION('',(#708),#711);
#708 = B_SPLINE_CURVE_WITH_KNOTS('',1,(#709,#710),.UNSPECIFIED.,.F.,.F.,
  (2,2),(-0.424264068712,0.424264068712),.PIECEWISE_BEZIER_KNOTS.);
#709 = CARTESIAN_POINT('',(0.,-0.424264068712));
#710 = CARTESIAN_POINT('',(0.,0.424264068712));
#711 = ( GEOMETRIC_REPRESENTATION_CONTEXT(2) 
PARAMETRIC_REPRESENTATION_CONTEXT() REPRESENTATION_CONTEXT('2D SPACE',''
  ) );
#712 = PCURVE('',#157,#713);
#713 = DEFINITIONAL_REPRESENTATION('',(#714),#717);
#714 = B_SPLINE_CURVE_WITH_KNOTS('',1,(#715,#716),.UNSPECIFIED.,.F.,.F.,
  (2,2),(-0.424264068712,0.424264068712),.PIECEWISE_BEZIER_KNOTS.);
#715 = CARTESIAN_POINT('',(-1.570796326795,0.));
#716 = CARTESIAN_POINT('',(-1.570796326795,-0.6));
#717 = ( GEOMETRIC_REPRESENTATION_CONTEXT(2) 
PARAMETRIC_REPRESENTATION_CONTEXT() REPRESENTATION_CONTEXT('2D SPACE',''
  ) );
#718 = ORIENTED_EDGE('',*,*,#56,.T.);
#719 = ORIENTED_EDGE('',*,*,#720,.T.);
#720 = EDGE_CURVE('',#57,#721,#723,.T.);
#721 = VERTEX_POINT('',#722);
#722 = CARTESIAN_POINT('',(0.6,150.20842373802,-2.22044604925E-16));
#723 = SURFACE_CURVE('',#724,(#728,#734),.PCURVE_S1.);
#724 = LINE('',#725,#726);
#725 = CARTESIAN_POINT('',(0.3,150.20842373802,0.3));
#726 = VECTOR('',#727,1.);
#727 = DIRECTION('',(0.707106781187,-9.091735351839E-36,-0.707106781187)
  );
#728 = PCURVE('',#72,#729);
#729 = DEFINITIONAL_REPRESENTATION('',(#730),#733);
#730 = B_SPLINE_CURVE_WITH_KNOTS('',1,(#731,#732),.UNSPECIFIED.,.F.,.F.,
  (2,2),(-0.424264068712,0.424264068712),.PIECEWISE_BEZIER_KNOTS.);
#731 = CARTESIAN_POINT('',(144.20842373802,-0.424264068712));
#732 = CARTESIAN_POINT('',(144.20842373802,0.424264068712));
#733 = ( GEOMETRIC_REPRESENTATION_CONTEXT(2) 
PARAMETRIC_REPRESENTATION_CONTEXT() REPRESENTATION_CONTEXT('2D SPACE',''
  ) );
#734 = PCURVE('',#661,#735);
#735 = DEFINITIONAL_REPRESENTATION('',(#736),#739);
#736 = B_SPLINE_CURVE_WITH_KNOTS('',1,(#737,#738),.UNSPECIFIED.,.F.,.F.,
  (2,2),(-0.424264068712,0.424264068712),.PIECEWISE_BEZIER_KNOTS.);
#737 = CARTESIAN_POINT('',(0.,0.));
#738 = CARTESIAN_POINT('',(0.,-0.6));
#739 = ( GEOMETRIC_REPRESENTATION_CONTEXT(2) 
PARAMETRIC_REPRESENTATION_CONTEXT() REPRESENTATION_CONTEXT('2D SPACE',''
  ) );
#740 = ORIENTED_EDGE('',*,*,#741,.F.);
#741 = EDGE_CURVE('',#699,#721,#742,.T.);
#742 = SURFACE_CURVE('',#743,(#747,#754),.PCURVE_S1.);
#743 = LINE('',#744,#745);
#744 = CARTESIAN_POINT('',(0.6,6.,0.));
#745 = VECTOR('',#746,1.);
#746 = DIRECTION('',(0.,1.,0.));
#747 = PCURVE('',#72,#748);
#748 = DEFINITIONAL_REPRESENTATION('',(#749),#753);
#749 = LINE('',#750,#751);
#750 = CARTESIAN_POINT('',(0.,0.424264068712));
#751 = VECTOR('',#752,1.);
#752 = DIRECTION('',(1.,0.));
#753 = ( GEOMETRIC_REPRESENTATION_CONTEXT(2) 
PARAMETRIC_REPRESENTATION_CONTEXT() REPRESENTATION_CONTEXT('2D SPACE',''
  ) );
#754 = PCURVE('',#755,#760);
#755 = PLANE('',#756);
#756 = AXIS2_PLACEMENT_3D('',#757,#758,#759);
#757 = CARTESIAN_POINT('',(0.,0.,0.));
#758 = DIRECTION('',(0.,0.,1.));
#759 = DIRECTION('',(1.,0.,0.));
#760 = DEFINITIONAL_REPRESENTATION('',(#761),#765);
#761 = LINE('',#762,#763);
#762 = CARTESIAN_POINT('',(0.6,6.));
#763 = VECTOR('',#764,1.);
#764 = DIRECTION('',(0.,1.));
#765 = ( GEOMETRIC_REPRESENTATION_CONTEXT(2) 
PARAMETRIC_REPRESENTATION_CONTEXT() REPRESENTATION_CONTEXT('2D SPACE',''
  ) );
#766 = ADVANCED_FACE('',(#767),#185,.F.);
#767 = FACE_BOUND('',#768,.F.);
#768 = EDGE_LOOP('',(#769,#797,#798,#799));
#769 = ORIENTED_EDGE('',*,*,#770,.T.);
#770 = EDGE_CURVE('',#771,#141,#773,.T.);
#771 = VERTEX_POINT('',#772);
#772 = CARTESIAN_POINT('',(189.29285714285,-8.881784197001E-16,0.6));
#773 = SURFACE_CURVE('',#774,(#778,#785),.PCURVE_S1.);
#774 = LINE('',#775,#776);
#775 = CARTESIAN_POINT('',(189.29285714285,0.,0.6));
#776 = VECTOR('',#777,1.);
#777 = DIRECTION('',(-1.,-0.,-0.));
#778 = PCURVE('',#185,#779);
#779 = DEFINITIONAL_REPRESENTATION('',(#780),#784);
#780 = LINE('',#781,#782);
#781 = CARTESIAN_POINT('',(0.6,189.29285714285));
#782 = VECTOR('',#783,1.);
#783 = DIRECTION('',(-0.,-1.));
#784 = ( GEOMETRIC_REPRESENTATION_CONTEXT(2) 
PARAMETRIC_REPRESENTATION_CONTEXT() REPRESENTATION_CONTEXT('2D SPACE',''
  ) );
#785 = PCURVE('',#786,#791);
#786 = PLANE('',#787);
#787 = AXIS2_PLACEMENT_3D('',#788,#789,#790);
#788 = CARTESIAN_POINT('',(189.29285714285,0.3,0.3));
#789 = DIRECTION('',(-1.701458523382E-18,-0.707106781187,-0.707106781187
    ));
#790 = DIRECTION('',(-1.,1.203112859791E-18,1.203112859791E-18));
#791 = DEFINITIONAL_REPRESENTATION('',(#792),#796);
#792 = LINE('',#793,#794);
#793 = CARTESIAN_POINT('',(0.,-0.424264068712));
#794 = VECTOR('',#795,1.);
#795 = DIRECTION('',(1.,0.));
#796 = ( GEOMETRIC_REPRESENTATION_CONTEXT(2) 
PARAMETRIC_REPRESENTATION_CONTEXT() REPRESENTATION_CONTEXT('2D SPACE',''
  ) );
#797 = ORIENTED_EDGE('',*,*,#169,.T.);
#798 = ORIENTED_EDGE('',*,*,#258,.T.);
#799 = ORIENTED_EDGE('',*,*,#800,.F.);
#800 = EDGE_CURVE('',#771,#259,#801,.T.);
#801 = SURFACE_CURVE('',#802,(#806,#813),.PCURVE_S1.);
#802 = LINE('',#803,#804);
#803 = CARTESIAN_POINT('',(189.29285714285,-8.881784197001E-16,0.));
#804 = VECTOR('',#805,1.);
#805 = DIRECTION('',(0.,0.,1.));
#806 = PCURVE('',#185,#807);
#807 = DEFINITIONAL_REPRESENTATION('',(#808),#812);
#808 = LINE('',#809,#810);
#809 = CARTESIAN_POINT('',(0.,189.29285714285));
#810 = VECTOR('',#811,1.);
#811 = DIRECTION('',(1.,0.));
#812 = ( GEOMETRIC_REPRESENTATION_CONTEXT(2) 
PARAMETRIC_REPRESENTATION_CONTEXT() REPRESENTATION_CONTEXT('2D SPACE',''
  ) );
#813 = PCURVE('',#296,#814);
#814 = DEFINITIONAL_REPRESENTATION('',(#815),#819);
#815 = LINE('',#816,#817);
#816 = CARTESIAN_POINT('',(-1.570796326795,0.));
#817 = VECTOR('',#818,1.);
#818 = DIRECTION('',(-0.,1.));
#819 = ( GEOMETRIC_REPRESENTATION_CONTEXT(2) 
PARAMETRIC_REPRESENTATION_CONTEXT() REPRESENTATION_CONTEXT('2D SPACE',''
  ) );
#820 = ADVANCED_FACE('',(#821),#157,.T.);
#821 = FACE_BOUND('',#822,.T.);
#822 = EDGE_LOOP('',(#823,#844,#845,#846));
#823 = ORIENTED_EDGE('',*,*,#824,.F.);
#824 = EDGE_CURVE('',#141,#825,#827,.T.);
#825 = VERTEX_POINT('',#826);
#826 = CARTESIAN_POINT('',(6.,0.6,1.665334536938E-16));
#827 = SURFACE_CURVE('',#828,(#832,#838),.PCURVE_S1.);
#828 = LINE('',#829,#830);
#829 = CARTESIAN_POINT('',(6.,0.3,0.3));
#830 = VECTOR('',#831,1.);
#831 = DIRECTION('',(9.091735351839E-36,0.707106781187,-0.707106781187)
  );
#832 = PCURVE('',#157,#833);
#833 = DEFINITIONAL_REPRESENTATION('',(#834),#837);
#834 = B_SPLINE_CURVE_WITH_KNOTS('',1,(#835,#836),.UNSPECIFIED.,.F.,.F.,
  (2,2),(-0.424264068712,0.424264068712),.PIECEWISE_BEZIER_KNOTS.);
#835 = CARTESIAN_POINT('',(2.22044604925E-16,0.));
#836 = CARTESIAN_POINT('',(2.22044604925E-16,-0.6));
#837 = ( GEOMETRIC_REPRESENTATION_CONTEXT(2) 
PARAMETRIC_REPRESENTATION_CONTEXT() REPRESENTATION_CONTEXT('2D SPACE',''
  ) );
#838 = PCURVE('',#786,#839);
#839 = DEFINITIONAL_REPRESENTATION('',(#840),#843);
#840 = B_SPLINE_CURVE_WITH_KNOTS('',1,(#841,#842),.UNSPECIFIED.,.F.,.F.,
  (2,2),(-0.424264068712,0.424264068712),.PIECEWISE_BEZIER_KNOTS.);
#841 = CARTESIAN_POINT('',(183.29285714285,-0.424264068712));
#842 = CARTESIAN_POINT('',(183.29285714285,0.424264068712));
#843 = ( GEOMETRIC_REPRESENTATION_CONTEXT(2) 
PARAMETRIC_REPRESENTATION_CONTEXT() REPRESENTATION_CONTEXT('2D SPACE',''
  ) );
#844 = ORIENTED_EDGE('',*,*,#140,.T.);
#845 = ORIENTED_EDGE('',*,*,#698,.T.);
#846 = ORIENTED_EDGE('',*,*,#847,.F.);
#847 = EDGE_CURVE('',#825,#699,#848,.T.);
#848 = SURFACE_CURVE('',#849,(#854,#861),.PCURVE_S1.);
#849 = CIRCLE('',#850,5.4);
#850 = AXIS2_PLACEMENT_3D('',#851,#852,#853);
#851 = CARTESIAN_POINT('',(6.,6.,0.));
#852 = DIRECTION('',(-0.,0.,-1.));
#853 = DIRECTION('',(-2.960594732334E-16,-1.,0.));
#854 = PCURVE('',#157,#855);
#855 = DEFINITIONAL_REPRESENTATION('',(#856),#860);
#856 = LINE('',#857,#858);
#857 = CARTESIAN_POINT('',(-0.,-0.6));
#858 = VECTOR('',#859,1.);
#859 = DIRECTION('',(-1.,-0.));
#860 = ( GEOMETRIC_REPRESENTATION_CONTEXT(2) 
PARAMETRIC_REPRESENTATION_CONTEXT() REPRESENTATION_CONTEXT('2D SPACE',''
  ) );
#861 = PCURVE('',#755,#862);
#862 = DEFINITIONAL_REPRESENTATION('',(#863),#871);
#863 = ( BOUNDED_CURVE() B_SPLINE_CURVE(2,(#864,#865,#866,#867,#868,#869
,#870),.UNSPECIFIED.,.T.,.F.) B_SPLINE_CURVE_WITH_KNOTS((1,2,2,2,2,1),(
    -2.094395102393,0.,2.094395102393,4.188790204786,6.28318530718,
8.377580409573),.UNSPECIFIED.) CURVE() GEOMETRIC_REPRESENTATION_ITEM() 
RATIONAL_B_SPLINE_CURVE((1.,0.5,1.,0.5,1.,0.5,1.)) REPRESENTATION_ITEM(
  '') );
#864 = CARTESIAN_POINT('',(6.,0.6));
#865 = CARTESIAN_POINT('',(-3.353074360872,0.6));
#866 = CARTESIAN_POINT('',(1.323462819564,8.7));
#867 = CARTESIAN_POINT('',(6.,16.8));
#868 = CARTESIAN_POINT('',(10.676537180436,8.7));
#869 = CARTESIAN_POINT('',(15.353074360872,0.6));
#870 = CARTESIAN_POINT('',(6.,0.6));
#871 = ( GEOMETRIC_REPRESENTATION_CONTEXT(2) 
PARAMETRIC_REPRESENTATION_CONTEXT() REPRESENTATION_CONTEXT('2D SPACE',''
  ) );
#872 = ADVANCED_FACE('',(#873,#926),#386,.T.);
#873 = FACE_BOUND('',#874,.T.);
#874 = EDGE_LOOP('',(#875,#903,#904,#905));
#875 = ORIENTED_EDGE('',*,*,#876,.F.);
#876 = EDGE_CURVE('',#645,#877,#879,.T.);
#877 = VERTEX_POINT('',#878);
#878 = CARTESIAN_POINT('',(189.29285714285,156.20842373802,0.6));
#879 = SURFACE_CURVE('',#880,(#884,#891),.PCURVE_S1.);
#880 = LINE('',#881,#882);
#881 = CARTESIAN_POINT('',(6.,156.20842373802,0.6));
#882 = VECTOR('',#883,1.);
#883 = DIRECTION('',(1.,0.,0.));
#884 = PCURVE('',#386,#885);
#885 = DEFINITIONAL_REPRESENTATION('',(#886),#890);
#886 = LINE('',#887,#888);
#887 = CARTESIAN_POINT('',(0.6,6.));
#888 = VECTOR('',#889,1.);
#889 = DIRECTION('',(0.,1.));
#890 = ( GEOMETRIC_REPRESENTATION_CONTEXT(2) 
PARAMETRIC_REPRESENTATION_CONTEXT() REPRESENTATION_CONTEXT('2D SPACE',''
  ) );
#891 = PCURVE('',#892,#897);
#892 = PLANE('',#893);
#893 = AXIS2_PLACEMENT_3D('',#894,#895,#896);
#894 = CARTESIAN_POINT('',(6.,155.90842373802,0.3));
#895 = DIRECTION('',(-3.453961546382E-18,-0.707106781187,0.707106781187)
  );
#896 = DIRECTION('',(-1.,2.442319631405E-18,-2.442319631405E-18));
#897 = DEFINITIONAL_REPRESENTATION('',(#898),#902);
#898 = LINE('',#899,#900);
#899 = CARTESIAN_POINT('',(-0.,-0.424264068712));
#900 = VECTOR('',#901,1.);
#901 = DIRECTION('',(-1.,0.));
#902 = ( GEOMETRIC_REPRESENTATION_CONTEXT(2) 
PARAMETRIC_REPRESENTATION_CONTEXT() REPRESENTATION_CONTEXT('2D SPACE',''
  ) );
#903 = ORIENTED_EDGE('',*,*,#673,.T.);
#904 = ORIENTED_EDGE('',*,*,#373,.T.);
#905 = ORIENTED_EDGE('',*,*,#906,.F.);
#906 = EDGE_CURVE('',#877,#340,#907,.T.);
#907 = SURFACE_CURVE('',#908,(#912,#919),.PCURVE_S1.);
#908 = LINE('',#909,#910);
#909 = CARTESIAN_POINT('',(189.29285714285,156.20842373802,0.));
#910 = VECTOR('',#911,1.);
#911 = DIRECTION('',(0.,0.,1.));
#912 = PCURVE('',#386,#913);
#913 = DEFINITIONAL_REPRESENTATION('',(#914),#918);
#914 = LINE('',#915,#916);
#915 = CARTESIAN_POINT('',(0.,189.29285714285));
#916 = VECTOR('',#917,1.);
#917 = DIRECTION('',(1.,0.));
#918 = ( GEOMETRIC_REPRESENTATION_CONTEXT(2) 
PARAMETRIC_REPRESENTATION_CONTEXT() REPRESENTATION_CONTEXT('2D SPACE',''
  ) );
#919 = PCURVE('',#356,#920);
#920 = DEFINITIONAL_REPRESENTATION('',(#921),#925);
#921 = LINE('',#922,#923);
#922 = CARTESIAN_POINT('',(1.570796326795,0.));
#923 = VECTOR('',#924,1.);
#924 = DIRECTION('',(0.,1.));
#925 = ( GEOMETRIC_REPRESENTATION_CONTEXT(2) 
PARAMETRIC_REPRESENTATION_CONTEXT() REPRESENTATION_CONTEXT('2D SPACE',''
  ) );
#926 = FACE_BOUND('',#927,.T.);
#927 = EDGE_LOOP('',(#928,#956,#982,#1008,#1034,#1060));
#928 = ORIENTED_EDGE('',*,*,#929,.T.);
#929 = EDGE_CURVE('',#930,#932,#934,.T.);
#930 = VERTEX_POINT('',#931);
#931 = CARTESIAN_POINT('',(95.646428571429,156.20842373802,
    15.567014370377));
#932 = VERTEX_POINT('',#933);
#933 = CARTESIAN_POINT('',(91.646428571429,156.20842373802,10.8));
#934 = SURFACE_CURVE('',#935,(#939,#945),.PCURVE_S1.);
#935 = LINE('',#936,#937);
#936 = CARTESIAN_POINT('',(72.054399323216,156.20842373802,
    -12.54887124276));
#937 = VECTOR('',#938,1.);
#938 = DIRECTION('',(-0.642787609687,0.,-0.766044443119));
#939 = PCURVE('',#386,#940);
#940 = DEFINITIONAL_REPRESENTATION('',(#941),#944);
#941 = B_SPLINE_CURVE_WITH_KNOTS('',1,(#942,#943),.UNSPECIFIED.,.F.,.F.,
  (2,2),(-36.70268202543,-30.47978671799),.PIECEWISE_BEZIER_KNOTS.);
#942 = CARTESIAN_POINT('',(15.567014370377,95.646428571429));
#943 = CARTESIAN_POINT('',(10.8,91.646428571429));
#944 = ( GEOMETRIC_REPRESENTATION_CONTEXT(2) 
PARAMETRIC_REPRESENTATION_CONTEXT() REPRESENTATION_CONTEXT('2D SPACE',''
  ) );
#945 = PCURVE('',#946,#951);
#946 = PLANE('',#947);
#947 = AXIS2_PLACEMENT_3D('',#948,#949,#950);
#948 = CARTESIAN_POINT('',(95.646428571429,157.20842373802,
    15.567014370377));
#949 = DIRECTION('',(0.766044443119,0.,-0.642787609687));
#950 = DIRECTION('',(-0.642787609687,0.,-0.766044443119));
#951 = DEFINITIONAL_REPRESENTATION('',(#952),#955);
#952 = B_SPLINE_CURVE_WITH_KNOTS('',1,(#953,#954),.UNSPECIFIED.,.F.,.F.,
  (2,2),(-36.70268202543,-30.47978671799),.PIECEWISE_BEZIER_KNOTS.);
#953 = CARTESIAN_POINT('',(0.,-1.));
#954 = CARTESIAN_POINT('',(6.222895307442,-1.));
#955 = ( GEOMETRIC_REPRESENTATION_CONTEXT(2) 
PARAMETRIC_REPRESENTATION_CONTEXT() REPRESENTATION_CONTEXT('2D SPACE',''
  ) );
#956 = ORIENTED_EDGE('',*,*,#957,.T.);
#957 = EDGE_CURVE('',#932,#958,#960,.T.);
#958 = VERTEX_POINT('',#959);
#959 = CARTESIAN_POINT('',(91.646428571429,156.20842373802,5.8));
#960 = SURFACE_CURVE('',#961,(#965,#971),.PCURVE_S1.);
#961 = LINE('',#962,#963);
#962 = CARTESIAN_POINT('',(91.646428571429,156.20842373802,2.9));
#963 = VECTOR('',#964,1.);
#964 = DIRECTION('',(0.,0.,-1.));
#965 = PCURVE('',#386,#966);
#966 = DEFINITIONAL_REPRESENTATION('',(#967),#970);
#967 = B_SPLINE_CURVE_WITH_KNOTS('',1,(#968,#969),.UNSPECIFIED.,.F.,.F.,
  (2,2),(-7.9,-2.9),.PIECEWISE_BEZIER_KNOTS.);
#968 = CARTESIAN_POINT('',(10.8,91.646428571429));
#969 = CARTESIAN_POINT('',(5.8,91.646428571429));
#970 = ( GEOMETRIC_REPRESENTATION_CONTEXT(2) 
PARAMETRIC_REPRESENTATION_CONTEXT() REPRESENTATION_CONTEXT('2D SPACE',''
  ) );
#971 = PCURVE('',#972,#977);
#972 = PLANE('',#973);
#973 = AXIS2_PLACEMENT_3D('',#974,#975,#976);
#974 = CARTESIAN_POINT('',(91.646428571429,152.00842373802,5.8));
#975 = DIRECTION('',(1.,0.,0.));
#976 = DIRECTION('',(0.,0.,1.));
#977 = DEFINITIONAL_REPRESENTATION('',(#978),#981);
#978 = B_SPLINE_CURVE_WITH_KNOTS('',1,(#979,#980),.UNSPECIFIED.,.F.,.F.,
  (2,2),(-7.9,-2.9),.PIECEWISE_BEZIER_KNOTS.);
#979 = CARTESIAN_POINT('',(5.,-4.2));
#980 = CARTESIAN_POINT('',(0.,-4.2));
#981 = ( GEOMETRIC_REPRESENTATION_CONTEXT(2) 
PARAMETRIC_REPRESENTATION_CONTEXT() REPRESENTATION_CONTEXT('2D SPACE',''
  ) );
#982 = ORIENTED_EDGE('',*,*,#983,.T.);
#983 = EDGE_CURVE('',#958,#984,#986,.T.);
#984 = VERTEX_POINT('',#985);
#985 = CARTESIAN_POINT('',(103.64642857142,156.20842373802,5.8));
#986 = SURFACE_CURVE('',#987,(#991,#997),.PCURVE_S1.);
#987 = LINE('',#988,#989);
#988 = CARTESIAN_POINT('',(45.823214285714,156.20842373802,5.8));
#989 = VECTOR('',#990,1.);
#990 = DIRECTION('',(1.,0.,0.));
#991 = PCURVE('',#386,#992);
#992 = DEFINITIONAL_REPRESENTATION('',(#993),#996);
#993 = B_SPLINE_CURVE_WITH_KNOTS('',1,(#994,#995),.UNSPECIFIED.,.F.,.F.,
  (2,2),(45.823214285714,57.823214285714),.PIECEWISE_BEZIER_KNOTS.);
#994 = CARTESIAN_POINT('',(5.8,91.646428571429));
#995 = CARTESIAN_POINT('',(5.8,103.64642857142));
#996 = ( GEOMETRIC_REPRESENTATION_CONTEXT(2) 
PARAMETRIC_REPRESENTATION_CONTEXT() REPRESENTATION_CONTEXT('2D SPACE',''
  ) );
#997 = PCURVE('',#998,#1003);
#998 = PLANE('',#999);
#999 = AXIS2_PLACEMENT_3D('',#1000,#1001,#1002);
#1000 = CARTESIAN_POINT('',(91.646428571429,152.00842373802,5.8));
#1001 = DIRECTION('',(0.,0.,1.));
#1002 = DIRECTION('',(1.,0.,0.));
#1003 = DEFINITIONAL_REPRESENTATION('',(#1004),#1007);
#1004 = B_SPLINE_CURVE_WITH_KNOTS('',1,(#1005,#1006),.UNSPECIFIED.,.F.,
  .F.,(2,2),(45.823214285714,57.823214285714),.PIECEWISE_BEZIER_KNOTS.);
#1005 = CARTESIAN_POINT('',(0.,4.2));
#1006 = CARTESIAN_POINT('',(12.,4.2));
#1007 = ( GEOMETRIC_REPRESENTATION_CONTEXT(2) 
PARAMETRIC_REPRESENTATION_CONTEXT() REPRESENTATION_CONTEXT('2D SPACE',''
  ) );
#1008 = ORIENTED_EDGE('',*,*,#1009,.F.);
#1009 = EDGE_CURVE('',#1010,#984,#1012,.T.);
#1010 = VERTEX_POINT('',#1011);
#1011 = CARTESIAN_POINT('',(103.64642857142,156.20842373802,10.8));
#1012 = SURFACE_CURVE('',#1013,(#1017,#1023),.PCURVE_S1.);
#1013 = LINE('',#1014,#1015);
#1014 = CARTESIAN_POINT('',(103.64642857142,156.20842373802,2.9));
#1015 = VECTOR('',#1016,1.);
#1016 = DIRECTION('',(0.,0.,-1.));
#1017 = PCURVE('',#386,#1018);
#1018 = DEFINITIONAL_REPRESENTATION('',(#1019),#1022);
#1019 = B_SPLINE_CURVE_WITH_KNOTS('',1,(#1020,#1021),.UNSPECIFIED.,.F.,
  .F.,(2,2),(-7.9,-2.9),.PIECEWISE_BEZIER_KNOTS.);
#1020 = CARTESIAN_POINT('',(10.8,103.64642857142));
#1021 = CARTESIAN_POINT('',(5.8,103.64642857142));
#1022 = ( GEOMETRIC_REPRESENTATION_CONTEXT(2) 
PARAMETRIC_REPRESENTATION_CONTEXT() REPRESENTATION_CONTEXT('2D SPACE',''
  ) );
#1023 = PCURVE('',#1024,#1029);
#1024 = PLANE('',#1025);
#1025 = AXIS2_PLACEMENT_3D('',#1026,#1027,#1028);
#1026 = CARTESIAN_POINT('',(103.64642857142,152.00842373802,5.8));
#1027 = DIRECTION('',(1.,0.,0.));
#1028 = DIRECTION('',(0.,0.,1.));
#1029 = DEFINITIONAL_REPRESENTATION('',(#1030),#1033);
#1030 = B_SPLINE_CURVE_WITH_KNOTS('',1,(#1031,#1032),.UNSPECIFIED.,.F.,
  .F.,(2,2),(-7.9,-2.9),.PIECEWISE_BEZIER_KNOTS.);
#1031 = CARTESIAN_POINT('',(5.,-4.2));
#1032 = CARTESIAN_POINT('',(0.,-4.2));
#1033 = ( GEOMETRIC_REPRESENTATION_CONTEXT(2) 
PARAMETRIC_REPRESENTATION_CONTEXT() REPRESENTATION_CONTEXT('2D SPACE',''
  ) );
#1034 = ORIENTED_EDGE('',*,*,#1035,.T.);
#1035 = EDGE_CURVE('',#1010,#1036,#1038,.T.);
#1036 = VERTEX_POINT('',#1037);
#1037 = CARTESIAN_POINT('',(99.646428571429,156.20842373802,
    15.567014370377));
#1038 = SURFACE_CURVE('',#1039,(#1043,#1049),.PCURVE_S1.);
#1039 = LINE('',#1040,#1041);
#1040 = CARTESIAN_POINT('',(84.893305722483,156.20842373802,
    33.149101527592));
#1041 = VECTOR('',#1042,1.);
#1042 = DIRECTION('',(-0.642787609687,0.,0.766044443119));
#1043 = PCURVE('',#386,#1044);
#1044 = DEFINITIONAL_REPRESENTATION('',(#1045),#1048);
#1045 = B_SPLINE_CURVE_WITH_KNOTS('',1,(#1046,#1047),.UNSPECIFIED.,.F.,
  .F.,(2,2),(-29.17468004414,-22.9517847367),.PIECEWISE_BEZIER_KNOTS.);
#1046 = CARTESIAN_POINT('',(10.8,103.64642857142));
#1047 = CARTESIAN_POINT('',(15.567014370377,99.646428571429));
#1048 = ( GEOMETRIC_REPRESENTATION_CONTEXT(2) 
PARAMETRIC_REPRESENTATION_CONTEXT() REPRESENTATION_CONTEXT('2D SPACE',''
  ) );
#1049 = PCURVE('',#1050,#1055);
#1050 = PLANE('',#1051);
#1051 = AXIS2_PLACEMENT_3D('',#1052,#1053,#1054);
#1052 = CARTESIAN_POINT('',(103.64642857142,157.20842373802,10.8));
#1053 = DIRECTION('',(-0.766044443119,-0.,-0.642787609687));
#1054 = DIRECTION('',(-0.642787609687,0.,0.766044443119));
#1055 = DEFINITIONAL_REPRESENTATION('',(#1056),#1059);
#1056 = B_SPLINE_CURVE_WITH_KNOTS('',1,(#1057,#1058),.UNSPECIFIED.,.F.,
  .F.,(2,2),(-29.17468004414,-22.9517847367),.PIECEWISE_BEZIER_KNOTS.);
#1057 = CARTESIAN_POINT('',(0.,-1.));
#1058 = CARTESIAN_POINT('',(6.222895307442,-1.));
#1059 = ( GEOMETRIC_REPRESENTATION_CONTEXT(2) 
PARAMETRIC_REPRESENTATION_CONTEXT() REPRESENTATION_CONTEXT('2D SPACE',''
  ) );
#1060 = ORIENTED_EDGE('',*,*,#1061,.T.);
#1061 = EDGE_CURVE('',#1036,#930,#1062,.T.);
#1062 = SURFACE_CURVE('',#1063,(#1067,#1073),.PCURVE_S1.);
#1063 = LINE('',#1064,#1065);
#1064 = CARTESIAN_POINT('',(49.823214285714,156.20842373802,
    15.567014370377));
#1065 = VECTOR('',#1066,1.);
#1066 = DIRECTION('',(-1.,0.,0.));
#1067 = PCURVE('',#386,#1068);
#1068 = DEFINITIONAL_REPRESENTATION('',(#1069),#1072);
#1069 = B_SPLINE_CURVE_WITH_KNOTS('',1,(#1070,#1071),.UNSPECIFIED.,.F.,
  .F.,(2,2),(-49.82321428571,-45.82321428571),.PIECEWISE_BEZIER_KNOTS.);
#1070 = CARTESIAN_POINT('',(15.567014370377,99.646428571429));
#1071 = CARTESIAN_POINT('',(15.567014370377,95.646428571429));
#1072 = ( GEOMETRIC_REPRESENTATION_CONTEXT(2) 
PARAMETRIC_REPRESENTATION_CONTEXT() REPRESENTATION_CONTEXT('2D SPACE',''
  ) );
#1073 = PCURVE('',#1074,#1079);
#1074 = PLANE('',#1075);
#1075 = AXIS2_PLACEMENT_3D('',#1076,#1077,#1078);
#1076 = CARTESIAN_POINT('',(99.646428571429,157.20842373802,
    15.567014370377));
#1077 = DIRECTION('',(-0.,-0.,-1.));
#1078 = DIRECTION('',(-1.,0.,0.));
#1079 = DEFINITIONAL_REPRESENTATION('',(#1080),#1083);
#1080 = B_SPLINE_CURVE_WITH_KNOTS('',1,(#1081,#1082),.UNSPECIFIED.,.F.,
  .F.,(2,2),(-49.82321428571,-45.82321428571),.PIECEWISE_BEZIER_KNOTS.);
#1081 = CARTESIAN_POINT('',(0.,-1.));
#1082 = CARTESIAN_POINT('',(4.,-1.));
#1083 = ( GEOMETRIC_REPRESENTATION_CONTEXT(2) 
PARAMETRIC_REPRESENTATION_CONTEXT() REPRESENTATION_CONTEXT('2D SPACE',''
  ) );
#1084 = ADVANCED_FACE('',(#1085),#356,.T.);
#1085 = FACE_BOUND('',#1086,.T.);
#1086 = EDGE_LOOP('',(#1087,#1110,#1137,#1138));
#1087 = ORIENTED_EDGE('',*,*,#1088,.F.);
#1088 = EDGE_CURVE('',#1089,#314,#1091,.T.);
#1089 = VERTEX_POINT('',#1090);
#1090 = CARTESIAN_POINT('',(195.29285714285,150.20842373802,0.6));
#1091 = SURFACE_CURVE('',#1092,(#1096,#1103),.PCURVE_S1.);
#1092 = LINE('',#1093,#1094);
#1093 = CARTESIAN_POINT('',(195.29285714285,150.20842373802,0.));
#1094 = VECTOR('',#1095,1.);
#1095 = DIRECTION('',(0.,0.,1.));
#1096 = PCURVE('',#356,#1097);
#1097 = DEFINITIONAL_REPRESENTATION('',(#1098),#1102);
#1098 = LINE('',#1099,#1100);
#1099 = CARTESIAN_POINT('',(0.,0.));
#1100 = VECTOR('',#1101,1.);
#1101 = DIRECTION('',(0.,1.));
#1102 = ( GEOMETRIC_REPRESENTATION_CONTEXT(2) 
PARAMETRIC_REPRESENTATION_CONTEXT() REPRESENTATION_CONTEXT('2D SPACE',''
  ) );
#1103 = PCURVE('',#328,#1104);
#1104 = DEFINITIONAL_REPRESENTATION('',(#1105),#1109);
#1105 = LINE('',#1106,#1107);
#1106 = CARTESIAN_POINT('',(0.,-150.208423738));
#1107 = VECTOR('',#1108,1.);
#1108 = DIRECTION('',(1.,0.));
#1109 = ( GEOMETRIC_REPRESENTATION_CONTEXT(2) 
PARAMETRIC_REPRESENTATION_CONTEXT() REPRESENTATION_CONTEXT('2D SPACE',''
  ) );
#1110 = ORIENTED_EDGE('',*,*,#1111,.F.);
#1111 = EDGE_CURVE('',#877,#1089,#1112,.T.);
#1112 = SURFACE_CURVE('',#1113,(#1118,#1125),.PCURVE_S1.);
#1113 = CIRCLE('',#1114,6.);
#1114 = AXIS2_PLACEMENT_3D('',#1115,#1116,#1117);
#1115 = CARTESIAN_POINT('',(189.29285714285,150.20842373802,0.6));
#1116 = DIRECTION('',(0.,-0.,-1.));
#1117 = DIRECTION('',(0.,1.,-0.));
#1118 = PCURVE('',#356,#1119);
#1119 = DEFINITIONAL_REPRESENTATION('',(#1120),#1124);
#1120 = LINE('',#1121,#1122);
#1121 = CARTESIAN_POINT('',(1.570796326795,0.6));
#1122 = VECTOR('',#1123,1.);
#1123 = DIRECTION('',(-1.,-0.));
#1124 = ( GEOMETRIC_REPRESENTATION_CONTEXT(2) 
PARAMETRIC_REPRESENTATION_CONTEXT() REPRESENTATION_CONTEXT('2D SPACE',''
  ) );
#1125 = PCURVE('',#1126,#1131);
#1126 = CONICAL_SURFACE('',#1127,6.,0.785398163397);
#1127 = AXIS2_PLACEMENT_3D('',#1128,#1129,#1130);
#1128 = CARTESIAN_POINT('',(189.29285714285,150.20842373802,0.6));
#1129 = DIRECTION('',(0.,0.,1.));
#1130 = DIRECTION('',(0.,1.,0.));
#1131 = DEFINITIONAL_REPRESENTATION('',(#1132),#1136);
#1132 = LINE('',#1133,#1134);
#1133 = CARTESIAN_POINT('',(-0.,-0.));
#1134 = VECTOR('',#1135,1.);
#1135 = DIRECTION('',(-1.,-0.));
#1136 = ( GEOMETRIC_REPRESENTATION_CONTEXT(2) 
PARAMETRIC_REPRESENTATION_CONTEXT() REPRESENTATION_CONTEXT('2D SPACE',''
  ) );
#1137 = ORIENTED_EDGE('',*,*,#906,.T.);
#1138 = ORIENTED_EDGE('',*,*,#339,.F.);
#1139 = ADVANCED_FACE('',(#1140),#328,.T.);
#1140 = FACE_BOUND('',#1141,.T.);
#1141 = EDGE_LOOP('',(#1142,#1165,#1191,#1192));
#1142 = ORIENTED_EDGE('',*,*,#1143,.F.);
#1143 = EDGE_CURVE('',#1144,#280,#1146,.T.);
#1144 = VERTEX_POINT('',#1145);
#1145 = CARTESIAN_POINT('',(195.29285714285,6.,0.6));
#1146 = SURFACE_CURVE('',#1147,(#1151,#1158),.PCURVE_S1.);
#1147 = LINE('',#1148,#1149);
#1148 = CARTESIAN_POINT('',(195.29285714285,6.,0.));
#1149 = VECTOR('',#1150,1.);
#1150 = DIRECTION('',(0.,0.,1.));
#1151 = PCURVE('',#328,#1152);
#1152 = DEFINITIONAL_REPRESENTATION('',(#1153),#1157);
#1153 = LINE('',#1154,#1155);
#1154 = CARTESIAN_POINT('',(0.,-6.));
#1155 = VECTOR('',#1156,1.);
#1156 = DIRECTION('',(1.,0.));
#1157 = ( GEOMETRIC_REPRESENTATION_CONTEXT(2) 
PARAMETRIC_REPRESENTATION_CONTEXT() REPRESENTATION_CONTEXT('2D SPACE',''
  ) );
#1158 = PCURVE('',#296,#1159);
#1159 = DEFINITIONAL_REPRESENTATION('',(#1160),#1164);
#1160 = LINE('',#1161,#1162);
#1161 = CARTESIAN_POINT('',(-0.,0.));
#1162 = VECTOR('',#1163,1.);
#1163 = DIRECTION('',(-0.,1.));
#1164 = ( GEOMETRIC_REPRESENTATION_CONTEXT(2) 
PARAMETRIC_REPRESENTATION_CONTEXT() REPRESENTATION_CONTEXT('2D SPACE',''
  ) );
#1165 = ORIENTED_EDGE('',*,*,#1166,.F.);
#1166 = EDGE_CURVE('',#1089,#1144,#1167,.T.);
#1167 = SURFACE_CURVE('',#1168,(#1172,#1179),.PCURVE_S1.);
#1168 = LINE('',#1169,#1170);
#1169 = CARTESIAN_POINT('',(195.29285714285,150.20842373802,0.6));
#1170 = VECTOR('',#1171,1.);
#1171 = DIRECTION('',(-0.,-1.,-0.));
#1172 = PCURVE('',#328,#1173);
#1173 = DEFINITIONAL_REPRESENTATION('',(#1174),#1178);
#1174 = LINE('',#1175,#1176);
#1175 = CARTESIAN_POINT('',(0.6,-150.208423738));
#1176 = VECTOR('',#1177,1.);
#1177 = DIRECTION('',(-0.,1.));
#1178 = ( GEOMETRIC_REPRESENTATION_CONTEXT(2) 
PARAMETRIC_REPRESENTATION_CONTEXT() REPRESENTATION_CONTEXT('2D SPACE',''
  ) );
#1179 = PCURVE('',#1180,#1185);
#1180 = PLANE('',#1181);
#1181 = AXIS2_PLACEMENT_3D('',#1182,#1183,#1184);
#1182 = CARTESIAN_POINT('',(194.99285714285,150.20842373802,0.3));
#1183 = DIRECTION('',(-0.707106781187,-2.631506924206E-18,0.707106781187
    ));
#1184 = DIRECTION('',(-1.860756390846E-18,1.,1.860756390846E-18));
#1185 = DEFINITIONAL_REPRESENTATION('',(#1186),#1190);
#1186 = LINE('',#1187,#1188);
#1187 = CARTESIAN_POINT('',(-0.,-0.424264068712));
#1188 = VECTOR('',#1189,1.);
#1189 = DIRECTION('',(-1.,0.));
#1190 = ( GEOMETRIC_REPRESENTATION_CONTEXT(2) 
PARAMETRIC_REPRESENTATION_CONTEXT() REPRESENTATION_CONTEXT('2D SPACE',''
  ) );
#1191 = ORIENTED_EDGE('',*,*,#1088,.T.);
#1192 = ORIENTED_EDGE('',*,*,#313,.T.);
#1193 = ADVANCED_FACE('',(#1194),#296,.T.);
#1194 = FACE_BOUND('',#1195,.F.);
#1195 = EDGE_LOOP('',(#1196,#1197,#1224,#1225));
#1196 = ORIENTED_EDGE('',*,*,#1143,.F.);
#1197 = ORIENTED_EDGE('',*,*,#1198,.T.);
#1198 = EDGE_CURVE('',#1144,#771,#1199,.T.);
#1199 = SURFACE_CURVE('',#1200,(#1205,#1212),.PCURVE_S1.);
#1200 = CIRCLE('',#1201,6.);
#1201 = AXIS2_PLACEMENT_3D('',#1202,#1203,#1204);
#1202 = CARTESIAN_POINT('',(189.29285714285,6.,0.6));
#1203 = DIRECTION('',(0.,-0.,-1.));
#1204 = DIRECTION('',(1.,1.480297366167E-16,-0.));
#1205 = PCURVE('',#296,#1206);
#1206 = DEFINITIONAL_REPRESENTATION('',(#1207),#1211);
#1207 = LINE('',#1208,#1209);
#1208 = CARTESIAN_POINT('',(-0.,0.6));
#1209 = VECTOR('',#1210,1.);
#1210 = DIRECTION('',(-1.,0.));
#1211 = ( GEOMETRIC_REPRESENTATION_CONTEXT(2) 
PARAMETRIC_REPRESENTATION_CONTEXT() REPRESENTATION_CONTEXT('2D SPACE',''
  ) );
#1212 = PCURVE('',#1213,#1218);
#1213 = CONICAL_SURFACE('',#1214,6.,0.785398163397);
#1214 = AXIS2_PLACEMENT_3D('',#1215,#1216,#1217);
#1215 = CARTESIAN_POINT('',(189.29285714285,6.,0.6));
#1216 = DIRECTION('',(0.,0.,1.));
#1217 = DIRECTION('',(1.,1.480297366167E-16,-0.));
#1218 = DEFINITIONAL_REPRESENTATION('',(#1219),#1223);
#1219 = LINE('',#1220,#1221);
#1220 = CARTESIAN_POINT('',(-0.,-0.));
#1221 = VECTOR('',#1222,1.);
#1222 = DIRECTION('',(-1.,-0.));
#1223 = ( GEOMETRIC_REPRESENTATION_CONTEXT(2) 
PARAMETRIC_REPRESENTATION_CONTEXT() REPRESENTATION_CONTEXT('2D SPACE',''
  ) );
#1224 = ORIENTED_EDGE('',*,*,#800,.T.);
#1225 = ORIENTED_EDGE('',*,*,#279,.T.);
#1226 = ADVANCED_FACE('',(#1227),#418,.F.);
#1227 = FACE_BOUND('',#1228,.F.);
#1228 = EDGE_LOOP('',(#1229,#1252,#1281,#1302));
#1229 = ORIENTED_EDGE('',*,*,#1230,.F.);
#1230 = EDGE_CURVE('',#1231,#400,#1233,.T.);
#1231 = VERTEX_POINT('',#1232);
#1232 = CARTESIAN_POINT('',(3.2,6.,5.7));
#1233 = SURFACE_CURVE('',#1234,(#1238,#1245),.PCURVE_S1.);
#1234 = LINE('',#1235,#1236);
#1235 = CARTESIAN_POINT('',(3.2,6.,3.2));
#1236 = VECTOR('',#1237,1.);
#1237 = DIRECTION('',(0.,0.,1.));
#1238 = PCURVE('',#418,#1239);
#1239 = DEFINITIONAL_REPRESENTATION('',(#1240),#1244);
#1240 = LINE('',#1241,#1242);
#1241 = CARTESIAN_POINT('',(0.,0.));
#1242 = VECTOR('',#1243,1.);
#1243 = DIRECTION('',(0.,1.));
#1244 = ( GEOMETRIC_REPRESENTATION_CONTEXT(2) 
PARAMETRIC_REPRESENTATION_CONTEXT() REPRESENTATION_CONTEXT('2D SPACE',''
  ) );
#1245 = PCURVE('',#450,#1246);
#1246 = DEFINITIONAL_REPRESENTATION('',(#1247),#1251);
#1247 = LINE('',#1248,#1249);
#1248 = CARTESIAN_POINT('',(0.,-2.8));
#1249 = VECTOR('',#1250,1.);
#1250 = DIRECTION('',(1.,0.));
#1251 = ( GEOMETRIC_REPRESENTATION_CONTEXT(2) 
PARAMETRIC_REPRESENTATION_CONTEXT() REPRESENTATION_CONTEXT('2D SPACE',''
  ) );
#1252 = ORIENTED_EDGE('',*,*,#1253,.F.);
#1253 = EDGE_CURVE('',#1254,#1231,#1256,.T.);
#1254 = VERTEX_POINT('',#1255);
#1255 = CARTESIAN_POINT('',(6.,3.2,5.7));
#1256 = SURFACE_CURVE('',#1257,(#1262,#1269),.PCURVE_S1.);
#1257 = CIRCLE('',#1258,2.8);
#1258 = AXIS2_PLACEMENT_3D('',#1259,#1260,#1261);
#1259 = CARTESIAN_POINT('',(6.,6.,5.7));
#1260 = DIRECTION('',(-0.,0.,-1.));
#1261 = DIRECTION('',(-3.172065784643E-16,-1.,0.));
#1262 = PCURVE('',#418,#1263);
#1263 = DEFINITIONAL_REPRESENTATION('',(#1264),#1268);
#1264 = LINE('',#1265,#1266);
#1265 = CARTESIAN_POINT('',(1.570796326795,2.5));
#1266 = VECTOR('',#1267,1.);
#1267 = DIRECTION('',(-1.,-0.));
#1268 = ( GEOMETRIC_REPRESENTATION_CONTEXT(2) 
PARAMETRIC_REPRESENTATION_CONTEXT() REPRESENTATION_CONTEXT('2D SPACE',''
  ) );
#1269 = PCURVE('',#1270,#1275);
#1270 = CONICAL_SURFACE('',#1271,2.8,0.785398163397);
#1271 = AXIS2_PLACEMENT_3D('',#1272,#1273,#1274);
#1272 = CARTESIAN_POINT('',(6.,6.,5.7));
#1273 = DIRECTION('',(0.,0.,1.));
#1274 = DIRECTION('',(-3.172065784643E-16,-1.,0.));
#1275 = DEFINITIONAL_REPRESENTATION('',(#1276),#1280);
#1276 = LINE('',#1277,#1278);
#1277 = CARTESIAN_POINT('',(-0.,-0.));
#1278 = VECTOR('',#1279,1.);
#1279 = DIRECTION('',(-1.,-0.));
#1280 = ( GEOMETRIC_REPRESENTATION_CONTEXT(2) 
PARAMETRIC_REPRESENTATION_CONTEXT() REPRESENTATION_CONTEXT('2D SPACE',''
  ) );
#1281 = ORIENTED_EDGE('',*,*,#1282,.T.);
#1282 = EDGE_CURVE('',#1254,#402,#1283,.T.);
#1283 = SURFACE_CURVE('',#1284,(#1288,#1295),.PCURVE_S1.);
#1284 = LINE('',#1285,#1286);
#1285 = CARTESIAN_POINT('',(6.,3.2,3.2));
#1286 = VECTOR('',#1287,1.);
#1287 = DIRECTION('',(0.,0.,1.));
#1288 = PCURVE('',#418,#1289);
#1289 = DEFINITIONAL_REPRESENTATION('',(#1290),#1294);
#1290 = LINE('',#1291,#1292);
#1291 = CARTESIAN_POINT('',(1.570796326795,0.));
#1292 = VECTOR('',#1293,1.);
#1293 = DIRECTION('',(0.,1.));
#1294 = ( GEOMETRIC_REPRESENTATION_CONTEXT(2) 
PARAMETRIC_REPRESENTATION_CONTEXT() REPRESENTATION_CONTEXT('2D SPACE',''
  ) );
#1295 = PCURVE('',#629,#1296);
#1296 = DEFINITIONAL_REPRESENTATION('',(#1297),#1301);
#1297 = LINE('',#1298,#1299);
#1298 = CARTESIAN_POINT('',(0.,2.8));
#1299 = VECTOR('',#1300,1.);
#1300 = DIRECTION('',(1.,0.));
#1301 = ( GEOMETRIC_REPRESENTATION_CONTEXT(2) 
PARAMETRIC_REPRESENTATION_CONTEXT() REPRESENTATION_CONTEXT('2D SPACE',''
  ) );
#1302 = ORIENTED_EDGE('',*,*,#399,.F.);
#1303 = ADVANCED_FACE('',(#1304),#629,.T.);
#1304 = FACE_BOUND('',#1305,.T.);
#1305 = EDGE_LOOP('',(#1306,#1334,#1335,#1336));
#1306 = ORIENTED_EDGE('',*,*,#1307,.T.);
#1307 = EDGE_CURVE('',#1308,#1254,#1310,.T.);
#1308 = VERTEX_POINT('',#1309);
#1309 = CARTESIAN_POINT('',(189.29285714285,3.2,5.7));
#1310 = SURFACE_CURVE('',#1311,(#1315,#1322),.PCURVE_S1.);
#1311 = LINE('',#1312,#1313);
#1312 = CARTESIAN_POINT('',(189.29285714285,3.2,5.7));
#1313 = VECTOR('',#1314,1.);
#1314 = DIRECTION('',(-1.,-0.,-0.));
#1315 = PCURVE('',#629,#1316);
#1316 = DEFINITIONAL_REPRESENTATION('',(#1317),#1321);
#1317 = LINE('',#1318,#1319);
#1318 = CARTESIAN_POINT('',(2.5,186.09285714285));
#1319 = VECTOR('',#1320,1.);
#1320 = DIRECTION('',(0.,-1.));
#1321 = ( GEOMETRIC_REPRESENTATION_CONTEXT(2) 
PARAMETRIC_REPRESENTATION_CONTEXT() REPRESENTATION_CONTEXT('2D SPACE',''
  ) );
#1322 = PCURVE('',#1323,#1328);
#1323 = PLANE('',#1324);
#1324 = AXIS2_PLACEMENT_3D('',#1325,#1326,#1327);
#1325 = CARTESIAN_POINT('',(189.29285714285,4.45,4.45));
#1326 = DIRECTION('',(7.652052273037E-18,-0.707106781187,-0.707106781187
    ));
#1327 = DIRECTION('',(-1.,-5.410818052259E-18,-5.410818052259E-18));
#1328 = DEFINITIONAL_REPRESENTATION('',(#1329),#1333);
#1329 = LINE('',#1330,#1331);
#1330 = CARTESIAN_POINT('',(-1.925929944387E-34,-1.767766952966));
#1331 = VECTOR('',#1332,1.);
#1332 = DIRECTION('',(1.,-2.803368887165E-34));
#1333 = ( GEOMETRIC_REPRESENTATION_CONTEXT(2) 
PARAMETRIC_REPRESENTATION_CONTEXT() REPRESENTATION_CONTEXT('2D SPACE',''
  ) );
#1334 = ORIENTED_EDGE('',*,*,#1282,.T.);
#1335 = ORIENTED_EDGE('',*,*,#616,.F.);
#1336 = ORIENTED_EDGE('',*,*,#1337,.F.);
#1337 = EDGE_CURVE('',#1308,#583,#1338,.T.);
#1338 = SURFACE_CURVE('',#1339,(#1343,#1350),.PCURVE_S1.);
#1339 = LINE('',#1340,#1341);
#1340 = CARTESIAN_POINT('',(189.29285714285,3.2,3.2));
#1341 = VECTOR('',#1342,1.);
#1342 = DIRECTION('',(0.,0.,1.));
#1343 = PCURVE('',#629,#1344);
#1344 = DEFINITIONAL_REPRESENTATION('',(#1345),#1349);
#1345 = LINE('',#1346,#1347);
#1346 = CARTESIAN_POINT('',(0.,186.09285714285));
#1347 = VECTOR('',#1348,1.);
#1348 = DIRECTION('',(1.,0.));
#1349 = ( GEOMETRIC_REPRESENTATION_CONTEXT(2) 
PARAMETRIC_REPRESENTATION_CONTEXT() REPRESENTATION_CONTEXT('2D SPACE',''
  ) );
#1350 = PCURVE('',#599,#1351);
#1351 = DEFINITIONAL_REPRESENTATION('',(#1352),#1356);
#1352 = LINE('',#1353,#1354);
#1353 = CARTESIAN_POINT('',(-1.570796326795,0.));
#1354 = VECTOR('',#1355,1.);
#1355 = DIRECTION('',(-0.,1.));
#1356 = ( GEOMETRIC_REPRESENTATION_CONTEXT(2) 
PARAMETRIC_REPRESENTATION_CONTEXT() REPRESENTATION_CONTEXT('2D SPACE',''
  ) );
#1357 = ADVANCED_FACE('',(#1358),#599,.F.);
#1358 = FACE_BOUND('',#1359,.T.);
#1359 = EDGE_LOOP('',(#1360,#1383,#1410,#1411));
#1360 = ORIENTED_EDGE('',*,*,#1361,.F.);
#1361 = EDGE_CURVE('',#1362,#557,#1364,.T.);
#1362 = VERTEX_POINT('',#1363);
#1363 = CARTESIAN_POINT('',(192.09285714285,6.,5.7));
#1364 = SURFACE_CURVE('',#1365,(#1369,#1376),.PCURVE_S1.);
#1365 = LINE('',#1366,#1367);
#1366 = CARTESIAN_POINT('',(192.09285714285,6.,3.2));
#1367 = VECTOR('',#1368,1.);
#1368 = DIRECTION('',(0.,0.,1.));
#1369 = PCURVE('',#599,#1370);
#1370 = DEFINITIONAL_REPRESENTATION('',(#1371),#1375);
#1371 = LINE('',#1372,#1373);
#1372 = CARTESIAN_POINT('',(-0.,0.));
#1373 = VECTOR('',#1374,1.);
#1374 = DIRECTION('',(-0.,1.));
#1375 = ( GEOMETRIC_REPRESENTATION_CONTEXT(2) 
PARAMETRIC_REPRESENTATION_CONTEXT() REPRESENTATION_CONTEXT('2D SPACE',''
  ) );
#1376 = PCURVE('',#571,#1377);
#1377 = DEFINITIONAL_REPRESENTATION('',(#1378),#1382);
#1378 = LINE('',#1379,#1380);
#1379 = CARTESIAN_POINT('',(0.,-2.8));
#1380 = VECTOR('',#1381,1.);
#1381 = DIRECTION('',(1.,0.));
#1382 = ( GEOMETRIC_REPRESENTATION_CONTEXT(2) 
PARAMETRIC_REPRESENTATION_CONTEXT() REPRESENTATION_CONTEXT('2D SPACE',''
  ) );
#1383 = ORIENTED_EDGE('',*,*,#1384,.T.);
#1384 = EDGE_CURVE('',#1362,#1308,#1385,.T.);
#1385 = SURFACE_CURVE('',#1386,(#1391,#1398),.PCURVE_S1.);
#1386 = CIRCLE('',#1387,2.8);
#1387 = AXIS2_PLACEMENT_3D('',#1388,#1389,#1390);
#1388 = CARTESIAN_POINT('',(189.29285714285,6.,5.7));
#1389 = DIRECTION('',(0.,-0.,-1.));
#1390 = DIRECTION('',(1.,1.586032892322E-16,-0.));
#1391 = PCURVE('',#599,#1392);
#1392 = DEFINITIONAL_REPRESENTATION('',(#1393),#1397);
#1393 = LINE('',#1394,#1395);
#1394 = CARTESIAN_POINT('',(-0.,2.5));
#1395 = VECTOR('',#1396,1.);
#1396 = DIRECTION('',(-1.,0.));
#1397 = ( GEOMETRIC_REPRESENTATION_CONTEXT(2) 
PARAMETRIC_REPRESENTATION_CONTEXT() REPRESENTATION_CONTEXT('2D SPACE',''
  ) );
#1398 = PCURVE('',#1399,#1404);
#1399 = CONICAL_SURFACE('',#1400,2.8,0.785398163397);
#1400 = AXIS2_PLACEMENT_3D('',#1401,#1402,#1403);
#1401 = CARTESIAN_POINT('',(189.29285714285,6.,5.7));
#1402 = DIRECTION('',(0.,0.,1.));
#1403 = DIRECTION('',(1.,1.586032892322E-16,-0.));
#1404 = DEFINITIONAL_REPRESENTATION('',(#1405),#1409);
#1405 = LINE('',#1406,#1407);
#1406 = CARTESIAN_POINT('',(-0.,-0.));
#1407 = VECTOR('',#1408,1.);
#1408 = DIRECTION('',(-1.,-0.));
#1409 = ( GEOMETRIC_REPRESENTATION_CONTEXT(2) 
PARAMETRIC_REPRESENTATION_CONTEXT() REPRESENTATION_CONTEXT('2D SPACE',''
  ) );
#1410 = ORIENTED_EDGE('',*,*,#1337,.T.);
#1411 = ORIENTED_EDGE('',*,*,#582,.T.);
#1412 = ADVANCED_FACE('',(#1413),#571,.F.);
#1413 = FACE_BOUND('',#1414,.F.);
#1414 = EDGE_LOOP('',(#1415,#1416,#1444,#1470,#1496,#1522,#1550,#1571));
#1415 = ORIENTED_EDGE('',*,*,#1361,.F.);
#1416 = ORIENTED_EDGE('',*,*,#1417,.F.);
#1417 = EDGE_CURVE('',#1418,#1362,#1420,.T.);
#1418 = VERTEX_POINT('',#1419);
#1419 = CARTESIAN_POINT('',(192.09285714285,7.763026483627,5.7));
#1420 = SURFACE_CURVE('',#1421,(#1425,#1432),.PCURVE_S1.);
#1421 = LINE('',#1422,#1423);
#1422 = CARTESIAN_POINT('',(192.09285714285,150.20842373802,5.7));
#1423 = VECTOR('',#1424,1.);
#1424 = DIRECTION('',(-0.,-1.,-0.));
#1425 = PCURVE('',#571,#1426);
#1426 = DEFINITIONAL_REPRESENTATION('',(#1427),#1431);
#1427 = LINE('',#1428,#1429);
#1428 = CARTESIAN_POINT('',(2.5,-147.008423738));
#1429 = VECTOR('',#1430,1.);
#1430 = DIRECTION('',(0.,1.));
#1431 = ( GEOMETRIC_REPRESENTATION_CONTEXT(2) 
PARAMETRIC_REPRESENTATION_CONTEXT() REPRESENTATION_CONTEXT('2D SPACE',''
  ) );
#1432 = PCURVE('',#1433,#1438);
#1433 = PLANE('',#1434);
#1434 = AXIS2_PLACEMENT_3D('',#1435,#1436,#1437);
#1435 = CARTESIAN_POINT('',(190.84285714285,150.20842373802,4.45));
#1436 = DIRECTION('',(-0.707106781187,-7.652052273037E-18,0.707106781187
    ));
#1437 = DIRECTION('',(-5.410818052259E-18,1.,5.410818052259E-18));
#1438 = DEFINITIONAL_REPRESENTATION('',(#1439),#1443);
#1439 = LINE('',#1440,#1441);
#1440 = CARTESIAN_POINT('',(1.925929944387E-34,-1.767766952966));
#1441 = VECTOR('',#1442,1.);
#1442 = DIRECTION('',(-1.,4.900350890384E-34));
#1443 = ( GEOMETRIC_REPRESENTATION_CONTEXT(2) 
PARAMETRIC_REPRESENTATION_CONTEXT() REPRESENTATION_CONTEXT('2D SPACE',''
  ) );
#1444 = ORIENTED_EDGE('',*,*,#1445,.T.);
#1445 = EDGE_CURVE('',#1418,#1446,#1448,.T.);
#1446 = VERTEX_POINT('',#1447);
#1447 = CARTESIAN_POINT('',(192.09285714285,7.763026483627,
    14.576937690892));
#1448 = SURFACE_CURVE('',#1449,(#1453,#1459),.PCURVE_S1.);
#1449 = LINE('',#1450,#1451);
#1450 = CARTESIAN_POINT('',(192.09285714285,7.763026483627,3.2));
#1451 = VECTOR('',#1452,1.);
#1452 = DIRECTION('',(0.,0.,1.));
#1453 = PCURVE('',#571,#1454);
#1454 = DEFINITIONAL_REPRESENTATION('',(#1455),#1458);
#1455 = B_SPLINE_CURVE_WITH_KNOTS('',1,(#1456,#1457),.UNSPECIFIED.,.F.,
  .F.,(2,2),(2.5,11.376937690892),.PIECEWISE_BEZIER_KNOTS.);
#1456 = CARTESIAN_POINT('',(2.5,-4.563026483627));
#1457 = CARTESIAN_POINT('',(11.376937690892,-4.563026483627));
#1458 = ( GEOMETRIC_REPRESENTATION_CONTEXT(2) 
PARAMETRIC_REPRESENTATION_CONTEXT() REPRESENTATION_CONTEXT('2D SPACE',''
  ) );
#1459 = PCURVE('',#1460,#1465);
#1460 = PLANE('',#1461);
#1461 = AXIS2_PLACEMENT_3D('',#1462,#1463,#1464);
#1462 = CARTESIAN_POINT('',(192.59285714285,7.763026483627,3.2));
#1463 = DIRECTION('',(1.110223024625E-16,1.,0.));
#1464 = DIRECTION('',(0.,0.,1.));
#1465 = DEFINITIONAL_REPRESENTATION('',(#1466),#1469);
#1466 = B_SPLINE_CURVE_WITH_KNOTS('',1,(#1467,#1468),.UNSPECIFIED.,.F.,
  .F.,(2,2),(2.5,11.376937690892),.PIECEWISE_BEZIER_KNOTS.);
#1467 = CARTESIAN_POINT('',(2.5,-0.5));
#1468 = CARTESIAN_POINT('',(11.376937690892,-0.5));
#1469 = ( GEOMETRIC_REPRESENTATION_CONTEXT(2) 
PARAMETRIC_REPRESENTATION_CONTEXT() REPRESENTATION_CONTEXT('2D SPACE',''
  ) );
#1470 = ORIENTED_EDGE('',*,*,#1471,.F.);
#1471 = EDGE_CURVE('',#1472,#1446,#1474,.T.);
#1472 = VERTEX_POINT('',#1473);
#1473 = CARTESIAN_POINT('',(192.09285714285,124.63302648362,
    40.482630386107));
#1474 = SURFACE_CURVE('',#1475,(#1479,#1485),.PCURVE_S1.);
#1475 = LINE('',#1476,#1477);
#1476 = CARTESIAN_POINT('',(192.09285714285,-64.02626837092,
    -1.336054619437));
#1477 = VECTOR('',#1478,1.);
#1478 = DIRECTION('',(0.,-0.976302648363,-0.216409655053));
#1479 = PCURVE('',#571,#1480);
#1480 = DEFINITIONAL_REPRESENTATION('',(#1481),#1484);
#1481 = B_SPLINE_CURVE_WITH_KNOTS('',1,(#1482,#1483),.UNSPECIFIED.,.F.,
  .F.,(2,2),(-193.2385364015,-73.53180386732),.PIECEWISE_BEZIER_KNOTS.);
#1482 = CARTESIAN_POINT('',(37.282630386107,-121.4330264836));
#1483 = CARTESIAN_POINT('',(11.376937690892,-4.563026483627));
#1484 = ( GEOMETRIC_REPRESENTATION_CONTEXT(2) 
PARAMETRIC_REPRESENTATION_CONTEXT() REPRESENTATION_CONTEXT('2D SPACE',''
  ) );
#1485 = PCURVE('',#1486,#1491);
#1486 = PLANE('',#1487);
#1487 = AXIS2_PLACEMENT_3D('',#1488,#1489,#1490);
#1488 = CARTESIAN_POINT('',(348.21785714285,-129.0625031889,
    -15.75214697203));
#1489 = DIRECTION('',(-2.402629817907E-17,-0.216409655053,0.976302648363
    ));
#1490 = DIRECTION('',(1.083913679215E-16,0.976302648363,0.216409655053)
  );
#1491 = DEFINITIONAL_REPRESENTATION('',(#1492),#1495);
#1492 = B_SPLINE_CURVE_WITH_KNOTS('',1,(#1493,#1494),.UNSPECIFIED.,.F.,
  .F.,(2,2),(-193.2385364015,-73.53180386732),.PIECEWISE_BEZIER_KNOTS.);
#1493 = CARTESIAN_POINT('',(259.8533662671,156.125));
#1494 = CARTESIAN_POINT('',(140.14663373289,156.125));
#1495 = ( GEOMETRIC_REPRESENTATION_CONTEXT(2) 
PARAMETRIC_REPRESENTATION_CONTEXT() REPRESENTATION_CONTEXT('2D SPACE',''
  ) );
#1496 = ORIENTED_EDGE('',*,*,#1497,.F.);
#1497 = EDGE_CURVE('',#1498,#1472,#1500,.T.);
#1498 = VERTEX_POINT('',#1499);
#1499 = CARTESIAN_POINT('',(192.09285714285,124.63302648362,5.7));
#1500 = SURFACE_CURVE('',#1501,(#1505,#1511),.PCURVE_S1.);
#1501 = LINE('',#1502,#1503);
#1502 = CARTESIAN_POINT('',(192.09285714285,124.63302648362,3.2));
#1503 = VECTOR('',#1504,1.);
#1504 = DIRECTION('',(0.,0.,1.));
#1505 = PCURVE('',#571,#1506);
#1506 = DEFINITIONAL_REPRESENTATION('',(#1507),#1510);
#1507 = B_SPLINE_CURVE_WITH_KNOTS('',1,(#1508,#1509),.UNSPECIFIED.,.F.,
  .F.,(2,2),(2.5,37.282630386107),.PIECEWISE_BEZIER_KNOTS.);
#1508 = CARTESIAN_POINT('',(2.5,-121.4330264836));
#1509 = CARTESIAN_POINT('',(37.282630386107,-121.4330264836));
#1510 = ( GEOMETRIC_REPRESENTATION_CONTEXT(2) 
PARAMETRIC_REPRESENTATION_CONTEXT() REPRESENTATION_CONTEXT('2D SPACE',''
  ) );
#1511 = PCURVE('',#1512,#1517);
#1512 = PLANE('',#1513);
#1513 = AXIS2_PLACEMENT_3D('',#1514,#1515,#1516);
#1514 = CARTESIAN_POINT('',(192.59285714285,124.63302648362,3.2));
#1515 = DIRECTION('',(1.110223024625E-16,1.,0.));
#1516 = DIRECTION('',(0.,0.,1.));
#1517 = DEFINITIONAL_REPRESENTATION('',(#1518),#1521);
#1518 = B_SPLINE_CURVE_WITH_KNOTS('',1,(#1519,#1520),.UNSPECIFIED.,.F.,
  .F.,(2,2),(2.5,37.282630386107),.PIECEWISE_BEZIER_KNOTS.);
#1519 = CARTESIAN_POINT('',(2.5,-0.5));
#1520 = CARTESIAN_POINT('',(37.282630386107,-0.5));
#1521 = ( GEOMETRIC_REPRESENTATION_CONTEXT(2) 
PARAMETRIC_REPRESENTATION_CONTEXT() REPRESENTATION_CONTEXT('2D SPACE',''
  ) );
#1522 = ORIENTED_EDGE('',*,*,#1523,.F.);
#1523 = EDGE_CURVE('',#1524,#1498,#1526,.T.);
#1524 = VERTEX_POINT('',#1525);
#1525 = CARTESIAN_POINT('',(192.09285714285,150.20842373802,5.7));
#1526 = SURFACE_CURVE('',#1527,(#1531,#1538),.PCURVE_S1.);
#1527 = LINE('',#1528,#1529);
#1528 = CARTESIAN_POINT('',(192.09285714285,150.20842373802,5.7));
#1529 = VECTOR('',#1530,1.);
#1530 = DIRECTION('',(-0.,-1.,-0.));
#1531 = PCURVE('',#571,#1532);
#1532 = DEFINITIONAL_REPRESENTATION('',(#1533),#1537);
#1533 = LINE('',#1534,#1535);
#1534 = CARTESIAN_POINT('',(2.5,-147.008423738));
#1535 = VECTOR('',#1536,1.);
#1536 = DIRECTION('',(0.,1.));
#1537 = ( GEOMETRIC_REPRESENTATION_CONTEXT(2) 
PARAMETRIC_REPRESENTATION_CONTEXT() REPRESENTATION_CONTEXT('2D SPACE',''
  ) );
#1538 = PCURVE('',#1539,#1544);
#1539 = PLANE('',#1540);
#1540 = AXIS2_PLACEMENT_3D('',#1541,#1542,#1543);
#1541 = CARTESIAN_POINT('',(190.84285714285,150.20842373802,4.45));
#1542 = DIRECTION('',(-0.707106781187,-7.652052273037E-18,0.707106781187
    ));
#1543 = DIRECTION('',(-5.410818052259E-18,1.,5.410818052259E-18));
#1544 = DEFINITIONAL_REPRESENTATION('',(#1545),#1549);
#1545 = LINE('',#1546,#1547);
#1546 = CARTESIAN_POINT('',(1.925929944387E-34,-1.767766952966));
#1547 = VECTOR('',#1548,1.);
#1548 = DIRECTION('',(-1.,4.900350890384E-34));
#1549 = ( GEOMETRIC_REPRESENTATION_CONTEXT(2) 
PARAMETRIC_REPRESENTATION_CONTEXT() REPRESENTATION_CONTEXT('2D SPACE',''
  ) );
#1550 = ORIENTED_EDGE('',*,*,#1551,.T.);
#1551 = EDGE_CURVE('',#1524,#523,#1552,.T.);
#1552 = SURFACE_CURVE('',#1553,(#1557,#1564),.PCURVE_S1.);
#1553 = LINE('',#1554,#1555);
#1554 = CARTESIAN_POINT('',(192.09285714285,150.20842373802,3.2));
#1555 = VECTOR('',#1556,1.);
#1556 = DIRECTION('',(0.,0.,1.));
#1557 = PCURVE('',#571,#1558);
#1558 = DEFINITIONAL_REPRESENTATION('',(#1559),#1563);
#1559 = LINE('',#1560,#1561);
#1560 = CARTESIAN_POINT('',(0.,-147.008423738));
#1561 = VECTOR('',#1562,1.);
#1562 = DIRECTION('',(1.,0.));
#1563 = ( GEOMETRIC_REPRESENTATION_CONTEXT(2) 
PARAMETRIC_REPRESENTATION_CONTEXT() REPRESENTATION_CONTEXT('2D SPACE',''
  ) );
#1564 = PCURVE('',#539,#1565);
#1565 = DEFINITIONAL_REPRESENTATION('',(#1566),#1570);
#1566 = LINE('',#1567,#1568);
#1567 = CARTESIAN_POINT('',(0.,0.));
#1568 = VECTOR('',#1569,1.);
#1569 = DIRECTION('',(0.,1.));
#1570 = ( GEOMETRIC_REPRESENTATION_CONTEXT(2) 
PARAMETRIC_REPRESENTATION_CONTEXT() REPRESENTATION_CONTEXT('2D SPACE',''
  ) );
#1571 = ORIENTED_EDGE('',*,*,#556,.F.);
#1572 = ADVANCED_FACE('',(#1573),#539,.F.);
#1573 = FACE_BOUND('',#1574,.F.);
#1574 = EDGE_LOOP('',(#1575,#1576,#1605,#1626));
#1575 = ORIENTED_EDGE('',*,*,#1551,.F.);
#1576 = ORIENTED_EDGE('',*,*,#1577,.F.);
#1577 = EDGE_CURVE('',#1578,#1524,#1580,.T.);
#1578 = VERTEX_POINT('',#1579);
#1579 = CARTESIAN_POINT('',(189.29285714285,153.00842373802,5.7));
#1580 = SURFACE_CURVE('',#1581,(#1586,#1593),.PCURVE_S1.);
#1581 = CIRCLE('',#1582,2.8);
#1582 = AXIS2_PLACEMENT_3D('',#1583,#1584,#1585);
#1583 = CARTESIAN_POINT('',(189.29285714285,150.20842373802,5.7));
#1584 = DIRECTION('',(0.,-0.,-1.));
#1585 = DIRECTION('',(0.,1.,-0.));
#1586 = PCURVE('',#539,#1587);
#1587 = DEFINITIONAL_REPRESENTATION('',(#1588),#1592);
#1588 = LINE('',#1589,#1590);
#1589 = CARTESIAN_POINT('',(1.570796326795,2.5));
#1590 = VECTOR('',#1591,1.);
#1591 = DIRECTION('',(-1.,-0.));
#1592 = ( GEOMETRIC_REPRESENTATION_CONTEXT(2) 
PARAMETRIC_REPRESENTATION_CONTEXT() REPRESENTATION_CONTEXT('2D SPACE',''
  ) );
#1593 = PCURVE('',#1594,#1599);
#1594 = CONICAL_SURFACE('',#1595,2.8,0.785398163397);
#1595 = AXIS2_PLACEMENT_3D('',#1596,#1597,#1598);
#1596 = CARTESIAN_POINT('',(189.29285714285,150.20842373802,5.7));
#1597 = DIRECTION('',(0.,0.,1.));
#1598 = DIRECTION('',(0.,1.,0.));
#1599 = DEFINITIONAL_REPRESENTATION('',(#1600),#1604);
#1600 = LINE('',#1601,#1602);
#1601 = CARTESIAN_POINT('',(-0.,-0.));
#1602 = VECTOR('',#1603,1.);
#1603 = DIRECTION('',(-1.,-0.));
#1604 = ( GEOMETRIC_REPRESENTATION_CONTEXT(2) 
PARAMETRIC_REPRESENTATION_CONTEXT() REPRESENTATION_CONTEXT('2D SPACE',''
  ) );
#1605 = ORIENTED_EDGE('',*,*,#1606,.T.);
#1606 = EDGE_CURVE('',#1578,#496,#1607,.T.);
#1607 = SURFACE_CURVE('',#1608,(#1612,#1619),.PCURVE_S1.);
#1608 = LINE('',#1609,#1610);
#1609 = CARTESIAN_POINT('',(189.29285714285,153.00842373802,3.2));
#1610 = VECTOR('',#1611,1.);
#1611 = DIRECTION('',(0.,0.,1.));
#1612 = PCURVE('',#539,#1613);
#1613 = DEFINITIONAL_REPRESENTATION('',(#1614),#1618);
#1614 = LINE('',#1615,#1616);
#1615 = CARTESIAN_POINT('',(1.570796326795,0.));
#1616 = VECTOR('',#1617,1.);
#1617 = DIRECTION('',(0.,1.));
#1618 = ( GEOMETRIC_REPRESENTATION_CONTEXT(2) 
PARAMETRIC_REPRESENTATION_CONTEXT() REPRESENTATION_CONTEXT('2D SPACE',''
  ) );
#1619 = PCURVE('',#510,#1620);
#1620 = DEFINITIONAL_REPRESENTATION('',(#1621),#1625);
#1621 = LINE('',#1622,#1623);
#1622 = CARTESIAN_POINT('',(0.,186.09285714285));
#1623 = VECTOR('',#1624,1.);
#1624 = DIRECTION('',(1.,0.));
#1625 = ( GEOMETRIC_REPRESENTATION_CONTEXT(2) 
PARAMETRIC_REPRESENTATION_CONTEXT() REPRESENTATION_CONTEXT('2D SPACE',''
  ) );
#1626 = ORIENTED_EDGE('',*,*,#522,.F.);
#1627 = ADVANCED_FACE('',(#1628,#2336),#510,.F.);
#1628 = FACE_BOUND('',#1629,.F.);
#1629 = EDGE_LOOP('',(#1630,#1660,#1681,#1682,#1683,#1711,#1738,#1765,
    #1792,#1820,#1847,#1874,#1901,#1929,#1957,#1985,#2013,#2041,#2069,
    #2092,#2120,#2148,#2175,#2202,#2229,#2257,#2284,#2311));
#1630 = ORIENTED_EDGE('',*,*,#1631,.F.);
#1631 = EDGE_CURVE('',#1632,#1634,#1636,.T.);
#1632 = VERTEX_POINT('',#1633);
#1633 = CARTESIAN_POINT('',(6.,153.00842373802,5.7));
#1634 = VERTEX_POINT('',#1635);
#1635 = CARTESIAN_POINT('',(28.,153.00842373802,5.7));
#1636 = SURFACE_CURVE('',#1637,(#1641,#1648),.PCURVE_S1.);
#1637 = LINE('',#1638,#1639);
#1638 = CARTESIAN_POINT('',(6.,153.00842373802,5.7));
#1639 = VECTOR('',#1640,1.);
#1640 = DIRECTION('',(1.,0.,0.));
#1641 = PCURVE('',#510,#1642);
#1642 = DEFINITIONAL_REPRESENTATION('',(#1643),#1647);
#1643 = LINE('',#1644,#1645);
#1644 = CARTESIAN_POINT('',(2.5,2.8));
#1645 = VECTOR('',#1646,1.);
#1646 = DIRECTION('',(0.,1.));
#1647 = ( GEOMETRIC_REPRESENTATION_CONTEXT(2) 
PARAMETRIC_REPRESENTATION_CONTEXT() REPRESENTATION_CONTEXT('2D SPACE',''
  ) );
#1648 = PCURVE('',#1649,#1654);
#1649 = PLANE('',#1650);
#1650 = AXIS2_PLACEMENT_3D('',#1651,#1652,#1653);
#1651 = CARTESIAN_POINT('',(6.,151.75842373802,4.45));
#1652 = DIRECTION('',(-7.652052273037E-18,-0.707106781187,0.707106781187
    ));
#1653 = DIRECTION('',(-1.,5.410818052259E-18,-5.410818052259E-18));
#1654 = DEFINITIONAL_REPRESENTATION('',(#1655),#1659);
#1655 = LINE('',#1656,#1657);
#1656 = CARTESIAN_POINT('',(-1.925929944387E-34,-1.767766952966));
#1657 = VECTOR('',#1658,1.);
#1658 = DIRECTION('',(-1.,2.803368887165E-34));
#1659 = ( GEOMETRIC_REPRESENTATION_CONTEXT(2) 
PARAMETRIC_REPRESENTATION_CONTEXT() REPRESENTATION_CONTEXT('2D SPACE',''
  ) );
#1660 = ORIENTED_EDGE('',*,*,#1661,.T.);
#1661 = EDGE_CURVE('',#1632,#462,#1662,.T.);
#1662 = SURFACE_CURVE('',#1663,(#1667,#1674),.PCURVE_S1.);
#1663 = LINE('',#1664,#1665);
#1664 = CARTESIAN_POINT('',(6.,153.00842373802,3.2));
#1665 = VECTOR('',#1666,1.);
#1666 = DIRECTION('',(0.,0.,1.));
#1667 = PCURVE('',#510,#1668);
#1668 = DEFINITIONAL_REPRESENTATION('',(#1669),#1673);
#1669 = LINE('',#1670,#1671);
#1670 = CARTESIAN_POINT('',(0.,2.8));
#1671 = VECTOR('',#1672,1.);
#1672 = DIRECTION('',(1.,0.));
#1673 = ( GEOMETRIC_REPRESENTATION_CONTEXT(2) 
PARAMETRIC_REPRESENTATION_CONTEXT() REPRESENTATION_CONTEXT('2D SPACE',''
  ) );
#1674 = PCURVE('',#478,#1675);
#1675 = DEFINITIONAL_REPRESENTATION('',(#1676),#1680);
#1676 = LINE('',#1677,#1678);
#1677 = CARTESIAN_POINT('',(-1.570796326795,0.));
#1678 = VECTOR('',#1679,1.);
#1679 = DIRECTION('',(-0.,1.));
#1680 = ( GEOMETRIC_REPRESENTATION_CONTEXT(2) 
PARAMETRIC_REPRESENTATION_CONTEXT() REPRESENTATION_CONTEXT('2D SPACE',''
  ) );
#1681 = ORIENTED_EDGE('',*,*,#495,.F.);
#1682 = ORIENTED_EDGE('',*,*,#1606,.F.);
#1683 = ORIENTED_EDGE('',*,*,#1684,.F.);
#1684 = EDGE_CURVE('',#1685,#1578,#1687,.T.);
#1685 = VERTEX_POINT('',#1686);
#1686 = CARTESIAN_POINT('',(167.29285714285,153.00842373802,5.7));
#1687 = SURFACE_CURVE('',#1688,(#1692,#1699),.PCURVE_S1.);
#1688 = LINE('',#1689,#1690);
#1689 = CARTESIAN_POINT('',(6.,153.00842373802,5.7));
#1690 = VECTOR('',#1691,1.);
#1691 = DIRECTION('',(1.,0.,0.));
#1692 = PCURVE('',#510,#1693);
#1693 = DEFINITIONAL_REPRESENTATION('',(#1694),#1698);
#1694 = LINE('',#1695,#1696);
#1695 = CARTESIAN_POINT('',(2.5,2.8));
#1696 = VECTOR('',#1697,1.);
#1697 = DIRECTION('',(0.,1.));
#1698 = ( GEOMETRIC_REPRESENTATION_CONTEXT(2) 
PARAMETRIC_REPRESENTATION_CONTEXT() REPRESENTATION_CONTEXT('2D SPACE',''
  ) );
#1699 = PCURVE('',#1700,#1705);
#1700 = PLANE('',#1701);
#1701 = AXIS2_PLACEMENT_3D('',#1702,#1703,#1704);
#1702 = CARTESIAN_POINT('',(6.,151.75842373802,4.45));
#1703 = DIRECTION('',(-7.652052273037E-18,-0.707106781187,0.707106781187
    ));
#1704 = DIRECTION('',(-1.,5.410818052259E-18,-5.410818052259E-18));
#1705 = DEFINITIONAL_REPRESENTATION('',(#1706),#1710);
#1706 = LINE('',#1707,#1708);
#1707 = CARTESIAN_POINT('',(-1.925929944387E-34,-1.767766952966));
#1708 = VECTOR('',#1709,1.);
#1709 = DIRECTION('',(-1.,2.803368887165E-34));
#1710 = ( GEOMETRIC_REPRESENTATION_CONTEXT(2) 
PARAMETRIC_REPRESENTATION_CONTEXT() REPRESENTATION_CONTEXT('2D SPACE',''
  ) );
#1711 = ORIENTED_EDGE('',*,*,#1712,.F.);
#1712 = EDGE_CURVE('',#1713,#1685,#1715,.T.);
#1713 = VERTEX_POINT('',#1714);
#1714 = CARTESIAN_POINT('',(167.29285714285,153.00842373802,11.2));
#1715 = SURFACE_CURVE('',#1716,(#1720,#1727),.PCURVE_S1.);
#1716 = LINE('',#1717,#1718);
#1717 = CARTESIAN_POINT('',(167.29285714285,153.00842373802,3.2));
#1718 = VECTOR('',#1719,1.);
#1719 = DIRECTION('',(0.,0.,-1.));
#1720 = PCURVE('',#510,#1721);
#1721 = DEFINITIONAL_REPRESENTATION('',(#1722),#1726);
#1722 = LINE('',#1723,#1724);
#1723 = CARTESIAN_POINT('',(0.,164.09285714285));
#1724 = VECTOR('',#1725,1.);
#1725 = DIRECTION('',(-1.,0.));
#1726 = ( GEOMETRIC_REPRESENTATION_CONTEXT(2) 
PARAMETRIC_REPRESENTATION_CONTEXT() REPRESENTATION_CONTEXT('2D SPACE',''
  ) );
#1727 = PCURVE('',#1728,#1733);
#1728 = PLANE('',#1729);
#1729 = AXIS2_PLACEMENT_3D('',#1730,#1731,#1732);
#1730 = CARTESIAN_POINT('',(167.29285714285,124.43302648362,3.2));
#1731 = DIRECTION('',(1.,0.,0.));
#1732 = DIRECTION('',(0.,0.,1.));
#1733 = DEFINITIONAL_REPRESENTATION('',(#1734),#1737);
#1734 = B_SPLINE_CURVE_WITH_KNOTS('',1,(#1735,#1736),.UNSPECIFIED.,.F.,
  .F.,(2,2),(-8.,-2.5),.PIECEWISE_BEZIER_KNOTS.);
#1735 = CARTESIAN_POINT('',(8.,-28.5753972544));
#1736 = CARTESIAN_POINT('',(2.5,-28.5753972544));
#1737 = ( GEOMETRIC_REPRESENTATION_CONTEXT(2) 
PARAMETRIC_REPRESENTATION_CONTEXT() REPRESENTATION_CONTEXT('2D SPACE',''
  ) );
#1738 = ORIENTED_EDGE('',*,*,#1739,.F.);
#1739 = EDGE_CURVE('',#1740,#1713,#1742,.T.);
#1740 = VERTEX_POINT('',#1741);
#1741 = CARTESIAN_POINT('',(163.29285714285,153.00842373802,11.2));
#1742 = SURFACE_CURVE('',#1743,(#1747,#1754),.PCURVE_S1.);
#1743 = LINE('',#1744,#1745);
#1744 = CARTESIAN_POINT('',(83.246428571429,153.00842373802,11.2));
#1745 = VECTOR('',#1746,1.);
#1746 = DIRECTION('',(1.,0.,0.));
#1747 = PCURVE('',#510,#1748);
#1748 = DEFINITIONAL_REPRESENTATION('',(#1749),#1753);
#1749 = LINE('',#1750,#1751);
#1750 = CARTESIAN_POINT('',(8.,80.046428571429));
#1751 = VECTOR('',#1752,1.);
#1752 = DIRECTION('',(0.,1.));
#1753 = ( GEOMETRIC_REPRESENTATION_CONTEXT(2) 
PARAMETRIC_REPRESENTATION_CONTEXT() REPRESENTATION_CONTEXT('2D SPACE',''
  ) );
#1754 = PCURVE('',#1755,#1760);
#1755 = PLANE('',#1756);
#1756 = AXIS2_PLACEMENT_3D('',#1757,#1758,#1759);
#1757 = CARTESIAN_POINT('',(163.29285714285,124.43302648362,11.2));
#1758 = DIRECTION('',(0.,0.,1.));
#1759 = DIRECTION('',(1.,0.,0.));
#1760 = DEFINITIONAL_REPRESENTATION('',(#1761),#1764);
#1761 = B_SPLINE_CURVE_WITH_KNOTS('',1,(#1762,#1763),.UNSPECIFIED.,.F.,
  .F.,(2,2),(80.046428571429,84.046428571429),.PIECEWISE_BEZIER_KNOTS.);
#1762 = CARTESIAN_POINT('',(0.,28.575397254402));
#1763 = CARTESIAN_POINT('',(4.,28.575397254402));
#1764 = ( GEOMETRIC_REPRESENTATION_CONTEXT(2) 
PARAMETRIC_REPRESENTATION_CONTEXT() REPRESENTATION_CONTEXT('2D SPACE',''
  ) );
#1765 = ORIENTED_EDGE('',*,*,#1766,.T.);
#1766 = EDGE_CURVE('',#1740,#1767,#1769,.T.);
#1767 = VERTEX_POINT('',#1768);
#1768 = CARTESIAN_POINT('',(163.29285714285,153.00842373802,5.7));
#1769 = SURFACE_CURVE('',#1770,(#1774,#1781),.PCURVE_S1.);
#1770 = LINE('',#1771,#1772);
#1771 = CARTESIAN_POINT('',(163.29285714285,153.00842373802,3.2));
#1772 = VECTOR('',#1773,1.);
#1773 = DIRECTION('',(0.,0.,-1.));
#1774 = PCURVE('',#510,#1775);
#1775 = DEFINITIONAL_REPRESENTATION('',(#1776),#1780);
#1776 = LINE('',#1777,#1778);
#1777 = CARTESIAN_POINT('',(0.,160.09285714285));
#1778 = VECTOR('',#1779,1.);
#1779 = DIRECTION('',(-1.,0.));
#1780 = ( GEOMETRIC_REPRESENTATION_CONTEXT(2) 
PARAMETRIC_REPRESENTATION_CONTEXT() REPRESENTATION_CONTEXT('2D SPACE',''
  ) );
#1781 = PCURVE('',#1782,#1787);
#1782 = PLANE('',#1783);
#1783 = AXIS2_PLACEMENT_3D('',#1784,#1785,#1786);
#1784 = CARTESIAN_POINT('',(163.29285714285,124.43302648362,3.2));
#1785 = DIRECTION('',(1.,0.,0.));
#1786 = DIRECTION('',(0.,0.,1.));
#1787 = DEFINITIONAL_REPRESENTATION('',(#1788),#1791);
#1788 = B_SPLINE_CURVE_WITH_KNOTS('',1,(#1789,#1790),.UNSPECIFIED.,.F.,
  .F.,(2,2),(-8.,-2.5),.PIECEWISE_BEZIER_KNOTS.);
#1789 = CARTESIAN_POINT('',(8.,-28.5753972544));
#1790 = CARTESIAN_POINT('',(2.5,-28.5753972544));
#1791 = ( GEOMETRIC_REPRESENTATION_CONTEXT(2) 
PARAMETRIC_REPRESENTATION_CONTEXT() REPRESENTATION_CONTEXT('2D SPACE',''
  ) );
#1792 = ORIENTED_EDGE('',*,*,#1793,.F.);
#1793 = EDGE_CURVE('',#1794,#1767,#1796,.T.);
#1794 = VERTEX_POINT('',#1795);
#1795 = CARTESIAN_POINT('',(127.29285714285,153.00842373802,5.7));
#1796 = SURFACE_CURVE('',#1797,(#1801,#1808),.PCURVE_S1.);
#1797 = LINE('',#1798,#1799);
#1798 = CARTESIAN_POINT('',(6.,153.00842373802,5.7));
#1799 = VECTOR('',#1800,1.);
#1800 = DIRECTION('',(1.,0.,0.));
#1801 = PCURVE('',#510,#1802);
#1802 = DEFINITIONAL_REPRESENTATION('',(#1803),#1807);
#1803 = LINE('',#1804,#1805);
#1804 = CARTESIAN_POINT('',(2.5,2.8));
#1805 = VECTOR('',#1806,1.);
#1806 = DIRECTION('',(0.,1.));
#1807 = ( GEOMETRIC_REPRESENTATION_CONTEXT(2) 
PARAMETRIC_REPRESENTATION_CONTEXT() REPRESENTATION_CONTEXT('2D SPACE',''
  ) );
#1808 = PCURVE('',#1809,#1814);
#1809 = PLANE('',#1810);
#1810 = AXIS2_PLACEMENT_3D('',#1811,#1812,#1813);
#1811 = CARTESIAN_POINT('',(6.,151.75842373802,4.45));
#1812 = DIRECTION('',(-7.652052273037E-18,-0.707106781187,0.707106781187
    ));
#1813 = DIRECTION('',(-1.,5.410818052259E-18,-5.410818052259E-18));
#1814 = DEFINITIONAL_REPRESENTATION('',(#1815),#1819);
#1815 = LINE('',#1816,#1817);
#1816 = CARTESIAN_POINT('',(-1.925929944387E-34,-1.767766952966));
#1817 = VECTOR('',#1818,1.);
#1818 = DIRECTION('',(-1.,2.803368887165E-34));
#1819 = ( GEOMETRIC_REPRESENTATION_CONTEXT(2) 
PARAMETRIC_REPRESENTATION_CONTEXT() REPRESENTATION_CONTEXT('2D SPACE',''
  ) );
#1820 = ORIENTED_EDGE('',*,*,#1821,.F.);
#1821 = EDGE_CURVE('',#1822,#1794,#1824,.T.);
#1822 = VERTEX_POINT('',#1823);
#1823 = CARTESIAN_POINT('',(127.29285714285,153.00842373802,11.2));
#1824 = SURFACE_CURVE('',#1825,(#1829,#1836),.PCURVE_S1.);
#1825 = LINE('',#1826,#1827);
#1826 = CARTESIAN_POINT('',(127.29285714285,153.00842373802,3.2));
#1827 = VECTOR('',#1828,1.);
#1828 = DIRECTION('',(0.,0.,-1.));
#1829 = PCURVE('',#510,#1830);
#1830 = DEFINITIONAL_REPRESENTATION('',(#1831),#1835);
#1831 = LINE('',#1832,#1833);
#1832 = CARTESIAN_POINT('',(0.,124.09285714285));
#1833 = VECTOR('',#1834,1.);
#1834 = DIRECTION('',(-1.,0.));
#1835 = ( GEOMETRIC_REPRESENTATION_CONTEXT(2) 
PARAMETRIC_REPRESENTATION_CONTEXT() REPRESENTATION_CONTEXT('2D SPACE',''
  ) );
#1836 = PCURVE('',#1837,#1842);
#1837 = PLANE('',#1838);
#1838 = AXIS2_PLACEMENT_3D('',#1839,#1840,#1841);
#1839 = CARTESIAN_POINT('',(127.29285714285,124.43302648362,3.2));
#1840 = DIRECTION('',(1.,0.,0.));
#1841 = DIRECTION('',(0.,0.,1.));
#1842 = DEFINITIONAL_REPRESENTATION('',(#1843),#1846);
#1843 = B_SPLINE_CURVE_WITH_KNOTS('',1,(#1844,#1845),.UNSPECIFIED.,.F.,
  .F.,(2,2),(-8.,-2.5),.PIECEWISE_BEZIER_KNOTS.);
#1844 = CARTESIAN_POINT('',(8.,-28.5753972544));
#1845 = CARTESIAN_POINT('',(2.5,-28.5753972544));
#1846 = ( GEOMETRIC_REPRESENTATION_CONTEXT(2) 
PARAMETRIC_REPRESENTATION_CONTEXT() REPRESENTATION_CONTEXT('2D SPACE',''
  ) );
#1847 = ORIENTED_EDGE('',*,*,#1848,.F.);
#1848 = EDGE_CURVE('',#1849,#1822,#1851,.T.);
#1849 = VERTEX_POINT('',#1850);
#1850 = CARTESIAN_POINT('',(123.29285714285,153.00842373802,11.2));
#1851 = SURFACE_CURVE('',#1852,(#1856,#1863),.PCURVE_S1.);
#1852 = LINE('',#1853,#1854);
#1853 = CARTESIAN_POINT('',(63.246428571429,153.00842373802,11.2));
#1854 = VECTOR('',#1855,1.);
#1855 = DIRECTION('',(1.,0.,0.));
#1856 = PCURVE('',#510,#1857);
#1857 = DEFINITIONAL_REPRESENTATION('',(#1858),#1862);
#1858 = LINE('',#1859,#1860);
#1859 = CARTESIAN_POINT('',(8.,60.046428571429));
#1860 = VECTOR('',#1861,1.);
#1861 = DIRECTION('',(0.,1.));
#1862 = ( GEOMETRIC_REPRESENTATION_CONTEXT(2) 
PARAMETRIC_REPRESENTATION_CONTEXT() REPRESENTATION_CONTEXT('2D SPACE',''
  ) );
#1863 = PCURVE('',#1864,#1869);
#1864 = PLANE('',#1865);
#1865 = AXIS2_PLACEMENT_3D('',#1866,#1867,#1868);
#1866 = CARTESIAN_POINT('',(123.29285714285,124.43302648362,11.2));
#1867 = DIRECTION('',(0.,0.,1.));
#1868 = DIRECTION('',(1.,0.,0.));
#1869 = DEFINITIONAL_REPRESENTATION('',(#1870),#1873);
#1870 = B_SPLINE_CURVE_WITH_KNOTS('',1,(#1871,#1872),.UNSPECIFIED.,.F.,
  .F.,(2,2),(60.046428571429,64.046428571429),.PIECEWISE_BEZIER_KNOTS.);
#1871 = CARTESIAN_POINT('',(0.,28.575397254402));
#1872 = CARTESIAN_POINT('',(4.,28.575397254402));
#1873 = ( GEOMETRIC_REPRESENTATION_CONTEXT(2) 
PARAMETRIC_REPRESENTATION_CONTEXT() REPRESENTATION_CONTEXT('2D SPACE',''
  ) );
#1874 = ORIENTED_EDGE('',*,*,#1875,.T.);
#1875 = EDGE_CURVE('',#1849,#1876,#1878,.T.);
#1876 = VERTEX_POINT('',#1877);
#1877 = CARTESIAN_POINT('',(123.29285714285,153.00842373802,5.7));
#1878 = SURFACE_CURVE('',#1879,(#1883,#1890),.PCURVE_S1.);
#1879 = LINE('',#1880,#1881);
#1880 = CARTESIAN_POINT('',(123.29285714285,153.00842373802,3.2));
#1881 = VECTOR('',#1882,1.);
#1882 = DIRECTION('',(0.,0.,-1.));
#1883 = PCURVE('',#510,#1884);
#1884 = DEFINITIONAL_REPRESENTATION('',(#1885),#1889);
#1885 = LINE('',#1886,#1887);
#1886 = CARTESIAN_POINT('',(0.,120.09285714285));
#1887 = VECTOR('',#1888,1.);
#1888 = DIRECTION('',(-1.,0.));
#1889 = ( GEOMETRIC_REPRESENTATION_CONTEXT(2) 
PARAMETRIC_REPRESENTATION_CONTEXT() REPRESENTATION_CONTEXT('2D SPACE',''
  ) );
#1890 = PCURVE('',#1891,#1896);
#1891 = PLANE('',#1892);
#1892 = AXIS2_PLACEMENT_3D('',#1893,#1894,#1895);
#1893 = CARTESIAN_POINT('',(123.29285714285,124.43302648362,3.2));
#1894 = DIRECTION('',(1.,0.,0.));
#1895 = DIRECTION('',(0.,0.,1.));
#1896 = DEFINITIONAL_REPRESENTATION('',(#1897),#1900);
#1897 = B_SPLINE_CURVE_WITH_KNOTS('',1,(#1898,#1899),.UNSPECIFIED.,.F.,
  .F.,(2,2),(-8.,-2.5),.PIECEWISE_BEZIER_KNOTS.);
#1898 = CARTESIAN_POINT('',(8.,-28.5753972544));
#1899 = CARTESIAN_POINT('',(2.5,-28.5753972544));
#1900 = ( GEOMETRIC_REPRESENTATION_CONTEXT(2) 
PARAMETRIC_REPRESENTATION_CONTEXT() REPRESENTATION_CONTEXT('2D SPACE',''
  ) );
#1901 = ORIENTED_EDGE('',*,*,#1902,.F.);
#1902 = EDGE_CURVE('',#1903,#1876,#1905,.T.);
#1903 = VERTEX_POINT('',#1904);
#1904 = CARTESIAN_POINT('',(118.74642857142,153.00842373802,5.7));
#1905 = SURFACE_CURVE('',#1906,(#1910,#1917),.PCURVE_S1.);
#1906 = LINE('',#1907,#1908);
#1907 = CARTESIAN_POINT('',(6.,153.00842373802,5.7));
#1908 = VECTOR('',#1909,1.);
#1909 = DIRECTION('',(1.,0.,0.));
#1910 = PCURVE('',#510,#1911);
#1911 = DEFINITIONAL_REPRESENTATION('',(#1912),#1916);
#1912 = LINE('',#1913,#1914);
#1913 = CARTESIAN_POINT('',(2.5,2.8));
#1914 = VECTOR('',#1915,1.);
#1915 = DIRECTION('',(0.,1.));
#1916 = ( GEOMETRIC_REPRESENTATION_CONTEXT(2) 
PARAMETRIC_REPRESENTATION_CONTEXT() REPRESENTATION_CONTEXT('2D SPACE',''
  ) );
#1917 = PCURVE('',#1918,#1923);
#1918 = PLANE('',#1919);
#1919 = AXIS2_PLACEMENT_3D('',#1920,#1921,#1922);
#1920 = CARTESIAN_POINT('',(6.,151.75842373802,4.45));
#1921 = DIRECTION('',(-7.652052273037E-18,-0.707106781187,0.707106781187
    ));
#1922 = DIRECTION('',(-1.,5.410818052259E-18,-5.410818052259E-18));
#1923 = DEFINITIONAL_REPRESENTATION('',(#1924),#1928);
#1924 = LINE('',#1925,#1926);
#1925 = CARTESIAN_POINT('',(-1.925929944387E-34,-1.767766952966));
#1926 = VECTOR('',#1927,1.);
#1927 = DIRECTION('',(-1.,2.803368887165E-34));
#1928 = ( GEOMETRIC_REPRESENTATION_CONTEXT(2) 
PARAMETRIC_REPRESENTATION_CONTEXT() REPRESENTATION_CONTEXT('2D SPACE',''
  ) );
#1929 = ORIENTED_EDGE('',*,*,#1930,.T.);
#1930 = EDGE_CURVE('',#1903,#1931,#1933,.T.);
#1931 = VERTEX_POINT('',#1932);
#1932 = CARTESIAN_POINT('',(118.74642857142,153.00842373802,7.2));
#1933 = SURFACE_CURVE('',#1934,(#1938,#1945),.PCURVE_S1.);
#1934 = LINE('',#1935,#1936);
#1935 = CARTESIAN_POINT('',(118.74642857142,153.00842373802,3.2));
#1936 = VECTOR('',#1937,1.);
#1937 = DIRECTION('',(0.,0.,1.));
#1938 = PCURVE('',#510,#1939);
#1939 = DEFINITIONAL_REPRESENTATION('',(#1940),#1944);
#1940 = LINE('',#1941,#1942);
#1941 = CARTESIAN_POINT('',(0.,115.54642857142));
#1942 = VECTOR('',#1943,1.);
#1943 = DIRECTION('',(1.,0.));
#1944 = ( GEOMETRIC_REPRESENTATION_CONTEXT(2) 
PARAMETRIC_REPRESENTATION_CONTEXT() REPRESENTATION_CONTEXT('2D SPACE',''
  ) );
#1945 = PCURVE('',#1946,#1951);
#1946 = PLANE('',#1947);
#1947 = AXIS2_PLACEMENT_3D('',#1948,#1949,#1950);
#1948 = CARTESIAN_POINT('',(118.74642857142,130.20842373802,3.2));
#1949 = DIRECTION('',(1.,0.,0.));
#1950 = DIRECTION('',(0.,0.,1.));
#1951 = DEFINITIONAL_REPRESENTATION('',(#1952),#1956);
#1952 = LINE('',#1953,#1954);
#1953 = CARTESIAN_POINT('',(0.,-22.8));
#1954 = VECTOR('',#1955,1.);
#1955 = DIRECTION('',(1.,0.));
#1956 = ( GEOMETRIC_REPRESENTATION_CONTEXT(2) 
PARAMETRIC_REPRESENTATION_CONTEXT() REPRESENTATION_CONTEXT('2D SPACE',''
  ) );
#1957 = ORIENTED_EDGE('',*,*,#1958,.F.);
#1958 = EDGE_CURVE('',#1959,#1931,#1961,.T.);
#1959 = VERTEX_POINT('',#1960);
#1960 = CARTESIAN_POINT('',(114.74642857142,153.00842373802,7.2));
#1961 = SURFACE_CURVE('',#1962,(#1966,#1973),.PCURVE_S1.);
#1962 = LINE('',#1963,#1964);
#1963 = CARTESIAN_POINT('',(76.546428571429,153.00842373802,7.2));
#1964 = VECTOR('',#1965,1.);
#1965 = DIRECTION('',(1.,0.,0.));
#1966 = PCURVE('',#510,#1967);
#1967 = DEFINITIONAL_REPRESENTATION('',(#1968),#1972);
#1968 = LINE('',#1969,#1970);
#1969 = CARTESIAN_POINT('',(4.,73.346428571429));
#1970 = VECTOR('',#1971,1.);
#1971 = DIRECTION('',(0.,1.));
#1972 = ( GEOMETRIC_REPRESENTATION_CONTEXT(2) 
PARAMETRIC_REPRESENTATION_CONTEXT() REPRESENTATION_CONTEXT('2D SPACE',''
  ) );
#1973 = PCURVE('',#1974,#1979);
#1974 = PLANE('',#1975);
#1975 = AXIS2_PLACEMENT_3D('',#1976,#1977,#1978);
#1976 = CARTESIAN_POINT('',(76.546428571429,130.20842373802,7.2));
#1977 = DIRECTION('',(0.,0.,1.));
#1978 = DIRECTION('',(1.,0.,0.));
#1979 = DEFINITIONAL_REPRESENTATION('',(#1980),#1984);
#1980 = LINE('',#1981,#1982);
#1981 = CARTESIAN_POINT('',(0.,22.8));
#1982 = VECTOR('',#1983,1.);
#1983 = DIRECTION('',(1.,0.));
#1984 = ( GEOMETRIC_REPRESENTATION_CONTEXT(2) 
PARAMETRIC_REPRESENTATION_CONTEXT() REPRESENTATION_CONTEXT('2D SPACE',''
  ) );
#1985 = ORIENTED_EDGE('',*,*,#1986,.F.);
#1986 = EDGE_CURVE('',#1987,#1959,#1989,.T.);
#1987 = VERTEX_POINT('',#1988);
#1988 = CARTESIAN_POINT('',(114.74642857142,153.00842373802,5.));
#1989 = SURFACE_CURVE('',#1990,(#1994,#2001),.PCURVE_S1.);
#1990 = LINE('',#1991,#1992);
#1991 = CARTESIAN_POINT('',(114.74642857142,153.00842373802,5.));
#1992 = VECTOR('',#1993,1.);
#1993 = DIRECTION('',(0.,0.,1.));
#1994 = PCURVE('',#510,#1995);
#1995 = DEFINITIONAL_REPRESENTATION('',(#1996),#2000);
#1996 = LINE('',#1997,#1998);
#1997 = CARTESIAN_POINT('',(1.8,111.54642857142));
#1998 = VECTOR('',#1999,1.);
#1999 = DIRECTION('',(1.,0.));
#2000 = ( GEOMETRIC_REPRESENTATION_CONTEXT(2) 
PARAMETRIC_REPRESENTATION_CONTEXT() REPRESENTATION_CONTEXT('2D SPACE',''
  ) );
#2001 = PCURVE('',#2002,#2007);
#2002 = PLANE('',#2003);
#2003 = AXIS2_PLACEMENT_3D('',#2004,#2005,#2006);
#2004 = CARTESIAN_POINT('',(114.74642857142,134.20842373802,5.));
#2005 = DIRECTION('',(1.,0.,0.));
#2006 = DIRECTION('',(0.,0.,1.));
#2007 = DEFINITIONAL_REPRESENTATION('',(#2008),#2012);
#2008 = LINE('',#2009,#2010);
#2009 = CARTESIAN_POINT('',(0.,-18.8));
#2010 = VECTOR('',#2011,1.);
#2011 = DIRECTION('',(1.,0.));
#2012 = ( GEOMETRIC_REPRESENTATION_CONTEXT(2) 
PARAMETRIC_REPRESENTATION_CONTEXT() REPRESENTATION_CONTEXT('2D SPACE',''
  ) );
#2013 = ORIENTED_EDGE('',*,*,#2014,.F.);
#2014 = EDGE_CURVE('',#2015,#1987,#2017,.T.);
#2015 = VERTEX_POINT('',#2016);
#2016 = CARTESIAN_POINT('',(80.546428571429,153.00842373802,5.));
#2017 = SURFACE_CURVE('',#2018,(#2022,#2029),.PCURVE_S1.);
#2018 = LINE('',#2019,#2020);
#2019 = CARTESIAN_POINT('',(80.546428571429,153.00842373802,5.));
#2020 = VECTOR('',#2021,1.);
#2021 = DIRECTION('',(1.,0.,0.));
#2022 = PCURVE('',#510,#2023);
#2023 = DEFINITIONAL_REPRESENTATION('',(#2024),#2028);
#2024 = LINE('',#2025,#2026);
#2025 = CARTESIAN_POINT('',(1.8,77.346428571429));
#2026 = VECTOR('',#2027,1.);
#2027 = DIRECTION('',(0.,1.));
#2028 = ( GEOMETRIC_REPRESENTATION_CONTEXT(2) 
PARAMETRIC_REPRESENTATION_CONTEXT() REPRESENTATION_CONTEXT('2D SPACE',''
  ) );
#2029 = PCURVE('',#2030,#2035);
#2030 = PLANE('',#2031);
#2031 = AXIS2_PLACEMENT_3D('',#2032,#2033,#2034);
#2032 = CARTESIAN_POINT('',(80.546428571429,134.20842373802,5.));
#2033 = DIRECTION('',(0.,0.,1.));
#2034 = DIRECTION('',(1.,0.,0.));
#2035 = DEFINITIONAL_REPRESENTATION('',(#2036),#2040);
#2036 = LINE('',#2037,#2038);
#2037 = CARTESIAN_POINT('',(0.,18.8));
#2038 = VECTOR('',#2039,1.);
#2039 = DIRECTION('',(1.,0.));
#2040 = ( GEOMETRIC_REPRESENTATION_CONTEXT(2) 
PARAMETRIC_REPRESENTATION_CONTEXT() REPRESENTATION_CONTEXT('2D SPACE',''
  ) );
#2041 = ORIENTED_EDGE('',*,*,#2042,.T.);
#2042 = EDGE_CURVE('',#2015,#2043,#2045,.T.);
#2043 = VERTEX_POINT('',#2044);
#2044 = CARTESIAN_POINT('',(80.546428571429,153.00842373802,7.2));
#2045 = SURFACE_CURVE('',#2046,(#2050,#2057),.PCURVE_S1.);
#2046 = LINE('',#2047,#2048);
#2047 = CARTESIAN_POINT('',(80.546428571429,153.00842373802,5.));
#2048 = VECTOR('',#2049,1.);
#2049 = DIRECTION('',(0.,0.,1.));
#2050 = PCURVE('',#510,#2051);
#2051 = DEFINITIONAL_REPRESENTATION('',(#2052),#2056);
#2052 = LINE('',#2053,#2054);
#2053 = CARTESIAN_POINT('',(1.8,77.346428571429));
#2054 = VECTOR('',#2055,1.);
#2055 = DIRECTION('',(1.,0.));
#2056 = ( GEOMETRIC_REPRESENTATION_CONTEXT(2) 
PARAMETRIC_REPRESENTATION_CONTEXT() REPRESENTATION_CONTEXT('2D SPACE',''
  ) );
#2057 = PCURVE('',#2058,#2063);
#2058 = PLANE('',#2059);
#2059 = AXIS2_PLACEMENT_3D('',#2060,#2061,#2062);
#2060 = CARTESIAN_POINT('',(80.546428571429,134.20842373802,5.));
#2061 = DIRECTION('',(1.,0.,0.));
#2062 = DIRECTION('',(0.,0.,1.));
#2063 = DEFINITIONAL_REPRESENTATION('',(#2064),#2068);
#2064 = LINE('',#2065,#2066);
#2065 = CARTESIAN_POINT('',(0.,-18.8));
#2066 = VECTOR('',#2067,1.);
#2067 = DIRECTION('',(1.,0.));
#2068 = ( GEOMETRIC_REPRESENTATION_CONTEXT(2) 
PARAMETRIC_REPRESENTATION_CONTEXT() REPRESENTATION_CONTEXT('2D SPACE',''
  ) );
#2069 = ORIENTED_EDGE('',*,*,#2070,.F.);
#2070 = EDGE_CURVE('',#2071,#2043,#2073,.T.);
#2071 = VERTEX_POINT('',#2072);
#2072 = CARTESIAN_POINT('',(76.546428571429,153.00842373802,7.2));
#2073 = SURFACE_CURVE('',#2074,(#2078,#2085),.PCURVE_S1.);
#2074 = LINE('',#2075,#2076);
#2075 = CARTESIAN_POINT('',(76.546428571429,153.00842373802,7.2));
#2076 = VECTOR('',#2077,1.);
#2077 = DIRECTION('',(1.,0.,0.));
#2078 = PCURVE('',#510,#2079);
#2079 = DEFINITIONAL_REPRESENTATION('',(#2080),#2084);
#2080 = LINE('',#2081,#2082);
#2081 = CARTESIAN_POINT('',(4.,73.346428571429));
#2082 = VECTOR('',#2083,1.);
#2083 = DIRECTION('',(0.,1.));
#2084 = ( GEOMETRIC_REPRESENTATION_CONTEXT(2) 
PARAMETRIC_REPRESENTATION_CONTEXT() REPRESENTATION_CONTEXT('2D SPACE',''
  ) );
#2085 = PCURVE('',#1974,#2086);
#2086 = DEFINITIONAL_REPRESENTATION('',(#2087),#2091);
#2087 = LINE('',#2088,#2089);
#2088 = CARTESIAN_POINT('',(0.,22.8));
#2089 = VECTOR('',#2090,1.);
#2090 = DIRECTION('',(1.,0.));
#2091 = ( GEOMETRIC_REPRESENTATION_CONTEXT(2) 
PARAMETRIC_REPRESENTATION_CONTEXT() REPRESENTATION_CONTEXT('2D SPACE',''
  ) );
#2092 = ORIENTED_EDGE('',*,*,#2093,.F.);
#2093 = EDGE_CURVE('',#2094,#2071,#2096,.T.);
#2094 = VERTEX_POINT('',#2095);
#2095 = CARTESIAN_POINT('',(76.546428571429,153.00842373802,5.7));
#2096 = SURFACE_CURVE('',#2097,(#2101,#2108),.PCURVE_S1.);
#2097 = LINE('',#2098,#2099);
#2098 = CARTESIAN_POINT('',(76.546428571429,153.00842373802,3.2));
#2099 = VECTOR('',#2100,1.);
#2100 = DIRECTION('',(0.,0.,1.));
#2101 = PCURVE('',#510,#2102);
#2102 = DEFINITIONAL_REPRESENTATION('',(#2103),#2107);
#2103 = LINE('',#2104,#2105);
#2104 = CARTESIAN_POINT('',(0.,73.346428571429));
#2105 = VECTOR('',#2106,1.);
#2106 = DIRECTION('',(1.,0.));
#2107 = ( GEOMETRIC_REPRESENTATION_CONTEXT(2) 
PARAMETRIC_REPRESENTATION_CONTEXT() REPRESENTATION_CONTEXT('2D SPACE',''
  ) );
#2108 = PCURVE('',#2109,#2114);
#2109 = PLANE('',#2110);
#2110 = AXIS2_PLACEMENT_3D('',#2111,#2112,#2113);
#2111 = CARTESIAN_POINT('',(76.546428571429,130.20842373802,3.2));
#2112 = DIRECTION('',(1.,0.,0.));
#2113 = DIRECTION('',(0.,0.,1.));
#2114 = DEFINITIONAL_REPRESENTATION('',(#2115),#2119);
#2115 = LINE('',#2116,#2117);
#2116 = CARTESIAN_POINT('',(0.,-22.8));
#2117 = VECTOR('',#2118,1.);
#2118 = DIRECTION('',(1.,0.));
#2119 = ( GEOMETRIC_REPRESENTATION_CONTEXT(2) 
PARAMETRIC_REPRESENTATION_CONTEXT() REPRESENTATION_CONTEXT('2D SPACE',''
  ) );
#2120 = ORIENTED_EDGE('',*,*,#2121,.F.);
#2121 = EDGE_CURVE('',#2122,#2094,#2124,.T.);
#2122 = VERTEX_POINT('',#2123);
#2123 = CARTESIAN_POINT('',(72.,153.00842373802,5.7));
#2124 = SURFACE_CURVE('',#2125,(#2129,#2136),.PCURVE_S1.);
#2125 = LINE('',#2126,#2127);
#2126 = CARTESIAN_POINT('',(6.,153.00842373802,5.7));
#2127 = VECTOR('',#2128,1.);
#2128 = DIRECTION('',(1.,0.,0.));
#2129 = PCURVE('',#510,#2130);
#2130 = DEFINITIONAL_REPRESENTATION('',(#2131),#2135);
#2131 = LINE('',#2132,#2133);
#2132 = CARTESIAN_POINT('',(2.5,2.8));
#2133 = VECTOR('',#2134,1.);
#2134 = DIRECTION('',(0.,1.));
#2135 = ( GEOMETRIC_REPRESENTATION_CONTEXT(2) 
PARAMETRIC_REPRESENTATION_CONTEXT() REPRESENTATION_CONTEXT('2D SPACE',''
  ) );
#2136 = PCURVE('',#2137,#2142);
#2137 = PLANE('',#2138);
#2138 = AXIS2_PLACEMENT_3D('',#2139,#2140,#2141);
#2139 = CARTESIAN_POINT('',(6.,151.75842373802,4.45));
#2140 = DIRECTION('',(-7.652052273037E-18,-0.707106781187,0.707106781187
    ));
#2141 = DIRECTION('',(-1.,5.410818052259E-18,-5.410818052259E-18));
#2142 = DEFINITIONAL_REPRESENTATION('',(#2143),#2147);
#2143 = LINE('',#2144,#2145);
#2144 = CARTESIAN_POINT('',(-1.925929944387E-34,-1.767766952966));
#2145 = VECTOR('',#2146,1.);
#2146 = DIRECTION('',(-1.,2.803368887165E-34));
#2147 = ( GEOMETRIC_REPRESENTATION_CONTEXT(2) 
PARAMETRIC_REPRESENTATION_CONTEXT() REPRESENTATION_CONTEXT('2D SPACE',''
  ) );
#2148 = ORIENTED_EDGE('',*,*,#2149,.F.);
#2149 = EDGE_CURVE('',#2150,#2122,#2152,.T.);
#2150 = VERTEX_POINT('',#2151);
#2151 = CARTESIAN_POINT('',(72.,153.00842373802,11.2));
#2152 = SURFACE_CURVE('',#2153,(#2157,#2164),.PCURVE_S1.);
#2153 = LINE('',#2154,#2155);
#2154 = CARTESIAN_POINT('',(72.,153.00842373802,3.2));
#2155 = VECTOR('',#2156,1.);
#2156 = DIRECTION('',(0.,0.,-1.));
#2157 = PCURVE('',#510,#2158);
#2158 = DEFINITIONAL_REPRESENTATION('',(#2159),#2163);
#2159 = LINE('',#2160,#2161);
#2160 = CARTESIAN_POINT('',(0.,68.8));
#2161 = VECTOR('',#2162,1.);
#2162 = DIRECTION('',(-1.,0.));
#2163 = ( GEOMETRIC_REPRESENTATION_CONTEXT(2) 
PARAMETRIC_REPRESENTATION_CONTEXT() REPRESENTATION_CONTEXT('2D SPACE',''
  ) );
#2164 = PCURVE('',#2165,#2170);
#2165 = PLANE('',#2166);
#2166 = AXIS2_PLACEMENT_3D('',#2167,#2168,#2169);
#2167 = CARTESIAN_POINT('',(72.,124.43302648362,3.2));
#2168 = DIRECTION('',(1.,0.,0.));
#2169 = DIRECTION('',(0.,0.,1.));
#2170 = DEFINITIONAL_REPRESENTATION('',(#2171),#2174);
#2171 = B_SPLINE_CURVE_WITH_KNOTS('',1,(#2172,#2173),.UNSPECIFIED.,.F.,
  .F.,(2,2),(-8.,-2.5),.PIECEWISE_BEZIER_KNOTS.);
#2172 = CARTESIAN_POINT('',(8.,-28.5753972544));
#2173 = CARTESIAN_POINT('',(2.5,-28.5753972544));
#2174 = ( GEOMETRIC_REPRESENTATION_CONTEXT(2) 
PARAMETRIC_REPRESENTATION_CONTEXT() REPRESENTATION_CONTEXT('2D SPACE',''
  ) );
#2175 = ORIENTED_EDGE('',*,*,#2176,.F.);
#2176 = EDGE_CURVE('',#2177,#2150,#2179,.T.);
#2177 = VERTEX_POINT('',#2178);
#2178 = CARTESIAN_POINT('',(68.,153.00842373802,11.2));
#2179 = SURFACE_CURVE('',#2180,(#2184,#2191),.PCURVE_S1.);
#2180 = LINE('',#2181,#2182);
#2181 = CARTESIAN_POINT('',(35.6,153.00842373802,11.2));
#2182 = VECTOR('',#2183,1.);
#2183 = DIRECTION('',(1.,0.,0.));
#2184 = PCURVE('',#510,#2185);
#2185 = DEFINITIONAL_REPRESENTATION('',(#2186),#2190);
#2186 = LINE('',#2187,#2188);
#2187 = CARTESIAN_POINT('',(8.,32.4));
#2188 = VECTOR('',#2189,1.);
#2189 = DIRECTION('',(0.,1.));
#2190 = ( GEOMETRIC_REPRESENTATION_CONTEXT(2) 
PARAMETRIC_REPRESENTATION_CONTEXT() REPRESENTATION_CONTEXT('2D SPACE',''
  ) );
#2191 = PCURVE('',#2192,#2197);
#2192 = PLANE('',#2193);
#2193 = AXIS2_PLACEMENT_3D('',#2194,#2195,#2196);
#2194 = CARTESIAN_POINT('',(68.,124.43302648362,11.2));
#2195 = DIRECTION('',(0.,0.,1.));
#2196 = DIRECTION('',(1.,0.,0.));
#2197 = DEFINITIONAL_REPRESENTATION('',(#2198),#2201);
#2198 = B_SPLINE_CURVE_WITH_KNOTS('',1,(#2199,#2200),.UNSPECIFIED.,.F.,
  .F.,(2,2),(32.4,36.4),.PIECEWISE_BEZIER_KNOTS.);
#2199 = CARTESIAN_POINT('',(0.,28.575397254402));
#2200 = CARTESIAN_POINT('',(4.,28.575397254402));
#2201 = ( GEOMETRIC_REPRESENTATION_CONTEXT(2) 
PARAMETRIC_REPRESENTATION_CONTEXT() REPRESENTATION_CONTEXT('2D SPACE',''
  ) );
#2202 = ORIENTED_EDGE('',*,*,#2203,.T.);
#2203 = EDGE_CURVE('',#2177,#2204,#2206,.T.);
#2204 = VERTEX_POINT('',#2205);
#2205 = CARTESIAN_POINT('',(68.,153.00842373802,5.7));
#2206 = SURFACE_CURVE('',#2207,(#2211,#2218),.PCURVE_S1.);
#2207 = LINE('',#2208,#2209);
#2208 = CARTESIAN_POINT('',(68.,153.00842373802,3.2));
#2209 = VECTOR('',#2210,1.);
#2210 = DIRECTION('',(0.,0.,-1.));
#2211 = PCURVE('',#510,#2212);
#2212 = DEFINITIONAL_REPRESENTATION('',(#2213),#2217);
#2213 = LINE('',#2214,#2215);
#2214 = CARTESIAN_POINT('',(0.,64.8));
#2215 = VECTOR('',#2216,1.);
#2216 = DIRECTION('',(-1.,0.));
#2217 = ( GEOMETRIC_REPRESENTATION_CONTEXT(2) 
PARAMETRIC_REPRESENTATION_CONTEXT() REPRESENTATION_CONTEXT('2D SPACE',''
  ) );
#2218 = PCURVE('',#2219,#2224);
#2219 = PLANE('',#2220);
#2220 = AXIS2_PLACEMENT_3D('',#2221,#2222,#2223);
#2221 = CARTESIAN_POINT('',(68.,124.43302648362,3.2));
#2222 = DIRECTION('',(1.,0.,0.));
#2223 = DIRECTION('',(0.,0.,1.));
#2224 = DEFINITIONAL_REPRESENTATION('',(#2225),#2228);
#2225 = B_SPLINE_CURVE_WITH_KNOTS('',1,(#2226,#2227),.UNSPECIFIED.,.F.,
  .F.,(2,2),(-8.,-2.5),.PIECEWISE_BEZIER_KNOTS.);
#2226 = CARTESIAN_POINT('',(8.,-28.5753972544));
#2227 = CARTESIAN_POINT('',(2.5,-28.5753972544));
#2228 = ( GEOMETRIC_REPRESENTATION_CONTEXT(2) 
PARAMETRIC_REPRESENTATION_CONTEXT() REPRESENTATION_CONTEXT('2D SPACE',''
  ) );
#2229 = ORIENTED_EDGE('',*,*,#2230,.F.);
#2230 = EDGE_CURVE('',#2231,#2204,#2233,.T.);
#2231 = VERTEX_POINT('',#2232);
#2232 = CARTESIAN_POINT('',(32.,153.00842373802,5.7));
#2233 = SURFACE_CURVE('',#2234,(#2238,#2245),.PCURVE_S1.);
#2234 = LINE('',#2235,#2236);
#2235 = CARTESIAN_POINT('',(6.,153.00842373802,5.7));
#2236 = VECTOR('',#2237,1.);
#2237 = DIRECTION('',(1.,0.,0.));
#2238 = PCURVE('',#510,#2239);
#2239 = DEFINITIONAL_REPRESENTATION('',(#2240),#2244);
#2240 = LINE('',#2241,#2242);
#2241 = CARTESIAN_POINT('',(2.5,2.8));
#2242 = VECTOR('',#2243,1.);
#2243 = DIRECTION('',(0.,1.));
#2244 = ( GEOMETRIC_REPRESENTATION_CONTEXT(2) 
PARAMETRIC_REPRESENTATION_CONTEXT() REPRESENTATION_CONTEXT('2D SPACE',''
  ) );
#2245 = PCURVE('',#2246,#2251);
#2246 = PLANE('',#2247);
#2247 = AXIS2_PLACEMENT_3D('',#2248,#2249,#2250);
#2248 = CARTESIAN_POINT('',(6.,151.75842373802,4.45));
#2249 = DIRECTION('',(-7.652052273037E-18,-0.707106781187,0.707106781187
    ));
#2250 = DIRECTION('',(-1.,5.410818052259E-18,-5.410818052259E-18));
#2251 = DEFINITIONAL_REPRESENTATION('',(#2252),#2256);
#2252 = LINE('',#2253,#2254);
#2253 = CARTESIAN_POINT('',(-1.925929944387E-34,-1.767766952966));
#2254 = VECTOR('',#2255,1.);
#2255 = DIRECTION('',(-1.,2.803368887165E-34));
#2256 = ( GEOMETRIC_REPRESENTATION_CONTEXT(2) 
PARAMETRIC_REPRESENTATION_CONTEXT() REPRESENTATION_CONTEXT('2D SPACE',''
  ) );
#2257 = ORIENTED_EDGE('',*,*,#2258,.F.);
#2258 = EDGE_CURVE('',#2259,#2231,#2261,.T.);
#2259 = VERTEX_POINT('',#2260);
#2260 = CARTESIAN_POINT('',(32.,153.00842373802,11.2));
#2261 = SURFACE_CURVE('',#2262,(#2266,#2273),.PCURVE_S1.);
#2262 = LINE('',#2263,#2264);
#2263 = CARTESIAN_POINT('',(32.,153.00842373802,3.2));
#2264 = VECTOR('',#2265,1.);
#2265 = DIRECTION('',(0.,0.,-1.));
#2266 = PCURVE('',#510,#2267);
#2267 = DEFINITIONAL_REPRESENTATION('',(#2268),#2272);
#2268 = LINE('',#2269,#2270);
#2269 = CARTESIAN_POINT('',(0.,28.8));
#2270 = VECTOR('',#2271,1.);
#2271 = DIRECTION('',(-1.,0.));
#2272 = ( GEOMETRIC_REPRESENTATION_CONTEXT(2) 
PARAMETRIC_REPRESENTATION_CONTEXT() REPRESENTATION_CONTEXT('2D SPACE',''
  ) );
#2273 = PCURVE('',#2274,#2279);
#2274 = PLANE('',#2275);
#2275 = AXIS2_PLACEMENT_3D('',#2276,#2277,#2278);
#2276 = CARTESIAN_POINT('',(32.,124.43302648362,3.2));
#2277 = DIRECTION('',(1.,0.,0.));
#2278 = DIRECTION('',(0.,0.,1.));
#2279 = DEFINITIONAL_REPRESENTATION('',(#2280),#2283);
#2280 = B_SPLINE_CURVE_WITH_KNOTS('',1,(#2281,#2282),.UNSPECIFIED.,.F.,
  .F.,(2,2),(-8.,-2.5),.PIECEWISE_BEZIER_KNOTS.);
#2281 = CARTESIAN_POINT('',(8.,-28.5753972544));
#2282 = CARTESIAN_POINT('',(2.5,-28.5753972544));
#2283 = ( GEOMETRIC_REPRESENTATION_CONTEXT(2) 
PARAMETRIC_REPRESENTATION_CONTEXT() REPRESENTATION_CONTEXT('2D SPACE',''
  ) );
#2284 = ORIENTED_EDGE('',*,*,#2285,.F.);
#2285 = EDGE_CURVE('',#2286,#2259,#2288,.T.);
#2286 = VERTEX_POINT('',#2287);
#2287 = CARTESIAN_POINT('',(28.,153.00842373802,11.2));
#2288 = SURFACE_CURVE('',#2289,(#2293,#2300),.PCURVE_S1.);
#2289 = LINE('',#2290,#2291);
#2290 = CARTESIAN_POINT('',(15.6,153.00842373802,11.2));
#2291 = VECTOR('',#2292,1.);
#2292 = DIRECTION('',(1.,0.,0.));
#2293 = PCURVE('',#510,#2294);
#2294 = DEFINITIONAL_REPRESENTATION('',(#2295),#2299);
#2295 = LINE('',#2296,#2297);
#2296 = CARTESIAN_POINT('',(8.,12.4));
#2297 = VECTOR('',#2298,1.);
#2298 = DIRECTION('',(0.,1.));
#2299 = ( GEOMETRIC_REPRESENTATION_CONTEXT(2) 
PARAMETRIC_REPRESENTATION_CONTEXT() REPRESENTATION_CONTEXT('2D SPACE',''
  ) );
#2300 = PCURVE('',#2301,#2306);
#2301 = PLANE('',#2302);
#2302 = AXIS2_PLACEMENT_3D('',#2303,#2304,#2305);
#2303 = CARTESIAN_POINT('',(28.,124.43302648362,11.2));
#2304 = DIRECTION('',(0.,0.,1.));
#2305 = DIRECTION('',(1.,0.,0.));
#2306 = DEFINITIONAL_REPRESENTATION('',(#2307),#2310);
#2307 = B_SPLINE_CURVE_WITH_KNOTS('',1,(#2308,#2309),.UNSPECIFIED.,.F.,
  .F.,(2,2),(12.4,16.4),.PIECEWISE_BEZIER_KNOTS.);
#2308 = CARTESIAN_POINT('',(0.,28.575397254402));
#2309 = CARTESIAN_POINT('',(4.,28.575397254402));
#2310 = ( GEOMETRIC_REPRESENTATION_CONTEXT(2) 
PARAMETRIC_REPRESENTATION_CONTEXT() REPRESENTATION_CONTEXT('2D SPACE',''
  ) );
#2311 = ORIENTED_EDGE('',*,*,#2312,.T.);
#2312 = EDGE_CURVE('',#2286,#1634,#2313,.T.);
#2313 = SURFACE_CURVE('',#2314,(#2318,#2325),.PCURVE_S1.);
#2314 = LINE('',#2315,#2316);
#2315 = CARTESIAN_POINT('',(28.,153.00842373802,3.2));
#2316 = VECTOR('',#2317,1.);
#2317 = DIRECTION('',(0.,0.,-1.));
#2318 = PCURVE('',#510,#2319);
#2319 = DEFINITIONAL_REPRESENTATION('',(#2320),#2324);
#2320 = LINE('',#2321,#2322);
#2321 = CARTESIAN_POINT('',(0.,24.8));
#2322 = VECTOR('',#2323,1.);
#2323 = DIRECTION('',(-1.,0.));
#2324 = ( GEOMETRIC_REPRESENTATION_CONTEXT(2) 
PARAMETRIC_REPRESENTATION_CONTEXT() REPRESENTATION_CONTEXT('2D SPACE',''
  ) );
#2325 = PCURVE('',#2326,#2331);
#2326 = PLANE('',#2327);
#2327 = AXIS2_PLACEMENT_3D('',#2328,#2329,#2330);
#2328 = CARTESIAN_POINT('',(28.,124.43302648362,3.2));
#2329 = DIRECTION('',(1.,0.,0.));
#2330 = DIRECTION('',(0.,0.,1.));
#2331 = DEFINITIONAL_REPRESENTATION('',(#2332),#2335);
#2332 = B_SPLINE_CURVE_WITH_KNOTS('',1,(#2333,#2334),.UNSPECIFIED.,.F.,
  .F.,(2,2),(-8.,-2.5),.PIECEWISE_BEZIER_KNOTS.);
#2333 = CARTESIAN_POINT('',(8.,-28.5753972544));
#2334 = CARTESIAN_POINT('',(2.5,-28.5753972544));
#2335 = ( GEOMETRIC_REPRESENTATION_CONTEXT(2) 
PARAMETRIC_REPRESENTATION_CONTEXT() REPRESENTATION_CONTEXT('2D SPACE',''
  ) );
#2336 = FACE_BOUND('',#2337,.F.);
#2337 = EDGE_LOOP('',(#2338,#2361,#2382,#2403,#2424,#2445));
#2338 = ORIENTED_EDGE('',*,*,#2339,.T.);
#2339 = EDGE_CURVE('',#2340,#2342,#2344,.T.);
#2340 = VERTEX_POINT('',#2341);
#2341 = CARTESIAN_POINT('',(95.646428571429,153.00842373802,
    15.567014370377));
#2342 = VERTEX_POINT('',#2343);
#2343 = CARTESIAN_POINT('',(91.646428571429,153.00842373802,10.8));
#2344 = SURFACE_CURVE('',#2345,(#2349,#2355),.PCURVE_S1.);
#2345 = LINE('',#2346,#2347);
#2346 = CARTESIAN_POINT('',(73.503326983492,153.00842373802,
    -10.82210649822));
#2347 = VECTOR('',#2348,1.);
#2348 = DIRECTION('',(-0.642787609687,0.,-0.766044443119));
#2349 = PCURVE('',#510,#2350);
#2350 = DEFINITIONAL_REPRESENTATION('',(#2351),#2354);
#2351 = B_SPLINE_CURVE_WITH_KNOTS('',1,(#2352,#2353),.UNSPECIFIED.,.F.,
  .F.,(2,2),(-34.44855074094,-28.2256554335),.PIECEWISE_BEZIER_KNOTS.);
#2352 = CARTESIAN_POINT('',(12.367014370377,92.446428571429));
#2353 = CARTESIAN_POINT('',(7.6,88.446428571429));
#2354 = ( GEOMETRIC_REPRESENTATION_CONTEXT(2) 
PARAMETRIC_REPRESENTATION_CONTEXT() REPRESENTATION_CONTEXT('2D SPACE',''
  ) );
#2355 = PCURVE('',#946,#2356);
#2356 = DEFINITIONAL_REPRESENTATION('',(#2357),#2360);
#2357 = B_SPLINE_CURVE_WITH_KNOTS('',1,(#2358,#2359),.UNSPECIFIED.,.F.,
  .F.,(2,2),(-34.44855074094,-28.2256554335),.PIECEWISE_BEZIER_KNOTS.);
#2358 = CARTESIAN_POINT('',(0.,-4.2));
#2359 = CARTESIAN_POINT('',(6.222895307442,-4.2));
#2360 = ( GEOMETRIC_REPRESENTATION_CONTEXT(2) 
PARAMETRIC_REPRESENTATION_CONTEXT() REPRESENTATION_CONTEXT('2D SPACE',''
  ) );
#2361 = ORIENTED_EDGE('',*,*,#2362,.T.);
#2362 = EDGE_CURVE('',#2342,#2363,#2365,.T.);
#2363 = VERTEX_POINT('',#2364);
#2364 = CARTESIAN_POINT('',(91.646428571429,153.00842373802,5.8));
#2365 = SURFACE_CURVE('',#2366,(#2370,#2376),.PCURVE_S1.);
#2366 = LINE('',#2367,#2368);
#2367 = CARTESIAN_POINT('',(91.646428571429,153.00842373802,4.5));
#2368 = VECTOR('',#2369,1.);
#2369 = DIRECTION('',(0.,0.,-1.));
#2370 = PCURVE('',#510,#2371);
#2371 = DEFINITIONAL_REPRESENTATION('',(#2372),#2375);
#2372 = B_SPLINE_CURVE_WITH_KNOTS('',1,(#2373,#2374),.UNSPECIFIED.,.F.,
  .F.,(2,2),(-6.3,-1.3),.PIECEWISE_BEZIER_KNOTS.);
#2373 = CARTESIAN_POINT('',(7.6,88.446428571429));
#2374 = CARTESIAN_POINT('',(2.6,88.446428571429));
#2375 = ( GEOMETRIC_REPRESENTATION_CONTEXT(2) 
PARAMETRIC_REPRESENTATION_CONTEXT() REPRESENTATION_CONTEXT('2D SPACE',''
  ) );
#2376 = PCURVE('',#972,#2377);
#2377 = DEFINITIONAL_REPRESENTATION('',(#2378),#2381);
#2378 = B_SPLINE_CURVE_WITH_KNOTS('',1,(#2379,#2380),.UNSPECIFIED.,.F.,
  .F.,(2,2),(-6.3,-1.3),.PIECEWISE_BEZIER_KNOTS.);
#2379 = CARTESIAN_POINT('',(5.,-1.));
#2380 = CARTESIAN_POINT('',(0.,-1.));
#2381 = ( GEOMETRIC_REPRESENTATION_CONTEXT(2) 
PARAMETRIC_REPRESENTATION_CONTEXT() REPRESENTATION_CONTEXT('2D SPACE',''
  ) );
#2382 = ORIENTED_EDGE('',*,*,#2383,.T.);
#2383 = EDGE_CURVE('',#2363,#2384,#2386,.T.);
#2384 = VERTEX_POINT('',#2385);
#2385 = CARTESIAN_POINT('',(103.64642857142,153.00842373802,5.8));
#2386 = SURFACE_CURVE('',#2387,(#2391,#2397),.PCURVE_S1.);
#2387 = LINE('',#2388,#2389);
#2388 = CARTESIAN_POINT('',(47.423214285714,153.00842373802,5.8));
#2389 = VECTOR('',#2390,1.);
#2390 = DIRECTION('',(1.,0.,0.));
#2391 = PCURVE('',#510,#2392);
#2392 = DEFINITIONAL_REPRESENTATION('',(#2393),#2396);
#2393 = B_SPLINE_CURVE_WITH_KNOTS('',1,(#2394,#2395),.UNSPECIFIED.,.F.,
  .F.,(2,2),(44.223214285714,56.223214285714),.PIECEWISE_BEZIER_KNOTS.);
#2394 = CARTESIAN_POINT('',(2.6,88.446428571429));
#2395 = CARTESIAN_POINT('',(2.6,100.44642857142));
#2396 = ( GEOMETRIC_REPRESENTATION_CONTEXT(2) 
PARAMETRIC_REPRESENTATION_CONTEXT() REPRESENTATION_CONTEXT('2D SPACE',''
  ) );
#2397 = PCURVE('',#998,#2398);
#2398 = DEFINITIONAL_REPRESENTATION('',(#2399),#2402);
#2399 = B_SPLINE_CURVE_WITH_KNOTS('',1,(#2400,#2401),.UNSPECIFIED.,.F.,
  .F.,(2,2),(44.223214285714,56.223214285714),.PIECEWISE_BEZIER_KNOTS.);
#2400 = CARTESIAN_POINT('',(0.,1.));
#2401 = CARTESIAN_POINT('',(12.,1.));
#2402 = ( GEOMETRIC_REPRESENTATION_CONTEXT(2) 
PARAMETRIC_REPRESENTATION_CONTEXT() REPRESENTATION_CONTEXT('2D SPACE',''
  ) );
#2403 = ORIENTED_EDGE('',*,*,#2404,.F.);
#2404 = EDGE_CURVE('',#2405,#2384,#2407,.T.);
#2405 = VERTEX_POINT('',#2406);
#2406 = CARTESIAN_POINT('',(103.64642857142,153.00842373802,10.8));
#2407 = SURFACE_CURVE('',#2408,(#2412,#2418),.PCURVE_S1.);
#2408 = LINE('',#2409,#2410);
#2409 = CARTESIAN_POINT('',(103.64642857142,153.00842373802,4.5));
#2410 = VECTOR('',#2411,1.);
#2411 = DIRECTION('',(0.,0.,-1.));
#2412 = PCURVE('',#510,#2413);
#2413 = DEFINITIONAL_REPRESENTATION('',(#2414),#2417);
#2414 = B_SPLINE_CURVE_WITH_KNOTS('',1,(#2415,#2416),.UNSPECIFIED.,.F.,
  .F.,(2,2),(-6.3,-1.3),.PIECEWISE_BEZIER_KNOTS.);
#2415 = CARTESIAN_POINT('',(7.6,100.44642857142));
#2416 = CARTESIAN_POINT('',(2.6,100.44642857142));
#2417 = ( GEOMETRIC_REPRESENTATION_CONTEXT(2) 
PARAMETRIC_REPRESENTATION_CONTEXT() REPRESENTATION_CONTEXT('2D SPACE',''
  ) );
#2418 = PCURVE('',#1024,#2419);
#2419 = DEFINITIONAL_REPRESENTATION('',(#2420),#2423);
#2420 = B_SPLINE_CURVE_WITH_KNOTS('',1,(#2421,#2422),.UNSPECIFIED.,.F.,
  .F.,(2,2),(-6.3,-1.3),.PIECEWISE_BEZIER_KNOTS.);
#2421 = CARTESIAN_POINT('',(5.,-1.));
#2422 = CARTESIAN_POINT('',(0.,-1.));
#2423 = ( GEOMETRIC_REPRESENTATION_CONTEXT(2) 
PARAMETRIC_REPRESENTATION_CONTEXT() REPRESENTATION_CONTEXT('2D SPACE',''
  ) );
#2424 = ORIENTED_EDGE('',*,*,#2425,.T.);
#2425 = EDGE_CURVE('',#2405,#2426,#2428,.T.);
#2426 = VERTEX_POINT('',#2427);
#2427 = CARTESIAN_POINT('',(99.646428571429,153.00842373802,
    15.567014370377));
#2428 = SURFACE_CURVE('',#2429,(#2433,#2439),.PCURVE_S1.);
#2429 = LINE('',#2430,#2431);
#2430 = CARTESIAN_POINT('',(84.76654097794,153.00842373802,
    33.300173867315));
#2431 = VECTOR('',#2432,1.);
#2432 = DIRECTION('',(-0.642787609687,0.,0.766044443119));
#2433 = PCURVE('',#510,#2434);
#2434 = DEFINITIONAL_REPRESENTATION('',(#2435),#2438);
#2435 = B_SPLINE_CURVE_WITH_KNOTS('',1,(#2436,#2437),.UNSPECIFIED.,.F.,
  .F.,(2,2),(-29.37189097763,-23.14899567019),.PIECEWISE_BEZIER_KNOTS.);
#2436 = CARTESIAN_POINT('',(7.6,100.44642857142));
#2437 = CARTESIAN_POINT('',(12.367014370377,96.446428571429));
#2438 = ( GEOMETRIC_REPRESENTATION_CONTEXT(2) 
PARAMETRIC_REPRESENTATION_CONTEXT() REPRESENTATION_CONTEXT('2D SPACE',''
  ) );
#2439 = PCURVE('',#1050,#2440);
#2440 = DEFINITIONAL_REPRESENTATION('',(#2441),#2444);
#2441 = B_SPLINE_CURVE_WITH_KNOTS('',1,(#2442,#2443),.UNSPECIFIED.,.F.,
  .F.,(2,2),(-29.37189097763,-23.14899567019),.PIECEWISE_BEZIER_KNOTS.);
#2442 = CARTESIAN_POINT('',(0.,-4.2));
#2443 = CARTESIAN_POINT('',(6.222895307442,-4.2));
#2444 = ( GEOMETRIC_REPRESENTATION_CONTEXT(2) 
PARAMETRIC_REPRESENTATION_CONTEXT() REPRESENTATION_CONTEXT('2D SPACE',''
  ) );
#2445 = ORIENTED_EDGE('',*,*,#2446,.T.);
#2446 = EDGE_CURVE('',#2426,#2340,#2447,.T.);
#2447 = SURFACE_CURVE('',#2448,(#2452,#2458),.PCURVE_S1.);
#2448 = LINE('',#2449,#2450);
#2449 = CARTESIAN_POINT('',(51.423214285714,153.00842373802,
    15.567014370377));
#2450 = VECTOR('',#2451,1.);
#2451 = DIRECTION('',(-1.,0.,0.));
#2452 = PCURVE('',#510,#2453);
#2453 = DEFINITIONAL_REPRESENTATION('',(#2454),#2457);
#2454 = B_SPLINE_CURVE_WITH_KNOTS('',1,(#2455,#2456),.UNSPECIFIED.,.F.,
  .F.,(2,2),(-48.22321428571,-44.22321428571),.PIECEWISE_BEZIER_KNOTS.);
#2455 = CARTESIAN_POINT('',(12.367014370377,96.446428571429));
#2456 = CARTESIAN_POINT('',(12.367014370377,92.446428571429));
#2457 = ( GEOMETRIC_REPRESENTATION_CONTEXT(2) 
PARAMETRIC_REPRESENTATION_CONTEXT() REPRESENTATION_CONTEXT('2D SPACE',''
  ) );
#2458 = PCURVE('',#1074,#2459);
#2459 = DEFINITIONAL_REPRESENTATION('',(#2460),#2463);
#2460 = B_SPLINE_CURVE_WITH_KNOTS('',1,(#2461,#2462),.UNSPECIFIED.,.F.,
  .F.,(2,2),(-48.22321428571,-44.22321428571),.PIECEWISE_BEZIER_KNOTS.);
#2461 = CARTESIAN_POINT('',(0.,-4.2));
#2462 = CARTESIAN_POINT('',(4.,-4.2));
#2463 = ( GEOMETRIC_REPRESENTATION_CONTEXT(2) 
PARAMETRIC_REPRESENTATION_CONTEXT() REPRESENTATION_CONTEXT('2D SPACE',''
  ) );
#2464 = ADVANCED_FACE('',(#2465),#478,.F.);
#2465 = FACE_BOUND('',#2466,.T.);
#2466 = EDGE_LOOP('',(#2467,#2490,#2517,#2518));
#2467 = ORIENTED_EDGE('',*,*,#2468,.F.);
#2468 = EDGE_CURVE('',#2469,#436,#2471,.T.);
#2469 = VERTEX_POINT('',#2470);
#2470 = CARTESIAN_POINT('',(3.2,150.20842373802,5.7));
#2471 = SURFACE_CURVE('',#2472,(#2476,#2483),.PCURVE_S1.);
#2472 = LINE('',#2473,#2474);
#2473 = CARTESIAN_POINT('',(3.2,150.20842373802,3.2));
#2474 = VECTOR('',#2475,1.);
#2475 = DIRECTION('',(0.,0.,1.));
#2476 = PCURVE('',#478,#2477);
#2477 = DEFINITIONAL_REPRESENTATION('',(#2478),#2482);
#2478 = LINE('',#2479,#2480);
#2479 = CARTESIAN_POINT('',(-0.,0.));
#2480 = VECTOR('',#2481,1.);
#2481 = DIRECTION('',(-0.,1.));
#2482 = ( GEOMETRIC_REPRESENTATION_CONTEXT(2) 
PARAMETRIC_REPRESENTATION_CONTEXT() REPRESENTATION_CONTEXT('2D SPACE',''
  ) );
#2483 = PCURVE('',#450,#2484);
#2484 = DEFINITIONAL_REPRESENTATION('',(#2485),#2489);
#2485 = LINE('',#2486,#2487);
#2486 = CARTESIAN_POINT('',(0.,-147.008423738));
#2487 = VECTOR('',#2488,1.);
#2488 = DIRECTION('',(1.,0.));
#2489 = ( GEOMETRIC_REPRESENTATION_CONTEXT(2) 
PARAMETRIC_REPRESENTATION_CONTEXT() REPRESENTATION_CONTEXT('2D SPACE',''
  ) );
#2490 = ORIENTED_EDGE('',*,*,#2491,.T.);
#2491 = EDGE_CURVE('',#2469,#1632,#2492,.T.);
#2492 = SURFACE_CURVE('',#2493,(#2498,#2505),.PCURVE_S1.);
#2493 = CIRCLE('',#2494,2.8);
#2494 = AXIS2_PLACEMENT_3D('',#2495,#2496,#2497);
#2495 = CARTESIAN_POINT('',(6.,150.20842373802,5.7));
#2496 = DIRECTION('',(-0.,0.,-1.));
#2497 = DIRECTION('',(-1.,0.,0.));
#2498 = PCURVE('',#478,#2499);
#2499 = DEFINITIONAL_REPRESENTATION('',(#2500),#2504);
#2500 = LINE('',#2501,#2502);
#2501 = CARTESIAN_POINT('',(-0.,2.5));
#2502 = VECTOR('',#2503,1.);
#2503 = DIRECTION('',(-1.,0.));
#2504 = ( GEOMETRIC_REPRESENTATION_CONTEXT(2) 
PARAMETRIC_REPRESENTATION_CONTEXT() REPRESENTATION_CONTEXT('2D SPACE',''
  ) );
#2505 = PCURVE('',#2506,#2511);
#2506 = CONICAL_SURFACE('',#2507,2.8,0.785398163397);
#2507 = AXIS2_PLACEMENT_3D('',#2508,#2509,#2510);
#2508 = CARTESIAN_POINT('',(6.,150.20842373802,5.7));
#2509 = DIRECTION('',(0.,0.,1.));
#2510 = DIRECTION('',(-1.,0.,0.));
#2511 = DEFINITIONAL_REPRESENTATION('',(#2512),#2516);
#2512 = LINE('',#2513,#2514);
#2513 = CARTESIAN_POINT('',(-0.,-0.));
#2514 = VECTOR('',#2515,1.);
#2515 = DIRECTION('',(-1.,-0.));
#2516 = ( GEOMETRIC_REPRESENTATION_CONTEXT(2) 
PARAMETRIC_REPRESENTATION_CONTEXT() REPRESENTATION_CONTEXT('2D SPACE',''
  ) );
#2517 = ORIENTED_EDGE('',*,*,#1661,.T.);
#2518 = ORIENTED_EDGE('',*,*,#461,.T.);
#2519 = ADVANCED_FACE('',(#2520),#450,.T.);
#2520 = FACE_BOUND('',#2521,.T.);
#2521 = EDGE_LOOP('',(#2522,#2523,#2551,#2577,#2603,#2629,#2655,#2656));
#2522 = ORIENTED_EDGE('',*,*,#1230,.F.);
#2523 = ORIENTED_EDGE('',*,*,#2524,.T.);
#2524 = EDGE_CURVE('',#1231,#2525,#2527,.T.);
#2525 = VERTEX_POINT('',#2526);
#2526 = CARTESIAN_POINT('',(3.2,7.763026483627,5.7));
#2527 = SURFACE_CURVE('',#2528,(#2532,#2539),.PCURVE_S1.);
#2528 = LINE('',#2529,#2530);
#2529 = CARTESIAN_POINT('',(3.2,6.,5.7));
#2530 = VECTOR('',#2531,1.);
#2531 = DIRECTION('',(0.,1.,0.));
#2532 = PCURVE('',#450,#2533);
#2533 = DEFINITIONAL_REPRESENTATION('',(#2534),#2538);
#2534 = LINE('',#2535,#2536);
#2535 = CARTESIAN_POINT('',(2.5,-2.8));
#2536 = VECTOR('',#2537,1.);
#2537 = DIRECTION('',(0.,-1.));
#2538 = ( GEOMETRIC_REPRESENTATION_CONTEXT(2) 
PARAMETRIC_REPRESENTATION_CONTEXT() REPRESENTATION_CONTEXT('2D SPACE',''
  ) );
#2539 = PCURVE('',#2540,#2545);
#2540 = PLANE('',#2541);
#2541 = AXIS2_PLACEMENT_3D('',#2542,#2543,#2544);
#2542 = CARTESIAN_POINT('',(4.45,6.,4.45));
#2543 = DIRECTION('',(-0.707106781187,7.652052273037E-18,-0.707106781187
    ));
#2544 = DIRECTION('',(5.410818052259E-18,1.,5.410818052259E-18));
#2545 = DEFINITIONAL_REPRESENTATION('',(#2546),#2550);
#2546 = LINE('',#2547,#2548);
#2547 = CARTESIAN_POINT('',(1.925929944387E-34,-1.767766952966));
#2548 = VECTOR('',#2549,1.);
#2549 = DIRECTION('',(1.,-4.900350890384E-34));
#2550 = ( GEOMETRIC_REPRESENTATION_CONTEXT(2) 
PARAMETRIC_REPRESENTATION_CONTEXT() REPRESENTATION_CONTEXT('2D SPACE',''
  ) );
#2551 = ORIENTED_EDGE('',*,*,#2552,.T.);
#2552 = EDGE_CURVE('',#2525,#2553,#2555,.T.);
#2553 = VERTEX_POINT('',#2554);
#2554 = CARTESIAN_POINT('',(3.2,7.763026483627,14.576937690892));
#2555 = SURFACE_CURVE('',#2556,(#2560,#2566),.PCURVE_S1.);
#2556 = LINE('',#2557,#2558);
#2557 = CARTESIAN_POINT('',(3.2,7.763026483627,3.2));
#2558 = VECTOR('',#2559,1.);
#2559 = DIRECTION('',(0.,0.,1.));
#2560 = PCURVE('',#450,#2561);
#2561 = DEFINITIONAL_REPRESENTATION('',(#2562),#2565);
#2562 = B_SPLINE_CURVE_WITH_KNOTS('',1,(#2563,#2564),.UNSPECIFIED.,.F.,
  .F.,(2,2),(2.5,11.376937690892),.PIECEWISE_BEZIER_KNOTS.);
#2563 = CARTESIAN_POINT('',(2.5,-4.563026483627));
#2564 = CARTESIAN_POINT('',(11.376937690892,-4.563026483627));
#2565 = ( GEOMETRIC_REPRESENTATION_CONTEXT(2) 
PARAMETRIC_REPRESENTATION_CONTEXT() REPRESENTATION_CONTEXT('2D SPACE',''
  ) );
#2566 = PCURVE('',#2567,#2572);
#2567 = PLANE('',#2568);
#2568 = AXIS2_PLACEMENT_3D('',#2569,#2570,#2571);
#2569 = CARTESIAN_POINT('',(91.45,7.763026483627,3.2));
#2570 = DIRECTION('',(1.110223024625E-16,1.,0.));
#2571 = DIRECTION('',(0.,0.,1.));
#2572 = DEFINITIONAL_REPRESENTATION('',(#2573),#2576);
#2573 = B_SPLINE_CURVE_WITH_KNOTS('',1,(#2574,#2575),.UNSPECIFIED.,.F.,
  .F.,(2,2),(2.5,11.376937690892),.PIECEWISE_BEZIER_KNOTS.);
#2574 = CARTESIAN_POINT('',(2.5,-88.25));
#2575 = CARTESIAN_POINT('',(11.376937690892,-88.25));
#2576 = ( GEOMETRIC_REPRESENTATION_CONTEXT(2) 
PARAMETRIC_REPRESENTATION_CONTEXT() REPRESENTATION_CONTEXT('2D SPACE',''
  ) );
#2577 = ORIENTED_EDGE('',*,*,#2578,.F.);
#2578 = EDGE_CURVE('',#2579,#2553,#2581,.T.);
#2579 = VERTEX_POINT('',#2580);
#2580 = CARTESIAN_POINT('',(3.2,124.63302648362,40.482630386107));
#2581 = SURFACE_CURVE('',#2582,(#2586,#2592),.PCURVE_S1.);
#2582 = LINE('',#2583,#2584);
#2583 = CARTESIAN_POINT('',(3.2,-64.02626837092,-1.336054619437));
#2584 = VECTOR('',#2585,1.);
#2585 = DIRECTION('',(0.,-0.976302648363,-0.216409655053));
#2586 = PCURVE('',#450,#2587);
#2587 = DEFINITIONAL_REPRESENTATION('',(#2588),#2591);
#2588 = B_SPLINE_CURVE_WITH_KNOTS('',1,(#2589,#2590),.UNSPECIFIED.,.F.,
  .F.,(2,2),(-193.2385364015,-73.53180386732),.PIECEWISE_BEZIER_KNOTS.);
#2589 = CARTESIAN_POINT('',(37.282630386107,-121.4330264836));
#2590 = CARTESIAN_POINT('',(11.376937690892,-4.563026483627));
#2591 = ( GEOMETRIC_REPRESENTATION_CONTEXT(2) 
PARAMETRIC_REPRESENTATION_CONTEXT() REPRESENTATION_CONTEXT('2D SPACE',''
  ) );
#2592 = PCURVE('',#2593,#2598);
#2593 = PLANE('',#2594);
#2594 = AXIS2_PLACEMENT_3D('',#2595,#2596,#2597);
#2595 = CARTESIAN_POINT('',(247.075,-129.0625031889,-15.75214697203));
#2596 = DIRECTION('',(-2.402629817907E-17,-0.216409655053,0.976302648363
    ));
#2597 = DIRECTION('',(1.083913679215E-16,0.976302648363,0.216409655053)
  );
#2598 = DEFINITIONAL_REPRESENTATION('',(#2599),#2602);
#2599 = B_SPLINE_CURVE_WITH_KNOTS('',1,(#2600,#2601),.UNSPECIFIED.,.F.,
  .F.,(2,2),(-193.2385364015,-73.53180386732),.PIECEWISE_BEZIER_KNOTS.);
#2600 = CARTESIAN_POINT('',(259.8533662671,243.875));
#2601 = CARTESIAN_POINT('',(140.14663373289,243.875));
#2602 = ( GEOMETRIC_REPRESENTATION_CONTEXT(2) 
PARAMETRIC_REPRESENTATION_CONTEXT() REPRESENTATION_CONTEXT('2D SPACE',''
  ) );
#2603 = ORIENTED_EDGE('',*,*,#2604,.F.);
#2604 = EDGE_CURVE('',#2605,#2579,#2607,.T.);
#2605 = VERTEX_POINT('',#2606);
#2606 = CARTESIAN_POINT('',(3.2,124.63302648362,5.7));
#2607 = SURFACE_CURVE('',#2608,(#2612,#2618),.PCURVE_S1.);
#2608 = LINE('',#2609,#2610);
#2609 = CARTESIAN_POINT('',(3.2,124.63302648362,3.2));
#2610 = VECTOR('',#2611,1.);
#2611 = DIRECTION('',(0.,0.,1.));
#2612 = PCURVE('',#450,#2613);
#2613 = DEFINITIONAL_REPRESENTATION('',(#2614),#2617);
#2614 = B_SPLINE_CURVE_WITH_KNOTS('',1,(#2615,#2616),.UNSPECIFIED.,.F.,
  .F.,(2,2),(2.5,37.282630386107),.PIECEWISE_BEZIER_KNOTS.);
#2615 = CARTESIAN_POINT('',(2.5,-121.4330264836));
#2616 = CARTESIAN_POINT('',(37.282630386107,-121.4330264836));
#2617 = ( GEOMETRIC_REPRESENTATION_CONTEXT(2) 
PARAMETRIC_REPRESENTATION_CONTEXT() REPRESENTATION_CONTEXT('2D SPACE',''
  ) );
#2618 = PCURVE('',#2619,#2624);
#2619 = PLANE('',#2620);
#2620 = AXIS2_PLACEMENT_3D('',#2621,#2622,#2623);
#2621 = CARTESIAN_POINT('',(91.45,124.63302648362,3.2));
#2622 = DIRECTION('',(1.110223024625E-16,1.,0.));
#2623 = DIRECTION('',(0.,0.,1.));
#2624 = DEFINITIONAL_REPRESENTATION('',(#2625),#2628);
#2625 = B_SPLINE_CURVE_WITH_KNOTS('',1,(#2626,#2627),.UNSPECIFIED.,.F.,
  .F.,(2,2),(2.5,37.282630386107),.PIECEWISE_BEZIER_KNOTS.);
#2626 = CARTESIAN_POINT('',(2.5,-88.25));
#2627 = CARTESIAN_POINT('',(37.282630386107,-88.25));
#2628 = ( GEOMETRIC_REPRESENTATION_CONTEXT(2) 
PARAMETRIC_REPRESENTATION_CONTEXT() REPRESENTATION_CONTEXT('2D SPACE',''
  ) );
#2629 = ORIENTED_EDGE('',*,*,#2630,.T.);
#2630 = EDGE_CURVE('',#2605,#2469,#2631,.T.);
#2631 = SURFACE_CURVE('',#2632,(#2636,#2643),.PCURVE_S1.);
#2632 = LINE('',#2633,#2634);
#2633 = CARTESIAN_POINT('',(3.2,6.,5.7));
#2634 = VECTOR('',#2635,1.);
#2635 = DIRECTION('',(0.,1.,0.));
#2636 = PCURVE('',#450,#2637);
#2637 = DEFINITIONAL_REPRESENTATION('',(#2638),#2642);
#2638 = LINE('',#2639,#2640);
#2639 = CARTESIAN_POINT('',(2.5,-2.8));
#2640 = VECTOR('',#2641,1.);
#2641 = DIRECTION('',(0.,-1.));
#2642 = ( GEOMETRIC_REPRESENTATION_CONTEXT(2) 
PARAMETRIC_REPRESENTATION_CONTEXT() REPRESENTATION_CONTEXT('2D SPACE',''
  ) );
#2643 = PCURVE('',#2644,#2649);
#2644 = PLANE('',#2645);
#2645 = AXIS2_PLACEMENT_3D('',#2646,#2647,#2648);
#2646 = CARTESIAN_POINT('',(4.45,6.,4.45));
#2647 = DIRECTION('',(-0.707106781187,7.652052273037E-18,-0.707106781187
    ));
#2648 = DIRECTION('',(5.410818052259E-18,1.,5.410818052259E-18));
#2649 = DEFINITIONAL_REPRESENTATION('',(#2650),#2654);
#2650 = LINE('',#2651,#2652);
#2651 = CARTESIAN_POINT('',(1.925929944387E-34,-1.767766952966));
#2652 = VECTOR('',#2653,1.);
#2653 = DIRECTION('',(1.,-4.900350890384E-34));
#2654 = ( GEOMETRIC_REPRESENTATION_CONTEXT(2) 
PARAMETRIC_REPRESENTATION_CONTEXT() REPRESENTATION_CONTEXT('2D SPACE',''
  ) );
#2655 = ORIENTED_EDGE('',*,*,#2468,.T.);
#2656 = ORIENTED_EDGE('',*,*,#435,.F.);
#2657 = ADVANCED_FACE('',(#2658),#661,.T.);
#2658 = FACE_BOUND('',#2659,.T.);
#2659 = EDGE_LOOP('',(#2660,#2661,#2662,#2683));
#2660 = ORIENTED_EDGE('',*,*,#720,.F.);
#2661 = ORIENTED_EDGE('',*,*,#644,.T.);
#2662 = ORIENTED_EDGE('',*,*,#2663,.T.);
#2663 = EDGE_CURVE('',#645,#2664,#2666,.T.);
#2664 = VERTEX_POINT('',#2665);
#2665 = CARTESIAN_POINT('',(6.,155.60842373802,-1.110223024625E-16));
#2666 = SURFACE_CURVE('',#2667,(#2671,#2677),.PCURVE_S1.);
#2667 = LINE('',#2668,#2669);
#2668 = CARTESIAN_POINT('',(6.,156.20842373802,0.6));
#2669 = VECTOR('',#2670,1.);
#2670 = DIRECTION('',(4.329780281177E-17,-0.707106781187,-0.707106781187
    ));
#2671 = PCURVE('',#661,#2672);
#2672 = DEFINITIONAL_REPRESENTATION('',(#2673),#2676);
#2673 = B_SPLINE_CURVE_WITH_KNOTS('',1,(#2674,#2675),.UNSPECIFIED.,.F.,
  .F.,(2,2),(0.,0.848528137424),.PIECEWISE_BEZIER_KNOTS.);
#2674 = CARTESIAN_POINT('',(-1.570796326795,0.));
#2675 = CARTESIAN_POINT('',(-1.570796326795,-0.6));
#2676 = ( GEOMETRIC_REPRESENTATION_CONTEXT(2) 
PARAMETRIC_REPRESENTATION_CONTEXT() REPRESENTATION_CONTEXT('2D SPACE',''
  ) );
#2677 = PCURVE('',#892,#2678);
#2678 = DEFINITIONAL_REPRESENTATION('',(#2679),#2682);
#2679 = B_SPLINE_CURVE_WITH_KNOTS('',1,(#2680,#2681),.UNSPECIFIED.,.F.,
  .F.,(2,2),(0.,0.848528137424),.PIECEWISE_BEZIER_KNOTS.);
#2680 = CARTESIAN_POINT('',(0.,-0.424264068712));
#2681 = CARTESIAN_POINT('',(0.,0.424264068712));
#2682 = ( GEOMETRIC_REPRESENTATION_CONTEXT(2) 
PARAMETRIC_REPRESENTATION_CONTEXT() REPRESENTATION_CONTEXT('2D SPACE',''
  ) );
#2683 = ORIENTED_EDGE('',*,*,#2684,.F.);
#2684 = EDGE_CURVE('',#721,#2664,#2685,.T.);
#2685 = SURFACE_CURVE('',#2686,(#2691,#2698),.PCURVE_S1.);
#2686 = CIRCLE('',#2687,5.4);
#2687 = AXIS2_PLACEMENT_3D('',#2688,#2689,#2690);
#2688 = CARTESIAN_POINT('',(6.,150.20842373802,0.));
#2689 = DIRECTION('',(-0.,0.,-1.));
#2690 = DIRECTION('',(-1.,0.,0.));
#2691 = PCURVE('',#661,#2692);
#2692 = DEFINITIONAL_REPRESENTATION('',(#2693),#2697);
#2693 = LINE('',#2694,#2695);
#2694 = CARTESIAN_POINT('',(-0.,-0.6));
#2695 = VECTOR('',#2696,1.);
#2696 = DIRECTION('',(-1.,-0.));
#2697 = ( GEOMETRIC_REPRESENTATION_CONTEXT(2) 
PARAMETRIC_REPRESENTATION_CONTEXT() REPRESENTATION_CONTEXT('2D SPACE',''
  ) );
#2698 = PCURVE('',#755,#2699);
#2699 = DEFINITIONAL_REPRESENTATION('',(#2700),#2708);
#2700 = ( BOUNDED_CURVE() B_SPLINE_CURVE(2,(#2701,#2702,#2703,#2704,
#2705,#2706,#2707),.UNSPECIFIED.,.T.,.F.) B_SPLINE_CURVE_WITH_KNOTS((1,2
    ,2,2,2,1),(-2.094395102393,0.,2.094395102393,4.188790204786,
6.28318530718,8.377580409573),.UNSPECIFIED.) CURVE() 
GEOMETRIC_REPRESENTATION_ITEM() RATIONAL_B_SPLINE_CURVE((1.,0.5,1.,0.5,
1.,0.5,1.)) REPRESENTATION_ITEM('') );
#2701 = CARTESIAN_POINT('',(0.6,150.20842373802));
#2702 = CARTESIAN_POINT('',(0.6,159.5614980989));
#2703 = CARTESIAN_POINT('',(8.7,154.88496091846));
#2704 = CARTESIAN_POINT('',(16.8,150.20842373802));
#2705 = CARTESIAN_POINT('',(8.7,145.53188655759));
#2706 = CARTESIAN_POINT('',(0.6,140.85534937715));
#2707 = CARTESIAN_POINT('',(0.6,150.20842373802));
#2708 = ( GEOMETRIC_REPRESENTATION_CONTEXT(2) 
PARAMETRIC_REPRESENTATION_CONTEXT() REPRESENTATION_CONTEXT('2D SPACE',''
  ) );
#2709 = ADVANCED_FACE('',(#2710,#2838,#2869,#2904,#2935,#2970,#3001,
    #3032),#755,.F.);
#2710 = FACE_BOUND('',#2711,.F.);
#2711 = EDGE_LOOP('',(#2712,#2713,#2714,#2737,#2765,#2788,#2816,#2837));
#2712 = ORIENTED_EDGE('',*,*,#741,.F.);
#2713 = ORIENTED_EDGE('',*,*,#847,.F.);
#2714 = ORIENTED_EDGE('',*,*,#2715,.F.);
#2715 = EDGE_CURVE('',#2716,#825,#2718,.T.);
#2716 = VERTEX_POINT('',#2717);
#2717 = CARTESIAN_POINT('',(189.29285714285,0.6,-2.775557561563E-15));
#2718 = SURFACE_CURVE('',#2719,(#2723,#2730),.PCURVE_S1.);
#2719 = LINE('',#2720,#2721);
#2720 = CARTESIAN_POINT('',(189.29285714285,0.6,0.));
#2721 = VECTOR('',#2722,1.);
#2722 = DIRECTION('',(-1.,-0.,-0.));
#2723 = PCURVE('',#755,#2724);
#2724 = DEFINITIONAL_REPRESENTATION('',(#2725),#2729);
#2725 = LINE('',#2726,#2727);
#2726 = CARTESIAN_POINT('',(189.29285714285,0.6));
#2727 = VECTOR('',#2728,1.);
#2728 = DIRECTION('',(-1.,-0.));
#2729 = ( GEOMETRIC_REPRESENTATION_CONTEXT(2) 
PARAMETRIC_REPRESENTATION_CONTEXT() REPRESENTATION_CONTEXT('2D SPACE',''
  ) );
#2730 = PCURVE('',#786,#2731);
#2731 = DEFINITIONAL_REPRESENTATION('',(#2732),#2736);
#2732 = LINE('',#2733,#2734);
#2733 = CARTESIAN_POINT('',(0.,0.424264068712));
#2734 = VECTOR('',#2735,1.);
#2735 = DIRECTION('',(1.,0.));
#2736 = ( GEOMETRIC_REPRESENTATION_CONTEXT(2) 
PARAMETRIC_REPRESENTATION_CONTEXT() REPRESENTATION_CONTEXT('2D SPACE',''
  ) );
#2737 = ORIENTED_EDGE('',*,*,#2738,.F.);
#2738 = EDGE_CURVE('',#2739,#2716,#2741,.T.);
#2739 = VERTEX_POINT('',#2740);
#2740 = CARTESIAN_POINT('',(194.69285714285,6.,3.885780586188E-15));
#2741 = SURFACE_CURVE('',#2742,(#2747,#2758),.PCURVE_S1.);
#2742 = CIRCLE('',#2743,5.4);
#2743 = AXIS2_PLACEMENT_3D('',#2744,#2745,#2746);
#2744 = CARTESIAN_POINT('',(189.29285714285,6.,0.));
#2745 = DIRECTION('',(0.,-0.,-1.));
#2746 = DIRECTION('',(1.,1.480297366167E-16,-0.));
#2747 = PCURVE('',#755,#2748);
#2748 = DEFINITIONAL_REPRESENTATION('',(#2749),#2757);
#2749 = ( BOUNDED_CURVE() B_SPLINE_CURVE(2,(#2750,#2751,#2752,#2753,
#2754,#2755,#2756),.UNSPECIFIED.,.T.,.F.) B_SPLINE_CURVE_WITH_KNOTS((1,2
    ,2,2,2,1),(-2.094395102393,0.,2.094395102393,4.188790204786,
6.28318530718,8.377580409573),.UNSPECIFIED.) CURVE() 
GEOMETRIC_REPRESENTATION_ITEM() RATIONAL_B_SPLINE_CURVE((1.,0.5,1.,0.5,
1.,0.5,1.)) REPRESENTATION_ITEM('') );
#2750 = CARTESIAN_POINT('',(194.69285714285,6.));
#2751 = CARTESIAN_POINT('',(194.69285714285,-3.353074360872));
#2752 = CARTESIAN_POINT('',(186.59285714285,1.323462819564));
#2753 = CARTESIAN_POINT('',(178.49285714285,6.));
#2754 = CARTESIAN_POINT('',(186.59285714285,10.676537180436));
#2755 = CARTESIAN_POINT('',(194.69285714285,15.353074360872));
#2756 = CARTESIAN_POINT('',(194.69285714285,6.));
#2757 = ( GEOMETRIC_REPRESENTATION_CONTEXT(2) 
PARAMETRIC_REPRESENTATION_CONTEXT() REPRESENTATION_CONTEXT('2D SPACE',''
  ) );
#2758 = PCURVE('',#1213,#2759);
#2759 = DEFINITIONAL_REPRESENTATION('',(#2760),#2764);
#2760 = LINE('',#2761,#2762);
#2761 = CARTESIAN_POINT('',(-0.,-0.6));
#2762 = VECTOR('',#2763,1.);
#2763 = DIRECTION('',(-1.,-0.));
#2764 = ( GEOMETRIC_REPRESENTATION_CONTEXT(2) 
PARAMETRIC_REPRESENTATION_CONTEXT() REPRESENTATION_CONTEXT('2D SPACE',''
  ) );
#2765 = ORIENTED_EDGE('',*,*,#2766,.F.);
#2766 = EDGE_CURVE('',#2767,#2739,#2769,.T.);
#2767 = VERTEX_POINT('',#2768);
#2768 = CARTESIAN_POINT('',(194.69285714285,150.20842373802,
    -2.775557561563E-15));
#2769 = SURFACE_CURVE('',#2770,(#2774,#2781),.PCURVE_S1.);
#2770 = LINE('',#2771,#2772);
#2771 = CARTESIAN_POINT('',(194.69285714285,150.20842373802,0.));
#2772 = VECTOR('',#2773,1.);
#2773 = DIRECTION('',(-0.,-1.,-0.));
#2774 = PCURVE('',#755,#2775);
#2775 = DEFINITIONAL_REPRESENTATION('',(#2776),#2780);
#2776 = LINE('',#2777,#2778);
#2777 = CARTESIAN_POINT('',(194.69285714285,150.20842373802));
#2778 = VECTOR('',#2779,1.);
#2779 = DIRECTION('',(-0.,-1.));
#2780 = ( GEOMETRIC_REPRESENTATION_CONTEXT(2) 
PARAMETRIC_REPRESENTATION_CONTEXT() REPRESENTATION_CONTEXT('2D SPACE',''
  ) );
#2781 = PCURVE('',#1180,#2782);
#2782 = DEFINITIONAL_REPRESENTATION('',(#2783),#2787);
#2783 = LINE('',#2784,#2785);
#2784 = CARTESIAN_POINT('',(-0.,0.424264068712));
#2785 = VECTOR('',#2786,1.);
#2786 = DIRECTION('',(-1.,0.));
#2787 = ( GEOMETRIC_REPRESENTATION_CONTEXT(2) 
PARAMETRIC_REPRESENTATION_CONTEXT() REPRESENTATION_CONTEXT('2D SPACE',''
  ) );
#2788 = ORIENTED_EDGE('',*,*,#2789,.F.);
#2789 = EDGE_CURVE('',#2790,#2767,#2792,.T.);
#2790 = VERTEX_POINT('',#2791);
#2791 = CARTESIAN_POINT('',(189.29285714285,155.60842373802,
    -5.440092820663E-15));
#2792 = SURFACE_CURVE('',#2793,(#2798,#2809),.PCURVE_S1.);
#2793 = CIRCLE('',#2794,5.4);
#2794 = AXIS2_PLACEMENT_3D('',#2795,#2796,#2797);
#2795 = CARTESIAN_POINT('',(189.29285714285,150.20842373802,0.));
#2796 = DIRECTION('',(0.,-0.,-1.));
#2797 = DIRECTION('',(0.,1.,-0.));
#2798 = PCURVE('',#755,#2799);
#2799 = DEFINITIONAL_REPRESENTATION('',(#2800),#2808);
#2800 = ( BOUNDED_CURVE() B_SPLINE_CURVE(2,(#2801,#2802,#2803,#2804,
#2805,#2806,#2807),.UNSPECIFIED.,.T.,.F.) B_SPLINE_CURVE_WITH_KNOTS((1,2
    ,2,2,2,1),(-2.094395102393,0.,2.094395102393,4.188790204786,
6.28318530718,8.377580409573),.UNSPECIFIED.) CURVE() 
GEOMETRIC_REPRESENTATION_ITEM() RATIONAL_B_SPLINE_CURVE((1.,0.5,1.,0.5,
1.,0.5,1.)) REPRESENTATION_ITEM('') );
#2801 = CARTESIAN_POINT('',(189.29285714285,155.60842373802));
#2802 = CARTESIAN_POINT('',(198.64593150372,155.60842373802));
#2803 = CARTESIAN_POINT('',(193.96939432329,147.50842373802));
#2804 = CARTESIAN_POINT('',(189.29285714285,139.40842373802));
#2805 = CARTESIAN_POINT('',(184.61631996242,147.50842373802));
#2806 = CARTESIAN_POINT('',(179.93978278198,155.60842373802));
#2807 = CARTESIAN_POINT('',(189.29285714285,155.60842373802));
#2808 = ( GEOMETRIC_REPRESENTATION_CONTEXT(2) 
PARAMETRIC_REPRESENTATION_CONTEXT() REPRESENTATION_CONTEXT('2D SPACE',''
  ) );
#2809 = PCURVE('',#1126,#2810);
#2810 = DEFINITIONAL_REPRESENTATION('',(#2811),#2815);
#2811 = LINE('',#2812,#2813);
#2812 = CARTESIAN_POINT('',(-0.,-0.6));
#2813 = VECTOR('',#2814,1.);
#2814 = DIRECTION('',(-1.,-0.));
#2815 = ( GEOMETRIC_REPRESENTATION_CONTEXT(2) 
PARAMETRIC_REPRESENTATION_CONTEXT() REPRESENTATION_CONTEXT('2D SPACE',''
  ) );
#2816 = ORIENTED_EDGE('',*,*,#2817,.F.);
#2817 = EDGE_CURVE('',#2664,#2790,#2818,.T.);
#2818 = SURFACE_CURVE('',#2819,(#2823,#2830),.PCURVE_S1.);
#2819 = LINE('',#2820,#2821);
#2820 = CARTESIAN_POINT('',(6.,155.60842373802,0.));
#2821 = VECTOR('',#2822,1.);
#2822 = DIRECTION('',(1.,0.,0.));
#2823 = PCURVE('',#755,#2824);
#2824 = DEFINITIONAL_REPRESENTATION('',(#2825),#2829);
#2825 = LINE('',#2826,#2827);
#2826 = CARTESIAN_POINT('',(6.,155.60842373802));
#2827 = VECTOR('',#2828,1.);
#2828 = DIRECTION('',(1.,0.));
#2829 = ( GEOMETRIC_REPRESENTATION_CONTEXT(2) 
PARAMETRIC_REPRESENTATION_CONTEXT() REPRESENTATION_CONTEXT('2D SPACE',''
  ) );
#2830 = PCURVE('',#892,#2831);
#2831 = DEFINITIONAL_REPRESENTATION('',(#2832),#2836);
#2832 = LINE('',#2833,#2834);
#2833 = CARTESIAN_POINT('',(-0.,0.424264068712));
#2834 = VECTOR('',#2835,1.);
#2835 = DIRECTION('',(-1.,0.));
#2836 = ( GEOMETRIC_REPRESENTATION_CONTEXT(2) 
PARAMETRIC_REPRESENTATION_CONTEXT() REPRESENTATION_CONTEXT('2D SPACE',''
  ) );
#2837 = ORIENTED_EDGE('',*,*,#2684,.F.);
#2838 = FACE_BOUND('',#2839,.F.);
#2839 = EDGE_LOOP('',(#2840));
#2840 = ORIENTED_EDGE('',*,*,#2841,.F.);
#2841 = EDGE_CURVE('',#2842,#2842,#2844,.T.);
#2842 = VERTEX_POINT('',#2843);
#2843 = CARTESIAN_POINT('',(21.,15.,0.));
#2844 = SURFACE_CURVE('',#2845,(#2850,#2857),.PCURVE_S1.);
#2845 = CIRCLE('',#2846,6.);
#2846 = AXIS2_PLACEMENT_3D('',#2847,#2848,#2849);
#2847 = CARTESIAN_POINT('',(15.,15.,0.));
#2848 = DIRECTION('',(0.,0.,1.));
#2849 = DIRECTION('',(1.,0.,0.));
#2850 = PCURVE('',#755,#2851);
#2851 = DEFINITIONAL_REPRESENTATION('',(#2852),#2856);
#2852 = CIRCLE('',#2853,6.);
#2853 = AXIS2_PLACEMENT_2D('',#2854,#2855);
#2854 = CARTESIAN_POINT('',(15.,15.));
#2855 = DIRECTION('',(1.,0.));
#2856 = ( GEOMETRIC_REPRESENTATION_CONTEXT(2) 
PARAMETRIC_REPRESENTATION_CONTEXT() REPRESENTATION_CONTEXT('2D SPACE',''
  ) );
#2857 = PCURVE('',#2858,#2863);
#2858 = CYLINDRICAL_SURFACE('',#2859,6.);
#2859 = AXIS2_PLACEMENT_3D('',#2860,#2861,#2862);
#2860 = CARTESIAN_POINT('',(15.,15.,0.));
#2861 = DIRECTION('',(-0.,-0.,-1.));
#2862 = DIRECTION('',(1.,0.,0.));
#2863 = DEFINITIONAL_REPRESENTATION('',(#2864),#2868);
#2864 = LINE('',#2865,#2866);
#2865 = CARTESIAN_POINT('',(-0.,0.));
#2866 = VECTOR('',#2867,1.);
#2867 = DIRECTION('',(-1.,0.));
#2868 = ( GEOMETRIC_REPRESENTATION_CONTEXT(2) 
PARAMETRIC_REPRESENTATION_CONTEXT() REPRESENTATION_CONTEXT('2D SPACE',''
  ) );
#2869 = FACE_BOUND('',#2870,.F.);
#2870 = EDGE_LOOP('',(#2871));
#2871 = ORIENTED_EDGE('',*,*,#2872,.T.);
#2872 = EDGE_CURVE('',#2873,#2873,#2875,.T.);
#2873 = VERTEX_POINT('',#2874);
#2874 = CARTESIAN_POINT('',(101.89642857142,20.,0.));
#2875 = SURFACE_CURVE('',#2876,(#2881,#2892),.PCURVE_S1.);
#2876 = CIRCLE('',#2877,4.25);
#2877 = AXIS2_PLACEMENT_3D('',#2878,#2879,#2880);
#2878 = CARTESIAN_POINT('',(97.646428571429,20.,0.));
#2879 = DIRECTION('',(0.,0.,-1.));
#2880 = DIRECTION('',(1.,0.,0.));
#2881 = PCURVE('',#755,#2882);
#2882 = DEFINITIONAL_REPRESENTATION('',(#2883),#2891);
#2883 = ( BOUNDED_CURVE() B_SPLINE_CURVE(2,(#2884,#2885,#2886,#2887,
#2888,#2889,#2890),.UNSPECIFIED.,.T.,.F.) B_SPLINE_CURVE_WITH_KNOTS((1,2
    ,2,2,2,1),(-2.094395102393,0.,2.094395102393,4.188790204786,
6.28318530718,8.377580409573),.UNSPECIFIED.) CURVE() 
GEOMETRIC_REPRESENTATION_ITEM() RATIONAL_B_SPLINE_CURVE((1.,0.5,1.,0.5,
1.,0.5,1.)) REPRESENTATION_ITEM('') );
#2884 = CARTESIAN_POINT('',(101.89642857142,20.));
#2885 = CARTESIAN_POINT('',(101.89642857142,12.638784067832));
#2886 = CARTESIAN_POINT('',(95.521428571429,16.319392033916));
#2887 = CARTESIAN_POINT('',(89.146428571429,20.));
#2888 = CARTESIAN_POINT('',(95.521428571429,23.680607966084));
#2889 = CARTESIAN_POINT('',(101.89642857142,27.361215932168));
#2890 = CARTESIAN_POINT('',(101.89642857142,20.));
#2891 = ( GEOMETRIC_REPRESENTATION_CONTEXT(2) 
PARAMETRIC_REPRESENTATION_CONTEXT() REPRESENTATION_CONTEXT('2D SPACE',''
  ) );
#2892 = PCURVE('',#2893,#2898);
#2893 = CYLINDRICAL_SURFACE('',#2894,4.25);
#2894 = AXIS2_PLACEMENT_3D('',#2895,#2896,#2897);
#2895 = CARTESIAN_POINT('',(97.646428571429,20.,-35.3));
#2896 = DIRECTION('',(-0.,-0.,-1.));
#2897 = DIRECTION('',(1.,0.,0.));
#2898 = DEFINITIONAL_REPRESENTATION('',(#2899),#2903);
#2899 = LINE('',#2900,#2901);
#2900 = CARTESIAN_POINT('',(-6.28318530718,-35.3));
#2901 = VECTOR('',#2902,1.);
#2902 = DIRECTION('',(1.,-0.));
#2903 = ( GEOMETRIC_REPRESENTATION_CONTEXT(2) 
PARAMETRIC_REPRESENTATION_CONTEXT() REPRESENTATION_CONTEXT('2D SPACE',''
  ) );
#2904 = FACE_BOUND('',#2905,.F.);
#2905 = EDGE_LOOP('',(#2906));
#2906 = ORIENTED_EDGE('',*,*,#2907,.F.);
#2907 = EDGE_CURVE('',#2908,#2908,#2910,.T.);
#2908 = VERTEX_POINT('',#2909);
#2909 = CARTESIAN_POINT('',(186.29285714285,15.,0.));
#2910 = SURFACE_CURVE('',#2911,(#2916,#2923),.PCURVE_S1.);
#2911 = CIRCLE('',#2912,6.);
#2912 = AXIS2_PLACEMENT_3D('',#2913,#2914,#2915);
#2913 = CARTESIAN_POINT('',(180.29285714285,15.,0.));
#2914 = DIRECTION('',(0.,0.,1.));
#2915 = DIRECTION('',(1.,0.,0.));
#2916 = PCURVE('',#755,#2917);
#2917 = DEFINITIONAL_REPRESENTATION('',(#2918),#2922);
#2918 = CIRCLE('',#2919,6.);
#2919 = AXIS2_PLACEMENT_2D('',#2920,#2921);
#2920 = CARTESIAN_POINT('',(180.29285714285,15.));
#2921 = DIRECTION('',(1.,0.));
#2922 = ( GEOMETRIC_REPRESENTATION_CONTEXT(2) 
PARAMETRIC_REPRESENTATION_CONTEXT() REPRESENTATION_CONTEXT('2D SPACE',''
  ) );
#2923 = PCURVE('',#2924,#2929);
#2924 = CYLINDRICAL_SURFACE('',#2925,6.);
#2925 = AXIS2_PLACEMENT_3D('',#2926,#2927,#2928);
#2926 = CARTESIAN_POINT('',(180.29285714285,15.,0.));
#2927 = DIRECTION('',(-0.,-0.,-1.));
#2928 = DIRECTION('',(1.,0.,0.));
#2929 = DEFINITIONAL_REPRESENTATION('',(#2930),#2934);
#2930 = LINE('',#2931,#2932);
#2931 = CARTESIAN_POINT('',(-0.,0.));
#2932 = VECTOR('',#2933,1.);
#2933 = DIRECTION('',(-1.,0.));
#2934 = ( GEOMETRIC_REPRESENTATION_CONTEXT(2) 
PARAMETRIC_REPRESENTATION_CONTEXT() REPRESENTATION_CONTEXT('2D SPACE',''
  ) );
#2935 = FACE_BOUND('',#2936,.F.);
#2936 = EDGE_LOOP('',(#2937));
#2937 = ORIENTED_EDGE('',*,*,#2938,.T.);
#2938 = EDGE_CURVE('',#2939,#2939,#2941,.T.);
#2939 = VERTEX_POINT('',#2940);
#2940 = CARTESIAN_POINT('',(12.75,139.,0.));
#2941 = SURFACE_CURVE('',#2942,(#2947,#2958),.PCURVE_S1.);
#2942 = CIRCLE('',#2943,4.25);
#2943 = AXIS2_PLACEMENT_3D('',#2944,#2945,#2946);
#2944 = CARTESIAN_POINT('',(8.5,139.,0.));
#2945 = DIRECTION('',(0.,0.,-1.));
#2946 = DIRECTION('',(1.,0.,0.));
#2947 = PCURVE('',#755,#2948);
#2948 = DEFINITIONAL_REPRESENTATION('',(#2949),#2957);
#2949 = ( BOUNDED_CURVE() B_SPLINE_CURVE(2,(#2950,#2951,#2952,#2953,
#2954,#2955,#2956),.UNSPECIFIED.,.T.,.F.) B_SPLINE_CURVE_WITH_KNOTS((1,2
    ,2,2,2,1),(-2.094395102393,0.,2.094395102393,4.188790204786,
6.28318530718,8.377580409573),.UNSPECIFIED.) CURVE() 
GEOMETRIC_REPRESENTATION_ITEM() RATIONAL_B_SPLINE_CURVE((1.,0.5,1.,0.5,
1.,0.5,1.)) REPRESENTATION_ITEM('') );
#2950 = CARTESIAN_POINT('',(12.75,139.));
#2951 = CARTESIAN_POINT('',(12.75,131.63878406783));
#2952 = CARTESIAN_POINT('',(6.375,135.31939203391));
#2953 = CARTESIAN_POINT('',(1.7763568394E-15,139.));
#2954 = CARTESIAN_POINT('',(6.375,142.68060796608));
#2955 = CARTESIAN_POINT('',(12.75,146.36121593216));
#2956 = CARTESIAN_POINT('',(12.75,139.));
#2957 = ( GEOMETRIC_REPRESENTATION_CONTEXT(2) 
PARAMETRIC_REPRESENTATION_CONTEXT() REPRESENTATION_CONTEXT('2D SPACE',''
  ) );
#2958 = PCURVE('',#2959,#2964);
#2959 = CYLINDRICAL_SURFACE('',#2960,4.25);
#2960 = AXIS2_PLACEMENT_3D('',#2961,#2962,#2963);
#2961 = CARTESIAN_POINT('',(8.5,139.,-35.3));
#2962 = DIRECTION('',(-0.,-0.,-1.));
#2963 = DIRECTION('',(1.,0.,0.));
#2964 = DEFINITIONAL_REPRESENTATION('',(#2965),#2969);
#2965 = LINE('',#2966,#2967);
#2966 = CARTESIAN_POINT('',(-6.28318530718,-35.3));
#2967 = VECTOR('',#2968,1.);
#2968 = DIRECTION('',(1.,-0.));
#2969 = ( GEOMETRIC_REPRESENTATION_CONTEXT(2) 
PARAMETRIC_REPRESENTATION_CONTEXT() REPRESENTATION_CONTEXT('2D SPACE',''
  ) );
#2970 = FACE_BOUND('',#2971,.F.);
#2971 = EDGE_LOOP('',(#2972));
#2972 = ORIENTED_EDGE('',*,*,#2973,.F.);
#2973 = EDGE_CURVE('',#2974,#2974,#2976,.T.);
#2974 = VERTEX_POINT('',#2975);
#2975 = CARTESIAN_POINT('',(36.,142.20842373802,0.));
#2976 = SURFACE_CURVE('',#2977,(#2982,#2989),.PCURVE_S1.);
#2977 = CIRCLE('',#2978,6.);
#2978 = AXIS2_PLACEMENT_3D('',#2979,#2980,#2981);
#2979 = CARTESIAN_POINT('',(30.,142.20842373802,0.));
#2980 = DIRECTION('',(0.,0.,1.));
#2981 = DIRECTION('',(1.,0.,0.));
#2982 = PCURVE('',#755,#2983);
#2983 = DEFINITIONAL_REPRESENTATION('',(#2984),#2988);
#2984 = CIRCLE('',#2985,6.);
#2985 = AXIS2_PLACEMENT_2D('',#2986,#2987);
#2986 = CARTESIAN_POINT('',(30.,142.20842373802));
#2987 = DIRECTION('',(1.,0.));
#2988 = ( GEOMETRIC_REPRESENTATION_CONTEXT(2) 
PARAMETRIC_REPRESENTATION_CONTEXT() REPRESENTATION_CONTEXT('2D SPACE',''
  ) );
#2989 = PCURVE('',#2990,#2995);
#2990 = CYLINDRICAL_SURFACE('',#2991,6.);
#2991 = AXIS2_PLACEMENT_3D('',#2992,#2993,#2994);
#2992 = CARTESIAN_POINT('',(30.,142.20842373802,0.));
#2993 = DIRECTION('',(-0.,-0.,-1.));
#2994 = DIRECTION('',(1.,0.,0.));
#2995 = DEFINITIONAL_REPRESENTATION('',(#2996),#3000);
#2996 = LINE('',#2997,#2998);
#2997 = CARTESIAN_POINT('',(-0.,0.));
#2998 = VECTOR('',#2999,1.);
#2999 = DIRECTION('',(-1.,0.));
#3000 = ( GEOMETRIC_REPRESENTATION_CONTEXT(2) 
PARAMETRIC_REPRESENTATION_CONTEXT() REPRESENTATION_CONTEXT('2D SPACE',''
  ) );
#3001 = FACE_BOUND('',#3002,.F.);
#3002 = EDGE_LOOP('',(#3003));
#3003 = ORIENTED_EDGE('',*,*,#3004,.F.);
#3004 = EDGE_CURVE('',#3005,#3005,#3007,.T.);
#3005 = VERTEX_POINT('',#3006);
#3006 = CARTESIAN_POINT('',(171.29285714285,142.20842373802,0.));
#3007 = SURFACE_CURVE('',#3008,(#3013,#3020),.PCURVE_S1.);
#3008 = CIRCLE('',#3009,6.);
#3009 = AXIS2_PLACEMENT_3D('',#3010,#3011,#3012);
#3010 = CARTESIAN_POINT('',(165.29285714285,142.20842373802,0.));
#3011 = DIRECTION('',(0.,0.,1.));
#3012 = DIRECTION('',(1.,0.,0.));
#3013 = PCURVE('',#755,#3014);
#3014 = DEFINITIONAL_REPRESENTATION('',(#3015),#3019);
#3015 = CIRCLE('',#3016,6.);
#3016 = AXIS2_PLACEMENT_2D('',#3017,#3018);
#3017 = CARTESIAN_POINT('',(165.29285714285,142.20842373802));
#3018 = DIRECTION('',(1.,0.));
#3019 = ( GEOMETRIC_REPRESENTATION_CONTEXT(2) 
PARAMETRIC_REPRESENTATION_CONTEXT() REPRESENTATION_CONTEXT('2D SPACE',''
  ) );
#3020 = PCURVE('',#3021,#3026);
#3021 = CYLINDRICAL_SURFACE('',#3022,6.);
#3022 = AXIS2_PLACEMENT_3D('',#3023,#3024,#3025);
#3023 = CARTESIAN_POINT('',(165.29285714285,142.20842373802,0.));
#3024 = DIRECTION('',(-0.,-0.,-1.));
#3025 = DIRECTION('',(1.,0.,0.));
#3026 = DEFINITIONAL_REPRESENTATION('',(#3027),#3031);
#3027 = LINE('',#3028,#3029);
#3028 = CARTESIAN_POINT('',(-0.,0.));
#3029 = VECTOR('',#3030,1.);
#3030 = DIRECTION('',(-1.,0.));
#3031 = ( GEOMETRIC_REPRESENTATION_CONTEXT(2) 
PARAMETRIC_REPRESENTATION_CONTEXT() REPRESENTATION_CONTEXT('2D SPACE',''
  ) );
#3032 = FACE_BOUND('',#3033,.F.);
#3033 = EDGE_LOOP('',(#3034));
#3034 = ORIENTED_EDGE('',*,*,#3035,.T.);
#3035 = EDGE_CURVE('',#3036,#3036,#3038,.T.);
#3036 = VERTEX_POINT('',#3037);
#3037 = CARTESIAN_POINT('',(191.04285714285,139.,0.));
#3038 = SURFACE_CURVE('',#3039,(#3044,#3055),.PCURVE_S1.);
#3039 = CIRCLE('',#3040,4.25);
#3040 = AXIS2_PLACEMENT_3D('',#3041,#3042,#3043);
#3041 = CARTESIAN_POINT('',(186.79285714285,139.,0.));
#3042 = DIRECTION('',(0.,0.,-1.));
#3043 = DIRECTION('',(1.,0.,0.));
#3044 = PCURVE('',#755,#3045);
#3045 = DEFINITIONAL_REPRESENTATION('',(#3046),#3054);
#3046 = ( BOUNDED_CURVE() B_SPLINE_CURVE(2,(#3047,#3048,#3049,#3050,
#3051,#3052,#3053),.UNSPECIFIED.,.T.,.F.) B_SPLINE_CURVE_WITH_KNOTS((1,2
    ,2,2,2,1),(-2.094395102393,0.,2.094395102393,4.188790204786,
6.28318530718,8.377580409573),.UNSPECIFIED.) CURVE() 
GEOMETRIC_REPRESENTATION_ITEM() RATIONAL_B_SPLINE_CURVE((1.,0.5,1.,0.5,
1.,0.5,1.)) REPRESENTATION_ITEM('') );
#3047 = CARTESIAN_POINT('',(191.04285714285,139.));
#3048 = CARTESIAN_POINT('',(191.04285714285,131.63878406783));
#3049 = CARTESIAN_POINT('',(184.66785714285,135.31939203391));
#3050 = CARTESIAN_POINT('',(178.29285714285,139.));
#3051 = CARTESIAN_POINT('',(184.66785714285,142.68060796608));
#3052 = CARTESIAN_POINT('',(191.04285714285,146.36121593216));
#3053 = CARTESIAN_POINT('',(191.04285714285,139.));
#3054 = ( GEOMETRIC_REPRESENTATION_CONTEXT(2) 
PARAMETRIC_REPRESENTATION_CONTEXT() REPRESENTATION_CONTEXT('2D SPACE',''
  ) );
#3055 = PCURVE('',#3056,#3061);
#3056 = CYLINDRICAL_SURFACE('',#3057,4.25);
#3057 = AXIS2_PLACEMENT_3D('',#3058,#3059,#3060);
#3058 = CARTESIAN_POINT('',(186.79285714285,139.,-35.3));
#3059 = DIRECTION('',(-0.,-0.,-1.));
#3060 = DIRECTION('',(1.,0.,0.));
#3061 = DEFINITIONAL_REPRESENTATION('',(#3062),#3066);
#3062 = LINE('',#3063,#3064);
#3063 = CARTESIAN_POINT('',(-6.28318530718,-35.3));
#3064 = VECTOR('',#3065,1.);
#3065 = DIRECTION('',(1.,-0.));
#3066 = ( GEOMETRIC_REPRESENTATION_CONTEXT(2) 
PARAMETRIC_REPRESENTATION_CONTEXT() REPRESENTATION_CONTEXT('2D SPACE',''
  ) );
#3067 = ADVANCED_FACE('',(#3068),#786,.T.);
#3068 = FACE_BOUND('',#3069,.T.);
#3069 = EDGE_LOOP('',(#3070,#3089,#3090,#3091));
#3070 = ORIENTED_EDGE('',*,*,#3071,.F.);
#3071 = EDGE_CURVE('',#771,#2716,#3072,.T.);
#3072 = SURFACE_CURVE('',#3073,(#3077,#3083),.PCURVE_S1.);
#3073 = LINE('',#3074,#3075);
#3074 = CARTESIAN_POINT('',(189.29285714285,-8.881784197001E-16,0.6));
#3075 = VECTOR('',#3076,1.);
#3076 = DIRECTION('',(-1.479706333907E-16,0.707106781187,-0.707106781187
    ));
#3077 = PCURVE('',#786,#3078);
#3078 = DEFINITIONAL_REPRESENTATION('',(#3079),#3082);
#3079 = B_SPLINE_CURVE_WITH_KNOTS('',1,(#3080,#3081),.UNSPECIFIED.,.F.,
  .F.,(2,2),(0.,0.848528137424),.PIECEWISE_BEZIER_KNOTS.);
#3080 = CARTESIAN_POINT('',(0.,-0.424264068712));
#3081 = CARTESIAN_POINT('',(0.,0.424264068712));
#3082 = ( GEOMETRIC_REPRESENTATION_CONTEXT(2) 
PARAMETRIC_REPRESENTATION_CONTEXT() REPRESENTATION_CONTEXT('2D SPACE',''
  ) );
#3083 = PCURVE('',#1213,#3084);
#3084 = DEFINITIONAL_REPRESENTATION('',(#3085),#3088);
#3085 = B_SPLINE_CURVE_WITH_KNOTS('',1,(#3086,#3087),.UNSPECIFIED.,.F.,
  .F.,(2,2),(0.,0.848528137424),.PIECEWISE_BEZIER_KNOTS.);
#3086 = CARTESIAN_POINT('',(-1.570796326795,0.));
#3087 = CARTESIAN_POINT('',(-1.570796326795,-0.6));
#3088 = ( GEOMETRIC_REPRESENTATION_CONTEXT(2) 
PARAMETRIC_REPRESENTATION_CONTEXT() REPRESENTATION_CONTEXT('2D SPACE',''
  ) );
#3089 = ORIENTED_EDGE('',*,*,#770,.T.);
#3090 = ORIENTED_EDGE('',*,*,#824,.T.);
#3091 = ORIENTED_EDGE('',*,*,#2715,.F.);
#3092 = ADVANCED_FACE('',(#3093),#892,.F.);
#3093 = FACE_BOUND('',#3094,.T.);
#3094 = EDGE_LOOP('',(#3095,#3096,#3097,#3116));
#3095 = ORIENTED_EDGE('',*,*,#2663,.F.);
#3096 = ORIENTED_EDGE('',*,*,#876,.T.);
#3097 = ORIENTED_EDGE('',*,*,#3098,.T.);
#3098 = EDGE_CURVE('',#877,#2790,#3099,.T.);
#3099 = SURFACE_CURVE('',#3100,(#3104,#3110),.PCURVE_S1.);
#3100 = LINE('',#3101,#3102);
#3101 = CARTESIAN_POINT('',(189.29285714285,155.90842373802,0.3));
#3102 = VECTOR('',#3103,1.);
#3103 = DIRECTION('',(2.381476017169E-34,-0.707106781187,-0.707106781187
    ));
#3104 = PCURVE('',#892,#3105);
#3105 = DEFINITIONAL_REPRESENTATION('',(#3106),#3109);
#3106 = B_SPLINE_CURVE_WITH_KNOTS('',1,(#3107,#3108),.UNSPECIFIED.,.F.,
  .F.,(2,2),(-0.424264068712,0.424264068712),.PIECEWISE_BEZIER_KNOTS.);
#3107 = CARTESIAN_POINT('',(-183.2928571428,-0.424264068712));
#3108 = CARTESIAN_POINT('',(-183.2928571428,0.424264068712));
#3109 = ( GEOMETRIC_REPRESENTATION_CONTEXT(2) 
PARAMETRIC_REPRESENTATION_CONTEXT() REPRESENTATION_CONTEXT('2D SPACE',''
  ) );
#3110 = PCURVE('',#1126,#3111);
#3111 = DEFINITIONAL_REPRESENTATION('',(#3112),#3115);
#3112 = B_SPLINE_CURVE_WITH_KNOTS('',1,(#3113,#3114),.UNSPECIFIED.,.F.,
  .F.,(2,2),(-0.424264068712,0.424264068712),.PIECEWISE_BEZIER_KNOTS.);
#3113 = CARTESIAN_POINT('',(0.,0.));
#3114 = CARTESIAN_POINT('',(0.,-0.6));
#3115 = ( GEOMETRIC_REPRESENTATION_CONTEXT(2) 
PARAMETRIC_REPRESENTATION_CONTEXT() REPRESENTATION_CONTEXT('2D SPACE',''
  ) );
#3116 = ORIENTED_EDGE('',*,*,#2817,.F.);
#3117 = ADVANCED_FACE('',(#3118),#946,.T.);
#3118 = FACE_BOUND('',#3119,.T.);
#3119 = EDGE_LOOP('',(#3120,#3121,#3142,#3143));
#3120 = ORIENTED_EDGE('',*,*,#929,.F.);
#3121 = ORIENTED_EDGE('',*,*,#3122,.T.);
#3122 = EDGE_CURVE('',#930,#2340,#3123,.T.);
#3123 = SURFACE_CURVE('',#3124,(#3128,#3135),.PCURVE_S1.);
#3124 = LINE('',#3125,#3126);
#3125 = CARTESIAN_POINT('',(95.646428571429,157.20842373802,
    15.567014370377));
#3126 = VECTOR('',#3127,1.);
#3127 = DIRECTION('',(0.,-1.,0.));
#3128 = PCURVE('',#946,#3129);
#3129 = DEFINITIONAL_REPRESENTATION('',(#3130),#3134);
#3130 = LINE('',#3131,#3132);
#3131 = CARTESIAN_POINT('',(0.,0.));
#3132 = VECTOR('',#3133,1.);
#3133 = DIRECTION('',(-0.,-1.));
#3134 = ( GEOMETRIC_REPRESENTATION_CONTEXT(2) 
PARAMETRIC_REPRESENTATION_CONTEXT() REPRESENTATION_CONTEXT('2D SPACE',''
  ) );
#3135 = PCURVE('',#1074,#3136);
#3136 = DEFINITIONAL_REPRESENTATION('',(#3137),#3141);
#3137 = LINE('',#3138,#3139);
#3138 = CARTESIAN_POINT('',(4.,0.));
#3139 = VECTOR('',#3140,1.);
#3140 = DIRECTION('',(0.,-1.));
#3141 = ( GEOMETRIC_REPRESENTATION_CONTEXT(2) 
PARAMETRIC_REPRESENTATION_CONTEXT() REPRESENTATION_CONTEXT('2D SPACE',''
  ) );
#3142 = ORIENTED_EDGE('',*,*,#2339,.T.);
#3143 = ORIENTED_EDGE('',*,*,#3144,.T.);
#3144 = EDGE_CURVE('',#2342,#932,#3145,.T.);
#3145 = SURFACE_CURVE('',#3146,(#3150,#3157),.PCURVE_S1.);
#3146 = LINE('',#3147,#3148);
#3147 = CARTESIAN_POINT('',(91.646428571429,152.00842373802,10.8));
#3148 = VECTOR('',#3149,1.);
#3149 = DIRECTION('',(0.,1.,0.));
#3150 = PCURVE('',#946,#3151);
#3151 = DEFINITIONAL_REPRESENTATION('',(#3152),#3156);
#3152 = LINE('',#3153,#3154);
#3153 = CARTESIAN_POINT('',(6.222895307442,-5.2));
#3154 = VECTOR('',#3155,1.);
#3155 = DIRECTION('',(0.,1.));
#3156 = ( GEOMETRIC_REPRESENTATION_CONTEXT(2) 
PARAMETRIC_REPRESENTATION_CONTEXT() REPRESENTATION_CONTEXT('2D SPACE',''
  ) );
#3157 = PCURVE('',#972,#3158);
#3158 = DEFINITIONAL_REPRESENTATION('',(#3159),#3163);
#3159 = LINE('',#3160,#3161);
#3160 = CARTESIAN_POINT('',(5.,0.));
#3161 = VECTOR('',#3162,1.);
#3162 = DIRECTION('',(0.,-1.));
#3163 = ( GEOMETRIC_REPRESENTATION_CONTEXT(2) 
PARAMETRIC_REPRESENTATION_CONTEXT() REPRESENTATION_CONTEXT('2D SPACE',''
  ) );
#3164 = ADVANCED_FACE('',(#3165),#1074,.T.);
#3165 = FACE_BOUND('',#3166,.T.);
#3166 = EDGE_LOOP('',(#3167,#3168,#3189,#3190));
#3167 = ORIENTED_EDGE('',*,*,#1061,.F.);
#3168 = ORIENTED_EDGE('',*,*,#3169,.T.);
#3169 = EDGE_CURVE('',#1036,#2426,#3170,.T.);
#3170 = SURFACE_CURVE('',#3171,(#3175,#3182),.PCURVE_S1.);
#3171 = LINE('',#3172,#3173);
#3172 = CARTESIAN_POINT('',(99.646428571429,157.20842373802,
    15.567014370377));
#3173 = VECTOR('',#3174,1.);
#3174 = DIRECTION('',(0.,-1.,0.));
#3175 = PCURVE('',#1074,#3176);
#3176 = DEFINITIONAL_REPRESENTATION('',(#3177),#3181);
#3177 = LINE('',#3178,#3179);
#3178 = CARTESIAN_POINT('',(0.,0.));
#3179 = VECTOR('',#3180,1.);
#3180 = DIRECTION('',(0.,-1.));
#3181 = ( GEOMETRIC_REPRESENTATION_CONTEXT(2) 
PARAMETRIC_REPRESENTATION_CONTEXT() REPRESENTATION_CONTEXT('2D SPACE',''
  ) );
#3182 = PCURVE('',#1050,#3183);
#3183 = DEFINITIONAL_REPRESENTATION('',(#3184),#3188);
#3184 = LINE('',#3185,#3186);
#3185 = CARTESIAN_POINT('',(6.222895307442,0.));
#3186 = VECTOR('',#3187,1.);
#3187 = DIRECTION('',(0.,-1.));
#3188 = ( GEOMETRIC_REPRESENTATION_CONTEXT(2) 
PARAMETRIC_REPRESENTATION_CONTEXT() REPRESENTATION_CONTEXT('2D SPACE',''
  ) );
#3189 = ORIENTED_EDGE('',*,*,#2446,.T.);
#3190 = ORIENTED_EDGE('',*,*,#3122,.F.);
#3191 = ADVANCED_FACE('',(#3192),#1050,.T.);
#3192 = FACE_BOUND('',#3193,.T.);
#3193 = EDGE_LOOP('',(#3194,#3195,#3216,#3217));
#3194 = ORIENTED_EDGE('',*,*,#1035,.F.);
#3195 = ORIENTED_EDGE('',*,*,#3196,.F.);
#3196 = EDGE_CURVE('',#2405,#1010,#3197,.T.);
#3197 = SURFACE_CURVE('',#3198,(#3202,#3209),.PCURVE_S1.);
#3198 = LINE('',#3199,#3200);
#3199 = CARTESIAN_POINT('',(103.64642857142,152.00842373802,10.8));
#3200 = VECTOR('',#3201,1.);
#3201 = DIRECTION('',(0.,1.,0.));
#3202 = PCURVE('',#1050,#3203);
#3203 = DEFINITIONAL_REPRESENTATION('',(#3204),#3208);
#3204 = LINE('',#3205,#3206);
#3205 = CARTESIAN_POINT('',(0.,-5.2));
#3206 = VECTOR('',#3207,1.);
#3207 = DIRECTION('',(0.,1.));
#3208 = ( GEOMETRIC_REPRESENTATION_CONTEXT(2) 
PARAMETRIC_REPRESENTATION_CONTEXT() REPRESENTATION_CONTEXT('2D SPACE',''
  ) );
#3209 = PCURVE('',#1024,#3210);
#3210 = DEFINITIONAL_REPRESENTATION('',(#3211),#3215);
#3211 = LINE('',#3212,#3213);
#3212 = CARTESIAN_POINT('',(5.,0.));
#3213 = VECTOR('',#3214,1.);
#3214 = DIRECTION('',(0.,-1.));
#3215 = ( GEOMETRIC_REPRESENTATION_CONTEXT(2) 
PARAMETRIC_REPRESENTATION_CONTEXT() REPRESENTATION_CONTEXT('2D SPACE',''
  ) );
#3216 = ORIENTED_EDGE('',*,*,#2425,.T.);
#3217 = ORIENTED_EDGE('',*,*,#3169,.F.);
#3218 = ADVANCED_FACE('',(#3219),#1024,.F.);
#3219 = FACE_BOUND('',#3220,.F.);
#3220 = EDGE_LOOP('',(#3221,#3222,#3223,#3244));
#3221 = ORIENTED_EDGE('',*,*,#3196,.F.);
#3222 = ORIENTED_EDGE('',*,*,#2404,.T.);
#3223 = ORIENTED_EDGE('',*,*,#3224,.T.);
#3224 = EDGE_CURVE('',#2384,#984,#3225,.T.);
#3225 = SURFACE_CURVE('',#3226,(#3230,#3237),.PCURVE_S1.);
#3226 = LINE('',#3227,#3228);
#3227 = CARTESIAN_POINT('',(103.64642857142,152.00842373802,5.8));
#3228 = VECTOR('',#3229,1.);
#3229 = DIRECTION('',(0.,1.,0.));
#3230 = PCURVE('',#1024,#3231);
#3231 = DEFINITIONAL_REPRESENTATION('',(#3232),#3236);
#3232 = LINE('',#3233,#3234);
#3233 = CARTESIAN_POINT('',(0.,0.));
#3234 = VECTOR('',#3235,1.);
#3235 = DIRECTION('',(0.,-1.));
#3236 = ( GEOMETRIC_REPRESENTATION_CONTEXT(2) 
PARAMETRIC_REPRESENTATION_CONTEXT() REPRESENTATION_CONTEXT('2D SPACE',''
  ) );
#3237 = PCURVE('',#998,#3238);
#3238 = DEFINITIONAL_REPRESENTATION('',(#3239),#3243);
#3239 = LINE('',#3240,#3241);
#3240 = CARTESIAN_POINT('',(12.,0.));
#3241 = VECTOR('',#3242,1.);
#3242 = DIRECTION('',(0.,1.));
#3243 = ( GEOMETRIC_REPRESENTATION_CONTEXT(2) 
PARAMETRIC_REPRESENTATION_CONTEXT() REPRESENTATION_CONTEXT('2D SPACE',''
  ) );
#3244 = ORIENTED_EDGE('',*,*,#1009,.F.);
#3245 = ADVANCED_FACE('',(#3246),#998,.T.);
#3246 = FACE_BOUND('',#3247,.T.);
#3247 = EDGE_LOOP('',(#3248,#3269,#3270,#3271));
#3248 = ORIENTED_EDGE('',*,*,#3249,.F.);
#3249 = EDGE_CURVE('',#2363,#958,#3250,.T.);
#3250 = SURFACE_CURVE('',#3251,(#3255,#3262),.PCURVE_S1.);
#3251 = LINE('',#3252,#3253);
#3252 = CARTESIAN_POINT('',(91.646428571429,152.00842373802,5.8));
#3253 = VECTOR('',#3254,1.);
#3254 = DIRECTION('',(0.,1.,0.));
#3255 = PCURVE('',#998,#3256);
#3256 = DEFINITIONAL_REPRESENTATION('',(#3257),#3261);
#3257 = LINE('',#3258,#3259);
#3258 = CARTESIAN_POINT('',(0.,0.));
#3259 = VECTOR('',#3260,1.);
#3260 = DIRECTION('',(0.,1.));
#3261 = ( GEOMETRIC_REPRESENTATION_CONTEXT(2) 
PARAMETRIC_REPRESENTATION_CONTEXT() REPRESENTATION_CONTEXT('2D SPACE',''
  ) );
#3262 = PCURVE('',#972,#3263);
#3263 = DEFINITIONAL_REPRESENTATION('',(#3264),#3268);
#3264 = LINE('',#3265,#3266);
#3265 = CARTESIAN_POINT('',(0.,0.));
#3266 = VECTOR('',#3267,1.);
#3267 = DIRECTION('',(0.,-1.));
#3268 = ( GEOMETRIC_REPRESENTATION_CONTEXT(2) 
PARAMETRIC_REPRESENTATION_CONTEXT() REPRESENTATION_CONTEXT('2D SPACE',''
  ) );
#3269 = ORIENTED_EDGE('',*,*,#2383,.T.);
#3270 = ORIENTED_EDGE('',*,*,#3224,.T.);
#3271 = ORIENTED_EDGE('',*,*,#983,.F.);
#3272 = ADVANCED_FACE('',(#3273),#972,.T.);
#3273 = FACE_BOUND('',#3274,.T.);
#3274 = EDGE_LOOP('',(#3275,#3276,#3277,#3278));
#3275 = ORIENTED_EDGE('',*,*,#3144,.F.);
#3276 = ORIENTED_EDGE('',*,*,#2362,.T.);
#3277 = ORIENTED_EDGE('',*,*,#3249,.T.);
#3278 = ORIENTED_EDGE('',*,*,#957,.F.);
#3279 = ADVANCED_FACE('',(#3280),#1126,.T.);
#3280 = FACE_BOUND('',#3281,.T.);
#3281 = EDGE_LOOP('',(#3282,#3283,#3284,#3303));
#3282 = ORIENTED_EDGE('',*,*,#3098,.F.);
#3283 = ORIENTED_EDGE('',*,*,#1111,.T.);
#3284 = ORIENTED_EDGE('',*,*,#3285,.T.);
#3285 = EDGE_CURVE('',#1089,#2767,#3286,.T.);
#3286 = SURFACE_CURVE('',#3287,(#3291,#3297),.PCURVE_S1.);
#3287 = LINE('',#3288,#3289);
#3288 = CARTESIAN_POINT('',(195.29285714285,150.20842373802,0.6));
#3289 = VECTOR('',#3290,1.);
#3290 = DIRECTION('',(-0.707106781187,-4.329780281177E-17,
    -0.707106781187));
#3291 = PCURVE('',#1126,#3292);
#3292 = DEFINITIONAL_REPRESENTATION('',(#3293),#3296);
#3293 = B_SPLINE_CURVE_WITH_KNOTS('',1,(#3294,#3295),.UNSPECIFIED.,.F.,
  .F.,(2,2),(0.,0.848528137424),.PIECEWISE_BEZIER_KNOTS.);
#3294 = CARTESIAN_POINT('',(-1.570796326795,0.));
#3295 = CARTESIAN_POINT('',(-1.570796326795,-0.6));
#3296 = ( GEOMETRIC_REPRESENTATION_CONTEXT(2) 
PARAMETRIC_REPRESENTATION_CONTEXT() REPRESENTATION_CONTEXT('2D SPACE',''
  ) );
#3297 = PCURVE('',#1180,#3298);
#3298 = DEFINITIONAL_REPRESENTATION('',(#3299),#3302);
#3299 = B_SPLINE_CURVE_WITH_KNOTS('',1,(#3300,#3301),.UNSPECIFIED.,.F.,
  .F.,(2,2),(0.,0.848528137424),.PIECEWISE_BEZIER_KNOTS.);
#3300 = CARTESIAN_POINT('',(0.,-0.424264068712));
#3301 = CARTESIAN_POINT('',(0.,0.424264068712));
#3302 = ( GEOMETRIC_REPRESENTATION_CONTEXT(2) 
PARAMETRIC_REPRESENTATION_CONTEXT() REPRESENTATION_CONTEXT('2D SPACE',''
  ) );
#3303 = ORIENTED_EDGE('',*,*,#2789,.F.);
#3304 = ADVANCED_FACE('',(#3305),#1180,.F.);
#3305 = FACE_BOUND('',#3306,.T.);
#3306 = EDGE_LOOP('',(#3307,#3308,#3309,#3328));
#3307 = ORIENTED_EDGE('',*,*,#3285,.F.);
#3308 = ORIENTED_EDGE('',*,*,#1166,.T.);
#3309 = ORIENTED_EDGE('',*,*,#3310,.T.);
#3310 = EDGE_CURVE('',#1144,#2739,#3311,.T.);
#3311 = SURFACE_CURVE('',#3312,(#3316,#3322),.PCURVE_S1.);
#3312 = LINE('',#3313,#3314);
#3313 = CARTESIAN_POINT('',(194.99285714285,6.,0.3));
#3314 = VECTOR('',#3315,1.);
#3315 = DIRECTION('',(-0.707106781187,-2.20414253933E-34,-0.707106781187
    ));
#3316 = PCURVE('',#1180,#3317);
#3317 = DEFINITIONAL_REPRESENTATION('',(#3318),#3321);
#3318 = B_SPLINE_CURVE_WITH_KNOTS('',1,(#3319,#3320),.UNSPECIFIED.,.F.,
  .F.,(2,2),(-0.424264068712,0.424264068712),.PIECEWISE_BEZIER_KNOTS.);
#3319 = CARTESIAN_POINT('',(-144.208423738,-0.424264068712));
#3320 = CARTESIAN_POINT('',(-144.208423738,0.424264068712));
#3321 = ( GEOMETRIC_REPRESENTATION_CONTEXT(2) 
PARAMETRIC_REPRESENTATION_CONTEXT() REPRESENTATION_CONTEXT('2D SPACE',''
  ) );
#3322 = PCURVE('',#1213,#3323);
#3323 = DEFINITIONAL_REPRESENTATION('',(#3324),#3327);
#3324 = B_SPLINE_CURVE_WITH_KNOTS('',1,(#3325,#3326),.UNSPECIFIED.,.F.,
  .F.,(2,2),(-0.424264068712,0.424264068712),.PIECEWISE_BEZIER_KNOTS.);
#3325 = CARTESIAN_POINT('',(0.,0.));
#3326 = CARTESIAN_POINT('',(0.,-0.6));
#3327 = ( GEOMETRIC_REPRESENTATION_CONTEXT(2) 
PARAMETRIC_REPRESENTATION_CONTEXT() REPRESENTATION_CONTEXT('2D SPACE',''
  ) );
#3328 = ORIENTED_EDGE('',*,*,#2766,.F.);
#3329 = ADVANCED_FACE('',(#3330),#1213,.T.);
#3330 = FACE_BOUND('',#3331,.T.);
#3331 = EDGE_LOOP('',(#3332,#3333,#3334,#3335));
#3332 = ORIENTED_EDGE('',*,*,#3310,.F.);
#3333 = ORIENTED_EDGE('',*,*,#1198,.T.);
#3334 = ORIENTED_EDGE('',*,*,#3071,.T.);
#3335 = ORIENTED_EDGE('',*,*,#2738,.F.);
#3336 = ADVANCED_FACE('',(#3337),#1270,.F.);
#3337 = FACE_BOUND('',#3338,.F.);
#3338 = EDGE_LOOP('',(#3339,#3362,#3363,#3386));
#3339 = ORIENTED_EDGE('',*,*,#3340,.F.);
#3340 = EDGE_CURVE('',#1254,#3341,#3343,.T.);
#3341 = VERTEX_POINT('',#3342);
#3342 = CARTESIAN_POINT('',(6.,5.7,3.2));
#3343 = SURFACE_CURVE('',#3344,(#3348,#3355),.PCURVE_S1.);
#3344 = LINE('',#3345,#3346);
#3345 = CARTESIAN_POINT('',(6.,4.45,4.45));
#3346 = VECTOR('',#3347,1.);
#3347 = DIRECTION('',(2.084121319292E-34,0.707106781187,-0.707106781187)
  );
#3348 = PCURVE('',#1270,#3349);
#3349 = DEFINITIONAL_REPRESENTATION('',(#3350),#3354);
#3350 = LINE('',#3351,#3352);
#3351 = CARTESIAN_POINT('',(2.22044604925E-16,-1.25));
#3352 = VECTOR('',#3353,1.);
#3353 = DIRECTION('',(-0.,-1.));
#3354 = ( GEOMETRIC_REPRESENTATION_CONTEXT(2) 
PARAMETRIC_REPRESENTATION_CONTEXT() REPRESENTATION_CONTEXT('2D SPACE',''
  ) );
#3355 = PCURVE('',#1323,#3356);
#3356 = DEFINITIONAL_REPRESENTATION('',(#3357),#3361);
#3357 = LINE('',#3358,#3359);
#3358 = CARTESIAN_POINT('',(183.29285714285,0.));
#3359 = VECTOR('',#3360,1.);
#3360 = DIRECTION('',(3.87616325418E-35,1.));
#3361 = ( GEOMETRIC_REPRESENTATION_CONTEXT(2) 
PARAMETRIC_REPRESENTATION_CONTEXT() REPRESENTATION_CONTEXT('2D SPACE',''
  ) );
#3362 = ORIENTED_EDGE('',*,*,#1253,.T.);
#3363 = ORIENTED_EDGE('',*,*,#3364,.T.);
#3364 = EDGE_CURVE('',#1231,#3365,#3367,.T.);
#3365 = VERTEX_POINT('',#3366);
#3366 = CARTESIAN_POINT('',(5.7,6.,3.2));
#3367 = SURFACE_CURVE('',#3368,(#3372,#3379),.PCURVE_S1.);
#3368 = LINE('',#3369,#3370);
#3369 = CARTESIAN_POINT('',(4.45,6.,4.45));
#3370 = VECTOR('',#3371,1.);
#3371 = DIRECTION('',(0.707106781187,-2.084121319292E-34,-0.707106781187
    ));
#3372 = PCURVE('',#1270,#3373);
#3373 = DEFINITIONAL_REPRESENTATION('',(#3374),#3378);
#3374 = LINE('',#3375,#3376);
#3375 = CARTESIAN_POINT('',(-1.570796326795,-1.25));
#3376 = VECTOR('',#3377,1.);
#3377 = DIRECTION('',(-0.,-1.));
#3378 = ( GEOMETRIC_REPRESENTATION_CONTEXT(2) 
PARAMETRIC_REPRESENTATION_CONTEXT() REPRESENTATION_CONTEXT('2D SPACE',''
  ) );
#3379 = PCURVE('',#2540,#3380);
#3380 = DEFINITIONAL_REPRESENTATION('',(#3381),#3385);
#3381 = LINE('',#3382,#3383);
#3382 = CARTESIAN_POINT('',(0.,0.));
#3383 = VECTOR('',#3384,1.);
#3384 = DIRECTION('',(-3.87616325418E-35,1.));
#3385 = ( GEOMETRIC_REPRESENTATION_CONTEXT(2) 
PARAMETRIC_REPRESENTATION_CONTEXT() REPRESENTATION_CONTEXT('2D SPACE',''
  ) );
#3386 = ORIENTED_EDGE('',*,*,#3387,.F.);
#3387 = EDGE_CURVE('',#3341,#3365,#3388,.T.);
#3388 = SURFACE_CURVE('',#3389,(#3394,#3401),.PCURVE_S1.);
#3389 = CIRCLE('',#3390,0.3);
#3390 = AXIS2_PLACEMENT_3D('',#3391,#3392,#3393);
#3391 = CARTESIAN_POINT('',(6.,6.,3.2));
#3392 = DIRECTION('',(-0.,0.,-1.));
#3393 = DIRECTION('',(-3.172065784643E-16,-1.,0.));
#3394 = PCURVE('',#1270,#3395);
#3395 = DEFINITIONAL_REPRESENTATION('',(#3396),#3400);
#3396 = LINE('',#3397,#3398);
#3397 = CARTESIAN_POINT('',(-0.,-2.5));
#3398 = VECTOR('',#3399,1.);
#3399 = DIRECTION('',(-1.,-0.));
#3400 = ( GEOMETRIC_REPRESENTATION_CONTEXT(2) 
PARAMETRIC_REPRESENTATION_CONTEXT() REPRESENTATION_CONTEXT('2D SPACE',''
  ) );
#3401 = PCURVE('',#3402,#3407);
#3402 = PLANE('',#3403);
#3403 = AXIS2_PLACEMENT_3D('',#3404,#3405,#3406);
#3404 = CARTESIAN_POINT('',(3.2,3.2,3.2));
#3405 = DIRECTION('',(0.,0.,1.));
#3406 = DIRECTION('',(1.,0.,0.));
#3407 = DEFINITIONAL_REPRESENTATION('',(#3408),#3416);
#3408 = ( BOUNDED_CURVE() B_SPLINE_CURVE(2,(#3409,#3410,#3411,#3412,
#3413,#3414,#3415),.UNSPECIFIED.,.T.,.F.) B_SPLINE_CURVE_WITH_KNOTS((1,2
    ,2,2,2,1),(-2.094395102393,0.,2.094395102393,4.188790204786,
6.28318530718,8.377580409573),.UNSPECIFIED.) CURVE() 
GEOMETRIC_REPRESENTATION_ITEM() RATIONAL_B_SPLINE_CURVE((1.,0.5,1.,0.5,
1.,0.5,1.)) REPRESENTATION_ITEM('') );
#3409 = CARTESIAN_POINT('',(2.8,2.5));
#3410 = CARTESIAN_POINT('',(2.280384757729,2.5));
#3411 = CARTESIAN_POINT('',(2.540192378865,2.95));
#3412 = CARTESIAN_POINT('',(2.8,3.4));
#3413 = CARTESIAN_POINT('',(3.059807621135,2.95));
#3414 = CARTESIAN_POINT('',(3.319615242271,2.5));
#3415 = CARTESIAN_POINT('',(2.8,2.5));
#3416 = ( GEOMETRIC_REPRESENTATION_CONTEXT(2) 
PARAMETRIC_REPRESENTATION_CONTEXT() REPRESENTATION_CONTEXT('2D SPACE',''
  ) );
#3417 = ADVANCED_FACE('',(#3418),#1323,.F.);
#3418 = FACE_BOUND('',#3419,.F.);
#3419 = EDGE_LOOP('',(#3420,#3443,#3444,#3445));
#3420 = ORIENTED_EDGE('',*,*,#3421,.F.);
#3421 = EDGE_CURVE('',#1308,#3422,#3424,.T.);
#3422 = VERTEX_POINT('',#3423);
#3423 = CARTESIAN_POINT('',(189.29285714285,5.7,3.2));
#3424 = SURFACE_CURVE('',#3425,(#3429,#3436),.PCURVE_S1.);
#3425 = LINE('',#3426,#3427);
#3426 = CARTESIAN_POINT('',(189.29285714285,3.2,5.7));
#3427 = VECTOR('',#3428,1.);
#3428 = DIRECTION('',(-1.554472641463E-16,0.707106781187,-0.707106781187
    ));
#3429 = PCURVE('',#1323,#3430);
#3430 = DEFINITIONAL_REPRESENTATION('',(#3431),#3435);
#3431 = LINE('',#3432,#3433);
#3432 = CARTESIAN_POINT('',(-1.925929944387E-34,-1.767766952966));
#3433 = VECTOR('',#3434,1.);
#3434 = DIRECTION('',(1.554472641463E-16,1.));
#3435 = ( GEOMETRIC_REPRESENTATION_CONTEXT(2) 
PARAMETRIC_REPRESENTATION_CONTEXT() REPRESENTATION_CONTEXT('2D SPACE',''
  ) );
#3436 = PCURVE('',#1399,#3437);
#3437 = DEFINITIONAL_REPRESENTATION('',(#3438),#3442);
#3438 = LINE('',#3439,#3440);
#3439 = CARTESIAN_POINT('',(-1.570796326795,-0.));
#3440 = VECTOR('',#3441,1.);
#3441 = DIRECTION('',(-0.,-1.));
#3442 = ( GEOMETRIC_REPRESENTATION_CONTEXT(2) 
PARAMETRIC_REPRESENTATION_CONTEXT() REPRESENTATION_CONTEXT('2D SPACE',''
  ) );
#3443 = ORIENTED_EDGE('',*,*,#1307,.T.);
#3444 = ORIENTED_EDGE('',*,*,#3340,.T.);
#3445 = ORIENTED_EDGE('',*,*,#3446,.F.);
#3446 = EDGE_CURVE('',#3422,#3341,#3447,.T.);
#3447 = SURFACE_CURVE('',#3448,(#3452,#3459),.PCURVE_S1.);
#3448 = LINE('',#3449,#3450);
#3449 = CARTESIAN_POINT('',(189.29285714285,5.7,3.2));
#3450 = VECTOR('',#3451,1.);
#3451 = DIRECTION('',(-1.,-0.,-0.));
#3452 = PCURVE('',#1323,#3453);
#3453 = DEFINITIONAL_REPRESENTATION('',(#3454),#3458);
#3454 = LINE('',#3455,#3456);
#3455 = CARTESIAN_POINT('',(1.925929944387E-34,1.767766952966));
#3456 = VECTOR('',#3457,1.);
#3457 = DIRECTION('',(1.,-2.803368887165E-34));
#3458 = ( GEOMETRIC_REPRESENTATION_CONTEXT(2) 
PARAMETRIC_REPRESENTATION_CONTEXT() REPRESENTATION_CONTEXT('2D SPACE',''
  ) );
#3459 = PCURVE('',#3402,#3460);
#3460 = DEFINITIONAL_REPRESENTATION('',(#3461),#3465);
#3461 = LINE('',#3462,#3463);
#3462 = CARTESIAN_POINT('',(186.09285714285,2.5));
#3463 = VECTOR('',#3464,1.);
#3464 = DIRECTION('',(-1.,0.));
#3465 = ( GEOMETRIC_REPRESENTATION_CONTEXT(2) 
PARAMETRIC_REPRESENTATION_CONTEXT() REPRESENTATION_CONTEXT('2D SPACE',''
  ) );
#3466 = ADVANCED_FACE('',(#3467),#1399,.F.);
#3467 = FACE_BOUND('',#3468,.F.);
#3468 = EDGE_LOOP('',(#3469,#3492,#3493,#3494));
#3469 = ORIENTED_EDGE('',*,*,#3470,.F.);
#3470 = EDGE_CURVE('',#1362,#3471,#3473,.T.);
#3471 = VERTEX_POINT('',#3472);
#3472 = CARTESIAN_POINT('',(189.59285714285,6.,3.2));
#3473 = SURFACE_CURVE('',#3474,(#3478,#3485),.PCURVE_S1.);
#3474 = LINE('',#3475,#3476);
#3475 = CARTESIAN_POINT('',(190.84285714285,6.,4.45));
#3476 = VECTOR('',#3477,1.);
#3477 = DIRECTION('',(-0.707106781187,-2.084121319292E-34,
    -0.707106781187));
#3478 = PCURVE('',#1399,#3479);
#3479 = DEFINITIONAL_REPRESENTATION('',(#3480),#3484);
#3480 = LINE('',#3481,#3482);
#3481 = CARTESIAN_POINT('',(-0.,-1.25));
#3482 = VECTOR('',#3483,1.);
#3483 = DIRECTION('',(-0.,-1.));
#3484 = ( GEOMETRIC_REPRESENTATION_CONTEXT(2) 
PARAMETRIC_REPRESENTATION_CONTEXT() REPRESENTATION_CONTEXT('2D SPACE',''
  ) );
#3485 = PCURVE('',#1433,#3486);
#3486 = DEFINITIONAL_REPRESENTATION('',(#3487),#3491);
#3487 = LINE('',#3488,#3489);
#3488 = CARTESIAN_POINT('',(-144.208423738,6.280369834735E-16));
#3489 = VECTOR('',#3490,1.);
#3490 = DIRECTION('',(-3.87616325418E-35,1.));
#3491 = ( GEOMETRIC_REPRESENTATION_CONTEXT(2) 
PARAMETRIC_REPRESENTATION_CONTEXT() REPRESENTATION_CONTEXT('2D SPACE',''
  ) );
#3492 = ORIENTED_EDGE('',*,*,#1384,.T.);
#3493 = ORIENTED_EDGE('',*,*,#3421,.T.);
#3494 = ORIENTED_EDGE('',*,*,#3495,.F.);
#3495 = EDGE_CURVE('',#3471,#3422,#3496,.T.);
#3496 = SURFACE_CURVE('',#3497,(#3502,#3509),.PCURVE_S1.);
#3497 = CIRCLE('',#3498,0.3);
#3498 = AXIS2_PLACEMENT_3D('',#3499,#3500,#3501);
#3499 = CARTESIAN_POINT('',(189.29285714285,6.,3.2));
#3500 = DIRECTION('',(0.,-0.,-1.));
#3501 = DIRECTION('',(1.,1.586032892322E-16,-0.));
#3502 = PCURVE('',#1399,#3503);
#3503 = DEFINITIONAL_REPRESENTATION('',(#3504),#3508);
#3504 = LINE('',#3505,#3506);
#3505 = CARTESIAN_POINT('',(-0.,-2.5));
#3506 = VECTOR('',#3507,1.);
#3507 = DIRECTION('',(-1.,-0.));
#3508 = ( GEOMETRIC_REPRESENTATION_CONTEXT(2) 
PARAMETRIC_REPRESENTATION_CONTEXT() REPRESENTATION_CONTEXT('2D SPACE',''
  ) );
#3509 = PCURVE('',#3402,#3510);
#3510 = DEFINITIONAL_REPRESENTATION('',(#3511),#3519);
#3511 = ( BOUNDED_CURVE() B_SPLINE_CURVE(2,(#3512,#3513,#3514,#3515,
#3516,#3517,#3518),.UNSPECIFIED.,.T.,.F.) B_SPLINE_CURVE_WITH_KNOTS((1,2
    ,2,2,2,1),(-2.094395102393,0.,2.094395102393,4.188790204786,
6.28318530718,8.377580409573),.UNSPECIFIED.) CURVE() 
GEOMETRIC_REPRESENTATION_ITEM() RATIONAL_B_SPLINE_CURVE((1.,0.5,1.,0.5,
1.,0.5,1.)) REPRESENTATION_ITEM('') );
#3512 = CARTESIAN_POINT('',(186.39285714285,2.8));
#3513 = CARTESIAN_POINT('',(186.39285714285,2.280384757729));
#3514 = CARTESIAN_POINT('',(185.94285714285,2.540192378865));
#3515 = CARTESIAN_POINT('',(185.49285714285,2.8));
#3516 = CARTESIAN_POINT('',(185.94285714285,3.059807621135));
#3517 = CARTESIAN_POINT('',(186.39285714285,3.319615242271));
#3518 = CARTESIAN_POINT('',(186.39285714285,2.8));
#3519 = ( GEOMETRIC_REPRESENTATION_CONTEXT(2) 
PARAMETRIC_REPRESENTATION_CONTEXT() REPRESENTATION_CONTEXT('2D SPACE',''
  ) );
#3520 = ADVANCED_FACE('',(#3521),#1539,.T.);
#3521 = FACE_BOUND('',#3522,.F.);
#3522 = EDGE_LOOP('',(#3523,#3546,#3547,#3568,#3596,#3622,#3648,#3674));
#3523 = ORIENTED_EDGE('',*,*,#3524,.F.);
#3524 = EDGE_CURVE('',#1524,#3525,#3527,.T.);
#3525 = VERTEX_POINT('',#3526);
#3526 = CARTESIAN_POINT('',(189.59285714285,150.20842373802,3.2));
#3527 = SURFACE_CURVE('',#3528,(#3532,#3539),.PCURVE_S1.);
#3528 = LINE('',#3529,#3530);
#3529 = CARTESIAN_POINT('',(192.09285714285,150.20842373802,5.7));
#3530 = VECTOR('',#3531,1.);
#3531 = DIRECTION('',(-0.707106781187,-4.329780281177E-17,
    -0.707106781187));
#3532 = PCURVE('',#1539,#3533);
#3533 = DEFINITIONAL_REPRESENTATION('',(#3534),#3538);
#3534 = LINE('',#3535,#3536);
#3535 = CARTESIAN_POINT('',(1.925929944387E-34,-1.767766952966));
#3536 = VECTOR('',#3537,1.);
#3537 = DIRECTION('',(-4.329780281177E-17,1.));
#3538 = ( GEOMETRIC_REPRESENTATION_CONTEXT(2) 
PARAMETRIC_REPRESENTATION_CONTEXT() REPRESENTATION_CONTEXT('2D SPACE',''
  ) );
#3539 = PCURVE('',#1594,#3540);
#3540 = DEFINITIONAL_REPRESENTATION('',(#3541),#3545);
#3541 = LINE('',#3542,#3543);
#3542 = CARTESIAN_POINT('',(-1.570796326795,-0.));
#3543 = VECTOR('',#3544,1.);
#3544 = DIRECTION('',(-0.,-1.));
#3545 = ( GEOMETRIC_REPRESENTATION_CONTEXT(2) 
PARAMETRIC_REPRESENTATION_CONTEXT() REPRESENTATION_CONTEXT('2D SPACE',''
  ) );
#3546 = ORIENTED_EDGE('',*,*,#1523,.T.);
#3547 = ORIENTED_EDGE('',*,*,#3548,.F.);
#3548 = EDGE_CURVE('',#3549,#1498,#3551,.T.);
#3549 = VERTEX_POINT('',#3550);
#3550 = CARTESIAN_POINT('',(189.59285714285,124.63302648362,3.2));
#3551 = SURFACE_CURVE('',#3552,(#3556,#3562),.PCURVE_S1.);
#3552 = LINE('',#3553,#3554);
#3553 = CARTESIAN_POINT('',(190.96785714285,124.63302648362,4.575));
#3554 = VECTOR('',#3555,1.);
#3555 = DIRECTION('',(0.707106781187,-7.850462293419E-17,0.707106781187)
  );
#3556 = PCURVE('',#1539,#3557);
#3557 = DEFINITIONAL_REPRESENTATION('',(#3558),#3561);
#3558 = B_SPLINE_CURVE_WITH_KNOTS('',1,(#3559,#3560),.UNSPECIFIED.,.F.,
  .F.,(2,2),(-1.944543648263,1.59099025767),.PIECEWISE_BEZIER_KNOTS.);
#3559 = CARTESIAN_POINT('',(-25.5753972544,1.767766952966));
#3560 = CARTESIAN_POINT('',(-25.5753972544,-1.767766952966));
#3561 = ( GEOMETRIC_REPRESENTATION_CONTEXT(2) 
PARAMETRIC_REPRESENTATION_CONTEXT() REPRESENTATION_CONTEXT('2D SPACE',''
  ) );
#3562 = PCURVE('',#1512,#3563);
#3563 = DEFINITIONAL_REPRESENTATION('',(#3564),#3567);
#3564 = B_SPLINE_CURVE_WITH_KNOTS('',1,(#3565,#3566),.UNSPECIFIED.,.F.,
  .F.,(2,2),(-1.944543648263,1.59099025767),.PIECEWISE_BEZIER_KNOTS.);
#3565 = CARTESIAN_POINT('',(7.354978439401E-15,-3.));
#3566 = CARTESIAN_POINT('',(2.5,-0.5));
#3567 = ( GEOMETRIC_REPRESENTATION_CONTEXT(2) 
PARAMETRIC_REPRESENTATION_CONTEXT() REPRESENTATION_CONTEXT('2D SPACE',''
  ) );
#3568 = ORIENTED_EDGE('',*,*,#3569,.F.);
#3569 = EDGE_CURVE('',#3570,#3549,#3572,.T.);
#3570 = VERTEX_POINT('',#3571);
#3571 = CARTESIAN_POINT('',(189.59285714285,133.,3.2));
#3572 = SURFACE_CURVE('',#3573,(#3577,#3584),.PCURVE_S1.);
#3573 = LINE('',#3574,#3575);
#3574 = CARTESIAN_POINT('',(189.59285714285,150.20842373802,3.2));
#3575 = VECTOR('',#3576,1.);
#3576 = DIRECTION('',(-0.,-1.,-0.));
#3577 = PCURVE('',#1539,#3578);
#3578 = DEFINITIONAL_REPRESENTATION('',(#3579),#3583);
#3579 = LINE('',#3580,#3581);
#3580 = CARTESIAN_POINT('',(-1.925929944387E-34,1.767766952966));
#3581 = VECTOR('',#3582,1.);
#3582 = DIRECTION('',(-1.,4.900350890384E-34));
#3583 = ( GEOMETRIC_REPRESENTATION_CONTEXT(2) 
PARAMETRIC_REPRESENTATION_CONTEXT() REPRESENTATION_CONTEXT('2D SPACE',''
  ) );
#3584 = PCURVE('',#3585,#3590);
#3585 = PLANE('',#3586);
#3586 = AXIS2_PLACEMENT_3D('',#3587,#3588,#3589);
#3587 = CARTESIAN_POINT('',(3.2,3.2,3.2));
#3588 = DIRECTION('',(0.,0.,1.));
#3589 = DIRECTION('',(1.,0.,0.));
#3590 = DEFINITIONAL_REPRESENTATION('',(#3591),#3595);
#3591 = LINE('',#3592,#3593);
#3592 = CARTESIAN_POINT('',(186.39285714285,147.00842373802));
#3593 = VECTOR('',#3594,1.);
#3594 = DIRECTION('',(0.,-1.));
#3595 = ( GEOMETRIC_REPRESENTATION_CONTEXT(2) 
PARAMETRIC_REPRESENTATION_CONTEXT() REPRESENTATION_CONTEXT('2D SPACE',''
  ) );
#3596 = ORIENTED_EDGE('',*,*,#3597,.T.);
#3597 = EDGE_CURVE('',#3570,#3598,#3600,.T.);
#3598 = VERTEX_POINT('',#3599);
#3599 = CARTESIAN_POINT('',(191.79285714285,133.,5.4));
#3600 = SURFACE_CURVE('',#3601,(#3605,#3611),.PCURVE_S1.);
#3601 = LINE('',#3602,#3603);
#3602 = CARTESIAN_POINT('',(188.26785714285,133.,1.875));
#3603 = VECTOR('',#3604,1.);
#3604 = DIRECTION('',(0.707106781187,-0.,0.707106781187));
#3605 = PCURVE('',#1539,#3606);
#3606 = DEFINITIONAL_REPRESENTATION('',(#3607),#3610);
#3607 = B_SPLINE_CURVE_WITH_KNOTS('',1,(#3608,#3609),.UNSPECIFIED.,.F.,
  .F.,(2,2),(1.873832970144,4.985102807365),.PIECEWISE_BEZIER_KNOTS.);
#3608 = CARTESIAN_POINT('',(-17.20842373802,1.767766952966));
#3609 = CARTESIAN_POINT('',(-17.20842373802,-1.343502884254));
#3610 = ( GEOMETRIC_REPRESENTATION_CONTEXT(2) 
PARAMETRIC_REPRESENTATION_CONTEXT() REPRESENTATION_CONTEXT('2D SPACE',''
  ) );
#3611 = PCURVE('',#3612,#3617);
#3612 = PLANE('',#3613);
#3613 = AXIS2_PLACEMENT_3D('',#3614,#3615,#3616);
#3614 = CARTESIAN_POINT('',(181.79285714285,133.,3.2));
#3615 = DIRECTION('',(0.,1.,0.));
#3616 = DIRECTION('',(0.,0.,1.));
#3617 = DEFINITIONAL_REPRESENTATION('',(#3618),#3621);
#3618 = B_SPLINE_CURVE_WITH_KNOTS('',1,(#3619,#3620),.UNSPECIFIED.,.F.,
  .F.,(2,2),(1.873832970144,4.985102807365),.PIECEWISE_BEZIER_KNOTS.);
#3619 = CARTESIAN_POINT('',(3.491544781835E-16,7.8));
#3620 = CARTESIAN_POINT('',(2.2,10.));
#3621 = ( GEOMETRIC_REPRESENTATION_CONTEXT(2) 
PARAMETRIC_REPRESENTATION_CONTEXT() REPRESENTATION_CONTEXT('2D SPACE',''
  ) );
#3622 = ORIENTED_EDGE('',*,*,#3623,.F.);
#3623 = EDGE_CURVE('',#3624,#3598,#3626,.T.);
#3624 = VERTEX_POINT('',#3625);
#3625 = CARTESIAN_POINT('',(191.79285714285,145.,5.4));
#3626 = SURFACE_CURVE('',#3627,(#3631,#3637),.PCURVE_S1.);
#3627 = LINE('',#3628,#3629);
#3628 = CARTESIAN_POINT('',(191.79285714285,141.60421186901,5.4));
#3629 = VECTOR('',#3630,1.);
#3630 = DIRECTION('',(0.,-1.,-1.082163610452E-17));
#3631 = PCURVE('',#1539,#3632);
#3632 = DEFINITIONAL_REPRESENTATION('',(#3633),#3636);
#3633 = B_SPLINE_CURVE_WITH_KNOTS('',1,(#3634,#3635),.UNSPECIFIED.,.F.,
  .F.,(2,2),(-3.395788130986,8.604211869014),.PIECEWISE_BEZIER_KNOTS.);
#3634 = CARTESIAN_POINT('',(-5.208423738028,-1.343502884254));
#3635 = CARTESIAN_POINT('',(-17.20842373802,-1.343502884254));
#3636 = ( GEOMETRIC_REPRESENTATION_CONTEXT(2) 
PARAMETRIC_REPRESENTATION_CONTEXT() REPRESENTATION_CONTEXT('2D SPACE',''
  ) );
#3637 = PCURVE('',#3638,#3643);
#3638 = PLANE('',#3639);
#3639 = AXIS2_PLACEMENT_3D('',#3640,#3641,#3642);
#3640 = CARTESIAN_POINT('',(191.79285714285,133.,3.2));
#3641 = DIRECTION('',(1.,0.,0.));
#3642 = DIRECTION('',(0.,0.,1.));
#3643 = DEFINITIONAL_REPRESENTATION('',(#3644),#3647);
#3644 = B_SPLINE_CURVE_WITH_KNOTS('',1,(#3645,#3646),.UNSPECIFIED.,.F.,
  .F.,(2,2),(-3.395788130986,8.604211869014),.PIECEWISE_BEZIER_KNOTS.);
#3645 = CARTESIAN_POINT('',(2.2,-12.));
#3646 = CARTESIAN_POINT('',(2.2,0.));
#3647 = ( GEOMETRIC_REPRESENTATION_CONTEXT(2) 
PARAMETRIC_REPRESENTATION_CONTEXT() REPRESENTATION_CONTEXT('2D SPACE',''
  ) );
#3648 = ORIENTED_EDGE('',*,*,#3649,.F.);
#3649 = EDGE_CURVE('',#3650,#3624,#3652,.T.);
#3650 = VERTEX_POINT('',#3651);
#3651 = CARTESIAN_POINT('',(189.59285714285,145.,3.2));
#3652 = SURFACE_CURVE('',#3653,(#3657,#3663),.PCURVE_S1.);
#3653 = LINE('',#3654,#3655);
#3654 = CARTESIAN_POINT('',(188.26785714285,145.,1.875));
#3655 = VECTOR('',#3656,1.);
#3656 = DIRECTION('',(0.707106781187,-0.,0.707106781187));
#3657 = PCURVE('',#1539,#3658);
#3658 = DEFINITIONAL_REPRESENTATION('',(#3659),#3662);
#3659 = B_SPLINE_CURVE_WITH_KNOTS('',1,(#3660,#3661),.UNSPECIFIED.,.F.,
  .F.,(2,2),(1.873832970144,4.985102807365),.PIECEWISE_BEZIER_KNOTS.);
#3660 = CARTESIAN_POINT('',(-5.208423738028,1.767766952966));
#3661 = CARTESIAN_POINT('',(-5.208423738028,-1.343502884254));
#3662 = ( GEOMETRIC_REPRESENTATION_CONTEXT(2) 
PARAMETRIC_REPRESENTATION_CONTEXT() REPRESENTATION_CONTEXT('2D SPACE',''
  ) );
#3663 = PCURVE('',#3664,#3669);
#3664 = PLANE('',#3665);
#3665 = AXIS2_PLACEMENT_3D('',#3666,#3667,#3668);
#3666 = CARTESIAN_POINT('',(181.79285714285,145.,3.2));
#3667 = DIRECTION('',(0.,1.,0.));
#3668 = DIRECTION('',(0.,0.,1.));
#3669 = DEFINITIONAL_REPRESENTATION('',(#3670),#3673);
#3670 = B_SPLINE_CURVE_WITH_KNOTS('',1,(#3671,#3672),.UNSPECIFIED.,.F.,
  .F.,(2,2),(1.873832970144,4.985102807365),.PIECEWISE_BEZIER_KNOTS.);
#3671 = CARTESIAN_POINT('',(3.491544781835E-16,7.8));
#3672 = CARTESIAN_POINT('',(2.2,10.));
#3673 = ( GEOMETRIC_REPRESENTATION_CONTEXT(2) 
PARAMETRIC_REPRESENTATION_CONTEXT() REPRESENTATION_CONTEXT('2D SPACE',''
  ) );
#3674 = ORIENTED_EDGE('',*,*,#3675,.F.);
#3675 = EDGE_CURVE('',#3525,#3650,#3676,.T.);
#3676 = SURFACE_CURVE('',#3677,(#3681,#3688),.PCURVE_S1.);
#3677 = LINE('',#3678,#3679);
#3678 = CARTESIAN_POINT('',(189.59285714285,150.20842373802,3.2));
#3679 = VECTOR('',#3680,1.);
#3680 = DIRECTION('',(-0.,-1.,-0.));
#3681 = PCURVE('',#1539,#3682);
#3682 = DEFINITIONAL_REPRESENTATION('',(#3683),#3687);
#3683 = LINE('',#3684,#3685);
#3684 = CARTESIAN_POINT('',(-1.925929944387E-34,1.767766952966));
#3685 = VECTOR('',#3686,1.);
#3686 = DIRECTION('',(-1.,4.900350890384E-34));
#3687 = ( GEOMETRIC_REPRESENTATION_CONTEXT(2) 
PARAMETRIC_REPRESENTATION_CONTEXT() REPRESENTATION_CONTEXT('2D SPACE',''
  ) );
#3688 = PCURVE('',#3585,#3689);
#3689 = DEFINITIONAL_REPRESENTATION('',(#3690),#3694);
#3690 = LINE('',#3691,#3692);
#3691 = CARTESIAN_POINT('',(186.39285714285,147.00842373802));
#3692 = VECTOR('',#3693,1.);
#3693 = DIRECTION('',(0.,-1.));
#3694 = ( GEOMETRIC_REPRESENTATION_CONTEXT(2) 
PARAMETRIC_REPRESENTATION_CONTEXT() REPRESENTATION_CONTEXT('2D SPACE',''
  ) );
#3695 = ADVANCED_FACE('',(#3696),#1512,.T.);
#3696 = FACE_BOUND('',#3697,.T.);
#3697 = EDGE_LOOP('',(#3698,#3699,#3722,#3743,#3764,#3785,#3813,#3834,
    #3855,#3876,#3904,#3932,#3955,#3983,#4011,#4039,#4060));
#3698 = ORIENTED_EDGE('',*,*,#3548,.F.);
#3699 = ORIENTED_EDGE('',*,*,#3700,.T.);
#3700 = EDGE_CURVE('',#3549,#3701,#3703,.T.);
#3701 = VERTEX_POINT('',#3702);
#3702 = CARTESIAN_POINT('',(167.29285714285,124.63302648362,3.2));
#3703 = SURFACE_CURVE('',#3704,(#3708,#3715),.PCURVE_S1.);
#3704 = LINE('',#3705,#3706);
#3705 = CARTESIAN_POINT('',(192.59285714285,124.63302648362,3.2));
#3706 = VECTOR('',#3707,1.);
#3707 = DIRECTION('',(-1.,1.110223024625E-16,0.));
#3708 = PCURVE('',#1512,#3709);
#3709 = DEFINITIONAL_REPRESENTATION('',(#3710),#3714);
#3710 = LINE('',#3711,#3712);
#3711 = CARTESIAN_POINT('',(0.,0.));
#3712 = VECTOR('',#3713,1.);
#3713 = DIRECTION('',(0.,-1.));
#3714 = ( GEOMETRIC_REPRESENTATION_CONTEXT(2) 
PARAMETRIC_REPRESENTATION_CONTEXT() REPRESENTATION_CONTEXT('2D SPACE',''
  ) );
#3715 = PCURVE('',#3585,#3716);
#3716 = DEFINITIONAL_REPRESENTATION('',(#3717),#3721);
#3717 = LINE('',#3718,#3719);
#3718 = CARTESIAN_POINT('',(189.39285714285,121.43302648362));
#3719 = VECTOR('',#3720,1.);
#3720 = DIRECTION('',(-1.,1.110223024625E-16));
#3721 = ( GEOMETRIC_REPRESENTATION_CONTEXT(2) 
PARAMETRIC_REPRESENTATION_CONTEXT() REPRESENTATION_CONTEXT('2D SPACE',''
  ) );
#3722 = ORIENTED_EDGE('',*,*,#3723,.F.);
#3723 = EDGE_CURVE('',#3724,#3701,#3726,.T.);
#3724 = VERTEX_POINT('',#3725);
#3725 = CARTESIAN_POINT('',(167.29285714285,124.63302648362,11.2));
#3726 = SURFACE_CURVE('',#3727,(#3731,#3737),.PCURVE_S1.);
#3727 = LINE('',#3728,#3729);
#3728 = CARTESIAN_POINT('',(167.29285714285,124.63302648362,3.2));
#3729 = VECTOR('',#3730,1.);
#3730 = DIRECTION('',(0.,0.,-1.));
#3731 = PCURVE('',#1512,#3732);
#3732 = DEFINITIONAL_REPRESENTATION('',(#3733),#3736);
#3733 = B_SPLINE_CURVE_WITH_KNOTS('',1,(#3734,#3735),.UNSPECIFIED.,.F.,
  .F.,(2,2),(-8.,0.),.PIECEWISE_BEZIER_KNOTS.);
#3734 = CARTESIAN_POINT('',(8.,-25.3));
#3735 = CARTESIAN_POINT('',(0.,-25.3));
#3736 = ( GEOMETRIC_REPRESENTATION_CONTEXT(2) 
PARAMETRIC_REPRESENTATION_CONTEXT() REPRESENTATION_CONTEXT('2D SPACE',''
  ) );
#3737 = PCURVE('',#1728,#3738);
#3738 = DEFINITIONAL_REPRESENTATION('',(#3739),#3742);
#3739 = B_SPLINE_CURVE_WITH_KNOTS('',1,(#3740,#3741),.UNSPECIFIED.,.F.,
  .F.,(2,2),(-8.,0.),.PIECEWISE_BEZIER_KNOTS.);
#3740 = CARTESIAN_POINT('',(8.,-0.2));
#3741 = CARTESIAN_POINT('',(0.,-0.2));
#3742 = ( GEOMETRIC_REPRESENTATION_CONTEXT(2) 
PARAMETRIC_REPRESENTATION_CONTEXT() REPRESENTATION_CONTEXT('2D SPACE',''
  ) );
#3743 = ORIENTED_EDGE('',*,*,#3744,.F.);
#3744 = EDGE_CURVE('',#3745,#3724,#3747,.T.);
#3745 = VERTEX_POINT('',#3746);
#3746 = CARTESIAN_POINT('',(163.29285714285,124.63302648362,11.2));
#3747 = SURFACE_CURVE('',#3748,(#3752,#3758),.PCURVE_S1.);
#3748 = LINE('',#3749,#3750);
#3749 = CARTESIAN_POINT('',(177.94285714285,124.63302648362,11.2));
#3750 = VECTOR('',#3751,1.);
#3751 = DIRECTION('',(1.,-1.110223024625E-16,0.));
#3752 = PCURVE('',#1512,#3753);
#3753 = DEFINITIONAL_REPRESENTATION('',(#3754),#3757);
#3754 = B_SPLINE_CURVE_WITH_KNOTS('',1,(#3755,#3756),.UNSPECIFIED.,.F.,
  .F.,(2,2),(-14.65,-10.65),.PIECEWISE_BEZIER_KNOTS.);
#3755 = CARTESIAN_POINT('',(8.,-29.3));
#3756 = CARTESIAN_POINT('',(8.,-25.3));
#3757 = ( GEOMETRIC_REPRESENTATION_CONTEXT(2) 
PARAMETRIC_REPRESENTATION_CONTEXT() REPRESENTATION_CONTEXT('2D SPACE',''
  ) );
#3758 = PCURVE('',#1755,#3759);
#3759 = DEFINITIONAL_REPRESENTATION('',(#3760),#3763);
#3760 = B_SPLINE_CURVE_WITH_KNOTS('',1,(#3761,#3762),.UNSPECIFIED.,.F.,
  .F.,(2,2),(-14.65,-10.65),.PIECEWISE_BEZIER_KNOTS.);
#3761 = CARTESIAN_POINT('',(0.,0.2));
#3762 = CARTESIAN_POINT('',(4.,0.2));
#3763 = ( GEOMETRIC_REPRESENTATION_CONTEXT(2) 
PARAMETRIC_REPRESENTATION_CONTEXT() REPRESENTATION_CONTEXT('2D SPACE',''
  ) );
#3764 = ORIENTED_EDGE('',*,*,#3765,.T.);
#3765 = EDGE_CURVE('',#3745,#3766,#3768,.T.);
#3766 = VERTEX_POINT('',#3767);
#3767 = CARTESIAN_POINT('',(163.29285714285,124.63302648362,3.2));
#3768 = SURFACE_CURVE('',#3769,(#3773,#3779),.PCURVE_S1.);
#3769 = LINE('',#3770,#3771);
#3770 = CARTESIAN_POINT('',(163.29285714285,124.63302648362,3.2));
#3771 = VECTOR('',#3772,1.);
#3772 = DIRECTION('',(0.,0.,-1.));
#3773 = PCURVE('',#1512,#3774);
#3774 = DEFINITIONAL_REPRESENTATION('',(#3775),#3778);
#3775 = B_SPLINE_CURVE_WITH_KNOTS('',1,(#3776,#3777),.UNSPECIFIED.,.F.,
  .F.,(2,2),(-8.,0.),.PIECEWISE_BEZIER_KNOTS.);
#3776 = CARTESIAN_POINT('',(8.,-29.3));
#3777 = CARTESIAN_POINT('',(0.,-29.3));
#3778 = ( GEOMETRIC_REPRESENTATION_CONTEXT(2) 
PARAMETRIC_REPRESENTATION_CONTEXT() REPRESENTATION_CONTEXT('2D SPACE',''
  ) );
#3779 = PCURVE('',#1782,#3780);
#3780 = DEFINITIONAL_REPRESENTATION('',(#3781),#3784);
#3781 = B_SPLINE_CURVE_WITH_KNOTS('',1,(#3782,#3783),.UNSPECIFIED.,.F.,
  .F.,(2,2),(-8.,0.),.PIECEWISE_BEZIER_KNOTS.);
#3782 = CARTESIAN_POINT('',(8.,-0.2));
#3783 = CARTESIAN_POINT('',(0.,-0.2));
#3784 = ( GEOMETRIC_REPRESENTATION_CONTEXT(2) 
PARAMETRIC_REPRESENTATION_CONTEXT() REPRESENTATION_CONTEXT('2D SPACE',''
  ) );
#3785 = ORIENTED_EDGE('',*,*,#3786,.T.);
#3786 = EDGE_CURVE('',#3766,#3787,#3789,.T.);
#3787 = VERTEX_POINT('',#3788);
#3788 = CARTESIAN_POINT('',(127.29285714285,124.63302648362,3.2));
#3789 = SURFACE_CURVE('',#3790,(#3794,#3801),.PCURVE_S1.);
#3790 = LINE('',#3791,#3792);
#3791 = CARTESIAN_POINT('',(192.59285714285,124.63302648362,3.2));
#3792 = VECTOR('',#3793,1.);
#3793 = DIRECTION('',(-1.,1.110223024625E-16,0.));
#3794 = PCURVE('',#1512,#3795);
#3795 = DEFINITIONAL_REPRESENTATION('',(#3796),#3800);
#3796 = LINE('',#3797,#3798);
#3797 = CARTESIAN_POINT('',(0.,0.));
#3798 = VECTOR('',#3799,1.);
#3799 = DIRECTION('',(0.,-1.));
#3800 = ( GEOMETRIC_REPRESENTATION_CONTEXT(2) 
PARAMETRIC_REPRESENTATION_CONTEXT() REPRESENTATION_CONTEXT('2D SPACE',''
  ) );
#3801 = PCURVE('',#3802,#3807);
#3802 = PLANE('',#3803);
#3803 = AXIS2_PLACEMENT_3D('',#3804,#3805,#3806);
#3804 = CARTESIAN_POINT('',(3.2,3.2,3.2));
#3805 = DIRECTION('',(0.,0.,1.));
#3806 = DIRECTION('',(1.,0.,0.));
#3807 = DEFINITIONAL_REPRESENTATION('',(#3808),#3812);
#3808 = LINE('',#3809,#3810);
#3809 = CARTESIAN_POINT('',(189.39285714285,121.43302648362));
#3810 = VECTOR('',#3811,1.);
#3811 = DIRECTION('',(-1.,1.110223024625E-16));
#3812 = ( GEOMETRIC_REPRESENTATION_CONTEXT(2) 
PARAMETRIC_REPRESENTATION_CONTEXT() REPRESENTATION_CONTEXT('2D SPACE',''
  ) );
#3813 = ORIENTED_EDGE('',*,*,#3814,.F.);
#3814 = EDGE_CURVE('',#3815,#3787,#3817,.T.);
#3815 = VERTEX_POINT('',#3816);
#3816 = CARTESIAN_POINT('',(127.29285714285,124.63302648362,11.2));
#3817 = SURFACE_CURVE('',#3818,(#3822,#3828),.PCURVE_S1.);
#3818 = LINE('',#3819,#3820);
#3819 = CARTESIAN_POINT('',(127.29285714285,124.63302648362,3.2));
#3820 = VECTOR('',#3821,1.);
#3821 = DIRECTION('',(0.,0.,-1.));
#3822 = PCURVE('',#1512,#3823);
#3823 = DEFINITIONAL_REPRESENTATION('',(#3824),#3827);
#3824 = B_SPLINE_CURVE_WITH_KNOTS('',1,(#3825,#3826),.UNSPECIFIED.,.F.,
  .F.,(2,2),(-8.,0.),.PIECEWISE_BEZIER_KNOTS.);
#3825 = CARTESIAN_POINT('',(8.,-65.3));
#3826 = CARTESIAN_POINT('',(0.,-65.3));
#3827 = ( GEOMETRIC_REPRESENTATION_CONTEXT(2) 
PARAMETRIC_REPRESENTATION_CONTEXT() REPRESENTATION_CONTEXT('2D SPACE',''
  ) );
#3828 = PCURVE('',#1837,#3829);
#3829 = DEFINITIONAL_REPRESENTATION('',(#3830),#3833);
#3830 = B_SPLINE_CURVE_WITH_KNOTS('',1,(#3831,#3832),.UNSPECIFIED.,.F.,
  .F.,(2,2),(-8.,0.),.PIECEWISE_BEZIER_KNOTS.);
#3831 = CARTESIAN_POINT('',(8.,-0.2));
#3832 = CARTESIAN_POINT('',(0.,-0.2));
#3833 = ( GEOMETRIC_REPRESENTATION_CONTEXT(2) 
PARAMETRIC_REPRESENTATION_CONTEXT() REPRESENTATION_CONTEXT('2D SPACE',''
  ) );
#3834 = ORIENTED_EDGE('',*,*,#3835,.F.);
#3835 = EDGE_CURVE('',#3836,#3815,#3838,.T.);
#3836 = VERTEX_POINT('',#3837);
#3837 = CARTESIAN_POINT('',(123.29285714285,124.63302648362,11.2));
#3838 = SURFACE_CURVE('',#3839,(#3843,#3849),.PCURVE_S1.);
#3839 = LINE('',#3840,#3841);
#3840 = CARTESIAN_POINT('',(157.94285714285,124.63302648362,11.2));
#3841 = VECTOR('',#3842,1.);
#3842 = DIRECTION('',(1.,-1.110223024625E-16,0.));
#3843 = PCURVE('',#1512,#3844);
#3844 = DEFINITIONAL_REPRESENTATION('',(#3845),#3848);
#3845 = B_SPLINE_CURVE_WITH_KNOTS('',1,(#3846,#3847),.UNSPECIFIED.,.F.,
  .F.,(2,2),(-34.65,-30.65),.PIECEWISE_BEZIER_KNOTS.);
#3846 = CARTESIAN_POINT('',(8.,-69.3));
#3847 = CARTESIAN_POINT('',(8.,-65.3));
#3848 = ( GEOMETRIC_REPRESENTATION_CONTEXT(2) 
PARAMETRIC_REPRESENTATION_CONTEXT() REPRESENTATION_CONTEXT('2D SPACE',''
  ) );
#3849 = PCURVE('',#1864,#3850);
#3850 = DEFINITIONAL_REPRESENTATION('',(#3851),#3854);
#3851 = B_SPLINE_CURVE_WITH_KNOTS('',1,(#3852,#3853),.UNSPECIFIED.,.F.,
  .F.,(2,2),(-34.65,-30.65),.PIECEWISE_BEZIER_KNOTS.);
#3852 = CARTESIAN_POINT('',(0.,0.2));
#3853 = CARTESIAN_POINT('',(4.,0.2));
#3854 = ( GEOMETRIC_REPRESENTATION_CONTEXT(2) 
PARAMETRIC_REPRESENTATION_CONTEXT() REPRESENTATION_CONTEXT('2D SPACE',''
  ) );
#3855 = ORIENTED_EDGE('',*,*,#3856,.T.);
#3856 = EDGE_CURVE('',#3836,#3857,#3859,.T.);
#3857 = VERTEX_POINT('',#3858);
#3858 = CARTESIAN_POINT('',(123.29285714285,124.63302648362,3.2));
#3859 = SURFACE_CURVE('',#3860,(#3864,#3870),.PCURVE_S1.);
#3860 = LINE('',#3861,#3862);
#3861 = CARTESIAN_POINT('',(123.29285714285,124.63302648362,3.2));
#3862 = VECTOR('',#3863,1.);
#3863 = DIRECTION('',(0.,0.,-1.));
#3864 = PCURVE('',#1512,#3865);
#3865 = DEFINITIONAL_REPRESENTATION('',(#3866),#3869);
#3866 = B_SPLINE_CURVE_WITH_KNOTS('',1,(#3867,#3868),.UNSPECIFIED.,.F.,
  .F.,(2,2),(-8.,0.),.PIECEWISE_BEZIER_KNOTS.);
#3867 = CARTESIAN_POINT('',(8.,-69.3));
#3868 = CARTESIAN_POINT('',(0.,-69.3));
#3869 = ( GEOMETRIC_REPRESENTATION_CONTEXT(2) 
PARAMETRIC_REPRESENTATION_CONTEXT() REPRESENTATION_CONTEXT('2D SPACE',''
  ) );
#3870 = PCURVE('',#1891,#3871);
#3871 = DEFINITIONAL_REPRESENTATION('',(#3872),#3875);
#3872 = B_SPLINE_CURVE_WITH_KNOTS('',1,(#3873,#3874),.UNSPECIFIED.,.F.,
  .F.,(2,2),(-8.,0.),.PIECEWISE_BEZIER_KNOTS.);
#3873 = CARTESIAN_POINT('',(8.,-0.2));
#3874 = CARTESIAN_POINT('',(0.,-0.2));
#3875 = ( GEOMETRIC_REPRESENTATION_CONTEXT(2) 
PARAMETRIC_REPRESENTATION_CONTEXT() REPRESENTATION_CONTEXT('2D SPACE',''
  ) );
#3876 = ORIENTED_EDGE('',*,*,#3877,.T.);
#3877 = EDGE_CURVE('',#3857,#3878,#3880,.T.);
#3878 = VERTEX_POINT('',#3879);
#3879 = CARTESIAN_POINT('',(103.84285714285,124.63302648362,3.2));
#3880 = SURFACE_CURVE('',#3881,(#3885,#3892),.PCURVE_S1.);
#3881 = LINE('',#3882,#3883);
#3882 = CARTESIAN_POINT('',(192.59285714285,124.63302648362,3.2));
#3883 = VECTOR('',#3884,1.);
#3884 = DIRECTION('',(-1.,1.110223024625E-16,0.));
#3885 = PCURVE('',#1512,#3886);
#3886 = DEFINITIONAL_REPRESENTATION('',(#3887),#3891);
#3887 = LINE('',#3888,#3889);
#3888 = CARTESIAN_POINT('',(0.,0.));
#3889 = VECTOR('',#3890,1.);
#3890 = DIRECTION('',(0.,-1.));
#3891 = ( GEOMETRIC_REPRESENTATION_CONTEXT(2) 
PARAMETRIC_REPRESENTATION_CONTEXT() REPRESENTATION_CONTEXT('2D SPACE',''
  ) );
#3892 = PCURVE('',#3893,#3898);
#3893 = PLANE('',#3894);
#3894 = AXIS2_PLACEMENT_3D('',#3895,#3896,#3897);
#3895 = CARTESIAN_POINT('',(3.2,3.2,3.2));
#3896 = DIRECTION('',(0.,0.,1.));
#3897 = DIRECTION('',(1.,0.,0.));
#3898 = DEFINITIONAL_REPRESENTATION('',(#3899),#3903);
#3899 = LINE('',#3900,#3901);
#3900 = CARTESIAN_POINT('',(189.39285714285,121.43302648362));
#3901 = VECTOR('',#3902,1.);
#3902 = DIRECTION('',(-1.,1.110223024625E-16));
#3903 = ( GEOMETRIC_REPRESENTATION_CONTEXT(2) 
PARAMETRIC_REPRESENTATION_CONTEXT() REPRESENTATION_CONTEXT('2D SPACE',''
  ) );
#3904 = ORIENTED_EDGE('',*,*,#3905,.F.);
#3905 = EDGE_CURVE('',#3906,#3878,#3908,.T.);
#3906 = VERTEX_POINT('',#3907);
#3907 = CARTESIAN_POINT('',(103.84285714285,124.63302648362,
    40.482630386107));
#3908 = SURFACE_CURVE('',#3909,(#3913,#3920),.PCURVE_S1.);
#3909 = LINE('',#3910,#3911);
#3910 = CARTESIAN_POINT('',(103.84285714285,124.63302648362,
    40.482630386107));
#3911 = VECTOR('',#3912,1.);
#3912 = DIRECTION('',(0.,0.,-1.));
#3913 = PCURVE('',#1512,#3914);
#3914 = DEFINITIONAL_REPRESENTATION('',(#3915),#3919);
#3915 = LINE('',#3916,#3917);
#3916 = CARTESIAN_POINT('',(37.282630386107,-88.75));
#3917 = VECTOR('',#3918,1.);
#3918 = DIRECTION('',(-1.,0.));
#3919 = ( GEOMETRIC_REPRESENTATION_CONTEXT(2) 
PARAMETRIC_REPRESENTATION_CONTEXT() REPRESENTATION_CONTEXT('2D SPACE',''
  ) );
#3920 = PCURVE('',#3921,#3926);
#3921 = PLANE('',#3922);
#3922 = AXIS2_PLACEMENT_3D('',#3923,#3924,#3925);
#3923 = CARTESIAN_POINT('',(103.84285714285,7.763026483627,3.2));
#3924 = DIRECTION('',(-1.,1.110223024625E-16,0.));
#3925 = DIRECTION('',(0.,0.,1.));
#3926 = DEFINITIONAL_REPRESENTATION('',(#3927),#3931);
#3927 = LINE('',#3928,#3929);
#3928 = CARTESIAN_POINT('',(37.282630386107,116.87));
#3929 = VECTOR('',#3930,1.);
#3930 = DIRECTION('',(-1.,0.));
#3931 = ( GEOMETRIC_REPRESENTATION_CONTEXT(2) 
PARAMETRIC_REPRESENTATION_CONTEXT() REPRESENTATION_CONTEXT('2D SPACE',''
  ) );
#3932 = ORIENTED_EDGE('',*,*,#3933,.T.);
#3933 = EDGE_CURVE('',#3906,#3934,#3936,.T.);
#3934 = VERTEX_POINT('',#3935);
#3935 = CARTESIAN_POINT('',(142.21785714285,124.63302648362,
    40.482630386107));
#3936 = SURFACE_CURVE('',#3937,(#3941,#3948),.PCURVE_S1.);
#3937 = LINE('',#3938,#3939);
#3938 = CARTESIAN_POINT('',(270.40535714285,124.63302648362,
    40.482630386107));
#3939 = VECTOR('',#3940,1.);
#3940 = DIRECTION('',(1.,-1.110223024625E-16,0.));
#3941 = PCURVE('',#1512,#3942);
#3942 = DEFINITIONAL_REPRESENTATION('',(#3943),#3947);
#3943 = LINE('',#3944,#3945);
#3944 = CARTESIAN_POINT('',(37.282630386107,77.8125));
#3945 = VECTOR('',#3946,1.);
#3946 = DIRECTION('',(0.,1.));
#3947 = ( GEOMETRIC_REPRESENTATION_CONTEXT(2) 
PARAMETRIC_REPRESENTATION_CONTEXT() REPRESENTATION_CONTEXT('2D SPACE',''
  ) );
#3948 = PCURVE('',#1486,#3949);
#3949 = DEFINITIONAL_REPRESENTATION('',(#3950),#3954);
#3950 = LINE('',#3951,#3952);
#3951 = CARTESIAN_POINT('',(259.8533662671,77.8125));
#3952 = VECTOR('',#3953,1.);
#3953 = DIRECTION('',(0.,-1.));
#3954 = ( GEOMETRIC_REPRESENTATION_CONTEXT(2) 
PARAMETRIC_REPRESENTATION_CONTEXT() REPRESENTATION_CONTEXT('2D SPACE',''
  ) );
#3955 = ORIENTED_EDGE('',*,*,#3956,.F.);
#3956 = EDGE_CURVE('',#3957,#3934,#3959,.T.);
#3957 = VERTEX_POINT('',#3958);
#3958 = CARTESIAN_POINT('',(142.21785714285,124.63302648362,
    16.433443998149));
#3959 = SURFACE_CURVE('',#3960,(#3964,#3971),.PCURVE_S1.);
#3960 = LINE('',#3961,#3962);
#3961 = CARTESIAN_POINT('',(142.21785714285,124.63302648362,
    16.433443998149));
#3962 = VECTOR('',#3963,1.);
#3963 = DIRECTION('',(0.,0.,1.));
#3964 = PCURVE('',#1512,#3965);
#3965 = DEFINITIONAL_REPRESENTATION('',(#3966),#3970);
#3966 = LINE('',#3967,#3968);
#3967 = CARTESIAN_POINT('',(13.233443998149,-50.375));
#3968 = VECTOR('',#3969,1.);
#3969 = DIRECTION('',(1.,0.));
#3970 = ( GEOMETRIC_REPRESENTATION_CONTEXT(2) 
PARAMETRIC_REPRESENTATION_CONTEXT() REPRESENTATION_CONTEXT('2D SPACE',''
  ) );
#3971 = PCURVE('',#3972,#3977);
#3972 = PLANE('',#3973);
#3973 = AXIS2_PLACEMENT_3D('',#3974,#3975,#3976);
#3974 = CARTESIAN_POINT('',(142.21785714285,121.13302648362,
    16.433443998149));
#3975 = DIRECTION('',(-1.,1.110223024625E-16,0.));
#3976 = DIRECTION('',(0.,0.,1.));
#3977 = DEFINITIONAL_REPRESENTATION('',(#3978),#3982);
#3978 = LINE('',#3979,#3980);
#3979 = CARTESIAN_POINT('',(0.,3.5));
#3980 = VECTOR('',#3981,1.);
#3981 = DIRECTION('',(1.,0.));
#3982 = ( GEOMETRIC_REPRESENTATION_CONTEXT(2) 
PARAMETRIC_REPRESENTATION_CONTEXT() REPRESENTATION_CONTEXT('2D SPACE',''
  ) );
#3983 = ORIENTED_EDGE('',*,*,#3984,.F.);
#3984 = EDGE_CURVE('',#3985,#3957,#3987,.T.);
#3985 = VERTEX_POINT('',#3986);
#3986 = CARTESIAN_POINT('',(154.21785714285,124.63302648362,
    16.433443998149));
#3987 = SURFACE_CURVE('',#3988,(#3992,#3999),.PCURVE_S1.);
#3988 = LINE('',#3989,#3990);
#3989 = CARTESIAN_POINT('',(192.59285714285,124.63302648362,
    16.433443998149));
#3990 = VECTOR('',#3991,1.);
#3991 = DIRECTION('',(-1.,1.110223024625E-16,0.));
#3992 = PCURVE('',#1512,#3993);
#3993 = DEFINITIONAL_REPRESENTATION('',(#3994),#3998);
#3994 = LINE('',#3995,#3996);
#3995 = CARTESIAN_POINT('',(13.233443998149,0.));
#3996 = VECTOR('',#3997,1.);
#3997 = DIRECTION('',(0.,-1.));
#3998 = ( GEOMETRIC_REPRESENTATION_CONTEXT(2) 
PARAMETRIC_REPRESENTATION_CONTEXT() REPRESENTATION_CONTEXT('2D SPACE',''
  ) );
#3999 = PCURVE('',#4000,#4005);
#4000 = PLANE('',#4001);
#4001 = AXIS2_PLACEMENT_3D('',#4002,#4003,#4004);
#4002 = CARTESIAN_POINT('',(192.59285714285,7.763026483627,
    16.433443998149));
#4003 = DIRECTION('',(0.,0.,1.));
#4004 = DIRECTION('',(1.110223024625E-16,1.,0.));
#4005 = DEFINITIONAL_REPRESENTATION('',(#4006),#4010);
#4006 = LINE('',#4007,#4008);
#4007 = CARTESIAN_POINT('',(116.87,1.297517648879E-14));
#4008 = VECTOR('',#4009,1.);
#4009 = DIRECTION('',(0.,1.));
#4010 = ( GEOMETRIC_REPRESENTATION_CONTEXT(2) 
PARAMETRIC_REPRESENTATION_CONTEXT() REPRESENTATION_CONTEXT('2D SPACE',''
  ) );
#4011 = ORIENTED_EDGE('',*,*,#4012,.T.);
#4012 = EDGE_CURVE('',#3985,#4013,#4015,.T.);
#4013 = VERTEX_POINT('',#4014);
#4014 = CARTESIAN_POINT('',(154.21785714285,124.63302648362,
    40.482630386107));
#4015 = SURFACE_CURVE('',#4016,(#4020,#4027),.PCURVE_S1.);
#4016 = LINE('',#4017,#4018);
#4017 = CARTESIAN_POINT('',(154.21785714285,124.63302648362,
    16.433443998149));
#4018 = VECTOR('',#4019,1.);
#4019 = DIRECTION('',(0.,0.,1.));
#4020 = PCURVE('',#1512,#4021);
#4021 = DEFINITIONAL_REPRESENTATION('',(#4022),#4026);
#4022 = LINE('',#4023,#4024);
#4023 = CARTESIAN_POINT('',(13.233443998149,-38.375));
#4024 = VECTOR('',#4025,1.);
#4025 = DIRECTION('',(1.,0.));
#4026 = ( GEOMETRIC_REPRESENTATION_CONTEXT(2) 
PARAMETRIC_REPRESENTATION_CONTEXT() REPRESENTATION_CONTEXT('2D SPACE',''
  ) );
#4027 = PCURVE('',#4028,#4033);
#4028 = PLANE('',#4029);
#4029 = AXIS2_PLACEMENT_3D('',#4030,#4031,#4032);
#4030 = CARTESIAN_POINT('',(154.21785714285,121.13302648362,
    16.433443998149));
#4031 = DIRECTION('',(-1.,1.110223024625E-16,0.));
#4032 = DIRECTION('',(0.,0.,1.));
#4033 = DEFINITIONAL_REPRESENTATION('',(#4034),#4038);
#4034 = LINE('',#4035,#4036);
#4035 = CARTESIAN_POINT('',(0.,3.5));
#4036 = VECTOR('',#4037,1.);
#4037 = DIRECTION('',(1.,0.));
#4038 = ( GEOMETRIC_REPRESENTATION_CONTEXT(2) 
PARAMETRIC_REPRESENTATION_CONTEXT() REPRESENTATION_CONTEXT('2D SPACE',''
  ) );
#4039 = ORIENTED_EDGE('',*,*,#4040,.T.);
#4040 = EDGE_CURVE('',#4013,#1472,#4041,.T.);
#4041 = SURFACE_CURVE('',#4042,(#4046,#4053),.PCURVE_S1.);
#4042 = LINE('',#4043,#4044);
#4043 = CARTESIAN_POINT('',(270.40535714285,124.63302648362,
    40.482630386107));
#4044 = VECTOR('',#4045,1.);
#4045 = DIRECTION('',(1.,-1.110223024625E-16,0.));
#4046 = PCURVE('',#1512,#4047);
#4047 = DEFINITIONAL_REPRESENTATION('',(#4048),#4052);
#4048 = LINE('',#4049,#4050);
#4049 = CARTESIAN_POINT('',(37.282630386107,77.8125));
#4050 = VECTOR('',#4051,1.);
#4051 = DIRECTION('',(0.,1.));
#4052 = ( GEOMETRIC_REPRESENTATION_CONTEXT(2) 
PARAMETRIC_REPRESENTATION_CONTEXT() REPRESENTATION_CONTEXT('2D SPACE',''
  ) );
#4053 = PCURVE('',#1486,#4054);
#4054 = DEFINITIONAL_REPRESENTATION('',(#4055),#4059);
#4055 = LINE('',#4056,#4057);
#4056 = CARTESIAN_POINT('',(259.8533662671,77.8125));
#4057 = VECTOR('',#4058,1.);
#4058 = DIRECTION('',(0.,-1.));
#4059 = ( GEOMETRIC_REPRESENTATION_CONTEXT(2) 
PARAMETRIC_REPRESENTATION_CONTEXT() REPRESENTATION_CONTEXT('2D SPACE',''
  ) );
#4060 = ORIENTED_EDGE('',*,*,#1497,.F.);
#4061 = ADVANCED_FACE('',(#4062),#1486,.T.);
#4062 = FACE_BOUND('',#4063,.T.);
#4063 = EDGE_LOOP('',(#4064,#4087,#4108,#4109,#4110,#4133,#4161,#4189,
    #4217,#4245,#4273,#4301,#4324,#4352,#4380,#4408,#4431,#4459,#4487,
    #4515,#4543,#4571,#4599,#4620));
#4064 = ORIENTED_EDGE('',*,*,#4065,.T.);
#4065 = EDGE_CURVE('',#3906,#4066,#4068,.T.);
#4066 = VERTEX_POINT('',#4067);
#4067 = CARTESIAN_POINT('',(103.84285714285,7.763026483627,
    14.576937690892));
#4068 = SURFACE_CURVE('',#4069,(#4073,#4080),.PCURVE_S1.);
#4069 = LINE('',#4070,#4071);
#4070 = CARTESIAN_POINT('',(103.84285714285,124.63302648362,
    40.482630386107));
#4071 = VECTOR('',#4072,1.);
#4072 = DIRECTION('',(-1.083913679215E-16,-0.976302648363,
    -0.216409655053));
#4073 = PCURVE('',#1486,#4074);
#4074 = DEFINITIONAL_REPRESENTATION('',(#4075),#4079);
#4075 = LINE('',#4076,#4077);
#4076 = CARTESIAN_POINT('',(259.8533662671,244.375));
#4077 = VECTOR('',#4078,1.);
#4078 = DIRECTION('',(-1.,0.));
#4079 = ( GEOMETRIC_REPRESENTATION_CONTEXT(2) 
PARAMETRIC_REPRESENTATION_CONTEXT() REPRESENTATION_CONTEXT('2D SPACE',''
  ) );
#4080 = PCURVE('',#3921,#4081);
#4081 = DEFINITIONAL_REPRESENTATION('',(#4082),#4086);
#4082 = LINE('',#4083,#4084);
#4083 = CARTESIAN_POINT('',(37.282630386107,116.87));
#4084 = VECTOR('',#4085,1.);
#4085 = DIRECTION('',(-0.216409655053,-0.976302648363));
#4086 = ( GEOMETRIC_REPRESENTATION_CONTEXT(2) 
PARAMETRIC_REPRESENTATION_CONTEXT() REPRESENTATION_CONTEXT('2D SPACE',''
  ) );
#4087 = ORIENTED_EDGE('',*,*,#4088,.T.);
#4088 = EDGE_CURVE('',#4066,#1446,#4089,.T.);
#4089 = SURFACE_CURVE('',#4090,(#4094,#4101),.PCURVE_S1.);
#4090 = LINE('',#4091,#4092);
#4091 = CARTESIAN_POINT('',(270.40535714285,7.763026483627,
    14.576937690892));
#4092 = VECTOR('',#4093,1.);
#4093 = DIRECTION('',(1.,-1.110223024625E-16,0.));
#4094 = PCURVE('',#1486,#4095);
#4095 = DEFINITIONAL_REPRESENTATION('',(#4096),#4100);
#4096 = LINE('',#4097,#4098);
#4097 = CARTESIAN_POINT('',(140.14663373289,77.8125));
#4098 = VECTOR('',#4099,1.);
#4099 = DIRECTION('',(0.,-1.));
#4100 = ( GEOMETRIC_REPRESENTATION_CONTEXT(2) 
PARAMETRIC_REPRESENTATION_CONTEXT() REPRESENTATION_CONTEXT('2D SPACE',''
  ) );
#4101 = PCURVE('',#1460,#4102);
#4102 = DEFINITIONAL_REPRESENTATION('',(#4103),#4107);
#4103 = LINE('',#4104,#4105);
#4104 = CARTESIAN_POINT('',(11.376937690892,77.8125));
#4105 = VECTOR('',#4106,1.);
#4106 = DIRECTION('',(0.,1.));
#4107 = ( GEOMETRIC_REPRESENTATION_CONTEXT(2) 
PARAMETRIC_REPRESENTATION_CONTEXT() REPRESENTATION_CONTEXT('2D SPACE',''
  ) );
#4108 = ORIENTED_EDGE('',*,*,#1471,.F.);
#4109 = ORIENTED_EDGE('',*,*,#4040,.F.);
#4110 = ORIENTED_EDGE('',*,*,#4111,.T.);
#4111 = EDGE_CURVE('',#4013,#4112,#4114,.T.);
#4112 = VERTEX_POINT('',#4113);
#4113 = CARTESIAN_POINT('',(154.21785714285,123.03302648362,
    40.127970436484));
#4114 = SURFACE_CURVE('',#4115,(#4119,#4126),.PCURVE_S1.);
#4115 = LINE('',#4116,#4117);
#4116 = CARTESIAN_POINT('',(154.21785714285,-6.423352274522,
    11.432349956089));
#4117 = VECTOR('',#4118,1.);
#4118 = DIRECTION('',(-1.083913679215E-16,-0.976302648363,
    -0.216409655053));
#4119 = PCURVE('',#1486,#4120);
#4120 = DEFINITIONAL_REPRESENTATION('',(#4121),#4125);
#4121 = LINE('',#4122,#4123);
#4122 = CARTESIAN_POINT('',(125.61591543366,194.));
#4123 = VECTOR('',#4124,1.);
#4124 = DIRECTION('',(-1.,0.));
#4125 = ( GEOMETRIC_REPRESENTATION_CONTEXT(2) 
PARAMETRIC_REPRESENTATION_CONTEXT() REPRESENTATION_CONTEXT('2D SPACE',''
  ) );
#4126 = PCURVE('',#4028,#4127);
#4127 = DEFINITIONAL_REPRESENTATION('',(#4128),#4132);
#4128 = LINE('',#4129,#4130);
#4129 = CARTESIAN_POINT('',(-5.00109404206,-127.5563787581));
#4130 = VECTOR('',#4131,1.);
#4131 = DIRECTION('',(-0.216409655053,-0.976302648363));
#4132 = ( GEOMETRIC_REPRESENTATION_CONTEXT(2) 
PARAMETRIC_REPRESENTATION_CONTEXT() REPRESENTATION_CONTEXT('2D SPACE',''
  ) );
#4133 = ORIENTED_EDGE('',*,*,#4134,.T.);
#4134 = EDGE_CURVE('',#4112,#4135,#4137,.T.);
#4135 = VERTEX_POINT('',#4136);
#4136 = CARTESIAN_POINT('',(187.79285714285,123.03302648362,
    40.127970436484));
#4137 = SURFACE_CURVE('',#4138,(#4142,#4149),.PCURVE_S1.);
#4138 = LINE('',#4139,#4140);
#4139 = CARTESIAN_POINT('',(268.00535714285,123.03302648362,
    40.127970436484));
#4140 = VECTOR('',#4141,1.);
#4141 = DIRECTION('',(1.,-1.110223024625E-16,0.));
#4142 = PCURVE('',#1486,#4143);
#4143 = DEFINITIONAL_REPRESENTATION('',(#4144),#4148);
#4144 = LINE('',#4145,#4146);
#4145 = CARTESIAN_POINT('',(258.21453019237,80.2125));
#4146 = VECTOR('',#4147,1.);
#4147 = DIRECTION('',(0.,-1.));
#4148 = ( GEOMETRIC_REPRESENTATION_CONTEXT(2) 
PARAMETRIC_REPRESENTATION_CONTEXT() REPRESENTATION_CONTEXT('2D SPACE',''
  ) );
#4149 = PCURVE('',#4150,#4155);
#4150 = PLANE('',#4151);
#4151 = AXIS2_PLACEMENT_3D('',#4152,#4153,#4154);
#4152 = CARTESIAN_POINT('',(187.79285714285,123.03302648362,
    16.433443998149));
#4153 = DIRECTION('',(1.110223024625E-16,1.,0.));
#4154 = DIRECTION('',(0.,0.,1.));
#4155 = DEFINITIONAL_REPRESENTATION('',(#4156),#4160);
#4156 = LINE('',#4157,#4158);
#4157 = CARTESIAN_POINT('',(23.694526438335,80.2125));
#4158 = VECTOR('',#4159,1.);
#4159 = DIRECTION('',(0.,1.));
#4160 = ( GEOMETRIC_REPRESENTATION_CONTEXT(2) 
PARAMETRIC_REPRESENTATION_CONTEXT() REPRESENTATION_CONTEXT('2D SPACE',''
  ) );
#4161 = ORIENTED_EDGE('',*,*,#4162,.F.);
#4162 = EDGE_CURVE('',#4163,#4135,#4165,.T.);
#4163 = VERTEX_POINT('',#4164);
#4164 = CARTESIAN_POINT('',(187.79285714285,104.89302648362,
    36.107013257643));
#4165 = SURFACE_CURVE('',#4166,(#4170,#4177),.PCURVE_S1.);
#4166 = LINE('',#4167,#4168);
#4167 = CARTESIAN_POINT('',(187.79285714285,-59.69108231268,
    -0.3751065763));
#4168 = VECTOR('',#4169,1.);
#4169 = DIRECTION('',(1.083913679215E-16,0.976302648363,0.216409655053)
  );
#4170 = PCURVE('',#1486,#4171);
#4171 = DEFINITIONAL_REPRESENTATION('',(#4172),#4176);
#4172 = LINE('',#4173,#4174);
#4173 = CARTESIAN_POINT('',(71.055241929914,160.425));
#4174 = VECTOR('',#4175,1.);
#4175 = DIRECTION('',(1.,0.));
#4176 = ( GEOMETRIC_REPRESENTATION_CONTEXT(2) 
PARAMETRIC_REPRESENTATION_CONTEXT() REPRESENTATION_CONTEXT('2D SPACE',''
  ) );
#4177 = PCURVE('',#4178,#4183);
#4178 = PLANE('',#4179);
#4179 = AXIS2_PLACEMENT_3D('',#4180,#4181,#4182);
#4180 = CARTESIAN_POINT('',(187.79285714285,9.363026483627,
    16.433443998149));
#4181 = DIRECTION('',(-1.,1.110223024625E-16,0.));
#4182 = DIRECTION('',(0.,0.,1.));
#4183 = DEFINITIONAL_REPRESENTATION('',(#4184),#4188);
#4184 = LINE('',#4185,#4186);
#4185 = CARTESIAN_POINT('',(-16.80855057444,-69.05410879631));
#4186 = VECTOR('',#4187,1.);
#4187 = DIRECTION('',(0.216409655053,0.976302648363));
#4188 = ( GEOMETRIC_REPRESENTATION_CONTEXT(2) 
PARAMETRIC_REPRESENTATION_CONTEXT() REPRESENTATION_CONTEXT('2D SPACE',''
  ) );
#4189 = ORIENTED_EDGE('',*,*,#4190,.F.);
#4190 = EDGE_CURVE('',#4191,#4163,#4193,.T.);
#4191 = VERTEX_POINT('',#4192);
#4192 = CARTESIAN_POINT('',(190.54285714285,104.89302648362,
    36.107013257643));
#4193 = SURFACE_CURVE('',#4194,(#4198,#4205),.PCURVE_S1.);
#4194 = LINE('',#4195,#4196);
#4195 = CARTESIAN_POINT('',(269.38035714285,104.89302648362,
    36.107013257643));
#4196 = VECTOR('',#4197,1.);
#4197 = DIRECTION('',(-1.,1.110223024625E-16,0.));
#4198 = PCURVE('',#1486,#4199);
#4199 = DEFINITIONAL_REPRESENTATION('',(#4200),#4204);
#4200 = LINE('',#4201,#4202);
#4201 = CARTESIAN_POINT('',(239.63422619501,78.8375));
#4202 = VECTOR('',#4203,1.);
#4203 = DIRECTION('',(0.,1.));
#4204 = ( GEOMETRIC_REPRESENTATION_CONTEXT(2) 
PARAMETRIC_REPRESENTATION_CONTEXT() REPRESENTATION_CONTEXT('2D SPACE',''
  ) );
#4205 = PCURVE('',#4206,#4211);
#4206 = PLANE('',#4207);
#4207 = AXIS2_PLACEMENT_3D('',#4208,#4209,#4210);
#4208 = CARTESIAN_POINT('',(190.54285714285,104.89302648362,
    16.433443998149));
#4209 = DIRECTION('',(1.110223024625E-16,1.,0.));
#4210 = DIRECTION('',(0.,0.,1.));
#4211 = DEFINITIONAL_REPRESENTATION('',(#4212),#4216);
#4212 = LINE('',#4213,#4214);
#4213 = CARTESIAN_POINT('',(19.673569259494,78.8375));
#4214 = VECTOR('',#4215,1.);
#4215 = DIRECTION('',(0.,-1.));
#4216 = ( GEOMETRIC_REPRESENTATION_CONTEXT(2) 
PARAMETRIC_REPRESENTATION_CONTEXT() REPRESENTATION_CONTEXT('2D SPACE',''
  ) );
#4217 = ORIENTED_EDGE('',*,*,#4218,.T.);
#4218 = EDGE_CURVE('',#4191,#4219,#4221,.T.);
#4219 = VERTEX_POINT('',#4220);
#4220 = CARTESIAN_POINT('',(190.54285714285,90.893026483627,
    33.003738698449));
#4221 = SURFACE_CURVE('',#4222,(#4226,#4233),.PCURVE_S1.);
#4222 = LINE('',#4223,#4224);
#4223 = CARTESIAN_POINT('',(190.54285714285,-20.83523521586,
    8.237776407378));
#4224 = VECTOR('',#4225,1.);
#4225 = DIRECTION('',(-1.083913679215E-16,-0.976302648363,
    -0.216409655053));
#4226 = PCURVE('',#1486,#4227);
#4227 = DEFINITIONAL_REPRESENTATION('',(#4228),#4232);
#4228 = LINE('',#4229,#4230);
#4229 = CARTESIAN_POINT('',(110.85421939041,157.675));
#4230 = VECTOR('',#4231,1.);
#4231 = DIRECTION('',(-1.,0.));
#4232 = ( GEOMETRIC_REPRESENTATION_CONTEXT(2) 
PARAMETRIC_REPRESENTATION_CONTEXT() REPRESENTATION_CONTEXT('2D SPACE',''
  ) );
#4233 = PCURVE('',#4234,#4239);
#4234 = PLANE('',#4235);
#4235 = AXIS2_PLACEMENT_3D('',#4236,#4237,#4238);
#4236 = CARTESIAN_POINT('',(190.54285714285,90.893026483627,
    16.433443998149));
#4237 = DIRECTION('',(-1.,1.110223024625E-16,0.));
#4238 = DIRECTION('',(0.,0.,1.));
#4239 = DEFINITIONAL_REPRESENTATION('',(#4240),#4244);
#4240 = LINE('',#4241,#4242);
#4241 = CARTESIAN_POINT('',(-8.195667590771,-111.7282616994));
#4242 = VECTOR('',#4243,1.);
#4243 = DIRECTION('',(-0.216409655053,-0.976302648363));
#4244 = ( GEOMETRIC_REPRESENTATION_CONTEXT(2) 
PARAMETRIC_REPRESENTATION_CONTEXT() REPRESENTATION_CONTEXT('2D SPACE',''
  ) );
#4245 = ORIENTED_EDGE('',*,*,#4246,.T.);
#4246 = EDGE_CURVE('',#4219,#4247,#4249,.T.);
#4247 = VERTEX_POINT('',#4248);
#4248 = CARTESIAN_POINT('',(187.79285714285,90.893026483627,
    33.003738698449));
#4249 = SURFACE_CURVE('',#4250,(#4254,#4261),.PCURVE_S1.);
#4250 = LINE('',#4251,#4252);
#4251 = CARTESIAN_POINT('',(269.38035714285,90.893026483627,
    33.003738698449));
#4252 = VECTOR('',#4253,1.);
#4253 = DIRECTION('',(-1.,1.110223024625E-16,0.));
#4254 = PCURVE('',#1486,#4255);
#4255 = DEFINITIONAL_REPRESENTATION('',(#4256),#4260);
#4256 = LINE('',#4257,#4258);
#4257 = CARTESIAN_POINT('',(225.29441054105,78.8375));
#4258 = VECTOR('',#4259,1.);
#4259 = DIRECTION('',(0.,1.));
#4260 = ( GEOMETRIC_REPRESENTATION_CONTEXT(2) 
PARAMETRIC_REPRESENTATION_CONTEXT() REPRESENTATION_CONTEXT('2D SPACE',''
  ) );
#4261 = PCURVE('',#4262,#4267);
#4262 = PLANE('',#4263);
#4263 = AXIS2_PLACEMENT_3D('',#4264,#4265,#4266);
#4264 = CARTESIAN_POINT('',(190.54285714285,90.893026483627,
    16.433443998149));
#4265 = DIRECTION('',(1.110223024625E-16,1.,0.));
#4266 = DIRECTION('',(0.,0.,1.));
#4267 = DEFINITIONAL_REPRESENTATION('',(#4268),#4272);
#4268 = LINE('',#4269,#4270);
#4269 = CARTESIAN_POINT('',(16.5702947003,78.8375));
#4270 = VECTOR('',#4271,1.);
#4271 = DIRECTION('',(0.,-1.));
#4272 = ( GEOMETRIC_REPRESENTATION_CONTEXT(2) 
PARAMETRIC_REPRESENTATION_CONTEXT() REPRESENTATION_CONTEXT('2D SPACE',''
  ) );
#4273 = ORIENTED_EDGE('',*,*,#4274,.F.);
#4274 = EDGE_CURVE('',#4275,#4247,#4277,.T.);
#4275 = VERTEX_POINT('',#4276);
#4276 = CARTESIAN_POINT('',(187.79285714285,16.138401528864,
    16.433443998149));
#4277 = SURFACE_CURVE('',#4278,(#4282,#4289),.PCURVE_S1.);
#4278 = LINE('',#4279,#4280);
#4279 = CARTESIAN_POINT('',(187.79285714285,-59.69108231268,
    -0.3751065763));
#4280 = VECTOR('',#4281,1.);
#4281 = DIRECTION('',(1.083913679215E-16,0.976302648363,0.216409655053)
  );
#4282 = PCURVE('',#1486,#4283);
#4283 = DEFINITIONAL_REPRESENTATION('',(#4284),#4288);
#4284 = LINE('',#4285,#4286);
#4285 = CARTESIAN_POINT('',(71.055241929914,160.425));
#4286 = VECTOR('',#4287,1.);
#4287 = DIRECTION('',(1.,0.));
#4288 = ( GEOMETRIC_REPRESENTATION_CONTEXT(2) 
PARAMETRIC_REPRESENTATION_CONTEXT() REPRESENTATION_CONTEXT('2D SPACE',''
  ) );
#4289 = PCURVE('',#4290,#4295);
#4290 = PLANE('',#4291);
#4291 = AXIS2_PLACEMENT_3D('',#4292,#4293,#4294);
#4292 = CARTESIAN_POINT('',(187.79285714285,9.363026483627,
    16.433443998149));
#4293 = DIRECTION('',(-1.,1.110223024625E-16,0.));
#4294 = DIRECTION('',(0.,0.,1.));
#4295 = DEFINITIONAL_REPRESENTATION('',(#4296),#4300);
#4296 = LINE('',#4297,#4298);
#4297 = CARTESIAN_POINT('',(-16.80855057444,-69.05410879631));
#4298 = VECTOR('',#4299,1.);
#4299 = DIRECTION('',(0.216409655053,0.976302648363));
#4300 = ( GEOMETRIC_REPRESENTATION_CONTEXT(2) 
PARAMETRIC_REPRESENTATION_CONTEXT() REPRESENTATION_CONTEXT('2D SPACE',''
  ) );
#4301 = ORIENTED_EDGE('',*,*,#4302,.F.);
#4302 = EDGE_CURVE('',#4303,#4275,#4305,.T.);
#4303 = VERTEX_POINT('',#4304);
#4304 = CARTESIAN_POINT('',(187.39285714285,16.138401528864,
    16.433443998149));
#4305 = SURFACE_CURVE('',#4306,(#4310,#4317),.PCURVE_S1.);
#4306 = LINE('',#4307,#4308);
#4307 = CARTESIAN_POINT('',(270.40535714285,16.138401528864,
    16.433443998149));
#4308 = VECTOR('',#4309,1.);
#4309 = DIRECTION('',(1.,-1.110223024625E-16,0.));
#4310 = PCURVE('',#1486,#4311);
#4311 = DEFINITIONAL_REPRESENTATION('',(#4312),#4316);
#4312 = LINE('',#4313,#4314);
#4313 = CARTESIAN_POINT('',(148.72530046014,77.8125));
#4314 = VECTOR('',#4315,1.);
#4315 = DIRECTION('',(0.,-1.));
#4316 = ( GEOMETRIC_REPRESENTATION_CONTEXT(2) 
PARAMETRIC_REPRESENTATION_CONTEXT() REPRESENTATION_CONTEXT('2D SPACE',''
  ) );
#4317 = PCURVE('',#4000,#4318);
#4318 = DEFINITIONAL_REPRESENTATION('',(#4319),#4323);
#4319 = LINE('',#4320,#4321);
#4320 = CARTESIAN_POINT('',(8.375375045237,-77.8125));
#4321 = VECTOR('',#4322,1.);
#4322 = DIRECTION('',(0.,-1.));
#4323 = ( GEOMETRIC_REPRESENTATION_CONTEXT(2) 
PARAMETRIC_REPRESENTATION_CONTEXT() REPRESENTATION_CONTEXT('2D SPACE',''
  ) );
#4324 = ORIENTED_EDGE('',*,*,#4325,.F.);
#4325 = EDGE_CURVE('',#4326,#4303,#4328,.T.);
#4326 = VERTEX_POINT('',#4327);
#4327 = CARTESIAN_POINT('',(187.39285714285,9.763026483627,
    15.02026262792));
#4328 = SURFACE_CURVE('',#4329,(#4333,#4340),.PCURVE_S1.);
#4329 = LINE('',#4330,#4331);
#4330 = CARTESIAN_POINT('',(187.39285714285,-60.89843869424,
    -0.642732172212));
#4331 = VECTOR('',#4332,1.);
#4332 = DIRECTION('',(1.083913679215E-16,0.976302648363,0.216409655053)
  );
#4333 = PCURVE('',#1486,#4334);
#4334 = DEFINITIONAL_REPRESENTATION('',(#4335),#4339);
#4335 = LINE('',#4336,#4337);
#4336 = CARTESIAN_POINT('',(69.818579934187,160.825));
#4337 = VECTOR('',#4338,1.);
#4338 = DIRECTION('',(1.,0.));
#4339 = ( GEOMETRIC_REPRESENTATION_CONTEXT(2) 
PARAMETRIC_REPRESENTATION_CONTEXT() REPRESENTATION_CONTEXT('2D SPACE',''
  ) );
#4340 = PCURVE('',#4341,#4346);
#4341 = PLANE('',#4342);
#4342 = AXIS2_PLACEMENT_3D('',#4343,#4344,#4345);
#4343 = CARTESIAN_POINT('',(187.39285714285,9.763026483627,3.2));
#4344 = DIRECTION('',(-1.,1.110223024625E-16,0.));
#4345 = DIRECTION('',(0.,0.,1.));
#4346 = DEFINITIONAL_REPRESENTATION('',(#4347),#4351);
#4347 = LINE('',#4348,#4349);
#4348 = CARTESIAN_POINT('',(-3.842732172212,-70.66146517786));
#4349 = VECTOR('',#4350,1.);
#4350 = DIRECTION('',(0.216409655053,0.976302648363));
#4351 = ( GEOMETRIC_REPRESENTATION_CONTEXT(2) 
PARAMETRIC_REPRESENTATION_CONTEXT() REPRESENTATION_CONTEXT('2D SPACE',''
  ) );
#4352 = ORIENTED_EDGE('',*,*,#4353,.F.);
#4353 = EDGE_CURVE('',#4354,#4326,#4356,.T.);
#4354 = VERTEX_POINT('',#4355);
#4355 = CARTESIAN_POINT('',(109.04285714285,9.763026483627,
    15.02026262792));
#4356 = SURFACE_CURVE('',#4357,(#4361,#4368),.PCURVE_S1.);
#4357 = LINE('',#4358,#4359);
#4358 = CARTESIAN_POINT('',(267.80535714285,9.763026483627,
    15.02026262792));
#4359 = VECTOR('',#4360,1.);
#4360 = DIRECTION('',(1.,-1.110223024625E-16,0.));
#4361 = PCURVE('',#1486,#4362);
#4362 = DEFINITIONAL_REPRESENTATION('',(#4363),#4367);
#4363 = LINE('',#4364,#4365);
#4364 = CARTESIAN_POINT('',(142.19517882631,80.4125));
#4365 = VECTOR('',#4366,1.);
#4366 = DIRECTION('',(0.,-1.));
#4367 = ( GEOMETRIC_REPRESENTATION_CONTEXT(2) 
PARAMETRIC_REPRESENTATION_CONTEXT() REPRESENTATION_CONTEXT('2D SPACE',''
  ) );
#4368 = PCURVE('',#4369,#4374);
#4369 = PLANE('',#4370);
#4370 = AXIS2_PLACEMENT_3D('',#4371,#4372,#4373);
#4371 = CARTESIAN_POINT('',(187.39285714285,9.763026483627,3.2));
#4372 = DIRECTION('',(1.110223024625E-16,1.,0.));
#4373 = DIRECTION('',(0.,0.,1.));
#4374 = DEFINITIONAL_REPRESENTATION('',(#4375),#4379);
#4375 = LINE('',#4376,#4377);
#4376 = CARTESIAN_POINT('',(11.82026262792,80.4125));
#4377 = VECTOR('',#4378,1.);
#4378 = DIRECTION('',(0.,1.));
#4379 = ( GEOMETRIC_REPRESENTATION_CONTEXT(2) 
PARAMETRIC_REPRESENTATION_CONTEXT() REPRESENTATION_CONTEXT('2D SPACE',''
  ) );
#4380 = ORIENTED_EDGE('',*,*,#4381,.T.);
#4381 = EDGE_CURVE('',#4354,#4382,#4384,.T.);
#4382 = VERTEX_POINT('',#4383);
#4383 = CARTESIAN_POINT('',(109.04285714285,16.138401528864,
    16.433443998149));
#4384 = SURFACE_CURVE('',#4385,(#4389,#4396),.PCURVE_S1.);
#4385 = LINE('',#4386,#4387);
#4386 = CARTESIAN_POINT('',(109.04285714285,-60.89843869424,
    -0.642732172212));
#4387 = VECTOR('',#4388,1.);
#4388 = DIRECTION('',(1.083913679215E-16,0.976302648363,0.216409655053)
  );
#4389 = PCURVE('',#1486,#4390);
#4390 = DEFINITIONAL_REPRESENTATION('',(#4391),#4395);
#4391 = LINE('',#4392,#4393);
#4392 = CARTESIAN_POINT('',(69.818579934187,239.175));
#4393 = VECTOR('',#4394,1.);
#4394 = DIRECTION('',(1.,0.));
#4395 = ( GEOMETRIC_REPRESENTATION_CONTEXT(2) 
PARAMETRIC_REPRESENTATION_CONTEXT() REPRESENTATION_CONTEXT('2D SPACE',''
  ) );
#4396 = PCURVE('',#4397,#4402);
#4397 = PLANE('',#4398);
#4398 = AXIS2_PLACEMENT_3D('',#4399,#4400,#4401);
#4399 = CARTESIAN_POINT('',(109.04285714285,9.763026483627,3.2));
#4400 = DIRECTION('',(-1.,1.110223024625E-16,0.));
#4401 = DIRECTION('',(0.,0.,1.));
#4402 = DEFINITIONAL_REPRESENTATION('',(#4403),#4407);
#4403 = LINE('',#4404,#4405);
#4404 = CARTESIAN_POINT('',(-3.842732172212,-70.66146517786));
#4405 = VECTOR('',#4406,1.);
#4406 = DIRECTION('',(0.216409655053,0.976302648363));
#4407 = ( GEOMETRIC_REPRESENTATION_CONTEXT(2) 
PARAMETRIC_REPRESENTATION_CONTEXT() REPRESENTATION_CONTEXT('2D SPACE',''
  ) );
#4408 = ORIENTED_EDGE('',*,*,#4409,.F.);
#4409 = EDGE_CURVE('',#4410,#4382,#4412,.T.);
#4410 = VERTEX_POINT('',#4411);
#4411 = CARTESIAN_POINT('',(108.64285714285,16.138401528864,
    16.433443998149));
#4412 = SURFACE_CURVE('',#4413,(#4417,#4424),.PCURVE_S1.);
#4413 = LINE('',#4414,#4415);
#4414 = CARTESIAN_POINT('',(270.40535714285,16.138401528864,
    16.433443998149));
#4415 = VECTOR('',#4416,1.);
#4416 = DIRECTION('',(1.,-1.110223024625E-16,0.));
#4417 = PCURVE('',#1486,#4418);
#4418 = DEFINITIONAL_REPRESENTATION('',(#4419),#4423);
#4419 = LINE('',#4420,#4421);
#4420 = CARTESIAN_POINT('',(148.72530046014,77.8125));
#4421 = VECTOR('',#4422,1.);
#4422 = DIRECTION('',(0.,-1.));
#4423 = ( GEOMETRIC_REPRESENTATION_CONTEXT(2) 
PARAMETRIC_REPRESENTATION_CONTEXT() REPRESENTATION_CONTEXT('2D SPACE',''
  ) );
#4424 = PCURVE('',#4000,#4425);
#4425 = DEFINITIONAL_REPRESENTATION('',(#4426),#4430);
#4426 = LINE('',#4427,#4428);
#4427 = CARTESIAN_POINT('',(8.375375045237,-77.8125));
#4428 = VECTOR('',#4429,1.);
#4429 = DIRECTION('',(0.,-1.));
#4430 = ( GEOMETRIC_REPRESENTATION_CONTEXT(2) 
PARAMETRIC_REPRESENTATION_CONTEXT() REPRESENTATION_CONTEXT('2D SPACE',''
  ) );
#4431 = ORIENTED_EDGE('',*,*,#4432,.T.);
#4432 = EDGE_CURVE('',#4410,#4433,#4435,.T.);
#4433 = VERTEX_POINT('',#4434);
#4434 = CARTESIAN_POINT('',(108.64285714285,90.893026483627,
    33.003738698449));
#4435 = SURFACE_CURVE('',#4436,(#4440,#4447),.PCURVE_S1.);
#4436 = LINE('',#4437,#4438);
#4437 = CARTESIAN_POINT('',(108.64285714285,-59.69108231268,
    -0.3751065763));
#4438 = VECTOR('',#4439,1.);
#4439 = DIRECTION('',(1.083913679215E-16,0.976302648363,0.216409655053)
  );
#4440 = PCURVE('',#1486,#4441);
#4441 = DEFINITIONAL_REPRESENTATION('',(#4442),#4446);
#4442 = LINE('',#4443,#4444);
#4443 = CARTESIAN_POINT('',(71.055241929914,239.575));
#4444 = VECTOR('',#4445,1.);
#4445 = DIRECTION('',(1.,0.));
#4446 = ( GEOMETRIC_REPRESENTATION_CONTEXT(2) 
PARAMETRIC_REPRESENTATION_CONTEXT() REPRESENTATION_CONTEXT('2D SPACE',''
  ) );
#4447 = PCURVE('',#4448,#4453);
#4448 = PLANE('',#4449);
#4449 = AXIS2_PLACEMENT_3D('',#4450,#4451,#4452);
#4450 = CARTESIAN_POINT('',(108.64285714285,9.363026483627,
    16.433443998149));
#4451 = DIRECTION('',(-1.,1.110223024625E-16,0.));
#4452 = DIRECTION('',(0.,0.,1.));
#4453 = DEFINITIONAL_REPRESENTATION('',(#4454),#4458);
#4454 = LINE('',#4455,#4456);
#4455 = CARTESIAN_POINT('',(-16.80855057444,-69.05410879631));
#4456 = VECTOR('',#4457,1.);
#4457 = DIRECTION('',(0.216409655053,0.976302648363));
#4458 = ( GEOMETRIC_REPRESENTATION_CONTEXT(2) 
PARAMETRIC_REPRESENTATION_CONTEXT() REPRESENTATION_CONTEXT('2D SPACE',''
  ) );
#4459 = ORIENTED_EDGE('',*,*,#4460,.T.);
#4460 = EDGE_CURVE('',#4433,#4461,#4463,.T.);
#4461 = VERTEX_POINT('',#4462);
#4462 = CARTESIAN_POINT('',(105.89285714285,90.893026483627,
    33.003738698449));
#4463 = SURFACE_CURVE('',#4464,(#4468,#4475),.PCURVE_S1.);
#4464 = LINE('',#4465,#4466);
#4465 = CARTESIAN_POINT('',(228.93035714285,90.893026483627,
    33.003738698449));
#4466 = VECTOR('',#4467,1.);
#4467 = DIRECTION('',(-1.,1.110223024625E-16,0.));
#4468 = PCURVE('',#1486,#4469);
#4469 = DEFINITIONAL_REPRESENTATION('',(#4470),#4474);
#4470 = LINE('',#4471,#4472);
#4471 = CARTESIAN_POINT('',(225.29441054105,119.2875));
#4472 = VECTOR('',#4473,1.);
#4473 = DIRECTION('',(0.,1.));
#4474 = ( GEOMETRIC_REPRESENTATION_CONTEXT(2) 
PARAMETRIC_REPRESENTATION_CONTEXT() REPRESENTATION_CONTEXT('2D SPACE',''
  ) );
#4475 = PCURVE('',#4476,#4481);
#4476 = PLANE('',#4477);
#4477 = AXIS2_PLACEMENT_3D('',#4478,#4479,#4480);
#4478 = CARTESIAN_POINT('',(109.64285714285,90.893026483627,
    16.433443998149));
#4479 = DIRECTION('',(1.110223024625E-16,1.,0.));
#4480 = DIRECTION('',(0.,0.,1.));
#4481 = DEFINITIONAL_REPRESENTATION('',(#4482),#4486);
#4482 = LINE('',#4483,#4484);
#4483 = CARTESIAN_POINT('',(16.5702947003,119.2875));
#4484 = VECTOR('',#4485,1.);
#4485 = DIRECTION('',(0.,-1.));
#4486 = ( GEOMETRIC_REPRESENTATION_CONTEXT(2) 
PARAMETRIC_REPRESENTATION_CONTEXT() REPRESENTATION_CONTEXT('2D SPACE',''
  ) );
#4487 = ORIENTED_EDGE('',*,*,#4488,.F.);
#4488 = EDGE_CURVE('',#4489,#4461,#4491,.T.);
#4489 = VERTEX_POINT('',#4490);
#4490 = CARTESIAN_POINT('',(105.89285714285,104.89302648362,
    36.107013257643));
#4491 = SURFACE_CURVE('',#4492,(#4496,#4503),.PCURVE_S1.);
#4492 = LINE('',#4493,#4494);
#4493 = CARTESIAN_POINT('',(105.89285714285,-20.83523521586,
    8.237776407378));
#4494 = VECTOR('',#4495,1.);
#4495 = DIRECTION('',(-1.083913679215E-16,-0.976302648363,
    -0.216409655053));
#4496 = PCURVE('',#1486,#4497);
#4497 = DEFINITIONAL_REPRESENTATION('',(#4498),#4502);
#4498 = LINE('',#4499,#4500);
#4499 = CARTESIAN_POINT('',(110.85421939041,242.325));
#4500 = VECTOR('',#4501,1.);
#4501 = DIRECTION('',(-1.,0.));
#4502 = ( GEOMETRIC_REPRESENTATION_CONTEXT(2) 
PARAMETRIC_REPRESENTATION_CONTEXT() REPRESENTATION_CONTEXT('2D SPACE',''
  ) );
#4503 = PCURVE('',#4504,#4509);
#4504 = PLANE('',#4505);
#4505 = AXIS2_PLACEMENT_3D('',#4506,#4507,#4508);
#4506 = CARTESIAN_POINT('',(105.89285714285,90.893026483627,
    16.433443998149));
#4507 = DIRECTION('',(-1.,1.110223024625E-16,0.));
#4508 = DIRECTION('',(0.,0.,1.));
#4509 = DEFINITIONAL_REPRESENTATION('',(#4510),#4514);
#4510 = LINE('',#4511,#4512);
#4511 = CARTESIAN_POINT('',(-8.195667590771,-111.7282616994));
#4512 = VECTOR('',#4513,1.);
#4513 = DIRECTION('',(-0.216409655053,-0.976302648363));
#4514 = ( GEOMETRIC_REPRESENTATION_CONTEXT(2) 
PARAMETRIC_REPRESENTATION_CONTEXT() REPRESENTATION_CONTEXT('2D SPACE',''
  ) );
#4515 = ORIENTED_EDGE('',*,*,#4516,.F.);
#4516 = EDGE_CURVE('',#4517,#4489,#4519,.T.);
#4517 = VERTEX_POINT('',#4518);
#4518 = CARTESIAN_POINT('',(108.64285714285,104.89302648362,
    36.107013257643));
#4519 = SURFACE_CURVE('',#4520,(#4524,#4531),.PCURVE_S1.);
#4520 = LINE('',#4521,#4522);
#4521 = CARTESIAN_POINT('',(228.93035714285,104.89302648362,
    36.107013257643));
#4522 = VECTOR('',#4523,1.);
#4523 = DIRECTION('',(-1.,1.110223024625E-16,0.));
#4524 = PCURVE('',#1486,#4525);
#4525 = DEFINITIONAL_REPRESENTATION('',(#4526),#4530);
#4526 = LINE('',#4527,#4528);
#4527 = CARTESIAN_POINT('',(239.63422619501,119.2875));
#4528 = VECTOR('',#4529,1.);
#4529 = DIRECTION('',(0.,1.));
#4530 = ( GEOMETRIC_REPRESENTATION_CONTEXT(2) 
PARAMETRIC_REPRESENTATION_CONTEXT() REPRESENTATION_CONTEXT('2D SPACE',''
  ) );
#4531 = PCURVE('',#4532,#4537);
#4532 = PLANE('',#4533);
#4533 = AXIS2_PLACEMENT_3D('',#4534,#4535,#4536);
#4534 = CARTESIAN_POINT('',(109.64285714285,104.89302648362,
    16.433443998149));
#4535 = DIRECTION('',(1.110223024625E-16,1.,0.));
#4536 = DIRECTION('',(0.,0.,1.));
#4537 = DEFINITIONAL_REPRESENTATION('',(#4538),#4542);
#4538 = LINE('',#4539,#4540);
#4539 = CARTESIAN_POINT('',(19.673569259494,119.2875));
#4540 = VECTOR('',#4541,1.);
#4541 = DIRECTION('',(0.,-1.));
#4542 = ( GEOMETRIC_REPRESENTATION_CONTEXT(2) 
PARAMETRIC_REPRESENTATION_CONTEXT() REPRESENTATION_CONTEXT('2D SPACE',''
  ) );
#4543 = ORIENTED_EDGE('',*,*,#4544,.T.);
#4544 = EDGE_CURVE('',#4517,#4545,#4547,.T.);
#4545 = VERTEX_POINT('',#4546);
#4546 = CARTESIAN_POINT('',(108.64285714285,123.03302648362,
    40.127970436484));
#4547 = SURFACE_CURVE('',#4548,(#4552,#4559),.PCURVE_S1.);
#4548 = LINE('',#4549,#4550);
#4549 = CARTESIAN_POINT('',(108.64285714285,-59.69108231268,
    -0.3751065763));
#4550 = VECTOR('',#4551,1.);
#4551 = DIRECTION('',(1.083913679215E-16,0.976302648363,0.216409655053)
  );
#4552 = PCURVE('',#1486,#4553);
#4553 = DEFINITIONAL_REPRESENTATION('',(#4554),#4558);
#4554 = LINE('',#4555,#4556);
#4555 = CARTESIAN_POINT('',(71.055241929914,239.575));
#4556 = VECTOR('',#4557,1.);
#4557 = DIRECTION('',(1.,0.));
#4558 = ( GEOMETRIC_REPRESENTATION_CONTEXT(2) 
PARAMETRIC_REPRESENTATION_CONTEXT() REPRESENTATION_CONTEXT('2D SPACE',''
  ) );
#4559 = PCURVE('',#4560,#4565);
#4560 = PLANE('',#4561);
#4561 = AXIS2_PLACEMENT_3D('',#4562,#4563,#4564);
#4562 = CARTESIAN_POINT('',(108.64285714285,9.363026483627,
    16.433443998149));
#4563 = DIRECTION('',(-1.,1.110223024625E-16,0.));
#4564 = DIRECTION('',(0.,0.,1.));
#4565 = DEFINITIONAL_REPRESENTATION('',(#4566),#4570);
#4566 = LINE('',#4567,#4568);
#4567 = CARTESIAN_POINT('',(-16.80855057444,-69.05410879631));
#4568 = VECTOR('',#4569,1.);
#4569 = DIRECTION('',(0.216409655053,0.976302648363));
#4570 = ( GEOMETRIC_REPRESENTATION_CONTEXT(2) 
PARAMETRIC_REPRESENTATION_CONTEXT() REPRESENTATION_CONTEXT('2D SPACE',''
  ) );
#4571 = ORIENTED_EDGE('',*,*,#4572,.T.);
#4572 = EDGE_CURVE('',#4545,#4573,#4575,.T.);
#4573 = VERTEX_POINT('',#4574);
#4574 = CARTESIAN_POINT('',(142.21785714285,123.03302648362,
    40.127970436484));
#4575 = SURFACE_CURVE('',#4576,(#4580,#4587),.PCURVE_S1.);
#4576 = LINE('',#4577,#4578);
#4577 = CARTESIAN_POINT('',(268.00535714285,123.03302648362,
    40.127970436484));
#4578 = VECTOR('',#4579,1.);
#4579 = DIRECTION('',(1.,-1.110223024625E-16,0.));
#4580 = PCURVE('',#1486,#4581);
#4581 = DEFINITIONAL_REPRESENTATION('',(#4582),#4586);
#4582 = LINE('',#4583,#4584);
#4583 = CARTESIAN_POINT('',(258.21453019237,80.2125));
#4584 = VECTOR('',#4585,1.);
#4585 = DIRECTION('',(0.,-1.));
#4586 = ( GEOMETRIC_REPRESENTATION_CONTEXT(2) 
PARAMETRIC_REPRESENTATION_CONTEXT() REPRESENTATION_CONTEXT('2D SPACE',''
  ) );
#4587 = PCURVE('',#4588,#4593);
#4588 = PLANE('',#4589);
#4589 = AXIS2_PLACEMENT_3D('',#4590,#4591,#4592);
#4590 = CARTESIAN_POINT('',(187.79285714285,123.03302648362,
    16.433443998149));
#4591 = DIRECTION('',(1.110223024625E-16,1.,0.));
#4592 = DIRECTION('',(0.,0.,1.));
#4593 = DEFINITIONAL_REPRESENTATION('',(#4594),#4598);
#4594 = LINE('',#4595,#4596);
#4595 = CARTESIAN_POINT('',(23.694526438335,80.2125));
#4596 = VECTOR('',#4597,1.);
#4597 = DIRECTION('',(0.,1.));
#4598 = ( GEOMETRIC_REPRESENTATION_CONTEXT(2) 
PARAMETRIC_REPRESENTATION_CONTEXT() REPRESENTATION_CONTEXT('2D SPACE',''
  ) );
#4599 = ORIENTED_EDGE('',*,*,#4600,.F.);
#4600 = EDGE_CURVE('',#3934,#4573,#4601,.T.);
#4601 = SURFACE_CURVE('',#4602,(#4606,#4613),.PCURVE_S1.);
#4602 = LINE('',#4603,#4604);
#4603 = CARTESIAN_POINT('',(142.21785714285,-6.423352274522,
    11.432349956089));
#4604 = VECTOR('',#4605,1.);
#4605 = DIRECTION('',(-1.083913679215E-16,-0.976302648363,
    -0.216409655053));
#4606 = PCURVE('',#1486,#4607);
#4607 = DEFINITIONAL_REPRESENTATION('',(#4608),#4612);
#4608 = LINE('',#4609,#4610);
#4609 = CARTESIAN_POINT('',(125.61591543366,206.));
#4610 = VECTOR('',#4611,1.);
#4611 = DIRECTION('',(-1.,0.));
#4612 = ( GEOMETRIC_REPRESENTATION_CONTEXT(2) 
PARAMETRIC_REPRESENTATION_CONTEXT() REPRESENTATION_CONTEXT('2D SPACE',''
  ) );
#4613 = PCURVE('',#3972,#4614);
#4614 = DEFINITIONAL_REPRESENTATION('',(#4615),#4619);
#4615 = LINE('',#4616,#4617);
#4616 = CARTESIAN_POINT('',(-5.00109404206,-127.5563787581));
#4617 = VECTOR('',#4618,1.);
#4618 = DIRECTION('',(-0.216409655053,-0.976302648363));
#4619 = ( GEOMETRIC_REPRESENTATION_CONTEXT(2) 
PARAMETRIC_REPRESENTATION_CONTEXT() REPRESENTATION_CONTEXT('2D SPACE',''
  ) );
#4620 = ORIENTED_EDGE('',*,*,#3933,.F.);
#4621 = ADVANCED_FACE('',(#4622),#1460,.F.);
#4622 = FACE_BOUND('',#4623,.F.);
#4623 = EDGE_LOOP('',(#4624,#4645,#4668,#4689,#4690));
#4624 = ORIENTED_EDGE('',*,*,#4625,.F.);
#4625 = EDGE_CURVE('',#4626,#1418,#4628,.T.);
#4626 = VERTEX_POINT('',#4627);
#4627 = CARTESIAN_POINT('',(189.59285714285,7.763026483627,3.2));
#4628 = SURFACE_CURVE('',#4629,(#4633,#4639),.PCURVE_S1.);
#4629 = LINE('',#4630,#4631);
#4630 = CARTESIAN_POINT('',(190.96785714285,7.763026483627,4.575));
#4631 = VECTOR('',#4632,1.);
#4632 = DIRECTION('',(0.707106781187,-7.850462293419E-17,0.707106781187)
  );
#4633 = PCURVE('',#1460,#4634);
#4634 = DEFINITIONAL_REPRESENTATION('',(#4635),#4638);
#4635 = B_SPLINE_CURVE_WITH_KNOTS('',1,(#4636,#4637),.UNSPECIFIED.,.F.,
  .F.,(2,2),(-1.944543648263,1.59099025767),.PIECEWISE_BEZIER_KNOTS.);
#4636 = CARTESIAN_POINT('',(5.686375711021E-15,-3.));
#4637 = CARTESIAN_POINT('',(2.5,-0.5));
#4638 = ( GEOMETRIC_REPRESENTATION_CONTEXT(2) 
PARAMETRIC_REPRESENTATION_CONTEXT() REPRESENTATION_CONTEXT('2D SPACE',''
  ) );
#4639 = PCURVE('',#1433,#4640);
#4640 = DEFINITIONAL_REPRESENTATION('',(#4641),#4644);
#4641 = B_SPLINE_CURVE_WITH_KNOTS('',1,(#4642,#4643),.UNSPECIFIED.,.F.,
  .F.,(2,2),(-1.944543648263,1.59099025767),.PIECEWISE_BEZIER_KNOTS.);
#4642 = CARTESIAN_POINT('',(-142.4453972544,1.767766952966));
#4643 = CARTESIAN_POINT('',(-142.4453972544,-1.767766952966));
#4644 = ( GEOMETRIC_REPRESENTATION_CONTEXT(2) 
PARAMETRIC_REPRESENTATION_CONTEXT() REPRESENTATION_CONTEXT('2D SPACE',''
  ) );
#4645 = ORIENTED_EDGE('',*,*,#4646,.T.);
#4646 = EDGE_CURVE('',#4626,#4647,#4649,.T.);
#4647 = VERTEX_POINT('',#4648);
#4648 = CARTESIAN_POINT('',(103.84285714285,7.763026483627,3.2));
#4649 = SURFACE_CURVE('',#4650,(#4654,#4661),.PCURVE_S1.);
#4650 = LINE('',#4651,#4652);
#4651 = CARTESIAN_POINT('',(192.59285714285,7.763026483627,3.2));
#4652 = VECTOR('',#4653,1.);
#4653 = DIRECTION('',(-1.,1.110223024625E-16,0.));
#4654 = PCURVE('',#1460,#4655);
#4655 = DEFINITIONAL_REPRESENTATION('',(#4656),#4660);
#4656 = LINE('',#4657,#4658);
#4657 = CARTESIAN_POINT('',(0.,0.));
#4658 = VECTOR('',#4659,1.);
#4659 = DIRECTION('',(0.,-1.));
#4660 = ( GEOMETRIC_REPRESENTATION_CONTEXT(2) 
PARAMETRIC_REPRESENTATION_CONTEXT() REPRESENTATION_CONTEXT('2D SPACE',''
  ) );
#4661 = PCURVE('',#3402,#4662);
#4662 = DEFINITIONAL_REPRESENTATION('',(#4663),#4667);
#4663 = LINE('',#4664,#4665);
#4664 = CARTESIAN_POINT('',(189.39285714285,4.563026483627));
#4665 = VECTOR('',#4666,1.);
#4666 = DIRECTION('',(-1.,1.110223024625E-16));
#4667 = ( GEOMETRIC_REPRESENTATION_CONTEXT(2) 
PARAMETRIC_REPRESENTATION_CONTEXT() REPRESENTATION_CONTEXT('2D SPACE',''
  ) );
#4668 = ORIENTED_EDGE('',*,*,#4669,.T.);
#4669 = EDGE_CURVE('',#4647,#4066,#4670,.T.);
#4670 = SURFACE_CURVE('',#4671,(#4675,#4682),.PCURVE_S1.);
#4671 = LINE('',#4672,#4673);
#4672 = CARTESIAN_POINT('',(103.84285714285,7.763026483627,3.2));
#4673 = VECTOR('',#4674,1.);
#4674 = DIRECTION('',(0.,0.,1.));
#4675 = PCURVE('',#1460,#4676);
#4676 = DEFINITIONAL_REPRESENTATION('',(#4677),#4681);
#4677 = LINE('',#4678,#4679);
#4678 = CARTESIAN_POINT('',(0.,-88.75));
#4679 = VECTOR('',#4680,1.);
#4680 = DIRECTION('',(1.,0.));
#4681 = ( GEOMETRIC_REPRESENTATION_CONTEXT(2) 
PARAMETRIC_REPRESENTATION_CONTEXT() REPRESENTATION_CONTEXT('2D SPACE',''
  ) );
#4682 = PCURVE('',#3921,#4683);
#4683 = DEFINITIONAL_REPRESENTATION('',(#4684),#4688);
#4684 = LINE('',#4685,#4686);
#4685 = CARTESIAN_POINT('',(0.,0.));
#4686 = VECTOR('',#4687,1.);
#4687 = DIRECTION('',(1.,0.));
#4688 = ( GEOMETRIC_REPRESENTATION_CONTEXT(2) 
PARAMETRIC_REPRESENTATION_CONTEXT() REPRESENTATION_CONTEXT('2D SPACE',''
  ) );
#4689 = ORIENTED_EDGE('',*,*,#4088,.T.);
#4690 = ORIENTED_EDGE('',*,*,#1445,.F.);
#4691 = ADVANCED_FACE('',(#4692),#1433,.T.);
#4692 = FACE_BOUND('',#4693,.F.);
#4693 = EDGE_LOOP('',(#4694,#4695,#4696,#4697));
#4694 = ORIENTED_EDGE('',*,*,#4625,.T.);
#4695 = ORIENTED_EDGE('',*,*,#1417,.T.);
#4696 = ORIENTED_EDGE('',*,*,#3470,.T.);
#4697 = ORIENTED_EDGE('',*,*,#4698,.F.);
#4698 = EDGE_CURVE('',#4626,#3471,#4699,.T.);
#4699 = SURFACE_CURVE('',#4700,(#4704,#4711),.PCURVE_S1.);
#4700 = LINE('',#4701,#4702);
#4701 = CARTESIAN_POINT('',(189.59285714285,150.20842373802,3.2));
#4702 = VECTOR('',#4703,1.);
#4703 = DIRECTION('',(-0.,-1.,-0.));
#4704 = PCURVE('',#1433,#4705);
#4705 = DEFINITIONAL_REPRESENTATION('',(#4706),#4710);
#4706 = LINE('',#4707,#4708);
#4707 = CARTESIAN_POINT('',(-1.925929944387E-34,1.767766952966));
#4708 = VECTOR('',#4709,1.);
#4709 = DIRECTION('',(-1.,4.900350890384E-34));
#4710 = ( GEOMETRIC_REPRESENTATION_CONTEXT(2) 
PARAMETRIC_REPRESENTATION_CONTEXT() REPRESENTATION_CONTEXT('2D SPACE',''
  ) );
#4711 = PCURVE('',#3402,#4712);
#4712 = DEFINITIONAL_REPRESENTATION('',(#4713),#4717);
#4713 = LINE('',#4714,#4715);
#4714 = CARTESIAN_POINT('',(186.39285714285,147.00842373802));
#4715 = VECTOR('',#4716,1.);
#4716 = DIRECTION('',(0.,-1.));
#4717 = ( GEOMETRIC_REPRESENTATION_CONTEXT(2) 
PARAMETRIC_REPRESENTATION_CONTEXT() REPRESENTATION_CONTEXT('2D SPACE',''
  ) );
#4718 = ADVANCED_FACE('',(#4719),#1594,.F.);
#4719 = FACE_BOUND('',#4720,.F.);
#4720 = EDGE_LOOP('',(#4721,#4744,#4745,#4746));
#4721 = ORIENTED_EDGE('',*,*,#4722,.F.);
#4722 = EDGE_CURVE('',#1578,#4723,#4725,.T.);
#4723 = VERTEX_POINT('',#4724);
#4724 = CARTESIAN_POINT('',(189.29285714285,150.50842373802,3.2));
#4725 = SURFACE_CURVE('',#4726,(#4730,#4737),.PCURVE_S1.);
#4726 = LINE('',#4727,#4728);
#4727 = CARTESIAN_POINT('',(189.29285714285,151.75842373802,4.45));
#4728 = VECTOR('',#4729,1.);
#4729 = DIRECTION('',(2.084121319292E-34,-0.707106781187,-0.707106781187
    ));
#4730 = PCURVE('',#1594,#4731);
#4731 = DEFINITIONAL_REPRESENTATION('',(#4732),#4736);
#4732 = LINE('',#4733,#4734);
#4733 = CARTESIAN_POINT('',(-0.,-1.25));
#4734 = VECTOR('',#4735,1.);
#4735 = DIRECTION('',(-0.,-1.));
#4736 = ( GEOMETRIC_REPRESENTATION_CONTEXT(2) 
PARAMETRIC_REPRESENTATION_CONTEXT() REPRESENTATION_CONTEXT('2D SPACE',''
  ) );
#4737 = PCURVE('',#1700,#4738);
#4738 = DEFINITIONAL_REPRESENTATION('',(#4739),#4743);
#4739 = LINE('',#4740,#4741);
#4740 = CARTESIAN_POINT('',(-183.2928571428,-1.256073966947E-15));
#4741 = VECTOR('',#4742,1.);
#4742 = DIRECTION('',(3.87616325418E-35,1.));
#4743 = ( GEOMETRIC_REPRESENTATION_CONTEXT(2) 
PARAMETRIC_REPRESENTATION_CONTEXT() REPRESENTATION_CONTEXT('2D SPACE',''
  ) );
#4744 = ORIENTED_EDGE('',*,*,#1577,.T.);
#4745 = ORIENTED_EDGE('',*,*,#3524,.T.);
#4746 = ORIENTED_EDGE('',*,*,#4747,.F.);
#4747 = EDGE_CURVE('',#4723,#3525,#4748,.T.);
#4748 = SURFACE_CURVE('',#4749,(#4754,#4761),.PCURVE_S1.);
#4749 = CIRCLE('',#4750,0.3);
#4750 = AXIS2_PLACEMENT_3D('',#4751,#4752,#4753);
#4751 = CARTESIAN_POINT('',(189.29285714285,150.20842373802,3.2));
#4752 = DIRECTION('',(0.,-0.,-1.));
#4753 = DIRECTION('',(0.,1.,-0.));
#4754 = PCURVE('',#1594,#4755);
#4755 = DEFINITIONAL_REPRESENTATION('',(#4756),#4760);
#4756 = LINE('',#4757,#4758);
#4757 = CARTESIAN_POINT('',(-0.,-2.5));
#4758 = VECTOR('',#4759,1.);
#4759 = DIRECTION('',(-1.,-0.));
#4760 = ( GEOMETRIC_REPRESENTATION_CONTEXT(2) 
PARAMETRIC_REPRESENTATION_CONTEXT() REPRESENTATION_CONTEXT('2D SPACE',''
  ) );
#4761 = PCURVE('',#3585,#4762);
#4762 = DEFINITIONAL_REPRESENTATION('',(#4763),#4771);
#4763 = ( BOUNDED_CURVE() B_SPLINE_CURVE(2,(#4764,#4765,#4766,#4767,
#4768,#4769,#4770),.UNSPECIFIED.,.T.,.F.) B_SPLINE_CURVE_WITH_KNOTS((1,2
    ,2,2,2,1),(-2.094395102393,0.,2.094395102393,4.188790204786,
6.28318530718,8.377580409573),.UNSPECIFIED.) CURVE() 
GEOMETRIC_REPRESENTATION_ITEM() RATIONAL_B_SPLINE_CURVE((1.,0.5,1.,0.5,
1.,0.5,1.)) REPRESENTATION_ITEM('') );
#4764 = CARTESIAN_POINT('',(186.09285714285,147.30842373802));
#4765 = CARTESIAN_POINT('',(186.61247238512,147.30842373802));
#4766 = CARTESIAN_POINT('',(186.35266476399,146.85842373802));
#4767 = CARTESIAN_POINT('',(186.09285714285,146.40842373802));
#4768 = CARTESIAN_POINT('',(185.83304952172,146.85842373802));
#4769 = CARTESIAN_POINT('',(185.57324190058,147.30842373802));
#4770 = CARTESIAN_POINT('',(186.09285714285,147.30842373802));
#4771 = ( GEOMETRIC_REPRESENTATION_CONTEXT(2) 
PARAMETRIC_REPRESENTATION_CONTEXT() REPRESENTATION_CONTEXT('2D SPACE',''
  ) );
#4772 = ADVANCED_FACE('',(#4773),#1649,.T.);
#4773 = FACE_BOUND('',#4774,.F.);
#4774 = EDGE_LOOP('',(#4775,#4798,#4799,#4820));
#4775 = ORIENTED_EDGE('',*,*,#4776,.F.);
#4776 = EDGE_CURVE('',#1632,#4777,#4779,.T.);
#4777 = VERTEX_POINT('',#4778);
#4778 = CARTESIAN_POINT('',(6.,150.50842373802,3.2));
#4779 = SURFACE_CURVE('',#4780,(#4784,#4791),.PCURVE_S1.);
#4780 = LINE('',#4781,#4782);
#4781 = CARTESIAN_POINT('',(6.,153.00842373802,5.7));
#4782 = VECTOR('',#4783,1.);
#4783 = DIRECTION('',(4.329780281177E-17,-0.707106781187,-0.707106781187
    ));
#4784 = PCURVE('',#1649,#4785);
#4785 = DEFINITIONAL_REPRESENTATION('',(#4786),#4790);
#4786 = LINE('',#4787,#4788);
#4787 = CARTESIAN_POINT('',(-1.925929944387E-34,-1.767766952966));
#4788 = VECTOR('',#4789,1.);
#4789 = DIRECTION('',(-4.329780281177E-17,1.));
#4790 = ( GEOMETRIC_REPRESENTATION_CONTEXT(2) 
PARAMETRIC_REPRESENTATION_CONTEXT() REPRESENTATION_CONTEXT('2D SPACE',''
  ) );
#4791 = PCURVE('',#2506,#4792);
#4792 = DEFINITIONAL_REPRESENTATION('',(#4793),#4797);
#4793 = LINE('',#4794,#4795);
#4794 = CARTESIAN_POINT('',(-1.570796326795,-0.));
#4795 = VECTOR('',#4796,1.);
#4796 = DIRECTION('',(-0.,-1.));
#4797 = ( GEOMETRIC_REPRESENTATION_CONTEXT(2) 
PARAMETRIC_REPRESENTATION_CONTEXT() REPRESENTATION_CONTEXT('2D SPACE',''
  ) );
#4798 = ORIENTED_EDGE('',*,*,#1631,.T.);
#4799 = ORIENTED_EDGE('',*,*,#4800,.T.);
#4800 = EDGE_CURVE('',#1634,#4801,#4803,.T.);
#4801 = VERTEX_POINT('',#4802);
#4802 = CARTESIAN_POINT('',(28.,150.50842373802,3.2));
#4803 = SURFACE_CURVE('',#4804,(#4808,#4814),.PCURVE_S1.);
#4804 = LINE('',#4805,#4806);
#4805 = CARTESIAN_POINT('',(28.,144.61457442442,-2.6938493136));
#4806 = VECTOR('',#4807,1.);
#4807 = DIRECTION('',(0.,-0.707106781187,-0.707106781187));
#4808 = PCURVE('',#1649,#4809);
#4809 = DEFINITIONAL_REPRESENTATION('',(#4810),#4813);
#4810 = B_SPLINE_CURVE_WITH_KNOTS('',1,(#4811,#4812),.UNSPECIFIED.,.F.,
  .F.,(2,2),(-11.87069553981,-8.335161633877),.PIECEWISE_BEZIER_KNOTS.);
#4811 = CARTESIAN_POINT('',(-22.,-1.767766952966));
#4812 = CARTESIAN_POINT('',(-22.,1.767766952966));
#4813 = ( GEOMETRIC_REPRESENTATION_CONTEXT(2) 
PARAMETRIC_REPRESENTATION_CONTEXT() REPRESENTATION_CONTEXT('2D SPACE',''
  ) );
#4814 = PCURVE('',#2326,#4815);
#4815 = DEFINITIONAL_REPRESENTATION('',(#4816),#4819);
#4816 = B_SPLINE_CURVE_WITH_KNOTS('',1,(#4817,#4818),.UNSPECIFIED.,.F.,
  .F.,(2,2),(-11.87069553981,-8.335161633877),.PIECEWISE_BEZIER_KNOTS.);
#4817 = CARTESIAN_POINT('',(2.5,-28.5753972544));
#4818 = CARTESIAN_POINT('',(5.398541517713E-15,-26.0753972544));
#4819 = ( GEOMETRIC_REPRESENTATION_CONTEXT(2) 
PARAMETRIC_REPRESENTATION_CONTEXT() REPRESENTATION_CONTEXT('2D SPACE',''
  ) );
#4820 = ORIENTED_EDGE('',*,*,#4821,.F.);
#4821 = EDGE_CURVE('',#4777,#4801,#4822,.T.);
#4822 = SURFACE_CURVE('',#4823,(#4827,#4834),.PCURVE_S1.);
#4823 = LINE('',#4824,#4825);
#4824 = CARTESIAN_POINT('',(6.,150.50842373802,3.2));
#4825 = VECTOR('',#4826,1.);
#4826 = DIRECTION('',(1.,0.,0.));
#4827 = PCURVE('',#1649,#4828);
#4828 = DEFINITIONAL_REPRESENTATION('',(#4829),#4833);
#4829 = LINE('',#4830,#4831);
#4830 = CARTESIAN_POINT('',(1.925929944387E-34,1.767766952966));
#4831 = VECTOR('',#4832,1.);
#4832 = DIRECTION('',(-1.,2.803368887165E-34));
#4833 = ( GEOMETRIC_REPRESENTATION_CONTEXT(2) 
PARAMETRIC_REPRESENTATION_CONTEXT() REPRESENTATION_CONTEXT('2D SPACE',''
  ) );
#4834 = PCURVE('',#4835,#4840);
#4835 = PLANE('',#4836);
#4836 = AXIS2_PLACEMENT_3D('',#4837,#4838,#4839);
#4837 = CARTESIAN_POINT('',(3.2,3.2,3.2));
#4838 = DIRECTION('',(0.,0.,1.));
#4839 = DIRECTION('',(1.,0.,0.));
#4840 = DEFINITIONAL_REPRESENTATION('',(#4841),#4845);
#4841 = LINE('',#4842,#4843);
#4842 = CARTESIAN_POINT('',(2.8,147.30842373802));
#4843 = VECTOR('',#4844,1.);
#4844 = DIRECTION('',(1.,0.));
#4845 = ( GEOMETRIC_REPRESENTATION_CONTEXT(2) 
PARAMETRIC_REPRESENTATION_CONTEXT() REPRESENTATION_CONTEXT('2D SPACE',''
  ) );
#4846 = ADVANCED_FACE('',(#4847),#2326,.F.);
#4847 = FACE_BOUND('',#4848,.F.);
#4848 = EDGE_LOOP('',(#4849,#4872,#4893,#4914,#4915));
#4849 = ORIENTED_EDGE('',*,*,#4850,.F.);
#4850 = EDGE_CURVE('',#4851,#2286,#4853,.T.);
#4851 = VERTEX_POINT('',#4852);
#4852 = CARTESIAN_POINT('',(28.,124.63302648362,11.2));
#4853 = SURFACE_CURVE('',#4854,(#4858,#4865),.PCURVE_S1.);
#4854 = LINE('',#4855,#4856);
#4855 = CARTESIAN_POINT('',(28.,124.43302648362,11.2));
#4856 = VECTOR('',#4857,1.);
#4857 = DIRECTION('',(0.,1.,0.));
#4858 = PCURVE('',#2326,#4859);
#4859 = DEFINITIONAL_REPRESENTATION('',(#4860),#4864);
#4860 = LINE('',#4861,#4862);
#4861 = CARTESIAN_POINT('',(8.,0.));
#4862 = VECTOR('',#4863,1.);
#4863 = DIRECTION('',(0.,-1.));
#4864 = ( GEOMETRIC_REPRESENTATION_CONTEXT(2) 
PARAMETRIC_REPRESENTATION_CONTEXT() REPRESENTATION_CONTEXT('2D SPACE',''
  ) );
#4865 = PCURVE('',#2301,#4866);
#4866 = DEFINITIONAL_REPRESENTATION('',(#4867),#4871);
#4867 = LINE('',#4868,#4869);
#4868 = CARTESIAN_POINT('',(0.,0.));
#4869 = VECTOR('',#4870,1.);
#4870 = DIRECTION('',(0.,1.));
#4871 = ( GEOMETRIC_REPRESENTATION_CONTEXT(2) 
PARAMETRIC_REPRESENTATION_CONTEXT() REPRESENTATION_CONTEXT('2D SPACE',''
  ) );
#4872 = ORIENTED_EDGE('',*,*,#4873,.T.);
#4873 = EDGE_CURVE('',#4851,#4874,#4876,.T.);
#4874 = VERTEX_POINT('',#4875);
#4875 = CARTESIAN_POINT('',(28.,124.63302648362,3.2));
#4876 = SURFACE_CURVE('',#4877,(#4881,#4887),.PCURVE_S1.);
#4877 = LINE('',#4878,#4879);
#4878 = CARTESIAN_POINT('',(28.,124.63302648362,3.2));
#4879 = VECTOR('',#4880,1.);
#4880 = DIRECTION('',(0.,0.,-1.));
#4881 = PCURVE('',#2326,#4882);
#4882 = DEFINITIONAL_REPRESENTATION('',(#4883),#4886);
#4883 = B_SPLINE_CURVE_WITH_KNOTS('',1,(#4884,#4885),.UNSPECIFIED.,.F.,
  .F.,(2,2),(-8.,0.),.PIECEWISE_BEZIER_KNOTS.);
#4884 = CARTESIAN_POINT('',(8.,-0.2));
#4885 = CARTESIAN_POINT('',(0.,-0.2));
#4886 = ( GEOMETRIC_REPRESENTATION_CONTEXT(2) 
PARAMETRIC_REPRESENTATION_CONTEXT() REPRESENTATION_CONTEXT('2D SPACE',''
  ) );
#4887 = PCURVE('',#2619,#4888);
#4888 = DEFINITIONAL_REPRESENTATION('',(#4889),#4892);
#4889 = B_SPLINE_CURVE_WITH_KNOTS('',1,(#4890,#4891),.UNSPECIFIED.,.F.,
  .F.,(2,2),(-8.,0.),.PIECEWISE_BEZIER_KNOTS.);
#4890 = CARTESIAN_POINT('',(8.,-63.45));
#4891 = CARTESIAN_POINT('',(0.,-63.45));
#4892 = ( GEOMETRIC_REPRESENTATION_CONTEXT(2) 
PARAMETRIC_REPRESENTATION_CONTEXT() REPRESENTATION_CONTEXT('2D SPACE',''
  ) );
#4893 = ORIENTED_EDGE('',*,*,#4894,.T.);
#4894 = EDGE_CURVE('',#4874,#4801,#4895,.T.);
#4895 = SURFACE_CURVE('',#4896,(#4900,#4907),.PCURVE_S1.);
#4896 = LINE('',#4897,#4898);
#4897 = CARTESIAN_POINT('',(28.,124.43302648362,3.2));
#4898 = VECTOR('',#4899,1.);
#4899 = DIRECTION('',(0.,1.,0.));
#4900 = PCURVE('',#2326,#4901);
#4901 = DEFINITIONAL_REPRESENTATION('',(#4902),#4906);
#4902 = LINE('',#4903,#4904);
#4903 = CARTESIAN_POINT('',(0.,0.));
#4904 = VECTOR('',#4905,1.);
#4905 = DIRECTION('',(0.,-1.));
#4906 = ( GEOMETRIC_REPRESENTATION_CONTEXT(2) 
PARAMETRIC_REPRESENTATION_CONTEXT() REPRESENTATION_CONTEXT('2D SPACE',''
  ) );
#4907 = PCURVE('',#4835,#4908);
#4908 = DEFINITIONAL_REPRESENTATION('',(#4909),#4913);
#4909 = LINE('',#4910,#4911);
#4910 = CARTESIAN_POINT('',(24.8,121.23302648362));
#4911 = VECTOR('',#4912,1.);
#4912 = DIRECTION('',(0.,1.));
#4913 = ( GEOMETRIC_REPRESENTATION_CONTEXT(2) 
PARAMETRIC_REPRESENTATION_CONTEXT() REPRESENTATION_CONTEXT('2D SPACE',''
  ) );
#4914 = ORIENTED_EDGE('',*,*,#4800,.F.);
#4915 = ORIENTED_EDGE('',*,*,#2312,.F.);
#4916 = ADVANCED_FACE('',(#4917),#2301,.T.);
#4917 = FACE_BOUND('',#4918,.T.);
#4918 = EDGE_LOOP('',(#4919,#4920,#4941,#4962));
#4919 = ORIENTED_EDGE('',*,*,#4850,.F.);
#4920 = ORIENTED_EDGE('',*,*,#4921,.T.);
#4921 = EDGE_CURVE('',#4851,#4922,#4924,.T.);
#4922 = VERTEX_POINT('',#4923);
#4923 = CARTESIAN_POINT('',(32.,124.63302648362,11.2));
#4924 = SURFACE_CURVE('',#4925,(#4929,#4935),.PCURVE_S1.);
#4925 = LINE('',#4926,#4927);
#4926 = CARTESIAN_POINT('',(59.725,124.63302648362,11.2));
#4927 = VECTOR('',#4928,1.);
#4928 = DIRECTION('',(1.,-1.110223024625E-16,0.));
#4929 = PCURVE('',#2301,#4930);
#4930 = DEFINITIONAL_REPRESENTATION('',(#4931),#4934);
#4931 = B_SPLINE_CURVE_WITH_KNOTS('',1,(#4932,#4933),.UNSPECIFIED.,.F.,
  .F.,(2,2),(-31.725,-27.725),.PIECEWISE_BEZIER_KNOTS.);
#4932 = CARTESIAN_POINT('',(0.,0.2));
#4933 = CARTESIAN_POINT('',(4.,0.2));
#4934 = ( GEOMETRIC_REPRESENTATION_CONTEXT(2) 
PARAMETRIC_REPRESENTATION_CONTEXT() REPRESENTATION_CONTEXT('2D SPACE',''
  ) );
#4935 = PCURVE('',#2619,#4936);
#4936 = DEFINITIONAL_REPRESENTATION('',(#4937),#4940);
#4937 = B_SPLINE_CURVE_WITH_KNOTS('',1,(#4938,#4939),.UNSPECIFIED.,.F.,
  .F.,(2,2),(-31.725,-27.725),.PIECEWISE_BEZIER_KNOTS.);
#4938 = CARTESIAN_POINT('',(8.,-63.45));
#4939 = CARTESIAN_POINT('',(8.,-59.45));
#4940 = ( GEOMETRIC_REPRESENTATION_CONTEXT(2) 
PARAMETRIC_REPRESENTATION_CONTEXT() REPRESENTATION_CONTEXT('2D SPACE',''
  ) );
#4941 = ORIENTED_EDGE('',*,*,#4942,.T.);
#4942 = EDGE_CURVE('',#4922,#2259,#4943,.T.);
#4943 = SURFACE_CURVE('',#4944,(#4948,#4955),.PCURVE_S1.);
#4944 = LINE('',#4945,#4946);
#4945 = CARTESIAN_POINT('',(32.,124.43302648362,11.2));
#4946 = VECTOR('',#4947,1.);
#4947 = DIRECTION('',(0.,1.,0.));
#4948 = PCURVE('',#2301,#4949);
#4949 = DEFINITIONAL_REPRESENTATION('',(#4950),#4954);
#4950 = LINE('',#4951,#4952);
#4951 = CARTESIAN_POINT('',(4.,0.));
#4952 = VECTOR('',#4953,1.);
#4953 = DIRECTION('',(0.,1.));
#4954 = ( GEOMETRIC_REPRESENTATION_CONTEXT(2) 
PARAMETRIC_REPRESENTATION_CONTEXT() REPRESENTATION_CONTEXT('2D SPACE',''
  ) );
#4955 = PCURVE('',#2274,#4956);
#4956 = DEFINITIONAL_REPRESENTATION('',(#4957),#4961);
#4957 = LINE('',#4958,#4959);
#4958 = CARTESIAN_POINT('',(8.,0.));
#4959 = VECTOR('',#4960,1.);
#4960 = DIRECTION('',(0.,-1.));
#4961 = ( GEOMETRIC_REPRESENTATION_CONTEXT(2) 
PARAMETRIC_REPRESENTATION_CONTEXT() REPRESENTATION_CONTEXT('2D SPACE',''
  ) );
#4962 = ORIENTED_EDGE('',*,*,#2285,.F.);
#4963 = ADVANCED_FACE('',(#4964),#2274,.T.);
#4964 = FACE_BOUND('',#4965,.T.);
#4965 = EDGE_LOOP('',(#4966,#4967,#4988,#5016,#5035));
#4966 = ORIENTED_EDGE('',*,*,#4942,.F.);
#4967 = ORIENTED_EDGE('',*,*,#4968,.T.);
#4968 = EDGE_CURVE('',#4922,#4969,#4971,.T.);
#4969 = VERTEX_POINT('',#4970);
#4970 = CARTESIAN_POINT('',(32.,124.63302648362,3.2));
#4971 = SURFACE_CURVE('',#4972,(#4976,#4982),.PCURVE_S1.);
#4972 = LINE('',#4973,#4974);
#4973 = CARTESIAN_POINT('',(32.,124.63302648362,3.2));
#4974 = VECTOR('',#4975,1.);
#4975 = DIRECTION('',(0.,0.,-1.));
#4976 = PCURVE('',#2274,#4977);
#4977 = DEFINITIONAL_REPRESENTATION('',(#4978),#4981);
#4978 = B_SPLINE_CURVE_WITH_KNOTS('',1,(#4979,#4980),.UNSPECIFIED.,.F.,
  .F.,(2,2),(-8.,0.),.PIECEWISE_BEZIER_KNOTS.);
#4979 = CARTESIAN_POINT('',(8.,-0.2));
#4980 = CARTESIAN_POINT('',(0.,-0.2));
#4981 = ( GEOMETRIC_REPRESENTATION_CONTEXT(2) 
PARAMETRIC_REPRESENTATION_CONTEXT() REPRESENTATION_CONTEXT('2D SPACE',''
  ) );
#4982 = PCURVE('',#2619,#4983);
#4983 = DEFINITIONAL_REPRESENTATION('',(#4984),#4987);
#4984 = B_SPLINE_CURVE_WITH_KNOTS('',1,(#4985,#4986),.UNSPECIFIED.,.F.,
  .F.,(2,2),(-8.,0.),.PIECEWISE_BEZIER_KNOTS.);
#4985 = CARTESIAN_POINT('',(8.,-59.45));
#4986 = CARTESIAN_POINT('',(0.,-59.45));
#4987 = ( GEOMETRIC_REPRESENTATION_CONTEXT(2) 
PARAMETRIC_REPRESENTATION_CONTEXT() REPRESENTATION_CONTEXT('2D SPACE',''
  ) );
#4988 = ORIENTED_EDGE('',*,*,#4989,.T.);
#4989 = EDGE_CURVE('',#4969,#4990,#4992,.T.);
#4990 = VERTEX_POINT('',#4991);
#4991 = CARTESIAN_POINT('',(32.,150.50842373802,3.2));
#4992 = SURFACE_CURVE('',#4993,(#4997,#5004),.PCURVE_S1.);
#4993 = LINE('',#4994,#4995);
#4994 = CARTESIAN_POINT('',(32.,124.43302648362,3.2));
#4995 = VECTOR('',#4996,1.);
#4996 = DIRECTION('',(0.,1.,0.));
#4997 = PCURVE('',#2274,#4998);
#4998 = DEFINITIONAL_REPRESENTATION('',(#4999),#5003);
#4999 = LINE('',#5000,#5001);
#5000 = CARTESIAN_POINT('',(0.,0.));
#5001 = VECTOR('',#5002,1.);
#5002 = DIRECTION('',(0.,-1.));
#5003 = ( GEOMETRIC_REPRESENTATION_CONTEXT(2) 
PARAMETRIC_REPRESENTATION_CONTEXT() REPRESENTATION_CONTEXT('2D SPACE',''
  ) );
#5004 = PCURVE('',#5005,#5010);
#5005 = PLANE('',#5006);
#5006 = AXIS2_PLACEMENT_3D('',#5007,#5008,#5009);
#5007 = CARTESIAN_POINT('',(3.2,3.2,3.2));
#5008 = DIRECTION('',(0.,0.,1.));
#5009 = DIRECTION('',(1.,0.,0.));
#5010 = DEFINITIONAL_REPRESENTATION('',(#5011),#5015);
#5011 = LINE('',#5012,#5013);
#5012 = CARTESIAN_POINT('',(28.8,121.23302648362));
#5013 = VECTOR('',#5014,1.);
#5014 = DIRECTION('',(0.,1.));
#5015 = ( GEOMETRIC_REPRESENTATION_CONTEXT(2) 
PARAMETRIC_REPRESENTATION_CONTEXT() REPRESENTATION_CONTEXT('2D SPACE',''
  ) );
#5016 = ORIENTED_EDGE('',*,*,#5017,.F.);
#5017 = EDGE_CURVE('',#2231,#4990,#5018,.T.);
#5018 = SURFACE_CURVE('',#5019,(#5023,#5029),.PCURVE_S1.);
#5019 = LINE('',#5020,#5021);
#5020 = CARTESIAN_POINT('',(32.,144.61457442442,-2.6938493136));
#5021 = VECTOR('',#5022,1.);
#5022 = DIRECTION('',(0.,-0.707106781187,-0.707106781187));
#5023 = PCURVE('',#2274,#5024);
#5024 = DEFINITIONAL_REPRESENTATION('',(#5025),#5028);
#5025 = B_SPLINE_CURVE_WITH_KNOTS('',1,(#5026,#5027),.UNSPECIFIED.,.F.,
  .F.,(2,2),(-11.87069553981,-8.335161633877),.PIECEWISE_BEZIER_KNOTS.);
#5026 = CARTESIAN_POINT('',(2.5,-28.5753972544));
#5027 = CARTESIAN_POINT('',(5.398541517713E-15,-26.0753972544));
#5028 = ( GEOMETRIC_REPRESENTATION_CONTEXT(2) 
PARAMETRIC_REPRESENTATION_CONTEXT() REPRESENTATION_CONTEXT('2D SPACE',''
  ) );
#5029 = PCURVE('',#2246,#5030);
#5030 = DEFINITIONAL_REPRESENTATION('',(#5031),#5034);
#5031 = B_SPLINE_CURVE_WITH_KNOTS('',1,(#5032,#5033),.UNSPECIFIED.,.F.,
  .F.,(2,2),(-11.87069553981,-8.335161633877),.PIECEWISE_BEZIER_KNOTS.);
#5032 = CARTESIAN_POINT('',(-26.,-1.767766952966));
#5033 = CARTESIAN_POINT('',(-26.,1.767766952966));
#5034 = ( GEOMETRIC_REPRESENTATION_CONTEXT(2) 
PARAMETRIC_REPRESENTATION_CONTEXT() REPRESENTATION_CONTEXT('2D SPACE',''
  ) );
#5035 = ORIENTED_EDGE('',*,*,#2258,.F.);
#5036 = ADVANCED_FACE('',(#5037),#1700,.T.);
#5037 = FACE_BOUND('',#5038,.F.);
#5038 = EDGE_LOOP('',(#5039,#5060,#5061,#5062));
#5039 = ORIENTED_EDGE('',*,*,#5040,.F.);
#5040 = EDGE_CURVE('',#1685,#5041,#5043,.T.);
#5041 = VERTEX_POINT('',#5042);
#5042 = CARTESIAN_POINT('',(167.29285714285,150.50842373802,3.2));
#5043 = SURFACE_CURVE('',#5044,(#5048,#5054),.PCURVE_S1.);
#5044 = LINE('',#5045,#5046);
#5045 = CARTESIAN_POINT('',(167.29285714285,144.61457442442,
    -2.6938493136));
#5046 = VECTOR('',#5047,1.);
#5047 = DIRECTION('',(0.,-0.707106781187,-0.707106781187));
#5048 = PCURVE('',#1700,#5049);
#5049 = DEFINITIONAL_REPRESENTATION('',(#5050),#5053);
#5050 = B_SPLINE_CURVE_WITH_KNOTS('',1,(#5051,#5052),.UNSPECIFIED.,.F.,
  .F.,(2,2),(-11.87069553981,-8.335161633877),.PIECEWISE_BEZIER_KNOTS.);
#5051 = CARTESIAN_POINT('',(-161.2928571428,-1.767766952966));
#5052 = CARTESIAN_POINT('',(-161.2928571428,1.767766952966));
#5053 = ( GEOMETRIC_REPRESENTATION_CONTEXT(2) 
PARAMETRIC_REPRESENTATION_CONTEXT() REPRESENTATION_CONTEXT('2D SPACE',''
  ) );
#5054 = PCURVE('',#1728,#5055);
#5055 = DEFINITIONAL_REPRESENTATION('',(#5056),#5059);
#5056 = B_SPLINE_CURVE_WITH_KNOTS('',1,(#5057,#5058),.UNSPECIFIED.,.F.,
  .F.,(2,2),(-11.87069553981,-8.335161633877),.PIECEWISE_BEZIER_KNOTS.);
#5057 = CARTESIAN_POINT('',(2.5,-28.5753972544));
#5058 = CARTESIAN_POINT('',(5.398541517713E-15,-26.0753972544));
#5059 = ( GEOMETRIC_REPRESENTATION_CONTEXT(2) 
PARAMETRIC_REPRESENTATION_CONTEXT() REPRESENTATION_CONTEXT('2D SPACE',''
  ) );
#5060 = ORIENTED_EDGE('',*,*,#1684,.T.);
#5061 = ORIENTED_EDGE('',*,*,#4722,.T.);
#5062 = ORIENTED_EDGE('',*,*,#5063,.F.);
#5063 = EDGE_CURVE('',#5041,#4723,#5064,.T.);
#5064 = SURFACE_CURVE('',#5065,(#5069,#5076),.PCURVE_S1.);
#5065 = LINE('',#5066,#5067);
#5066 = CARTESIAN_POINT('',(6.,150.50842373802,3.2));
#5067 = VECTOR('',#5068,1.);
#5068 = DIRECTION('',(1.,0.,0.));
#5069 = PCURVE('',#1700,#5070);
#5070 = DEFINITIONAL_REPRESENTATION('',(#5071),#5075);
#5071 = LINE('',#5072,#5073);
#5072 = CARTESIAN_POINT('',(1.925929944387E-34,1.767766952966));
#5073 = VECTOR('',#5074,1.);
#5074 = DIRECTION('',(-1.,2.803368887165E-34));
#5075 = ( GEOMETRIC_REPRESENTATION_CONTEXT(2) 
PARAMETRIC_REPRESENTATION_CONTEXT() REPRESENTATION_CONTEXT('2D SPACE',''
  ) );
#5076 = PCURVE('',#3585,#5077);
#5077 = DEFINITIONAL_REPRESENTATION('',(#5078),#5082);
#5078 = LINE('',#5079,#5080);
#5079 = CARTESIAN_POINT('',(2.8,147.30842373802));
#5080 = VECTOR('',#5081,1.);
#5081 = DIRECTION('',(1.,0.));
#5082 = ( GEOMETRIC_REPRESENTATION_CONTEXT(2) 
PARAMETRIC_REPRESENTATION_CONTEXT() REPRESENTATION_CONTEXT('2D SPACE',''
  ) );
#5083 = ADVANCED_FACE('',(#5084),#2246,.T.);
#5084 = FACE_BOUND('',#5085,.F.);
#5085 = EDGE_LOOP('',(#5086,#5087,#5088,#5109));
#5086 = ORIENTED_EDGE('',*,*,#5017,.F.);
#5087 = ORIENTED_EDGE('',*,*,#2230,.T.);
#5088 = ORIENTED_EDGE('',*,*,#5089,.T.);
#5089 = EDGE_CURVE('',#2204,#5090,#5092,.T.);
#5090 = VERTEX_POINT('',#5091);
#5091 = CARTESIAN_POINT('',(68.,150.50842373802,3.2));
#5092 = SURFACE_CURVE('',#5093,(#5097,#5103),.PCURVE_S1.);
#5093 = LINE('',#5094,#5095);
#5094 = CARTESIAN_POINT('',(68.,144.61457442442,-2.6938493136));
#5095 = VECTOR('',#5096,1.);
#5096 = DIRECTION('',(0.,-0.707106781187,-0.707106781187));
#5097 = PCURVE('',#2246,#5098);
#5098 = DEFINITIONAL_REPRESENTATION('',(#5099),#5102);
#5099 = B_SPLINE_CURVE_WITH_KNOTS('',1,(#5100,#5101),.UNSPECIFIED.,.F.,
  .F.,(2,2),(-11.87069553981,-8.335161633877),.PIECEWISE_BEZIER_KNOTS.);
#5100 = CARTESIAN_POINT('',(-62.,-1.767766952966));
#5101 = CARTESIAN_POINT('',(-62.,1.767766952966));
#5102 = ( GEOMETRIC_REPRESENTATION_CONTEXT(2) 
PARAMETRIC_REPRESENTATION_CONTEXT() REPRESENTATION_CONTEXT('2D SPACE',''
  ) );
#5103 = PCURVE('',#2219,#5104);
#5104 = DEFINITIONAL_REPRESENTATION('',(#5105),#5108);
#5105 = B_SPLINE_CURVE_WITH_KNOTS('',1,(#5106,#5107),.UNSPECIFIED.,.F.,
  .F.,(2,2),(-11.87069553981,-8.335161633877),.PIECEWISE_BEZIER_KNOTS.);
#5106 = CARTESIAN_POINT('',(2.5,-28.5753972544));
#5107 = CARTESIAN_POINT('',(5.398541517713E-15,-26.0753972544));
#5108 = ( GEOMETRIC_REPRESENTATION_CONTEXT(2) 
PARAMETRIC_REPRESENTATION_CONTEXT() REPRESENTATION_CONTEXT('2D SPACE',''
  ) );
#5109 = ORIENTED_EDGE('',*,*,#5110,.F.);
#5110 = EDGE_CURVE('',#4990,#5090,#5111,.T.);
#5111 = SURFACE_CURVE('',#5112,(#5116,#5123),.PCURVE_S1.);
#5112 = LINE('',#5113,#5114);
#5113 = CARTESIAN_POINT('',(6.,150.50842373802,3.2));
#5114 = VECTOR('',#5115,1.);
#5115 = DIRECTION('',(1.,0.,0.));
#5116 = PCURVE('',#2246,#5117);
#5117 = DEFINITIONAL_REPRESENTATION('',(#5118),#5122);
#5118 = LINE('',#5119,#5120);
#5119 = CARTESIAN_POINT('',(1.925929944387E-34,1.767766952966));
#5120 = VECTOR('',#5121,1.);
#5121 = DIRECTION('',(-1.,2.803368887165E-34));
#5122 = ( GEOMETRIC_REPRESENTATION_CONTEXT(2) 
PARAMETRIC_REPRESENTATION_CONTEXT() REPRESENTATION_CONTEXT('2D SPACE',''
  ) );
#5123 = PCURVE('',#5005,#5124);
#5124 = DEFINITIONAL_REPRESENTATION('',(#5125),#5129);
#5125 = LINE('',#5126,#5127);
#5126 = CARTESIAN_POINT('',(2.8,147.30842373802));
#5127 = VECTOR('',#5128,1.);
#5128 = DIRECTION('',(1.,0.));
#5129 = ( GEOMETRIC_REPRESENTATION_CONTEXT(2) 
PARAMETRIC_REPRESENTATION_CONTEXT() REPRESENTATION_CONTEXT('2D SPACE',''
  ) );
#5130 = ADVANCED_FACE('',(#5131),#1728,.T.);
#5131 = FACE_BOUND('',#5132,.T.);
#5132 = EDGE_LOOP('',(#5133,#5154,#5155,#5176,#5177));
#5133 = ORIENTED_EDGE('',*,*,#5134,.F.);
#5134 = EDGE_CURVE('',#3724,#1713,#5135,.T.);
#5135 = SURFACE_CURVE('',#5136,(#5140,#5147),.PCURVE_S1.);
#5136 = LINE('',#5137,#5138);
#5137 = CARTESIAN_POINT('',(167.29285714285,124.43302648362,11.2));
#5138 = VECTOR('',#5139,1.);
#5139 = DIRECTION('',(0.,1.,0.));
#5140 = PCURVE('',#1728,#5141);
#5141 = DEFINITIONAL_REPRESENTATION('',(#5142),#5146);
#5142 = LINE('',#5143,#5144);
#5143 = CARTESIAN_POINT('',(8.,0.));
#5144 = VECTOR('',#5145,1.);
#5145 = DIRECTION('',(0.,-1.));
#5146 = ( GEOMETRIC_REPRESENTATION_CONTEXT(2) 
PARAMETRIC_REPRESENTATION_CONTEXT() REPRESENTATION_CONTEXT('2D SPACE',''
  ) );
#5147 = PCURVE('',#1755,#5148);
#5148 = DEFINITIONAL_REPRESENTATION('',(#5149),#5153);
#5149 = LINE('',#5150,#5151);
#5150 = CARTESIAN_POINT('',(4.,0.));
#5151 = VECTOR('',#5152,1.);
#5152 = DIRECTION('',(0.,1.));
#5153 = ( GEOMETRIC_REPRESENTATION_CONTEXT(2) 
PARAMETRIC_REPRESENTATION_CONTEXT() REPRESENTATION_CONTEXT('2D SPACE',''
  ) );
#5154 = ORIENTED_EDGE('',*,*,#3723,.T.);
#5155 = ORIENTED_EDGE('',*,*,#5156,.T.);
#5156 = EDGE_CURVE('',#3701,#5041,#5157,.T.);
#5157 = SURFACE_CURVE('',#5158,(#5162,#5169),.PCURVE_S1.);
#5158 = LINE('',#5159,#5160);
#5159 = CARTESIAN_POINT('',(167.29285714285,124.43302648362,3.2));
#5160 = VECTOR('',#5161,1.);
#5161 = DIRECTION('',(0.,1.,0.));
#5162 = PCURVE('',#1728,#5163);
#5163 = DEFINITIONAL_REPRESENTATION('',(#5164),#5168);
#5164 = LINE('',#5165,#5166);
#5165 = CARTESIAN_POINT('',(0.,0.));
#5166 = VECTOR('',#5167,1.);
#5167 = DIRECTION('',(0.,-1.));
#5168 = ( GEOMETRIC_REPRESENTATION_CONTEXT(2) 
PARAMETRIC_REPRESENTATION_CONTEXT() REPRESENTATION_CONTEXT('2D SPACE',''
  ) );
#5169 = PCURVE('',#3585,#5170);
#5170 = DEFINITIONAL_REPRESENTATION('',(#5171),#5175);
#5171 = LINE('',#5172,#5173);
#5172 = CARTESIAN_POINT('',(164.09285714285,121.23302648362));
#5173 = VECTOR('',#5174,1.);
#5174 = DIRECTION('',(0.,1.));
#5175 = ( GEOMETRIC_REPRESENTATION_CONTEXT(2) 
PARAMETRIC_REPRESENTATION_CONTEXT() REPRESENTATION_CONTEXT('2D SPACE',''
  ) );
#5176 = ORIENTED_EDGE('',*,*,#5040,.F.);
#5177 = ORIENTED_EDGE('',*,*,#1712,.F.);
#5178 = ADVANCED_FACE('',(#5179),#2219,.F.);
#5179 = FACE_BOUND('',#5180,.F.);
#5180 = EDGE_LOOP('',(#5181,#5204,#5225,#5246,#5247));
#5181 = ORIENTED_EDGE('',*,*,#5182,.F.);
#5182 = EDGE_CURVE('',#5183,#2177,#5185,.T.);
#5183 = VERTEX_POINT('',#5184);
#5184 = CARTESIAN_POINT('',(68.,124.63302648362,11.2));
#5185 = SURFACE_CURVE('',#5186,(#5190,#5197),.PCURVE_S1.);
#5186 = LINE('',#5187,#5188);
#5187 = CARTESIAN_POINT('',(68.,124.43302648362,11.2));
#5188 = VECTOR('',#5189,1.);
#5189 = DIRECTION('',(0.,1.,0.));
#5190 = PCURVE('',#2219,#5191);
#5191 = DEFINITIONAL_REPRESENTATION('',(#5192),#5196);
#5192 = LINE('',#5193,#5194);
#5193 = CARTESIAN_POINT('',(8.,0.));
#5194 = VECTOR('',#5195,1.);
#5195 = DIRECTION('',(0.,-1.));
#5196 = ( GEOMETRIC_REPRESENTATION_CONTEXT(2) 
PARAMETRIC_REPRESENTATION_CONTEXT() REPRESENTATION_CONTEXT('2D SPACE',''
  ) );
#5197 = PCURVE('',#2192,#5198);
#5198 = DEFINITIONAL_REPRESENTATION('',(#5199),#5203);
#5199 = LINE('',#5200,#5201);
#5200 = CARTESIAN_POINT('',(0.,0.));
#5201 = VECTOR('',#5202,1.);
#5202 = DIRECTION('',(0.,1.));
#5203 = ( GEOMETRIC_REPRESENTATION_CONTEXT(2) 
PARAMETRIC_REPRESENTATION_CONTEXT() REPRESENTATION_CONTEXT('2D SPACE',''
  ) );
#5204 = ORIENTED_EDGE('',*,*,#5205,.T.);
#5205 = EDGE_CURVE('',#5183,#5206,#5208,.T.);
#5206 = VERTEX_POINT('',#5207);
#5207 = CARTESIAN_POINT('',(68.,124.63302648362,3.2));
#5208 = SURFACE_CURVE('',#5209,(#5213,#5219),.PCURVE_S1.);
#5209 = LINE('',#5210,#5211);
#5210 = CARTESIAN_POINT('',(68.,124.63302648362,3.2));
#5211 = VECTOR('',#5212,1.);
#5212 = DIRECTION('',(0.,0.,-1.));
#5213 = PCURVE('',#2219,#5214);
#5214 = DEFINITIONAL_REPRESENTATION('',(#5215),#5218);
#5215 = B_SPLINE_CURVE_WITH_KNOTS('',1,(#5216,#5217),.UNSPECIFIED.,.F.,
  .F.,(2,2),(-8.,0.),.PIECEWISE_BEZIER_KNOTS.);
#5216 = CARTESIAN_POINT('',(8.,-0.2));
#5217 = CARTESIAN_POINT('',(0.,-0.2));
#5218 = ( GEOMETRIC_REPRESENTATION_CONTEXT(2) 
PARAMETRIC_REPRESENTATION_CONTEXT() REPRESENTATION_CONTEXT('2D SPACE',''
  ) );
#5219 = PCURVE('',#2619,#5220);
#5220 = DEFINITIONAL_REPRESENTATION('',(#5221),#5224);
#5221 = B_SPLINE_CURVE_WITH_KNOTS('',1,(#5222,#5223),.UNSPECIFIED.,.F.,
  .F.,(2,2),(-8.,0.),.PIECEWISE_BEZIER_KNOTS.);
#5222 = CARTESIAN_POINT('',(8.,-23.45));
#5223 = CARTESIAN_POINT('',(0.,-23.45));
#5224 = ( GEOMETRIC_REPRESENTATION_CONTEXT(2) 
PARAMETRIC_REPRESENTATION_CONTEXT() REPRESENTATION_CONTEXT('2D SPACE',''
  ) );
#5225 = ORIENTED_EDGE('',*,*,#5226,.T.);
#5226 = EDGE_CURVE('',#5206,#5090,#5227,.T.);
#5227 = SURFACE_CURVE('',#5228,(#5232,#5239),.PCURVE_S1.);
#5228 = LINE('',#5229,#5230);
#5229 = CARTESIAN_POINT('',(68.,124.43302648362,3.2));
#5230 = VECTOR('',#5231,1.);
#5231 = DIRECTION('',(0.,1.,0.));
#5232 = PCURVE('',#2219,#5233);
#5233 = DEFINITIONAL_REPRESENTATION('',(#5234),#5238);
#5234 = LINE('',#5235,#5236);
#5235 = CARTESIAN_POINT('',(0.,0.));
#5236 = VECTOR('',#5237,1.);
#5237 = DIRECTION('',(0.,-1.));
#5238 = ( GEOMETRIC_REPRESENTATION_CONTEXT(2) 
PARAMETRIC_REPRESENTATION_CONTEXT() REPRESENTATION_CONTEXT('2D SPACE',''
  ) );
#5239 = PCURVE('',#5005,#5240);
#5240 = DEFINITIONAL_REPRESENTATION('',(#5241),#5245);
#5241 = LINE('',#5242,#5243);
#5242 = CARTESIAN_POINT('',(64.8,121.23302648362));
#5243 = VECTOR('',#5244,1.);
#5244 = DIRECTION('',(0.,1.));
#5245 = ( GEOMETRIC_REPRESENTATION_CONTEXT(2) 
PARAMETRIC_REPRESENTATION_CONTEXT() REPRESENTATION_CONTEXT('2D SPACE',''
  ) );
#5246 = ORIENTED_EDGE('',*,*,#5089,.F.);
#5247 = ORIENTED_EDGE('',*,*,#2203,.F.);
#5248 = ADVANCED_FACE('',(#5249),#1755,.T.);
#5249 = FACE_BOUND('',#5250,.T.);
#5250 = EDGE_LOOP('',(#5251,#5272,#5273,#5274));
#5251 = ORIENTED_EDGE('',*,*,#5252,.F.);
#5252 = EDGE_CURVE('',#3745,#1740,#5253,.T.);
#5253 = SURFACE_CURVE('',#5254,(#5258,#5265),.PCURVE_S1.);
#5254 = LINE('',#5255,#5256);
#5255 = CARTESIAN_POINT('',(163.29285714285,124.43302648362,11.2));
#5256 = VECTOR('',#5257,1.);
#5257 = DIRECTION('',(0.,1.,0.));
#5258 = PCURVE('',#1755,#5259);
#5259 = DEFINITIONAL_REPRESENTATION('',(#5260),#5264);
#5260 = LINE('',#5261,#5262);
#5261 = CARTESIAN_POINT('',(0.,0.));
#5262 = VECTOR('',#5263,1.);
#5263 = DIRECTION('',(0.,1.));
#5264 = ( GEOMETRIC_REPRESENTATION_CONTEXT(2) 
PARAMETRIC_REPRESENTATION_CONTEXT() REPRESENTATION_CONTEXT('2D SPACE',''
  ) );
#5265 = PCURVE('',#1782,#5266);
#5266 = DEFINITIONAL_REPRESENTATION('',(#5267),#5271);
#5267 = LINE('',#5268,#5269);
#5268 = CARTESIAN_POINT('',(8.,0.));
#5269 = VECTOR('',#5270,1.);
#5270 = DIRECTION('',(0.,-1.));
#5271 = ( GEOMETRIC_REPRESENTATION_CONTEXT(2) 
PARAMETRIC_REPRESENTATION_CONTEXT() REPRESENTATION_CONTEXT('2D SPACE',''
  ) );
#5272 = ORIENTED_EDGE('',*,*,#3744,.T.);
#5273 = ORIENTED_EDGE('',*,*,#5134,.T.);
#5274 = ORIENTED_EDGE('',*,*,#1739,.F.);
#5275 = ADVANCED_FACE('',(#5276),#2192,.T.);
#5276 = FACE_BOUND('',#5277,.T.);
#5277 = EDGE_LOOP('',(#5278,#5279,#5300,#5321));
#5278 = ORIENTED_EDGE('',*,*,#5182,.F.);
#5279 = ORIENTED_EDGE('',*,*,#5280,.T.);
#5280 = EDGE_CURVE('',#5183,#5281,#5283,.T.);
#5281 = VERTEX_POINT('',#5282);
#5282 = CARTESIAN_POINT('',(72.,124.63302648362,11.2));
#5283 = SURFACE_CURVE('',#5284,(#5288,#5294),.PCURVE_S1.);
#5284 = LINE('',#5285,#5286);
#5285 = CARTESIAN_POINT('',(79.725,124.63302648362,11.2));
#5286 = VECTOR('',#5287,1.);
#5287 = DIRECTION('',(1.,-1.110223024625E-16,0.));
#5288 = PCURVE('',#2192,#5289);
#5289 = DEFINITIONAL_REPRESENTATION('',(#5290),#5293);
#5290 = B_SPLINE_CURVE_WITH_KNOTS('',1,(#5291,#5292),.UNSPECIFIED.,.F.,
  .F.,(2,2),(-11.725,-7.725),.PIECEWISE_BEZIER_KNOTS.);
#5291 = CARTESIAN_POINT('',(0.,0.2));
#5292 = CARTESIAN_POINT('',(4.,0.2));
#5293 = ( GEOMETRIC_REPRESENTATION_CONTEXT(2) 
PARAMETRIC_REPRESENTATION_CONTEXT() REPRESENTATION_CONTEXT('2D SPACE',''
  ) );
#5294 = PCURVE('',#2619,#5295);
#5295 = DEFINITIONAL_REPRESENTATION('',(#5296),#5299);
#5296 = B_SPLINE_CURVE_WITH_KNOTS('',1,(#5297,#5298),.UNSPECIFIED.,.F.,
  .F.,(2,2),(-11.725,-7.725),.PIECEWISE_BEZIER_KNOTS.);
#5297 = CARTESIAN_POINT('',(8.,-23.45));
#5298 = CARTESIAN_POINT('',(8.,-19.45));
#5299 = ( GEOMETRIC_REPRESENTATION_CONTEXT(2) 
PARAMETRIC_REPRESENTATION_CONTEXT() REPRESENTATION_CONTEXT('2D SPACE',''
  ) );
#5300 = ORIENTED_EDGE('',*,*,#5301,.T.);
#5301 = EDGE_CURVE('',#5281,#2150,#5302,.T.);
#5302 = SURFACE_CURVE('',#5303,(#5307,#5314),.PCURVE_S1.);
#5303 = LINE('',#5304,#5305);
#5304 = CARTESIAN_POINT('',(72.,124.43302648362,11.2));
#5305 = VECTOR('',#5306,1.);
#5306 = DIRECTION('',(0.,1.,0.));
#5307 = PCURVE('',#2192,#5308);
#5308 = DEFINITIONAL_REPRESENTATION('',(#5309),#5313);
#5309 = LINE('',#5310,#5311);
#5310 = CARTESIAN_POINT('',(4.,0.));
#5311 = VECTOR('',#5312,1.);
#5312 = DIRECTION('',(0.,1.));
#5313 = ( GEOMETRIC_REPRESENTATION_CONTEXT(2) 
PARAMETRIC_REPRESENTATION_CONTEXT() REPRESENTATION_CONTEXT('2D SPACE',''
  ) );
#5314 = PCURVE('',#2165,#5315);
#5315 = DEFINITIONAL_REPRESENTATION('',(#5316),#5320);
#5316 = LINE('',#5317,#5318);
#5317 = CARTESIAN_POINT('',(8.,0.));
#5318 = VECTOR('',#5319,1.);
#5319 = DIRECTION('',(0.,-1.));
#5320 = ( GEOMETRIC_REPRESENTATION_CONTEXT(2) 
PARAMETRIC_REPRESENTATION_CONTEXT() REPRESENTATION_CONTEXT('2D SPACE',''
  ) );
#5321 = ORIENTED_EDGE('',*,*,#2176,.F.);
#5322 = ADVANCED_FACE('',(#5323),#1782,.F.);
#5323 = FACE_BOUND('',#5324,.F.);
#5324 = EDGE_LOOP('',(#5325,#5326,#5327,#5350,#5369));
#5325 = ORIENTED_EDGE('',*,*,#5252,.F.);
#5326 = ORIENTED_EDGE('',*,*,#3765,.T.);
#5327 = ORIENTED_EDGE('',*,*,#5328,.T.);
#5328 = EDGE_CURVE('',#3766,#5329,#5331,.T.);
#5329 = VERTEX_POINT('',#5330);
#5330 = CARTESIAN_POINT('',(163.29285714285,150.50842373802,3.2));
#5331 = SURFACE_CURVE('',#5332,(#5336,#5343),.PCURVE_S1.);
#5332 = LINE('',#5333,#5334);
#5333 = CARTESIAN_POINT('',(163.29285714285,124.43302648362,3.2));
#5334 = VECTOR('',#5335,1.);
#5335 = DIRECTION('',(0.,1.,0.));
#5336 = PCURVE('',#1782,#5337);
#5337 = DEFINITIONAL_REPRESENTATION('',(#5338),#5342);
#5338 = LINE('',#5339,#5340);
#5339 = CARTESIAN_POINT('',(0.,0.));
#5340 = VECTOR('',#5341,1.);
#5341 = DIRECTION('',(0.,-1.));
#5342 = ( GEOMETRIC_REPRESENTATION_CONTEXT(2) 
PARAMETRIC_REPRESENTATION_CONTEXT() REPRESENTATION_CONTEXT('2D SPACE',''
  ) );
#5343 = PCURVE('',#3802,#5344);
#5344 = DEFINITIONAL_REPRESENTATION('',(#5345),#5349);
#5345 = LINE('',#5346,#5347);
#5346 = CARTESIAN_POINT('',(160.09285714285,121.23302648362));
#5347 = VECTOR('',#5348,1.);
#5348 = DIRECTION('',(0.,1.));
#5349 = ( GEOMETRIC_REPRESENTATION_CONTEXT(2) 
PARAMETRIC_REPRESENTATION_CONTEXT() REPRESENTATION_CONTEXT('2D SPACE',''
  ) );
#5350 = ORIENTED_EDGE('',*,*,#5351,.F.);
#5351 = EDGE_CURVE('',#1767,#5329,#5352,.T.);
#5352 = SURFACE_CURVE('',#5353,(#5357,#5363),.PCURVE_S1.);
#5353 = LINE('',#5354,#5355);
#5354 = CARTESIAN_POINT('',(163.29285714285,144.61457442442,
    -2.6938493136));
#5355 = VECTOR('',#5356,1.);
#5356 = DIRECTION('',(0.,-0.707106781187,-0.707106781187));
#5357 = PCURVE('',#1782,#5358);
#5358 = DEFINITIONAL_REPRESENTATION('',(#5359),#5362);
#5359 = B_SPLINE_CURVE_WITH_KNOTS('',1,(#5360,#5361),.UNSPECIFIED.,.F.,
  .F.,(2,2),(-11.87069553981,-8.335161633877),.PIECEWISE_BEZIER_KNOTS.);
#5360 = CARTESIAN_POINT('',(2.5,-28.5753972544));
#5361 = CARTESIAN_POINT('',(5.398541517713E-15,-26.0753972544));
#5362 = ( GEOMETRIC_REPRESENTATION_CONTEXT(2) 
PARAMETRIC_REPRESENTATION_CONTEXT() REPRESENTATION_CONTEXT('2D SPACE',''
  ) );
#5363 = PCURVE('',#1809,#5364);
#5364 = DEFINITIONAL_REPRESENTATION('',(#5365),#5368);
#5365 = B_SPLINE_CURVE_WITH_KNOTS('',1,(#5366,#5367),.UNSPECIFIED.,.F.,
  .F.,(2,2),(-11.87069553981,-8.335161633877),.PIECEWISE_BEZIER_KNOTS.);
#5366 = CARTESIAN_POINT('',(-157.2928571428,-1.767766952966));
#5367 = CARTESIAN_POINT('',(-157.2928571428,1.767766952966));
#5368 = ( GEOMETRIC_REPRESENTATION_CONTEXT(2) 
PARAMETRIC_REPRESENTATION_CONTEXT() REPRESENTATION_CONTEXT('2D SPACE',''
  ) );
#5369 = ORIENTED_EDGE('',*,*,#1766,.F.);
#5370 = ADVANCED_FACE('',(#5371),#2165,.T.);
#5371 = FACE_BOUND('',#5372,.T.);
#5372 = EDGE_LOOP('',(#5373,#5374,#5395,#5418,#5437));
#5373 = ORIENTED_EDGE('',*,*,#5301,.F.);
#5374 = ORIENTED_EDGE('',*,*,#5375,.T.);
#5375 = EDGE_CURVE('',#5281,#5376,#5378,.T.);
#5376 = VERTEX_POINT('',#5377);
#5377 = CARTESIAN_POINT('',(72.,124.63302648362,3.2));
#5378 = SURFACE_CURVE('',#5379,(#5383,#5389),.PCURVE_S1.);
#5379 = LINE('',#5380,#5381);
#5380 = CARTESIAN_POINT('',(72.,124.63302648362,3.2));
#5381 = VECTOR('',#5382,1.);
#5382 = DIRECTION('',(0.,0.,-1.));
#5383 = PCURVE('',#2165,#5384);
#5384 = DEFINITIONAL_REPRESENTATION('',(#5385),#5388);
#5385 = B_SPLINE_CURVE_WITH_KNOTS('',1,(#5386,#5387),.UNSPECIFIED.,.F.,
  .F.,(2,2),(-8.,0.),.PIECEWISE_BEZIER_KNOTS.);
#5386 = CARTESIAN_POINT('',(8.,-0.2));
#5387 = CARTESIAN_POINT('',(0.,-0.2));
#5388 = ( GEOMETRIC_REPRESENTATION_CONTEXT(2) 
PARAMETRIC_REPRESENTATION_CONTEXT() REPRESENTATION_CONTEXT('2D SPACE',''
  ) );
#5389 = PCURVE('',#2619,#5390);
#5390 = DEFINITIONAL_REPRESENTATION('',(#5391),#5394);
#5391 = B_SPLINE_CURVE_WITH_KNOTS('',1,(#5392,#5393),.UNSPECIFIED.,.F.,
  .F.,(2,2),(-8.,0.),.PIECEWISE_BEZIER_KNOTS.);
#5392 = CARTESIAN_POINT('',(8.,-19.45));
#5393 = CARTESIAN_POINT('',(0.,-19.45));
#5394 = ( GEOMETRIC_REPRESENTATION_CONTEXT(2) 
PARAMETRIC_REPRESENTATION_CONTEXT() REPRESENTATION_CONTEXT('2D SPACE',''
  ) );
#5395 = ORIENTED_EDGE('',*,*,#5396,.T.);
#5396 = EDGE_CURVE('',#5376,#5397,#5399,.T.);
#5397 = VERTEX_POINT('',#5398);
#5398 = CARTESIAN_POINT('',(72.,150.50842373802,3.2));
#5399 = SURFACE_CURVE('',#5400,(#5404,#5411),.PCURVE_S1.);
#5400 = LINE('',#5401,#5402);
#5401 = CARTESIAN_POINT('',(72.,124.43302648362,3.2));
#5402 = VECTOR('',#5403,1.);
#5403 = DIRECTION('',(0.,1.,0.));
#5404 = PCURVE('',#2165,#5405);
#5405 = DEFINITIONAL_REPRESENTATION('',(#5406),#5410);
#5406 = LINE('',#5407,#5408);
#5407 = CARTESIAN_POINT('',(0.,0.));
#5408 = VECTOR('',#5409,1.);
#5409 = DIRECTION('',(0.,-1.));
#5410 = ( GEOMETRIC_REPRESENTATION_CONTEXT(2) 
PARAMETRIC_REPRESENTATION_CONTEXT() REPRESENTATION_CONTEXT('2D SPACE',''
  ) );
#5411 = PCURVE('',#3893,#5412);
#5412 = DEFINITIONAL_REPRESENTATION('',(#5413),#5417);
#5413 = LINE('',#5414,#5415);
#5414 = CARTESIAN_POINT('',(68.8,121.23302648362));
#5415 = VECTOR('',#5416,1.);
#5416 = DIRECTION('',(0.,1.));
#5417 = ( GEOMETRIC_REPRESENTATION_CONTEXT(2) 
PARAMETRIC_REPRESENTATION_CONTEXT() REPRESENTATION_CONTEXT('2D SPACE',''
  ) );
#5418 = ORIENTED_EDGE('',*,*,#5419,.F.);
#5419 = EDGE_CURVE('',#2122,#5397,#5420,.T.);
#5420 = SURFACE_CURVE('',#5421,(#5425,#5431),.PCURVE_S1.);
#5421 = LINE('',#5422,#5423);
#5422 = CARTESIAN_POINT('',(72.,144.61457442442,-2.6938493136));
#5423 = VECTOR('',#5424,1.);
#5424 = DIRECTION('',(0.,-0.707106781187,-0.707106781187));
#5425 = PCURVE('',#2165,#5426);
#5426 = DEFINITIONAL_REPRESENTATION('',(#5427),#5430);
#5427 = B_SPLINE_CURVE_WITH_KNOTS('',1,(#5428,#5429),.UNSPECIFIED.,.F.,
  .F.,(2,2),(-11.87069553981,-8.335161633877),.PIECEWISE_BEZIER_KNOTS.);
#5428 = CARTESIAN_POINT('',(2.5,-28.5753972544));
#5429 = CARTESIAN_POINT('',(5.398541517713E-15,-26.0753972544));
#5430 = ( GEOMETRIC_REPRESENTATION_CONTEXT(2) 
PARAMETRIC_REPRESENTATION_CONTEXT() REPRESENTATION_CONTEXT('2D SPACE',''
  ) );
#5431 = PCURVE('',#2137,#5432);
#5432 = DEFINITIONAL_REPRESENTATION('',(#5433),#5436);
#5433 = B_SPLINE_CURVE_WITH_KNOTS('',1,(#5434,#5435),.UNSPECIFIED.,.F.,
  .F.,(2,2),(-11.87069553981,-8.335161633877),.PIECEWISE_BEZIER_KNOTS.);
#5434 = CARTESIAN_POINT('',(-66.,-1.767766952966));
#5435 = CARTESIAN_POINT('',(-66.,1.767766952966));
#5436 = ( GEOMETRIC_REPRESENTATION_CONTEXT(2) 
PARAMETRIC_REPRESENTATION_CONTEXT() REPRESENTATION_CONTEXT('2D SPACE',''
  ) );
#5437 = ORIENTED_EDGE('',*,*,#2149,.F.);
#5438 = ADVANCED_FACE('',(#5439),#1809,.T.);
#5439 = FACE_BOUND('',#5440,.F.);
#5440 = EDGE_LOOP('',(#5441,#5462,#5463,#5464));
#5441 = ORIENTED_EDGE('',*,*,#5442,.F.);
#5442 = EDGE_CURVE('',#1794,#5443,#5445,.T.);
#5443 = VERTEX_POINT('',#5444);
#5444 = CARTESIAN_POINT('',(127.29285714285,150.50842373802,3.2));
#5445 = SURFACE_CURVE('',#5446,(#5450,#5456),.PCURVE_S1.);
#5446 = LINE('',#5447,#5448);
#5447 = CARTESIAN_POINT('',(127.29285714285,144.61457442442,
    -2.6938493136));
#5448 = VECTOR('',#5449,1.);
#5449 = DIRECTION('',(0.,-0.707106781187,-0.707106781187));
#5450 = PCURVE('',#1809,#5451);
#5451 = DEFINITIONAL_REPRESENTATION('',(#5452),#5455);
#5452 = B_SPLINE_CURVE_WITH_KNOTS('',1,(#5453,#5454),.UNSPECIFIED.,.F.,
  .F.,(2,2),(-11.87069553981,-8.335161633877),.PIECEWISE_BEZIER_KNOTS.);
#5453 = CARTESIAN_POINT('',(-121.2928571428,-1.767766952966));
#5454 = CARTESIAN_POINT('',(-121.2928571428,1.767766952966));
#5455 = ( GEOMETRIC_REPRESENTATION_CONTEXT(2) 
PARAMETRIC_REPRESENTATION_CONTEXT() REPRESENTATION_CONTEXT('2D SPACE',''
  ) );
#5456 = PCURVE('',#1837,#5457);
#5457 = DEFINITIONAL_REPRESENTATION('',(#5458),#5461);
#5458 = B_SPLINE_CURVE_WITH_KNOTS('',1,(#5459,#5460),.UNSPECIFIED.,.F.,
  .F.,(2,2),(-11.87069553981,-8.335161633877),.PIECEWISE_BEZIER_KNOTS.);
#5459 = CARTESIAN_POINT('',(2.5,-28.5753972544));
#5460 = CARTESIAN_POINT('',(5.398541517713E-15,-26.0753972544));
#5461 = ( GEOMETRIC_REPRESENTATION_CONTEXT(2) 
PARAMETRIC_REPRESENTATION_CONTEXT() REPRESENTATION_CONTEXT('2D SPACE',''
  ) );
#5462 = ORIENTED_EDGE('',*,*,#1793,.T.);
#5463 = ORIENTED_EDGE('',*,*,#5351,.T.);
#5464 = ORIENTED_EDGE('',*,*,#5465,.F.);
#5465 = EDGE_CURVE('',#5443,#5329,#5466,.T.);
#5466 = SURFACE_CURVE('',#5467,(#5471,#5478),.PCURVE_S1.);
#5467 = LINE('',#5468,#5469);
#5468 = CARTESIAN_POINT('',(6.,150.50842373802,3.2));
#5469 = VECTOR('',#5470,1.);
#5470 = DIRECTION('',(1.,0.,0.));
#5471 = PCURVE('',#1809,#5472);
#5472 = DEFINITIONAL_REPRESENTATION('',(#5473),#5477);
#5473 = LINE('',#5474,#5475);
#5474 = CARTESIAN_POINT('',(1.925929944387E-34,1.767766952966));
#5475 = VECTOR('',#5476,1.);
#5476 = DIRECTION('',(-1.,2.803368887165E-34));
#5477 = ( GEOMETRIC_REPRESENTATION_CONTEXT(2) 
PARAMETRIC_REPRESENTATION_CONTEXT() REPRESENTATION_CONTEXT('2D SPACE',''
  ) );
#5478 = PCURVE('',#3802,#5479);
#5479 = DEFINITIONAL_REPRESENTATION('',(#5480),#5484);
#5480 = LINE('',#5481,#5482);
#5481 = CARTESIAN_POINT('',(2.8,147.30842373802));
#5482 = VECTOR('',#5483,1.);
#5483 = DIRECTION('',(1.,0.));
#5484 = ( GEOMETRIC_REPRESENTATION_CONTEXT(2) 
PARAMETRIC_REPRESENTATION_CONTEXT() REPRESENTATION_CONTEXT('2D SPACE',''
  ) );
#5485 = ADVANCED_FACE('',(#5486),#2137,.T.);
#5486 = FACE_BOUND('',#5487,.F.);
#5487 = EDGE_LOOP('',(#5488,#5489,#5490,#5511));
#5488 = ORIENTED_EDGE('',*,*,#5419,.F.);
#5489 = ORIENTED_EDGE('',*,*,#2121,.T.);
#5490 = ORIENTED_EDGE('',*,*,#5491,.T.);
#5491 = EDGE_CURVE('',#2094,#5492,#5494,.T.);
#5492 = VERTEX_POINT('',#5493);
#5493 = CARTESIAN_POINT('',(76.546428571429,150.50842373802,3.2));
#5494 = SURFACE_CURVE('',#5495,(#5499,#5505),.PCURVE_S1.);
#5495 = LINE('',#5496,#5497);
#5496 = CARTESIAN_POINT('',(76.546428571429,146.05842373802,-1.25));
#5497 = VECTOR('',#5498,1.);
#5498 = DIRECTION('',(0.,-0.707106781187,-0.707106781187));
#5499 = PCURVE('',#2137,#5500);
#5500 = DEFINITIONAL_REPRESENTATION('',(#5501),#5504);
#5501 = B_SPLINE_CURVE_WITH_KNOTS('',1,(#5502,#5503),.UNSPECIFIED.,.F.,
  .F.,(2,2),(-9.828784258493,-6.29325035256),.PIECEWISE_BEZIER_KNOTS.);
#5502 = CARTESIAN_POINT('',(-70.54642857142,-1.767766952966));
#5503 = CARTESIAN_POINT('',(-70.54642857142,1.767766952966));
#5504 = ( GEOMETRIC_REPRESENTATION_CONTEXT(2) 
PARAMETRIC_REPRESENTATION_CONTEXT() REPRESENTATION_CONTEXT('2D SPACE',''
  ) );
#5505 = PCURVE('',#2109,#5506);
#5506 = DEFINITIONAL_REPRESENTATION('',(#5507),#5510);
#5507 = B_SPLINE_CURVE_WITH_KNOTS('',1,(#5508,#5509),.UNSPECIFIED.,.F.,
  .F.,(2,2),(-9.828784258493,-6.29325035256),.PIECEWISE_BEZIER_KNOTS.);
#5508 = CARTESIAN_POINT('',(2.5,-22.8));
#5509 = CARTESIAN_POINT('',(1.333237251848E-15,-20.3));
#5510 = ( GEOMETRIC_REPRESENTATION_CONTEXT(2) 
PARAMETRIC_REPRESENTATION_CONTEXT() REPRESENTATION_CONTEXT('2D SPACE',''
  ) );
#5511 = ORIENTED_EDGE('',*,*,#5512,.F.);
#5512 = EDGE_CURVE('',#5397,#5492,#5513,.T.);
#5513 = SURFACE_CURVE('',#5514,(#5518,#5525),.PCURVE_S1.);
#5514 = LINE('',#5515,#5516);
#5515 = CARTESIAN_POINT('',(6.,150.50842373802,3.2));
#5516 = VECTOR('',#5517,1.);
#5517 = DIRECTION('',(1.,0.,0.));
#5518 = PCURVE('',#2137,#5519);
#5519 = DEFINITIONAL_REPRESENTATION('',(#5520),#5524);
#5520 = LINE('',#5521,#5522);
#5521 = CARTESIAN_POINT('',(1.925929944387E-34,1.767766952966));
#5522 = VECTOR('',#5523,1.);
#5523 = DIRECTION('',(-1.,2.803368887165E-34));
#5524 = ( GEOMETRIC_REPRESENTATION_CONTEXT(2) 
PARAMETRIC_REPRESENTATION_CONTEXT() REPRESENTATION_CONTEXT('2D SPACE',''
  ) );
#5525 = PCURVE('',#3893,#5526);
#5526 = DEFINITIONAL_REPRESENTATION('',(#5527),#5531);
#5527 = LINE('',#5528,#5529);
#5528 = CARTESIAN_POINT('',(2.8,147.30842373802));
#5529 = VECTOR('',#5530,1.);
#5530 = DIRECTION('',(1.,0.));
#5531 = ( GEOMETRIC_REPRESENTATION_CONTEXT(2) 
PARAMETRIC_REPRESENTATION_CONTEXT() REPRESENTATION_CONTEXT('2D SPACE',''
  ) );
#5532 = ADVANCED_FACE('',(#5533),#1837,.T.);
#5533 = FACE_BOUND('',#5534,.T.);
#5534 = EDGE_LOOP('',(#5535,#5556,#5557,#5578,#5579));
#5535 = ORIENTED_EDGE('',*,*,#5536,.F.);
#5536 = EDGE_CURVE('',#3815,#1822,#5537,.T.);
#5537 = SURFACE_CURVE('',#5538,(#5542,#5549),.PCURVE_S1.);
#5538 = LINE('',#5539,#5540);
#5539 = CARTESIAN_POINT('',(127.29285714285,124.43302648362,11.2));
#5540 = VECTOR('',#5541,1.);
#5541 = DIRECTION('',(0.,1.,0.));
#5542 = PCURVE('',#1837,#5543);
#5543 = DEFINITIONAL_REPRESENTATION('',(#5544),#5548);
#5544 = LINE('',#5545,#5546);
#5545 = CARTESIAN_POINT('',(8.,0.));
#5546 = VECTOR('',#5547,1.);
#5547 = DIRECTION('',(0.,-1.));
#5548 = ( GEOMETRIC_REPRESENTATION_CONTEXT(2) 
PARAMETRIC_REPRESENTATION_CONTEXT() REPRESENTATION_CONTEXT('2D SPACE',''
  ) );
#5549 = PCURVE('',#1864,#5550);
#5550 = DEFINITIONAL_REPRESENTATION('',(#5551),#5555);
#5551 = LINE('',#5552,#5553);
#5552 = CARTESIAN_POINT('',(4.,0.));
#5553 = VECTOR('',#5554,1.);
#5554 = DIRECTION('',(0.,1.));
#5555 = ( GEOMETRIC_REPRESENTATION_CONTEXT(2) 
PARAMETRIC_REPRESENTATION_CONTEXT() REPRESENTATION_CONTEXT('2D SPACE',''
  ) );
#5556 = ORIENTED_EDGE('',*,*,#3814,.T.);
#5557 = ORIENTED_EDGE('',*,*,#5558,.T.);
#5558 = EDGE_CURVE('',#3787,#5443,#5559,.T.);
#5559 = SURFACE_CURVE('',#5560,(#5564,#5571),.PCURVE_S1.);
#5560 = LINE('',#5561,#5562);
#5561 = CARTESIAN_POINT('',(127.29285714285,124.43302648362,3.2));
#5562 = VECTOR('',#5563,1.);
#5563 = DIRECTION('',(0.,1.,0.));
#5564 = PCURVE('',#1837,#5565);
#5565 = DEFINITIONAL_REPRESENTATION('',(#5566),#5570);
#5566 = LINE('',#5567,#5568);
#5567 = CARTESIAN_POINT('',(0.,0.));
#5568 = VECTOR('',#5569,1.);
#5569 = DIRECTION('',(0.,-1.));
#5570 = ( GEOMETRIC_REPRESENTATION_CONTEXT(2) 
PARAMETRIC_REPRESENTATION_CONTEXT() REPRESENTATION_CONTEXT('2D SPACE',''
  ) );
#5571 = PCURVE('',#3802,#5572);
#5572 = DEFINITIONAL_REPRESENTATION('',(#5573),#5577);
#5573 = LINE('',#5574,#5575);
#5574 = CARTESIAN_POINT('',(124.09285714285,121.23302648362));
#5575 = VECTOR('',#5576,1.);
#5576 = DIRECTION('',(0.,1.));
#5577 = ( GEOMETRIC_REPRESENTATION_CONTEXT(2) 
PARAMETRIC_REPRESENTATION_CONTEXT() REPRESENTATION_CONTEXT('2D SPACE',''
  ) );
#5578 = ORIENTED_EDGE('',*,*,#5442,.F.);
#5579 = ORIENTED_EDGE('',*,*,#1821,.F.);
#5580 = ADVANCED_FACE('',(#5581),#2109,.F.);
#5581 = FACE_BOUND('',#5582,.F.);
#5582 = EDGE_LOOP('',(#5583,#5606,#5634,#5655,#5656));
#5583 = ORIENTED_EDGE('',*,*,#5584,.F.);
#5584 = EDGE_CURVE('',#5585,#2071,#5587,.T.);
#5585 = VERTEX_POINT('',#5586);
#5586 = CARTESIAN_POINT('',(76.546428571429,130.20842373802,7.2));
#5587 = SURFACE_CURVE('',#5588,(#5592,#5599),.PCURVE_S1.);
#5588 = LINE('',#5589,#5590);
#5589 = CARTESIAN_POINT('',(76.546428571429,130.20842373802,7.2));
#5590 = VECTOR('',#5591,1.);
#5591 = DIRECTION('',(0.,1.,0.));
#5592 = PCURVE('',#2109,#5593);
#5593 = DEFINITIONAL_REPRESENTATION('',(#5594),#5598);
#5594 = LINE('',#5595,#5596);
#5595 = CARTESIAN_POINT('',(4.,0.));
#5596 = VECTOR('',#5597,1.);
#5597 = DIRECTION('',(0.,-1.));
#5598 = ( GEOMETRIC_REPRESENTATION_CONTEXT(2) 
PARAMETRIC_REPRESENTATION_CONTEXT() REPRESENTATION_CONTEXT('2D SPACE',''
  ) );
#5599 = PCURVE('',#1974,#5600);
#5600 = DEFINITIONAL_REPRESENTATION('',(#5601),#5605);
#5601 = LINE('',#5602,#5603);
#5602 = CARTESIAN_POINT('',(0.,0.));
#5603 = VECTOR('',#5604,1.);
#5604 = DIRECTION('',(0.,1.));
#5605 = ( GEOMETRIC_REPRESENTATION_CONTEXT(2) 
PARAMETRIC_REPRESENTATION_CONTEXT() REPRESENTATION_CONTEXT('2D SPACE',''
  ) );
#5606 = ORIENTED_EDGE('',*,*,#5607,.F.);
#5607 = EDGE_CURVE('',#5608,#5585,#5610,.T.);
#5608 = VERTEX_POINT('',#5609);
#5609 = CARTESIAN_POINT('',(76.546428571429,130.20842373802,3.2));
#5610 = SURFACE_CURVE('',#5611,(#5615,#5622),.PCURVE_S1.);
#5611 = LINE('',#5612,#5613);
#5612 = CARTESIAN_POINT('',(76.546428571429,130.20842373802,3.2));
#5613 = VECTOR('',#5614,1.);
#5614 = DIRECTION('',(0.,0.,1.));
#5615 = PCURVE('',#2109,#5616);
#5616 = DEFINITIONAL_REPRESENTATION('',(#5617),#5621);
#5617 = LINE('',#5618,#5619);
#5618 = CARTESIAN_POINT('',(0.,0.));
#5619 = VECTOR('',#5620,1.);
#5620 = DIRECTION('',(1.,0.));
#5621 = ( GEOMETRIC_REPRESENTATION_CONTEXT(2) 
PARAMETRIC_REPRESENTATION_CONTEXT() REPRESENTATION_CONTEXT('2D SPACE',''
  ) );
#5622 = PCURVE('',#5623,#5628);
#5623 = PLANE('',#5624);
#5624 = AXIS2_PLACEMENT_3D('',#5625,#5626,#5627);
#5625 = CARTESIAN_POINT('',(76.546428571429,130.20842373802,3.2));
#5626 = DIRECTION('',(0.,1.,0.));
#5627 = DIRECTION('',(0.,0.,1.));
#5628 = DEFINITIONAL_REPRESENTATION('',(#5629),#5633);
#5629 = LINE('',#5630,#5631);
#5630 = CARTESIAN_POINT('',(0.,0.));
#5631 = VECTOR('',#5632,1.);
#5632 = DIRECTION('',(1.,0.));
#5633 = ( GEOMETRIC_REPRESENTATION_CONTEXT(2) 
PARAMETRIC_REPRESENTATION_CONTEXT() REPRESENTATION_CONTEXT('2D SPACE',''
  ) );
#5634 = ORIENTED_EDGE('',*,*,#5635,.T.);
#5635 = EDGE_CURVE('',#5608,#5492,#5636,.T.);
#5636 = SURFACE_CURVE('',#5637,(#5641,#5648),.PCURVE_S1.);
#5637 = LINE('',#5638,#5639);
#5638 = CARTESIAN_POINT('',(76.546428571429,130.20842373802,3.2));
#5639 = VECTOR('',#5640,1.);
#5640 = DIRECTION('',(0.,1.,0.));
#5641 = PCURVE('',#2109,#5642);
#5642 = DEFINITIONAL_REPRESENTATION('',(#5643),#5647);
#5643 = LINE('',#5644,#5645);
#5644 = CARTESIAN_POINT('',(0.,0.));
#5645 = VECTOR('',#5646,1.);
#5646 = DIRECTION('',(0.,-1.));
#5647 = ( GEOMETRIC_REPRESENTATION_CONTEXT(2) 
PARAMETRIC_REPRESENTATION_CONTEXT() REPRESENTATION_CONTEXT('2D SPACE',''
  ) );
#5648 = PCURVE('',#3893,#5649);
#5649 = DEFINITIONAL_REPRESENTATION('',(#5650),#5654);
#5650 = LINE('',#5651,#5652);
#5651 = CARTESIAN_POINT('',(73.346428571429,127.00842373802));
#5652 = VECTOR('',#5653,1.);
#5653 = DIRECTION('',(0.,1.));
#5654 = ( GEOMETRIC_REPRESENTATION_CONTEXT(2) 
PARAMETRIC_REPRESENTATION_CONTEXT() REPRESENTATION_CONTEXT('2D SPACE',''
  ) );
#5655 = ORIENTED_EDGE('',*,*,#5491,.F.);
#5656 = ORIENTED_EDGE('',*,*,#2093,.T.);
#5657 = ADVANCED_FACE('',(#5658),#1864,.T.);
#5658 = FACE_BOUND('',#5659,.T.);
#5659 = EDGE_LOOP('',(#5660,#5681,#5682,#5683));
#5660 = ORIENTED_EDGE('',*,*,#5661,.F.);
#5661 = EDGE_CURVE('',#3836,#1849,#5662,.T.);
#5662 = SURFACE_CURVE('',#5663,(#5667,#5674),.PCURVE_S1.);
#5663 = LINE('',#5664,#5665);
#5664 = CARTESIAN_POINT('',(123.29285714285,124.43302648362,11.2));
#5665 = VECTOR('',#5666,1.);
#5666 = DIRECTION('',(0.,1.,0.));
#5667 = PCURVE('',#1864,#5668);
#5668 = DEFINITIONAL_REPRESENTATION('',(#5669),#5673);
#5669 = LINE('',#5670,#5671);
#5670 = CARTESIAN_POINT('',(0.,0.));
#5671 = VECTOR('',#5672,1.);
#5672 = DIRECTION('',(0.,1.));
#5673 = ( GEOMETRIC_REPRESENTATION_CONTEXT(2) 
PARAMETRIC_REPRESENTATION_CONTEXT() REPRESENTATION_CONTEXT('2D SPACE',''
  ) );
#5674 = PCURVE('',#1891,#5675);
#5675 = DEFINITIONAL_REPRESENTATION('',(#5676),#5680);
#5676 = LINE('',#5677,#5678);
#5677 = CARTESIAN_POINT('',(8.,0.));
#5678 = VECTOR('',#5679,1.);
#5679 = DIRECTION('',(0.,-1.));
#5680 = ( GEOMETRIC_REPRESENTATION_CONTEXT(2) 
PARAMETRIC_REPRESENTATION_CONTEXT() REPRESENTATION_CONTEXT('2D SPACE',''
  ) );
#5681 = ORIENTED_EDGE('',*,*,#3835,.T.);
#5682 = ORIENTED_EDGE('',*,*,#5536,.T.);
#5683 = ORIENTED_EDGE('',*,*,#1848,.F.);
#5684 = ADVANCED_FACE('',(#5685),#1974,.T.);
#5685 = FACE_BOUND('',#5686,.T.);
#5686 = EDGE_LOOP('',(#5687,#5688,#5689,#5712,#5733,#5734,#5755,#5781));
#5687 = ORIENTED_EDGE('',*,*,#2070,.F.);
#5688 = ORIENTED_EDGE('',*,*,#5584,.F.);
#5689 = ORIENTED_EDGE('',*,*,#5690,.T.);
#5690 = EDGE_CURVE('',#5585,#5691,#5693,.T.);
#5691 = VERTEX_POINT('',#5692);
#5692 = CARTESIAN_POINT('',(118.74642857142,130.20842373802,7.2));
#5693 = SURFACE_CURVE('',#5694,(#5698,#5705),.PCURVE_S1.);
#5694 = LINE('',#5695,#5696);
#5695 = CARTESIAN_POINT('',(76.546428571429,130.20842373802,7.2));
#5696 = VECTOR('',#5697,1.);
#5697 = DIRECTION('',(1.,0.,0.));
#5698 = PCURVE('',#1974,#5699);
#5699 = DEFINITIONAL_REPRESENTATION('',(#5700),#5704);
#5700 = LINE('',#5701,#5702);
#5701 = CARTESIAN_POINT('',(0.,0.));
#5702 = VECTOR('',#5703,1.);
#5703 = DIRECTION('',(1.,0.));
#5704 = ( GEOMETRIC_REPRESENTATION_CONTEXT(2) 
PARAMETRIC_REPRESENTATION_CONTEXT() REPRESENTATION_CONTEXT('2D SPACE',''
  ) );
#5705 = PCURVE('',#5623,#5706);
#5706 = DEFINITIONAL_REPRESENTATION('',(#5707),#5711);
#5707 = LINE('',#5708,#5709);
#5708 = CARTESIAN_POINT('',(4.,0.));
#5709 = VECTOR('',#5710,1.);
#5710 = DIRECTION('',(0.,1.));
#5711 = ( GEOMETRIC_REPRESENTATION_CONTEXT(2) 
PARAMETRIC_REPRESENTATION_CONTEXT() REPRESENTATION_CONTEXT('2D SPACE',''
  ) );
#5712 = ORIENTED_EDGE('',*,*,#5713,.T.);
#5713 = EDGE_CURVE('',#5691,#1931,#5714,.T.);
#5714 = SURFACE_CURVE('',#5715,(#5719,#5726),.PCURVE_S1.);
#5715 = LINE('',#5716,#5717);
#5716 = CARTESIAN_POINT('',(118.74642857142,130.20842373802,7.2));
#5717 = VECTOR('',#5718,1.);
#5718 = DIRECTION('',(0.,1.,0.));
#5719 = PCURVE('',#1974,#5720);
#5720 = DEFINITIONAL_REPRESENTATION('',(#5721),#5725);
#5721 = LINE('',#5722,#5723);
#5722 = CARTESIAN_POINT('',(42.2,0.));
#5723 = VECTOR('',#5724,1.);
#5724 = DIRECTION('',(0.,1.));
#5725 = ( GEOMETRIC_REPRESENTATION_CONTEXT(2) 
PARAMETRIC_REPRESENTATION_CONTEXT() REPRESENTATION_CONTEXT('2D SPACE',''
  ) );
#5726 = PCURVE('',#1946,#5727);
#5727 = DEFINITIONAL_REPRESENTATION('',(#5728),#5732);
#5728 = LINE('',#5729,#5730);
#5729 = CARTESIAN_POINT('',(4.,0.));
#5730 = VECTOR('',#5731,1.);
#5731 = DIRECTION('',(0.,-1.));
#5732 = ( GEOMETRIC_REPRESENTATION_CONTEXT(2) 
PARAMETRIC_REPRESENTATION_CONTEXT() REPRESENTATION_CONTEXT('2D SPACE',''
  ) );
#5733 = ORIENTED_EDGE('',*,*,#1958,.F.);
#5734 = ORIENTED_EDGE('',*,*,#5735,.F.);
#5735 = EDGE_CURVE('',#5736,#1959,#5738,.T.);
#5736 = VERTEX_POINT('',#5737);
#5737 = CARTESIAN_POINT('',(114.74642857142,134.20842373802,7.2));
#5738 = SURFACE_CURVE('',#5739,(#5743,#5749),.PCURVE_S1.);
#5739 = LINE('',#5740,#5741);
#5740 = CARTESIAN_POINT('',(114.74642857142,132.20842373802,7.2));
#5741 = VECTOR('',#5742,1.);
#5742 = DIRECTION('',(0.,1.,0.));
#5743 = PCURVE('',#1974,#5744);
#5744 = DEFINITIONAL_REPRESENTATION('',(#5745),#5748);
#5745 = B_SPLINE_CURVE_WITH_KNOTS('',1,(#5746,#5747),.UNSPECIFIED.,.F.,
  .F.,(2,2),(2.,20.8),.PIECEWISE_BEZIER_KNOTS.);
#5746 = CARTESIAN_POINT('',(38.2,4.));
#5747 = CARTESIAN_POINT('',(38.2,22.8));
#5748 = ( GEOMETRIC_REPRESENTATION_CONTEXT(2) 
PARAMETRIC_REPRESENTATION_CONTEXT() REPRESENTATION_CONTEXT('2D SPACE',''
  ) );
#5749 = PCURVE('',#2002,#5750);
#5750 = DEFINITIONAL_REPRESENTATION('',(#5751),#5754);
#5751 = B_SPLINE_CURVE_WITH_KNOTS('',1,(#5752,#5753),.UNSPECIFIED.,.F.,
  .F.,(2,2),(2.,20.8),.PIECEWISE_BEZIER_KNOTS.);
#5752 = CARTESIAN_POINT('',(2.2,0.));
#5753 = CARTESIAN_POINT('',(2.2,-18.8));
#5754 = ( GEOMETRIC_REPRESENTATION_CONTEXT(2) 
PARAMETRIC_REPRESENTATION_CONTEXT() REPRESENTATION_CONTEXT('2D SPACE',''
  ) );
#5755 = ORIENTED_EDGE('',*,*,#5756,.T.);
#5756 = EDGE_CURVE('',#5736,#5757,#5759,.T.);
#5757 = VERTEX_POINT('',#5758);
#5758 = CARTESIAN_POINT('',(80.546428571429,134.20842373802,7.2));
#5759 = SURFACE_CURVE('',#5760,(#5764,#5770),.PCURVE_S1.);
#5760 = LINE('',#5761,#5762);
#5761 = CARTESIAN_POINT('',(78.546428571429,134.20842373802,7.2));
#5762 = VECTOR('',#5763,1.);
#5763 = DIRECTION('',(-1.,0.,0.));
#5764 = PCURVE('',#1974,#5765);
#5765 = DEFINITIONAL_REPRESENTATION('',(#5766),#5769);
#5766 = B_SPLINE_CURVE_WITH_KNOTS('',1,(#5767,#5768),.UNSPECIFIED.,.F.,
  .F.,(2,2),(-36.2,-2.),.PIECEWISE_BEZIER_KNOTS.);
#5767 = CARTESIAN_POINT('',(38.2,4.));
#5768 = CARTESIAN_POINT('',(4.,4.));
#5769 = ( GEOMETRIC_REPRESENTATION_CONTEXT(2) 
PARAMETRIC_REPRESENTATION_CONTEXT() REPRESENTATION_CONTEXT('2D SPACE',''
  ) );
#5770 = PCURVE('',#5771,#5776);
#5771 = PLANE('',#5772);
#5772 = AXIS2_PLACEMENT_3D('',#5773,#5774,#5775);
#5773 = CARTESIAN_POINT('',(80.546428571429,134.20842373802,5.));
#5774 = DIRECTION('',(0.,1.,0.));
#5775 = DIRECTION('',(0.,0.,1.));
#5776 = DEFINITIONAL_REPRESENTATION('',(#5777),#5780);
#5777 = B_SPLINE_CURVE_WITH_KNOTS('',1,(#5778,#5779),.UNSPECIFIED.,.F.,
  .F.,(2,2),(-36.2,-2.),.PIECEWISE_BEZIER_KNOTS.);
#5778 = CARTESIAN_POINT('',(2.2,34.2));
#5779 = CARTESIAN_POINT('',(2.2,0.));
#5780 = ( GEOMETRIC_REPRESENTATION_CONTEXT(2) 
PARAMETRIC_REPRESENTATION_CONTEXT() REPRESENTATION_CONTEXT('2D SPACE',''
  ) );
#5781 = ORIENTED_EDGE('',*,*,#5782,.T.);
#5782 = EDGE_CURVE('',#5757,#2043,#5783,.T.);
#5783 = SURFACE_CURVE('',#5784,(#5788,#5794),.PCURVE_S1.);
#5784 = LINE('',#5785,#5786);
#5785 = CARTESIAN_POINT('',(80.546428571429,132.20842373802,7.2));
#5786 = VECTOR('',#5787,1.);
#5787 = DIRECTION('',(0.,1.,0.));
#5788 = PCURVE('',#1974,#5789);
#5789 = DEFINITIONAL_REPRESENTATION('',(#5790),#5793);
#5790 = B_SPLINE_CURVE_WITH_KNOTS('',1,(#5791,#5792),.UNSPECIFIED.,.F.,
  .F.,(2,2),(2.,20.8),.PIECEWISE_BEZIER_KNOTS.);
#5791 = CARTESIAN_POINT('',(4.,4.));
#5792 = CARTESIAN_POINT('',(4.,22.8));
#5793 = ( GEOMETRIC_REPRESENTATION_CONTEXT(2) 
PARAMETRIC_REPRESENTATION_CONTEXT() REPRESENTATION_CONTEXT('2D SPACE',''
  ) );
#5794 = PCURVE('',#2058,#5795);
#5795 = DEFINITIONAL_REPRESENTATION('',(#5796),#5799);
#5796 = B_SPLINE_CURVE_WITH_KNOTS('',1,(#5797,#5798),.UNSPECIFIED.,.F.,
  .F.,(2,2),(2.,20.8),.PIECEWISE_BEZIER_KNOTS.);
#5797 = CARTESIAN_POINT('',(2.2,0.));
#5798 = CARTESIAN_POINT('',(2.2,-18.8));
#5799 = ( GEOMETRIC_REPRESENTATION_CONTEXT(2) 
PARAMETRIC_REPRESENTATION_CONTEXT() REPRESENTATION_CONTEXT('2D SPACE',''
  ) );
#5800 = ADVANCED_FACE('',(#5801),#1891,.F.);
#5801 = FACE_BOUND('',#5802,.F.);
#5802 = EDGE_LOOP('',(#5803,#5804,#5805,#5828,#5847));
#5803 = ORIENTED_EDGE('',*,*,#5661,.F.);
#5804 = ORIENTED_EDGE('',*,*,#3856,.T.);
#5805 = ORIENTED_EDGE('',*,*,#5806,.T.);
#5806 = EDGE_CURVE('',#3857,#5807,#5809,.T.);
#5807 = VERTEX_POINT('',#5808);
#5808 = CARTESIAN_POINT('',(123.29285714285,150.50842373802,3.2));
#5809 = SURFACE_CURVE('',#5810,(#5814,#5821),.PCURVE_S1.);
#5810 = LINE('',#5811,#5812);
#5811 = CARTESIAN_POINT('',(123.29285714285,124.43302648362,3.2));
#5812 = VECTOR('',#5813,1.);
#5813 = DIRECTION('',(0.,1.,0.));
#5814 = PCURVE('',#1891,#5815);
#5815 = DEFINITIONAL_REPRESENTATION('',(#5816),#5820);
#5816 = LINE('',#5817,#5818);
#5817 = CARTESIAN_POINT('',(0.,0.));
#5818 = VECTOR('',#5819,1.);
#5819 = DIRECTION('',(0.,-1.));
#5820 = ( GEOMETRIC_REPRESENTATION_CONTEXT(2) 
PARAMETRIC_REPRESENTATION_CONTEXT() REPRESENTATION_CONTEXT('2D SPACE',''
  ) );
#5821 = PCURVE('',#3893,#5822);
#5822 = DEFINITIONAL_REPRESENTATION('',(#5823),#5827);
#5823 = LINE('',#5824,#5825);
#5824 = CARTESIAN_POINT('',(120.09285714285,121.23302648362));
#5825 = VECTOR('',#5826,1.);
#5826 = DIRECTION('',(0.,1.));
#5827 = ( GEOMETRIC_REPRESENTATION_CONTEXT(2) 
PARAMETRIC_REPRESENTATION_CONTEXT() REPRESENTATION_CONTEXT('2D SPACE',''
  ) );
#5828 = ORIENTED_EDGE('',*,*,#5829,.F.);
#5829 = EDGE_CURVE('',#1876,#5807,#5830,.T.);
#5830 = SURFACE_CURVE('',#5831,(#5835,#5841),.PCURVE_S1.);
#5831 = LINE('',#5832,#5833);
#5832 = CARTESIAN_POINT('',(123.29285714285,144.61457442442,
    -2.6938493136));
#5833 = VECTOR('',#5834,1.);
#5834 = DIRECTION('',(0.,-0.707106781187,-0.707106781187));
#5835 = PCURVE('',#1891,#5836);
#5836 = DEFINITIONAL_REPRESENTATION('',(#5837),#5840);
#5837 = B_SPLINE_CURVE_WITH_KNOTS('',1,(#5838,#5839),.UNSPECIFIED.,.F.,
  .F.,(2,2),(-11.87069553981,-8.335161633877),.PIECEWISE_BEZIER_KNOTS.);
#5838 = CARTESIAN_POINT('',(2.5,-28.5753972544));
#5839 = CARTESIAN_POINT('',(5.398541517713E-15,-26.0753972544));
#5840 = ( GEOMETRIC_REPRESENTATION_CONTEXT(2) 
PARAMETRIC_REPRESENTATION_CONTEXT() REPRESENTATION_CONTEXT('2D SPACE',''
  ) );
#5841 = PCURVE('',#1918,#5842);
#5842 = DEFINITIONAL_REPRESENTATION('',(#5843),#5846);
#5843 = B_SPLINE_CURVE_WITH_KNOTS('',1,(#5844,#5845),.UNSPECIFIED.,.F.,
  .F.,(2,2),(-11.87069553981,-8.335161633877),.PIECEWISE_BEZIER_KNOTS.);
#5844 = CARTESIAN_POINT('',(-117.2928571428,-1.767766952966));
#5845 = CARTESIAN_POINT('',(-117.2928571428,1.767766952966));
#5846 = ( GEOMETRIC_REPRESENTATION_CONTEXT(2) 
PARAMETRIC_REPRESENTATION_CONTEXT() REPRESENTATION_CONTEXT('2D SPACE',''
  ) );
#5847 = ORIENTED_EDGE('',*,*,#1875,.F.);
#5848 = ADVANCED_FACE('',(#5849),#2058,.T.);
#5849 = FACE_BOUND('',#5850,.T.);
#5850 = EDGE_LOOP('',(#5851,#5874,#5895,#5896));
#5851 = ORIENTED_EDGE('',*,*,#5852,.F.);
#5852 = EDGE_CURVE('',#5853,#5757,#5855,.T.);
#5853 = VERTEX_POINT('',#5854);
#5854 = CARTESIAN_POINT('',(80.546428571429,134.20842373802,5.));
#5855 = SURFACE_CURVE('',#5856,(#5860,#5867),.PCURVE_S1.);
#5856 = LINE('',#5857,#5858);
#5857 = CARTESIAN_POINT('',(80.546428571429,134.20842373802,5.));
#5858 = VECTOR('',#5859,1.);
#5859 = DIRECTION('',(0.,0.,1.));
#5860 = PCURVE('',#2058,#5861);
#5861 = DEFINITIONAL_REPRESENTATION('',(#5862),#5866);
#5862 = LINE('',#5863,#5864);
#5863 = CARTESIAN_POINT('',(0.,0.));
#5864 = VECTOR('',#5865,1.);
#5865 = DIRECTION('',(1.,0.));
#5866 = ( GEOMETRIC_REPRESENTATION_CONTEXT(2) 
PARAMETRIC_REPRESENTATION_CONTEXT() REPRESENTATION_CONTEXT('2D SPACE',''
  ) );
#5867 = PCURVE('',#5771,#5868);
#5868 = DEFINITIONAL_REPRESENTATION('',(#5869),#5873);
#5869 = LINE('',#5870,#5871);
#5870 = CARTESIAN_POINT('',(0.,0.));
#5871 = VECTOR('',#5872,1.);
#5872 = DIRECTION('',(1.,0.));
#5873 = ( GEOMETRIC_REPRESENTATION_CONTEXT(2) 
PARAMETRIC_REPRESENTATION_CONTEXT() REPRESENTATION_CONTEXT('2D SPACE',''
  ) );
#5874 = ORIENTED_EDGE('',*,*,#5875,.T.);
#5875 = EDGE_CURVE('',#5853,#2015,#5876,.T.);
#5876 = SURFACE_CURVE('',#5877,(#5881,#5888),.PCURVE_S1.);
#5877 = LINE('',#5878,#5879);
#5878 = CARTESIAN_POINT('',(80.546428571429,134.20842373802,5.));
#5879 = VECTOR('',#5880,1.);
#5880 = DIRECTION('',(0.,1.,0.));
#5881 = PCURVE('',#2058,#5882);
#5882 = DEFINITIONAL_REPRESENTATION('',(#5883),#5887);
#5883 = LINE('',#5884,#5885);
#5884 = CARTESIAN_POINT('',(0.,0.));
#5885 = VECTOR('',#5886,1.);
#5886 = DIRECTION('',(0.,-1.));
#5887 = ( GEOMETRIC_REPRESENTATION_CONTEXT(2) 
PARAMETRIC_REPRESENTATION_CONTEXT() REPRESENTATION_CONTEXT('2D SPACE',''
  ) );
#5888 = PCURVE('',#2030,#5889);
#5889 = DEFINITIONAL_REPRESENTATION('',(#5890),#5894);
#5890 = LINE('',#5891,#5892);
#5891 = CARTESIAN_POINT('',(0.,0.));
#5892 = VECTOR('',#5893,1.);
#5893 = DIRECTION('',(0.,1.));
#5894 = ( GEOMETRIC_REPRESENTATION_CONTEXT(2) 
PARAMETRIC_REPRESENTATION_CONTEXT() REPRESENTATION_CONTEXT('2D SPACE',''
  ) );
#5895 = ORIENTED_EDGE('',*,*,#2042,.T.);
#5896 = ORIENTED_EDGE('',*,*,#5782,.F.);
#5897 = ADVANCED_FACE('',(#5898),#1918,.T.);
#5898 = FACE_BOUND('',#5899,.F.);
#5899 = EDGE_LOOP('',(#5900,#5921,#5922,#5923));
#5900 = ORIENTED_EDGE('',*,*,#5901,.F.);
#5901 = EDGE_CURVE('',#1903,#5902,#5904,.T.);
#5902 = VERTEX_POINT('',#5903);
#5903 = CARTESIAN_POINT('',(118.74642857142,150.50842373802,3.2));
#5904 = SURFACE_CURVE('',#5905,(#5909,#5915),.PCURVE_S1.);
#5905 = LINE('',#5906,#5907);
#5906 = CARTESIAN_POINT('',(118.74642857142,146.05842373802,-1.25));
#5907 = VECTOR('',#5908,1.);
#5908 = DIRECTION('',(0.,-0.707106781187,-0.707106781187));
#5909 = PCURVE('',#1918,#5910);
#5910 = DEFINITIONAL_REPRESENTATION('',(#5911),#5914);
#5911 = B_SPLINE_CURVE_WITH_KNOTS('',1,(#5912,#5913),.UNSPECIFIED.,.F.,
  .F.,(2,2),(-9.828784258493,-6.29325035256),.PIECEWISE_BEZIER_KNOTS.);
#5912 = CARTESIAN_POINT('',(-112.7464285714,-1.767766952966));
#5913 = CARTESIAN_POINT('',(-112.7464285714,1.767766952966));
#5914 = ( GEOMETRIC_REPRESENTATION_CONTEXT(2) 
PARAMETRIC_REPRESENTATION_CONTEXT() REPRESENTATION_CONTEXT('2D SPACE',''
  ) );
#5915 = PCURVE('',#1946,#5916);
#5916 = DEFINITIONAL_REPRESENTATION('',(#5917),#5920);
#5917 = B_SPLINE_CURVE_WITH_KNOTS('',1,(#5918,#5919),.UNSPECIFIED.,.F.,
  .F.,(2,2),(-9.828784258493,-6.29325035256),.PIECEWISE_BEZIER_KNOTS.);
#5918 = CARTESIAN_POINT('',(2.5,-22.8));
#5919 = CARTESIAN_POINT('',(2.221415671548E-15,-20.3));
#5920 = ( GEOMETRIC_REPRESENTATION_CONTEXT(2) 
PARAMETRIC_REPRESENTATION_CONTEXT() REPRESENTATION_CONTEXT('2D SPACE',''
  ) );
#5921 = ORIENTED_EDGE('',*,*,#1902,.T.);
#5922 = ORIENTED_EDGE('',*,*,#5829,.T.);
#5923 = ORIENTED_EDGE('',*,*,#5924,.F.);
#5924 = EDGE_CURVE('',#5902,#5807,#5925,.T.);
#5925 = SURFACE_CURVE('',#5926,(#5930,#5937),.PCURVE_S1.);
#5926 = LINE('',#5927,#5928);
#5927 = CARTESIAN_POINT('',(6.,150.50842373802,3.2));
#5928 = VECTOR('',#5929,1.);
#5929 = DIRECTION('',(1.,0.,0.));
#5930 = PCURVE('',#1918,#5931);
#5931 = DEFINITIONAL_REPRESENTATION('',(#5932),#5936);
#5932 = LINE('',#5933,#5934);
#5933 = CARTESIAN_POINT('',(1.925929944387E-34,1.767766952966));
#5934 = VECTOR('',#5935,1.);
#5935 = DIRECTION('',(-1.,2.803368887165E-34));
#5936 = ( GEOMETRIC_REPRESENTATION_CONTEXT(2) 
PARAMETRIC_REPRESENTATION_CONTEXT() REPRESENTATION_CONTEXT('2D SPACE',''
  ) );
#5937 = PCURVE('',#3893,#5938);
#5938 = DEFINITIONAL_REPRESENTATION('',(#5939),#5943);
#5939 = LINE('',#5940,#5941);
#5940 = CARTESIAN_POINT('',(2.8,147.30842373802));
#5941 = VECTOR('',#5942,1.);
#5942 = DIRECTION('',(1.,0.));
#5943 = ( GEOMETRIC_REPRESENTATION_CONTEXT(2) 
PARAMETRIC_REPRESENTATION_CONTEXT() REPRESENTATION_CONTEXT('2D SPACE',''
  ) );
#5944 = ADVANCED_FACE('',(#5945),#2030,.T.);
#5945 = FACE_BOUND('',#5946,.T.);
#5946 = EDGE_LOOP('',(#5947,#5948,#5971,#5992));
#5947 = ORIENTED_EDGE('',*,*,#5875,.F.);
#5948 = ORIENTED_EDGE('',*,*,#5949,.T.);
#5949 = EDGE_CURVE('',#5853,#5950,#5952,.T.);
#5950 = VERTEX_POINT('',#5951);
#5951 = CARTESIAN_POINT('',(114.74642857142,134.20842373802,5.));
#5952 = SURFACE_CURVE('',#5953,(#5957,#5964),.PCURVE_S1.);
#5953 = LINE('',#5954,#5955);
#5954 = CARTESIAN_POINT('',(80.546428571429,134.20842373802,5.));
#5955 = VECTOR('',#5956,1.);
#5956 = DIRECTION('',(1.,0.,0.));
#5957 = PCURVE('',#2030,#5958);
#5958 = DEFINITIONAL_REPRESENTATION('',(#5959),#5963);
#5959 = LINE('',#5960,#5961);
#5960 = CARTESIAN_POINT('',(0.,0.));
#5961 = VECTOR('',#5962,1.);
#5962 = DIRECTION('',(1.,0.));
#5963 = ( GEOMETRIC_REPRESENTATION_CONTEXT(2) 
PARAMETRIC_REPRESENTATION_CONTEXT() REPRESENTATION_CONTEXT('2D SPACE',''
  ) );
#5964 = PCURVE('',#5771,#5965);
#5965 = DEFINITIONAL_REPRESENTATION('',(#5966),#5970);
#5966 = LINE('',#5967,#5968);
#5967 = CARTESIAN_POINT('',(0.,0.));
#5968 = VECTOR('',#5969,1.);
#5969 = DIRECTION('',(0.,1.));
#5970 = ( GEOMETRIC_REPRESENTATION_CONTEXT(2) 
PARAMETRIC_REPRESENTATION_CONTEXT() REPRESENTATION_CONTEXT('2D SPACE',''
  ) );
#5971 = ORIENTED_EDGE('',*,*,#5972,.T.);
#5972 = EDGE_CURVE('',#5950,#1987,#5973,.T.);
#5973 = SURFACE_CURVE('',#5974,(#5978,#5985),.PCURVE_S1.);
#5974 = LINE('',#5975,#5976);
#5975 = CARTESIAN_POINT('',(114.74642857142,134.20842373802,5.));
#5976 = VECTOR('',#5977,1.);
#5977 = DIRECTION('',(0.,1.,0.));
#5978 = PCURVE('',#2030,#5979);
#5979 = DEFINITIONAL_REPRESENTATION('',(#5980),#5984);
#5980 = LINE('',#5981,#5982);
#5981 = CARTESIAN_POINT('',(34.2,0.));
#5982 = VECTOR('',#5983,1.);
#5983 = DIRECTION('',(0.,1.));
#5984 = ( GEOMETRIC_REPRESENTATION_CONTEXT(2) 
PARAMETRIC_REPRESENTATION_CONTEXT() REPRESENTATION_CONTEXT('2D SPACE',''
  ) );
#5985 = PCURVE('',#2002,#5986);
#5986 = DEFINITIONAL_REPRESENTATION('',(#5987),#5991);
#5987 = LINE('',#5988,#5989);
#5988 = CARTESIAN_POINT('',(0.,0.));
#5989 = VECTOR('',#5990,1.);
#5990 = DIRECTION('',(0.,-1.));
#5991 = ( GEOMETRIC_REPRESENTATION_CONTEXT(2) 
PARAMETRIC_REPRESENTATION_CONTEXT() REPRESENTATION_CONTEXT('2D SPACE',''
  ) );
#5992 = ORIENTED_EDGE('',*,*,#2014,.F.);
#5993 = ADVANCED_FACE('',(#5994),#1946,.T.);
#5994 = FACE_BOUND('',#5995,.T.);
#5995 = EDGE_LOOP('',(#5996,#5997,#6020,#6041,#6042));
#5996 = ORIENTED_EDGE('',*,*,#5713,.F.);
#5997 = ORIENTED_EDGE('',*,*,#5998,.F.);
#5998 = EDGE_CURVE('',#5999,#5691,#6001,.T.);
#5999 = VERTEX_POINT('',#6000);
#6000 = CARTESIAN_POINT('',(118.74642857142,130.20842373802,3.2));
#6001 = SURFACE_CURVE('',#6002,(#6006,#6013),.PCURVE_S1.);
#6002 = LINE('',#6003,#6004);
#6003 = CARTESIAN_POINT('',(118.74642857142,130.20842373802,3.2));
#6004 = VECTOR('',#6005,1.);
#6005 = DIRECTION('',(0.,0.,1.));
#6006 = PCURVE('',#1946,#6007);
#6007 = DEFINITIONAL_REPRESENTATION('',(#6008),#6012);
#6008 = LINE('',#6009,#6010);
#6009 = CARTESIAN_POINT('',(0.,0.));
#6010 = VECTOR('',#6011,1.);
#6011 = DIRECTION('',(1.,0.));
#6012 = ( GEOMETRIC_REPRESENTATION_CONTEXT(2) 
PARAMETRIC_REPRESENTATION_CONTEXT() REPRESENTATION_CONTEXT('2D SPACE',''
  ) );
#6013 = PCURVE('',#5623,#6014);
#6014 = DEFINITIONAL_REPRESENTATION('',(#6015),#6019);
#6015 = LINE('',#6016,#6017);
#6016 = CARTESIAN_POINT('',(0.,42.2));
#6017 = VECTOR('',#6018,1.);
#6018 = DIRECTION('',(1.,0.));
#6019 = ( GEOMETRIC_REPRESENTATION_CONTEXT(2) 
PARAMETRIC_REPRESENTATION_CONTEXT() REPRESENTATION_CONTEXT('2D SPACE',''
  ) );
#6020 = ORIENTED_EDGE('',*,*,#6021,.T.);
#6021 = EDGE_CURVE('',#5999,#5902,#6022,.T.);
#6022 = SURFACE_CURVE('',#6023,(#6027,#6034),.PCURVE_S1.);
#6023 = LINE('',#6024,#6025);
#6024 = CARTESIAN_POINT('',(118.74642857142,130.20842373802,3.2));
#6025 = VECTOR('',#6026,1.);
#6026 = DIRECTION('',(0.,1.,0.));
#6027 = PCURVE('',#1946,#6028);
#6028 = DEFINITIONAL_REPRESENTATION('',(#6029),#6033);
#6029 = LINE('',#6030,#6031);
#6030 = CARTESIAN_POINT('',(0.,0.));
#6031 = VECTOR('',#6032,1.);
#6032 = DIRECTION('',(0.,-1.));
#6033 = ( GEOMETRIC_REPRESENTATION_CONTEXT(2) 
PARAMETRIC_REPRESENTATION_CONTEXT() REPRESENTATION_CONTEXT('2D SPACE',''
  ) );
#6034 = PCURVE('',#3893,#6035);
#6035 = DEFINITIONAL_REPRESENTATION('',(#6036),#6040);
#6036 = LINE('',#6037,#6038);
#6037 = CARTESIAN_POINT('',(115.54642857142,127.00842373802));
#6038 = VECTOR('',#6039,1.);
#6039 = DIRECTION('',(0.,1.));
#6040 = ( GEOMETRIC_REPRESENTATION_CONTEXT(2) 
PARAMETRIC_REPRESENTATION_CONTEXT() REPRESENTATION_CONTEXT('2D SPACE',''
  ) );
#6041 = ORIENTED_EDGE('',*,*,#5901,.F.);
#6042 = ORIENTED_EDGE('',*,*,#1930,.T.);
#6043 = ADVANCED_FACE('',(#6044),#2002,.F.);
#6044 = FACE_BOUND('',#6045,.F.);
#6045 = EDGE_LOOP('',(#6046,#6067,#6068,#6069));
#6046 = ORIENTED_EDGE('',*,*,#6047,.F.);
#6047 = EDGE_CURVE('',#5950,#5736,#6048,.T.);
#6048 = SURFACE_CURVE('',#6049,(#6053,#6060),.PCURVE_S1.);
#6049 = LINE('',#6050,#6051);
#6050 = CARTESIAN_POINT('',(114.74642857142,134.20842373802,5.));
#6051 = VECTOR('',#6052,1.);
#6052 = DIRECTION('',(0.,0.,1.));
#6053 = PCURVE('',#2002,#6054);
#6054 = DEFINITIONAL_REPRESENTATION('',(#6055),#6059);
#6055 = LINE('',#6056,#6057);
#6056 = CARTESIAN_POINT('',(0.,0.));
#6057 = VECTOR('',#6058,1.);
#6058 = DIRECTION('',(1.,0.));
#6059 = ( GEOMETRIC_REPRESENTATION_CONTEXT(2) 
PARAMETRIC_REPRESENTATION_CONTEXT() REPRESENTATION_CONTEXT('2D SPACE',''
  ) );
#6060 = PCURVE('',#5771,#6061);
#6061 = DEFINITIONAL_REPRESENTATION('',(#6062),#6066);
#6062 = LINE('',#6063,#6064);
#6063 = CARTESIAN_POINT('',(0.,34.2));
#6064 = VECTOR('',#6065,1.);
#6065 = DIRECTION('',(1.,0.));
#6066 = ( GEOMETRIC_REPRESENTATION_CONTEXT(2) 
PARAMETRIC_REPRESENTATION_CONTEXT() REPRESENTATION_CONTEXT('2D SPACE',''
  ) );
#6067 = ORIENTED_EDGE('',*,*,#5972,.T.);
#6068 = ORIENTED_EDGE('',*,*,#1986,.T.);
#6069 = ORIENTED_EDGE('',*,*,#5735,.F.);
#6070 = ADVANCED_FACE('',(#6071),#2506,.F.);
#6071 = FACE_BOUND('',#6072,.F.);
#6072 = EDGE_LOOP('',(#6073,#6096,#6097,#6098));
#6073 = ORIENTED_EDGE('',*,*,#6074,.F.);
#6074 = EDGE_CURVE('',#2469,#6075,#6077,.T.);
#6075 = VERTEX_POINT('',#6076);
#6076 = CARTESIAN_POINT('',(5.7,150.20842373802,3.2));
#6077 = SURFACE_CURVE('',#6078,(#6082,#6089),.PCURVE_S1.);
#6078 = LINE('',#6079,#6080);
#6079 = CARTESIAN_POINT('',(4.45,150.20842373802,4.45));
#6080 = VECTOR('',#6081,1.);
#6081 = DIRECTION('',(0.707106781187,-2.084121319292E-34,-0.707106781187
    ));
#6082 = PCURVE('',#2506,#6083);
#6083 = DEFINITIONAL_REPRESENTATION('',(#6084),#6088);
#6084 = LINE('',#6085,#6086);
#6085 = CARTESIAN_POINT('',(-0.,-1.25));
#6086 = VECTOR('',#6087,1.);
#6087 = DIRECTION('',(-0.,-1.));
#6088 = ( GEOMETRIC_REPRESENTATION_CONTEXT(2) 
PARAMETRIC_REPRESENTATION_CONTEXT() REPRESENTATION_CONTEXT('2D SPACE',''
  ) );
#6089 = PCURVE('',#2644,#6090);
#6090 = DEFINITIONAL_REPRESENTATION('',(#6091),#6095);
#6091 = LINE('',#6092,#6093);
#6092 = CARTESIAN_POINT('',(144.20842373802,0.));
#6093 = VECTOR('',#6094,1.);
#6094 = DIRECTION('',(-3.87616325418E-35,1.));
#6095 = ( GEOMETRIC_REPRESENTATION_CONTEXT(2) 
PARAMETRIC_REPRESENTATION_CONTEXT() REPRESENTATION_CONTEXT('2D SPACE',''
  ) );
#6096 = ORIENTED_EDGE('',*,*,#2491,.T.);
#6097 = ORIENTED_EDGE('',*,*,#4776,.T.);
#6098 = ORIENTED_EDGE('',*,*,#6099,.F.);
#6099 = EDGE_CURVE('',#6075,#4777,#6100,.T.);
#6100 = SURFACE_CURVE('',#6101,(#6106,#6113),.PCURVE_S1.);
#6101 = CIRCLE('',#6102,0.3);
#6102 = AXIS2_PLACEMENT_3D('',#6103,#6104,#6105);
#6103 = CARTESIAN_POINT('',(6.,150.20842373802,3.2));
#6104 = DIRECTION('',(-0.,0.,-1.));
#6105 = DIRECTION('',(-1.,0.,0.));
#6106 = PCURVE('',#2506,#6107);
#6107 = DEFINITIONAL_REPRESENTATION('',(#6108),#6112);
#6108 = LINE('',#6109,#6110);
#6109 = CARTESIAN_POINT('',(-0.,-2.5));
#6110 = VECTOR('',#6111,1.);
#6111 = DIRECTION('',(-1.,-0.));
#6112 = ( GEOMETRIC_REPRESENTATION_CONTEXT(2) 
PARAMETRIC_REPRESENTATION_CONTEXT() REPRESENTATION_CONTEXT('2D SPACE',''
  ) );
#6113 = PCURVE('',#4835,#6114);
#6114 = DEFINITIONAL_REPRESENTATION('',(#6115),#6123);
#6115 = ( BOUNDED_CURVE() B_SPLINE_CURVE(2,(#6116,#6117,#6118,#6119,
#6120,#6121,#6122),.UNSPECIFIED.,.T.,.F.) B_SPLINE_CURVE_WITH_KNOTS((1,2
    ,2,2,2,1),(-2.094395102393,0.,2.094395102393,4.188790204786,
6.28318530718,8.377580409573),.UNSPECIFIED.) CURVE() 
GEOMETRIC_REPRESENTATION_ITEM() RATIONAL_B_SPLINE_CURVE((1.,0.5,1.,0.5,
1.,0.5,1.)) REPRESENTATION_ITEM('') );
#6116 = CARTESIAN_POINT('',(2.5,147.00842373802));
#6117 = CARTESIAN_POINT('',(2.5,147.52803898029));
#6118 = CARTESIAN_POINT('',(2.95,147.26823135916));
#6119 = CARTESIAN_POINT('',(3.4,147.00842373802));
#6120 = CARTESIAN_POINT('',(2.95,146.74861611689));
#6121 = CARTESIAN_POINT('',(2.5,146.48880849575));
#6122 = CARTESIAN_POINT('',(2.5,147.00842373802));
#6123 = ( GEOMETRIC_REPRESENTATION_CONTEXT(2) 
PARAMETRIC_REPRESENTATION_CONTEXT() REPRESENTATION_CONTEXT('2D SPACE',''
  ) );
#6124 = ADVANCED_FACE('',(#6125),#2644,.F.);
#6125 = FACE_BOUND('',#6126,.F.);
#6126 = EDGE_LOOP('',(#6127,#6148,#6149,#6150,#6173,#6199,#6225,#6251));
#6127 = ORIENTED_EDGE('',*,*,#6128,.F.);
#6128 = EDGE_CURVE('',#2605,#6129,#6131,.T.);
#6129 = VERTEX_POINT('',#6130);
#6130 = CARTESIAN_POINT('',(5.7,124.63302648362,3.2));
#6131 = SURFACE_CURVE('',#6132,(#6136,#6142),.PCURVE_S1.);
#6132 = LINE('',#6133,#6134);
#6133 = CARTESIAN_POINT('',(26.5125,124.63302648362,-17.6125));
#6134 = VECTOR('',#6135,1.);
#6135 = DIRECTION('',(0.707106781187,-7.850462293419E-17,-0.707106781187
    ));
#6136 = PCURVE('',#2644,#6137);
#6137 = DEFINITIONAL_REPRESENTATION('',(#6138),#6141);
#6138 = B_SPLINE_CURVE_WITH_KNOTS('',1,(#6139,#6140),.UNSPECIFIED.,.F.,
  .F.,(2,2),(-32.96885367282,-29.43331976689),.PIECEWISE_BEZIER_KNOTS.);
#6139 = CARTESIAN_POINT('',(118.63302648362,-1.767766952966));
#6140 = CARTESIAN_POINT('',(118.63302648362,1.767766952966));
#6141 = ( GEOMETRIC_REPRESENTATION_CONTEXT(2) 
PARAMETRIC_REPRESENTATION_CONTEXT() REPRESENTATION_CONTEXT('2D SPACE',''
  ) );
#6142 = PCURVE('',#2619,#6143);
#6143 = DEFINITIONAL_REPRESENTATION('',(#6144),#6147);
#6144 = B_SPLINE_CURVE_WITH_KNOTS('',1,(#6145,#6146),.UNSPECIFIED.,.F.,
  .F.,(2,2),(-32.96885367282,-29.43331976689),.PIECEWISE_BEZIER_KNOTS.);
#6145 = CARTESIAN_POINT('',(2.5,-88.25));
#6146 = CARTESIAN_POINT('',(8.113889695124E-15,-85.75));
#6147 = ( GEOMETRIC_REPRESENTATION_CONTEXT(2) 
PARAMETRIC_REPRESENTATION_CONTEXT() REPRESENTATION_CONTEXT('2D SPACE',''
  ) );
#6148 = ORIENTED_EDGE('',*,*,#2630,.T.);
#6149 = ORIENTED_EDGE('',*,*,#6074,.T.);
#6150 = ORIENTED_EDGE('',*,*,#6151,.F.);
#6151 = EDGE_CURVE('',#6152,#6075,#6154,.T.);
#6152 = VERTEX_POINT('',#6153);
#6153 = CARTESIAN_POINT('',(5.7,145.,3.2));
#6154 = SURFACE_CURVE('',#6155,(#6159,#6166),.PCURVE_S1.);
#6155 = LINE('',#6156,#6157);
#6156 = CARTESIAN_POINT('',(5.7,6.,3.2));
#6157 = VECTOR('',#6158,1.);
#6158 = DIRECTION('',(0.,1.,0.));
#6159 = PCURVE('',#2644,#6160);
#6160 = DEFINITIONAL_REPRESENTATION('',(#6161),#6165);
#6161 = LINE('',#6162,#6163);
#6162 = CARTESIAN_POINT('',(-1.925929944387E-34,1.767766952966));
#6163 = VECTOR('',#6164,1.);
#6164 = DIRECTION('',(1.,-4.900350890384E-34));
#6165 = ( GEOMETRIC_REPRESENTATION_CONTEXT(2) 
PARAMETRIC_REPRESENTATION_CONTEXT() REPRESENTATION_CONTEXT('2D SPACE',''
  ) );
#6166 = PCURVE('',#4835,#6167);
#6167 = DEFINITIONAL_REPRESENTATION('',(#6168),#6172);
#6168 = LINE('',#6169,#6170);
#6169 = CARTESIAN_POINT('',(2.5,2.8));
#6170 = VECTOR('',#6171,1.);
#6171 = DIRECTION('',(0.,1.));
#6172 = ( GEOMETRIC_REPRESENTATION_CONTEXT(2) 
PARAMETRIC_REPRESENTATION_CONTEXT() REPRESENTATION_CONTEXT('2D SPACE',''
  ) );
#6173 = ORIENTED_EDGE('',*,*,#6174,.F.);
#6174 = EDGE_CURVE('',#6175,#6152,#6177,.T.);
#6175 = VERTEX_POINT('',#6176);
#6176 = CARTESIAN_POINT('',(3.5,145.,5.4));
#6177 = SURFACE_CURVE('',#6178,(#6182,#6188),.PCURVE_S1.);
#6178 = LINE('',#6179,#6180);
#6179 = CARTESIAN_POINT('',(4.525,145.,4.375));
#6180 = VECTOR('',#6181,1.);
#6181 = DIRECTION('',(0.707106781187,0.,-0.707106781187));
#6182 = PCURVE('',#2644,#6183);
#6183 = DEFINITIONAL_REPRESENTATION('',(#6184),#6187);
#6184 = B_SPLINE_CURVE_WITH_KNOTS('',1,(#6185,#6186),.UNSPECIFIED.,.F.,
  .F.,(2,2),(-1.449568901432,1.661700935788),.PIECEWISE_BEZIER_KNOTS.);
#6185 = CARTESIAN_POINT('',(139.,-1.343502884254));
#6186 = CARTESIAN_POINT('',(139.,1.767766952966));
#6187 = ( GEOMETRIC_REPRESENTATION_CONTEXT(2) 
PARAMETRIC_REPRESENTATION_CONTEXT() REPRESENTATION_CONTEXT('2D SPACE',''
  ) );
#6188 = PCURVE('',#6189,#6194);
#6189 = PLANE('',#6190);
#6190 = AXIS2_PLACEMENT_3D('',#6191,#6192,#6193);
#6191 = CARTESIAN_POINT('',(3.5,145.,3.2));
#6192 = DIRECTION('',(0.,1.,0.));
#6193 = DIRECTION('',(0.,0.,1.));
#6194 = DEFINITIONAL_REPRESENTATION('',(#6195),#6198);
#6195 = B_SPLINE_CURVE_WITH_KNOTS('',1,(#6196,#6197),.UNSPECIFIED.,.F.,
  .F.,(2,2),(-1.449568901432,1.661700935788),.PIECEWISE_BEZIER_KNOTS.);
#6196 = CARTESIAN_POINT('',(2.2,-2.048624422999E-16));
#6197 = CARTESIAN_POINT('',(2.790602831821E-16,2.2));
#6198 = ( GEOMETRIC_REPRESENTATION_CONTEXT(2) 
PARAMETRIC_REPRESENTATION_CONTEXT() REPRESENTATION_CONTEXT('2D SPACE',''
  ) );
#6199 = ORIENTED_EDGE('',*,*,#6200,.T.);
#6200 = EDGE_CURVE('',#6175,#6201,#6203,.T.);
#6201 = VERTEX_POINT('',#6202);
#6202 = CARTESIAN_POINT('',(3.5,133.,5.4));
#6203 = SURFACE_CURVE('',#6204,(#6208,#6214),.PCURVE_S1.);
#6204 = LINE('',#6205,#6206);
#6205 = CARTESIAN_POINT('',(3.5,69.5,5.4));
#6206 = VECTOR('',#6207,1.);
#6207 = DIRECTION('',(0.,-1.,-1.082163610452E-17));
#6208 = PCURVE('',#2644,#6209);
#6209 = DEFINITIONAL_REPRESENTATION('',(#6210),#6213);
#6210 = B_SPLINE_CURVE_WITH_KNOTS('',1,(#6211,#6212),.UNSPECIFIED.,.F.,
  .F.,(2,2),(-75.5,-63.5),.PIECEWISE_BEZIER_KNOTS.);
#6211 = CARTESIAN_POINT('',(139.,-1.343502884254));
#6212 = CARTESIAN_POINT('',(127.,-1.343502884254));
#6213 = ( GEOMETRIC_REPRESENTATION_CONTEXT(2) 
PARAMETRIC_REPRESENTATION_CONTEXT() REPRESENTATION_CONTEXT('2D SPACE',''
  ) );
#6214 = PCURVE('',#6215,#6220);
#6215 = PLANE('',#6216);
#6216 = AXIS2_PLACEMENT_3D('',#6217,#6218,#6219);
#6217 = CARTESIAN_POINT('',(3.5,133.,3.2));
#6218 = DIRECTION('',(1.,0.,0.));
#6219 = DIRECTION('',(0.,0.,1.));
#6220 = DEFINITIONAL_REPRESENTATION('',(#6221),#6224);
#6221 = B_SPLINE_CURVE_WITH_KNOTS('',1,(#6222,#6223),.UNSPECIFIED.,.F.,
  .F.,(2,2),(-75.5,-63.5),.PIECEWISE_BEZIER_KNOTS.);
#6222 = CARTESIAN_POINT('',(2.2,-12.));
#6223 = CARTESIAN_POINT('',(2.2,0.));
#6224 = ( GEOMETRIC_REPRESENTATION_CONTEXT(2) 
PARAMETRIC_REPRESENTATION_CONTEXT() REPRESENTATION_CONTEXT('2D SPACE',''
  ) );
#6225 = ORIENTED_EDGE('',*,*,#6226,.T.);
#6226 = EDGE_CURVE('',#6201,#6227,#6229,.T.);
#6227 = VERTEX_POINT('',#6228);
#6228 = CARTESIAN_POINT('',(5.7,133.,3.2));
#6229 = SURFACE_CURVE('',#6230,(#6234,#6240),.PCURVE_S1.);
#6230 = LINE('',#6231,#6232);
#6231 = CARTESIAN_POINT('',(4.525,133.,4.375));
#6232 = VECTOR('',#6233,1.);
#6233 = DIRECTION('',(0.707106781187,0.,-0.707106781187));
#6234 = PCURVE('',#2644,#6235);
#6235 = DEFINITIONAL_REPRESENTATION('',(#6236),#6239);
#6236 = B_SPLINE_CURVE_WITH_KNOTS('',1,(#6237,#6238),.UNSPECIFIED.,.F.,
  .F.,(2,2),(-1.449568901432,1.661700935788),.PIECEWISE_BEZIER_KNOTS.);
#6237 = CARTESIAN_POINT('',(127.,-1.343502884254));
#6238 = CARTESIAN_POINT('',(127.,1.767766952966));
#6239 = ( GEOMETRIC_REPRESENTATION_CONTEXT(2) 
PARAMETRIC_REPRESENTATION_CONTEXT() REPRESENTATION_CONTEXT('2D SPACE',''
  ) );
#6240 = PCURVE('',#6241,#6246);
#6241 = PLANE('',#6242);
#6242 = AXIS2_PLACEMENT_3D('',#6243,#6244,#6245);
#6243 = CARTESIAN_POINT('',(3.5,133.,3.2));
#6244 = DIRECTION('',(0.,1.,0.));
#6245 = DIRECTION('',(0.,0.,1.));
#6246 = DEFINITIONAL_REPRESENTATION('',(#6247),#6250);
#6247 = B_SPLINE_CURVE_WITH_KNOTS('',1,(#6248,#6249),.UNSPECIFIED.,.F.,
  .F.,(2,2),(-1.449568901432,1.661700935788),.PIECEWISE_BEZIER_KNOTS.);
#6248 = CARTESIAN_POINT('',(2.2,-2.048624422999E-16));
#6249 = CARTESIAN_POINT('',(2.790602831821E-16,2.2));
#6250 = ( GEOMETRIC_REPRESENTATION_CONTEXT(2) 
PARAMETRIC_REPRESENTATION_CONTEXT() REPRESENTATION_CONTEXT('2D SPACE',''
  ) );
#6251 = ORIENTED_EDGE('',*,*,#6252,.F.);
#6252 = EDGE_CURVE('',#6129,#6227,#6253,.T.);
#6253 = SURFACE_CURVE('',#6254,(#6258,#6265),.PCURVE_S1.);
#6254 = LINE('',#6255,#6256);
#6255 = CARTESIAN_POINT('',(5.7,6.,3.2));
#6256 = VECTOR('',#6257,1.);
#6257 = DIRECTION('',(0.,1.,0.));
#6258 = PCURVE('',#2644,#6259);
#6259 = DEFINITIONAL_REPRESENTATION('',(#6260),#6264);
#6260 = LINE('',#6261,#6262);
#6261 = CARTESIAN_POINT('',(-1.925929944387E-34,1.767766952966));
#6262 = VECTOR('',#6263,1.);
#6263 = DIRECTION('',(1.,-4.900350890384E-34));
#6264 = ( GEOMETRIC_REPRESENTATION_CONTEXT(2) 
PARAMETRIC_REPRESENTATION_CONTEXT() REPRESENTATION_CONTEXT('2D SPACE',''
  ) );
#6265 = PCURVE('',#4835,#6266);
#6266 = DEFINITIONAL_REPRESENTATION('',(#6267),#6271);
#6267 = LINE('',#6268,#6269);
#6268 = CARTESIAN_POINT('',(2.5,2.8));
#6269 = VECTOR('',#6270,1.);
#6270 = DIRECTION('',(0.,1.));
#6271 = ( GEOMETRIC_REPRESENTATION_CONTEXT(2) 
PARAMETRIC_REPRESENTATION_CONTEXT() REPRESENTATION_CONTEXT('2D SPACE',''
  ) );
#6272 = ADVANCED_FACE('',(#6273),#2619,.T.);
#6273 = FACE_BOUND('',#6274,.T.);
#6274 = EDGE_LOOP('',(#6275,#6305,#6326,#6327,#6328,#6329,#6350,#6351,
    #6352,#6353,#6374,#6375,#6376,#6399,#6427,#6455,#6483));
#6275 = ORIENTED_EDGE('',*,*,#6276,.F.);
#6276 = EDGE_CURVE('',#6277,#6279,#6281,.T.);
#6277 = VERTEX_POINT('',#6278);
#6278 = CARTESIAN_POINT('',(91.45,124.63302648362,3.2));
#6279 = VERTEX_POINT('',#6280);
#6280 = CARTESIAN_POINT('',(91.45,124.63302648362,40.482630386107));
#6281 = SURFACE_CURVE('',#6282,(#6286,#6293),.PCURVE_S1.);
#6282 = LINE('',#6283,#6284);
#6283 = CARTESIAN_POINT('',(91.45,124.63302648362,3.2));
#6284 = VECTOR('',#6285,1.);
#6285 = DIRECTION('',(0.,0.,1.));
#6286 = PCURVE('',#2619,#6287);
#6287 = DEFINITIONAL_REPRESENTATION('',(#6288),#6292);
#6288 = LINE('',#6289,#6290);
#6289 = CARTESIAN_POINT('',(0.,0.));
#6290 = VECTOR('',#6291,1.);
#6291 = DIRECTION('',(1.,0.));
#6292 = ( GEOMETRIC_REPRESENTATION_CONTEXT(2) 
PARAMETRIC_REPRESENTATION_CONTEXT() REPRESENTATION_CONTEXT('2D SPACE',''
  ) );
#6293 = PCURVE('',#6294,#6299);
#6294 = PLANE('',#6295);
#6295 = AXIS2_PLACEMENT_3D('',#6296,#6297,#6298);
#6296 = CARTESIAN_POINT('',(91.45,7.763026483627,3.2));
#6297 = DIRECTION('',(-1.,1.110223024625E-16,0.));
#6298 = DIRECTION('',(0.,0.,1.));
#6299 = DEFINITIONAL_REPRESENTATION('',(#6300),#6304);
#6300 = LINE('',#6301,#6302);
#6301 = CARTESIAN_POINT('',(0.,116.87));
#6302 = VECTOR('',#6303,1.);
#6303 = DIRECTION('',(1.,0.));
#6304 = ( GEOMETRIC_REPRESENTATION_CONTEXT(2) 
PARAMETRIC_REPRESENTATION_CONTEXT() REPRESENTATION_CONTEXT('2D SPACE',''
  ) );
#6305 = ORIENTED_EDGE('',*,*,#6306,.T.);
#6306 = EDGE_CURVE('',#6277,#5376,#6307,.T.);
#6307 = SURFACE_CURVE('',#6308,(#6312,#6319),.PCURVE_S1.);
#6308 = LINE('',#6309,#6310);
#6309 = CARTESIAN_POINT('',(91.45,124.63302648362,3.2));
#6310 = VECTOR('',#6311,1.);
#6311 = DIRECTION('',(-1.,1.110223024625E-16,0.));
#6312 = PCURVE('',#2619,#6313);
#6313 = DEFINITIONAL_REPRESENTATION('',(#6314),#6318);
#6314 = LINE('',#6315,#6316);
#6315 = CARTESIAN_POINT('',(0.,0.));
#6316 = VECTOR('',#6317,1.);
#6317 = DIRECTION('',(0.,-1.));
#6318 = ( GEOMETRIC_REPRESENTATION_CONTEXT(2) 
PARAMETRIC_REPRESENTATION_CONTEXT() REPRESENTATION_CONTEXT('2D SPACE',''
  ) );
#6319 = PCURVE('',#3893,#6320);
#6320 = DEFINITIONAL_REPRESENTATION('',(#6321),#6325);
#6321 = LINE('',#6322,#6323);
#6322 = CARTESIAN_POINT('',(88.25,121.43302648362));
#6323 = VECTOR('',#6324,1.);
#6324 = DIRECTION('',(-1.,1.110223024625E-16));
#6325 = ( GEOMETRIC_REPRESENTATION_CONTEXT(2) 
PARAMETRIC_REPRESENTATION_CONTEXT() REPRESENTATION_CONTEXT('2D SPACE',''
  ) );
#6326 = ORIENTED_EDGE('',*,*,#5375,.F.);
#6327 = ORIENTED_EDGE('',*,*,#5280,.F.);
#6328 = ORIENTED_EDGE('',*,*,#5205,.T.);
#6329 = ORIENTED_EDGE('',*,*,#6330,.T.);
#6330 = EDGE_CURVE('',#5206,#4969,#6331,.T.);
#6331 = SURFACE_CURVE('',#6332,(#6336,#6343),.PCURVE_S1.);
#6332 = LINE('',#6333,#6334);
#6333 = CARTESIAN_POINT('',(91.45,124.63302648362,3.2));
#6334 = VECTOR('',#6335,1.);
#6335 = DIRECTION('',(-1.,1.110223024625E-16,0.));
#6336 = PCURVE('',#2619,#6337);
#6337 = DEFINITIONAL_REPRESENTATION('',(#6338),#6342);
#6338 = LINE('',#6339,#6340);
#6339 = CARTESIAN_POINT('',(0.,0.));
#6340 = VECTOR('',#6341,1.);
#6341 = DIRECTION('',(0.,-1.));
#6342 = ( GEOMETRIC_REPRESENTATION_CONTEXT(2) 
PARAMETRIC_REPRESENTATION_CONTEXT() REPRESENTATION_CONTEXT('2D SPACE',''
  ) );
#6343 = PCURVE('',#5005,#6344);
#6344 = DEFINITIONAL_REPRESENTATION('',(#6345),#6349);
#6345 = LINE('',#6346,#6347);
#6346 = CARTESIAN_POINT('',(88.25,121.43302648362));
#6347 = VECTOR('',#6348,1.);
#6348 = DIRECTION('',(-1.,1.110223024625E-16));
#6349 = ( GEOMETRIC_REPRESENTATION_CONTEXT(2) 
PARAMETRIC_REPRESENTATION_CONTEXT() REPRESENTATION_CONTEXT('2D SPACE',''
  ) );
#6350 = ORIENTED_EDGE('',*,*,#4968,.F.);
#6351 = ORIENTED_EDGE('',*,*,#4921,.F.);
#6352 = ORIENTED_EDGE('',*,*,#4873,.T.);
#6353 = ORIENTED_EDGE('',*,*,#6354,.T.);
#6354 = EDGE_CURVE('',#4874,#6129,#6355,.T.);
#6355 = SURFACE_CURVE('',#6356,(#6360,#6367),.PCURVE_S1.);
#6356 = LINE('',#6357,#6358);
#6357 = CARTESIAN_POINT('',(91.45,124.63302648362,3.2));
#6358 = VECTOR('',#6359,1.);
#6359 = DIRECTION('',(-1.,1.110223024625E-16,0.));
#6360 = PCURVE('',#2619,#6361);
#6361 = DEFINITIONAL_REPRESENTATION('',(#6362),#6366);
#6362 = LINE('',#6363,#6364);
#6363 = CARTESIAN_POINT('',(0.,0.));
#6364 = VECTOR('',#6365,1.);
#6365 = DIRECTION('',(0.,-1.));
#6366 = ( GEOMETRIC_REPRESENTATION_CONTEXT(2) 
PARAMETRIC_REPRESENTATION_CONTEXT() REPRESENTATION_CONTEXT('2D SPACE',''
  ) );
#6367 = PCURVE('',#4835,#6368);
#6368 = DEFINITIONAL_REPRESENTATION('',(#6369),#6373);
#6369 = LINE('',#6370,#6371);
#6370 = CARTESIAN_POINT('',(88.25,121.43302648362));
#6371 = VECTOR('',#6372,1.);
#6372 = DIRECTION('',(-1.,1.110223024625E-16));
#6373 = ( GEOMETRIC_REPRESENTATION_CONTEXT(2) 
PARAMETRIC_REPRESENTATION_CONTEXT() REPRESENTATION_CONTEXT('2D SPACE',''
  ) );
#6374 = ORIENTED_EDGE('',*,*,#6128,.F.);
#6375 = ORIENTED_EDGE('',*,*,#2604,.T.);
#6376 = ORIENTED_EDGE('',*,*,#6377,.T.);
#6377 = EDGE_CURVE('',#2579,#6378,#6380,.T.);
#6378 = VERTEX_POINT('',#6379);
#6379 = CARTESIAN_POINT('',(41.075,124.63302648362,40.482630386107));
#6380 = SURFACE_CURVE('',#6381,(#6385,#6392),.PCURVE_S1.);
#6381 = LINE('',#6382,#6383);
#6382 = CARTESIAN_POINT('',(169.2625,124.63302648362,40.482630386107));
#6383 = VECTOR('',#6384,1.);
#6384 = DIRECTION('',(1.,-1.110223024625E-16,0.));
#6385 = PCURVE('',#2619,#6386);
#6386 = DEFINITIONAL_REPRESENTATION('',(#6387),#6391);
#6387 = LINE('',#6388,#6389);
#6388 = CARTESIAN_POINT('',(37.282630386107,77.8125));
#6389 = VECTOR('',#6390,1.);
#6390 = DIRECTION('',(0.,1.));
#6391 = ( GEOMETRIC_REPRESENTATION_CONTEXT(2) 
PARAMETRIC_REPRESENTATION_CONTEXT() REPRESENTATION_CONTEXT('2D SPACE',''
  ) );
#6392 = PCURVE('',#2593,#6393);
#6393 = DEFINITIONAL_REPRESENTATION('',(#6394),#6398);
#6394 = LINE('',#6395,#6396);
#6395 = CARTESIAN_POINT('',(259.8533662671,77.8125));
#6396 = VECTOR('',#6397,1.);
#6397 = DIRECTION('',(0.,-1.));
#6398 = ( GEOMETRIC_REPRESENTATION_CONTEXT(2) 
PARAMETRIC_REPRESENTATION_CONTEXT() REPRESENTATION_CONTEXT('2D SPACE',''
  ) );
#6399 = ORIENTED_EDGE('',*,*,#6400,.F.);
#6400 = EDGE_CURVE('',#6401,#6378,#6403,.T.);
#6401 = VERTEX_POINT('',#6402);
#6402 = CARTESIAN_POINT('',(41.075,124.63302648362,16.433443998149));
#6403 = SURFACE_CURVE('',#6404,(#6408,#6415),.PCURVE_S1.);
#6404 = LINE('',#6405,#6406);
#6405 = CARTESIAN_POINT('',(41.075,124.63302648362,16.433443998149));
#6406 = VECTOR('',#6407,1.);
#6407 = DIRECTION('',(0.,0.,1.));
#6408 = PCURVE('',#2619,#6409);
#6409 = DEFINITIONAL_REPRESENTATION('',(#6410),#6414);
#6410 = LINE('',#6411,#6412);
#6411 = CARTESIAN_POINT('',(13.233443998149,-50.375));
#6412 = VECTOR('',#6413,1.);
#6413 = DIRECTION('',(1.,0.));
#6414 = ( GEOMETRIC_REPRESENTATION_CONTEXT(2) 
PARAMETRIC_REPRESENTATION_CONTEXT() REPRESENTATION_CONTEXT('2D SPACE',''
  ) );
#6415 = PCURVE('',#6416,#6421);
#6416 = PLANE('',#6417);
#6417 = AXIS2_PLACEMENT_3D('',#6418,#6419,#6420);
#6418 = CARTESIAN_POINT('',(41.075,121.13302648362,16.433443998149));
#6419 = DIRECTION('',(-1.,1.110223024625E-16,0.));
#6420 = DIRECTION('',(0.,0.,1.));
#6421 = DEFINITIONAL_REPRESENTATION('',(#6422),#6426);
#6422 = LINE('',#6423,#6424);
#6423 = CARTESIAN_POINT('',(0.,3.5));
#6424 = VECTOR('',#6425,1.);
#6425 = DIRECTION('',(1.,0.));
#6426 = ( GEOMETRIC_REPRESENTATION_CONTEXT(2) 
PARAMETRIC_REPRESENTATION_CONTEXT() REPRESENTATION_CONTEXT('2D SPACE',''
  ) );
#6427 = ORIENTED_EDGE('',*,*,#6428,.F.);
#6428 = EDGE_CURVE('',#6429,#6401,#6431,.T.);
#6429 = VERTEX_POINT('',#6430);
#6430 = CARTESIAN_POINT('',(53.075,124.63302648362,16.433443998149));
#6431 = SURFACE_CURVE('',#6432,(#6436,#6443),.PCURVE_S1.);
#6432 = LINE('',#6433,#6434);
#6433 = CARTESIAN_POINT('',(91.45,124.63302648362,16.433443998149));
#6434 = VECTOR('',#6435,1.);
#6435 = DIRECTION('',(-1.,1.110223024625E-16,0.));
#6436 = PCURVE('',#2619,#6437);
#6437 = DEFINITIONAL_REPRESENTATION('',(#6438),#6442);
#6438 = LINE('',#6439,#6440);
#6439 = CARTESIAN_POINT('',(13.233443998149,0.));
#6440 = VECTOR('',#6441,1.);
#6441 = DIRECTION('',(0.,-1.));
#6442 = ( GEOMETRIC_REPRESENTATION_CONTEXT(2) 
PARAMETRIC_REPRESENTATION_CONTEXT() REPRESENTATION_CONTEXT('2D SPACE',''
  ) );
#6443 = PCURVE('',#6444,#6449);
#6444 = PLANE('',#6445);
#6445 = AXIS2_PLACEMENT_3D('',#6446,#6447,#6448);
#6446 = CARTESIAN_POINT('',(91.45,7.763026483627,16.433443998149));
#6447 = DIRECTION('',(0.,0.,1.));
#6448 = DIRECTION('',(1.110223024625E-16,1.,0.));
#6449 = DEFINITIONAL_REPRESENTATION('',(#6450),#6454);
#6450 = LINE('',#6451,#6452);
#6451 = CARTESIAN_POINT('',(116.87,1.297517648879E-14));
#6452 = VECTOR('',#6453,1.);
#6453 = DIRECTION('',(0.,1.));
#6454 = ( GEOMETRIC_REPRESENTATION_CONTEXT(2) 
PARAMETRIC_REPRESENTATION_CONTEXT() REPRESENTATION_CONTEXT('2D SPACE',''
  ) );
#6455 = ORIENTED_EDGE('',*,*,#6456,.T.);
#6456 = EDGE_CURVE('',#6429,#6457,#6459,.T.);
#6457 = VERTEX_POINT('',#6458);
#6458 = CARTESIAN_POINT('',(53.075,124.63302648362,40.482630386107));
#6459 = SURFACE_CURVE('',#6460,(#6464,#6471),.PCURVE_S1.);
#6460 = LINE('',#6461,#6462);
#6461 = CARTESIAN_POINT('',(53.075,124.63302648362,16.433443998149));
#6462 = VECTOR('',#6463,1.);
#6463 = DIRECTION('',(0.,0.,1.));
#6464 = PCURVE('',#2619,#6465);
#6465 = DEFINITIONAL_REPRESENTATION('',(#6466),#6470);
#6466 = LINE('',#6467,#6468);
#6467 = CARTESIAN_POINT('',(13.233443998149,-38.375));
#6468 = VECTOR('',#6469,1.);
#6469 = DIRECTION('',(1.,0.));
#6470 = ( GEOMETRIC_REPRESENTATION_CONTEXT(2) 
PARAMETRIC_REPRESENTATION_CONTEXT() REPRESENTATION_CONTEXT('2D SPACE',''
  ) );
#6471 = PCURVE('',#6472,#6477);
#6472 = PLANE('',#6473);
#6473 = AXIS2_PLACEMENT_3D('',#6474,#6475,#6476);
#6474 = CARTESIAN_POINT('',(53.075,121.13302648362,16.433443998149));
#6475 = DIRECTION('',(-1.,1.110223024625E-16,0.));
#6476 = DIRECTION('',(0.,0.,1.));
#6477 = DEFINITIONAL_REPRESENTATION('',(#6478),#6482);
#6478 = LINE('',#6479,#6480);
#6479 = CARTESIAN_POINT('',(0.,3.5));
#6480 = VECTOR('',#6481,1.);
#6481 = DIRECTION('',(1.,0.));
#6482 = ( GEOMETRIC_REPRESENTATION_CONTEXT(2) 
PARAMETRIC_REPRESENTATION_CONTEXT() REPRESENTATION_CONTEXT('2D SPACE',''
  ) );
#6483 = ORIENTED_EDGE('',*,*,#6484,.T.);
#6484 = EDGE_CURVE('',#6457,#6279,#6485,.T.);
#6485 = SURFACE_CURVE('',#6486,(#6490,#6497),.PCURVE_S1.);
#6486 = LINE('',#6487,#6488);
#6487 = CARTESIAN_POINT('',(169.2625,124.63302648362,40.482630386107));
#6488 = VECTOR('',#6489,1.);
#6489 = DIRECTION('',(1.,-1.110223024625E-16,0.));
#6490 = PCURVE('',#2619,#6491);
#6491 = DEFINITIONAL_REPRESENTATION('',(#6492),#6496);
#6492 = LINE('',#6493,#6494);
#6493 = CARTESIAN_POINT('',(37.282630386107,77.8125));
#6494 = VECTOR('',#6495,1.);
#6495 = DIRECTION('',(0.,1.));
#6496 = ( GEOMETRIC_REPRESENTATION_CONTEXT(2) 
PARAMETRIC_REPRESENTATION_CONTEXT() REPRESENTATION_CONTEXT('2D SPACE',''
  ) );
#6497 = PCURVE('',#2593,#6498);
#6498 = DEFINITIONAL_REPRESENTATION('',(#6499),#6503);
#6499 = LINE('',#6500,#6501);
#6500 = CARTESIAN_POINT('',(259.8533662671,77.8125));
#6501 = VECTOR('',#6502,1.);
#6502 = DIRECTION('',(0.,-1.));
#6503 = ( GEOMETRIC_REPRESENTATION_CONTEXT(2) 
PARAMETRIC_REPRESENTATION_CONTEXT() REPRESENTATION_CONTEXT('2D SPACE',''
  ) );
#6504 = ADVANCED_FACE('',(#6505),#2593,.T.);
#6505 = FACE_BOUND('',#6506,.T.);
#6506 = EDGE_LOOP('',(#6507,#6508,#6531,#6552,#6553,#6576,#6604,#6632,
    #6660,#6688,#6716,#6744,#6767,#6795,#6823,#6851,#6874,#6902,#6930,
    #6958,#6986,#7014,#7042,#7063));
#6507 = ORIENTED_EDGE('',*,*,#2578,.T.);
#6508 = ORIENTED_EDGE('',*,*,#6509,.T.);
#6509 = EDGE_CURVE('',#2553,#6510,#6512,.T.);
#6510 = VERTEX_POINT('',#6511);
#6511 = CARTESIAN_POINT('',(91.45,7.763026483627,14.576937690892));
#6512 = SURFACE_CURVE('',#6513,(#6517,#6524),.PCURVE_S1.);
#6513 = LINE('',#6514,#6515);
#6514 = CARTESIAN_POINT('',(169.2625,7.763026483627,14.576937690892));
#6515 = VECTOR('',#6516,1.);
#6516 = DIRECTION('',(1.,-1.110223024625E-16,0.));
#6517 = PCURVE('',#2593,#6518);
#6518 = DEFINITIONAL_REPRESENTATION('',(#6519),#6523);
#6519 = LINE('',#6520,#6521);
#6520 = CARTESIAN_POINT('',(140.14663373289,77.8125));
#6521 = VECTOR('',#6522,1.);
#6522 = DIRECTION('',(0.,-1.));
#6523 = ( GEOMETRIC_REPRESENTATION_CONTEXT(2) 
PARAMETRIC_REPRESENTATION_CONTEXT() REPRESENTATION_CONTEXT('2D SPACE',''
  ) );
#6524 = PCURVE('',#2567,#6525);
#6525 = DEFINITIONAL_REPRESENTATION('',(#6526),#6530);
#6526 = LINE('',#6527,#6528);
#6527 = CARTESIAN_POINT('',(11.376937690892,77.8125));
#6528 = VECTOR('',#6529,1.);
#6529 = DIRECTION('',(0.,1.));
#6530 = ( GEOMETRIC_REPRESENTATION_CONTEXT(2) 
PARAMETRIC_REPRESENTATION_CONTEXT() REPRESENTATION_CONTEXT('2D SPACE',''
  ) );
#6531 = ORIENTED_EDGE('',*,*,#6532,.F.);
#6532 = EDGE_CURVE('',#6279,#6510,#6533,.T.);
#6533 = SURFACE_CURVE('',#6534,(#6538,#6545),.PCURVE_S1.);
#6534 = LINE('',#6535,#6536);
#6535 = CARTESIAN_POINT('',(91.45,124.63302648362,40.482630386107));
#6536 = VECTOR('',#6537,1.);
#6537 = DIRECTION('',(-1.083913679215E-16,-0.976302648363,
    -0.216409655053));
#6538 = PCURVE('',#2593,#6539);
#6539 = DEFINITIONAL_REPRESENTATION('',(#6540),#6544);
#6540 = LINE('',#6541,#6542);
#6541 = CARTESIAN_POINT('',(259.8533662671,155.625));
#6542 = VECTOR('',#6543,1.);
#6543 = DIRECTION('',(-1.,0.));
#6544 = ( GEOMETRIC_REPRESENTATION_CONTEXT(2) 
PARAMETRIC_REPRESENTATION_CONTEXT() REPRESENTATION_CONTEXT('2D SPACE',''
  ) );
#6545 = PCURVE('',#6294,#6546);
#6546 = DEFINITIONAL_REPRESENTATION('',(#6547),#6551);
#6547 = LINE('',#6548,#6549);
#6548 = CARTESIAN_POINT('',(37.282630386107,116.87));
#6549 = VECTOR('',#6550,1.);
#6550 = DIRECTION('',(-0.216409655053,-0.976302648363));
#6551 = ( GEOMETRIC_REPRESENTATION_CONTEXT(2) 
PARAMETRIC_REPRESENTATION_CONTEXT() REPRESENTATION_CONTEXT('2D SPACE',''
  ) );
#6552 = ORIENTED_EDGE('',*,*,#6484,.F.);
#6553 = ORIENTED_EDGE('',*,*,#6554,.T.);
#6554 = EDGE_CURVE('',#6457,#6555,#6557,.T.);
#6555 = VERTEX_POINT('',#6556);
#6556 = CARTESIAN_POINT('',(53.075,123.03302648362,40.127970436484));
#6557 = SURFACE_CURVE('',#6558,(#6562,#6569),.PCURVE_S1.);
#6558 = LINE('',#6559,#6560);
#6559 = CARTESIAN_POINT('',(53.075,-6.423352274522,11.432349956089));
#6560 = VECTOR('',#6561,1.);
#6561 = DIRECTION('',(-1.083913679215E-16,-0.976302648363,
    -0.216409655053));
#6562 = PCURVE('',#2593,#6563);
#6563 = DEFINITIONAL_REPRESENTATION('',(#6564),#6568);
#6564 = LINE('',#6565,#6566);
#6565 = CARTESIAN_POINT('',(125.61591543366,194.));
#6566 = VECTOR('',#6567,1.);
#6567 = DIRECTION('',(-1.,0.));
#6568 = ( GEOMETRIC_REPRESENTATION_CONTEXT(2) 
PARAMETRIC_REPRESENTATION_CONTEXT() REPRESENTATION_CONTEXT('2D SPACE',''
  ) );
#6569 = PCURVE('',#6472,#6570);
#6570 = DEFINITIONAL_REPRESENTATION('',(#6571),#6575);
#6571 = LINE('',#6572,#6573);
#6572 = CARTESIAN_POINT('',(-5.00109404206,-127.5563787581));
#6573 = VECTOR('',#6574,1.);
#6574 = DIRECTION('',(-0.216409655053,-0.976302648363));
#6575 = ( GEOMETRIC_REPRESENTATION_CONTEXT(2) 
PARAMETRIC_REPRESENTATION_CONTEXT() REPRESENTATION_CONTEXT('2D SPACE',''
  ) );
#6576 = ORIENTED_EDGE('',*,*,#6577,.T.);
#6577 = EDGE_CURVE('',#6555,#6578,#6580,.T.);
#6578 = VERTEX_POINT('',#6579);
#6579 = CARTESIAN_POINT('',(86.65,123.03302648362,40.127970436484));
#6580 = SURFACE_CURVE('',#6581,(#6585,#6592),.PCURVE_S1.);
#6581 = LINE('',#6582,#6583);
#6582 = CARTESIAN_POINT('',(166.8625,123.03302648362,40.127970436484));
#6583 = VECTOR('',#6584,1.);
#6584 = DIRECTION('',(1.,-1.110223024625E-16,0.));
#6585 = PCURVE('',#2593,#6586);
#6586 = DEFINITIONAL_REPRESENTATION('',(#6587),#6591);
#6587 = LINE('',#6588,#6589);
#6588 = CARTESIAN_POINT('',(258.21453019237,80.2125));
#6589 = VECTOR('',#6590,1.);
#6590 = DIRECTION('',(0.,-1.));
#6591 = ( GEOMETRIC_REPRESENTATION_CONTEXT(2) 
PARAMETRIC_REPRESENTATION_CONTEXT() REPRESENTATION_CONTEXT('2D SPACE',''
  ) );
#6592 = PCURVE('',#6593,#6598);
#6593 = PLANE('',#6594);
#6594 = AXIS2_PLACEMENT_3D('',#6595,#6596,#6597);
#6595 = CARTESIAN_POINT('',(86.65,123.03302648362,16.433443998149));
#6596 = DIRECTION('',(1.110223024625E-16,1.,0.));
#6597 = DIRECTION('',(0.,0.,1.));
#6598 = DEFINITIONAL_REPRESENTATION('',(#6599),#6603);
#6599 = LINE('',#6600,#6601);
#6600 = CARTESIAN_POINT('',(23.694526438335,80.2125));
#6601 = VECTOR('',#6602,1.);
#6602 = DIRECTION('',(0.,1.));
#6603 = ( GEOMETRIC_REPRESENTATION_CONTEXT(2) 
PARAMETRIC_REPRESENTATION_CONTEXT() REPRESENTATION_CONTEXT('2D SPACE',''
  ) );
#6604 = ORIENTED_EDGE('',*,*,#6605,.F.);
#6605 = EDGE_CURVE('',#6606,#6578,#6608,.T.);
#6606 = VERTEX_POINT('',#6607);
#6607 = CARTESIAN_POINT('',(86.65,104.89302648362,36.107013257643));
#6608 = SURFACE_CURVE('',#6609,(#6613,#6620),.PCURVE_S1.);
#6609 = LINE('',#6610,#6611);
#6610 = CARTESIAN_POINT('',(86.65,-59.69108231268,-0.3751065763));
#6611 = VECTOR('',#6612,1.);
#6612 = DIRECTION('',(1.083913679215E-16,0.976302648363,0.216409655053)
  );
#6613 = PCURVE('',#2593,#6614);
#6614 = DEFINITIONAL_REPRESENTATION('',(#6615),#6619);
#6615 = LINE('',#6616,#6617);
#6616 = CARTESIAN_POINT('',(71.055241929914,160.425));
#6617 = VECTOR('',#6618,1.);
#6618 = DIRECTION('',(1.,0.));
#6619 = ( GEOMETRIC_REPRESENTATION_CONTEXT(2) 
PARAMETRIC_REPRESENTATION_CONTEXT() REPRESENTATION_CONTEXT('2D SPACE',''
  ) );
#6620 = PCURVE('',#6621,#6626);
#6621 = PLANE('',#6622);
#6622 = AXIS2_PLACEMENT_3D('',#6623,#6624,#6625);
#6623 = CARTESIAN_POINT('',(86.65,9.363026483627,16.433443998149));
#6624 = DIRECTION('',(-1.,1.110223024625E-16,0.));
#6625 = DIRECTION('',(0.,0.,1.));
#6626 = DEFINITIONAL_REPRESENTATION('',(#6627),#6631);
#6627 = LINE('',#6628,#6629);
#6628 = CARTESIAN_POINT('',(-16.80855057444,-69.05410879631));
#6629 = VECTOR('',#6630,1.);
#6630 = DIRECTION('',(0.216409655053,0.976302648363));
#6631 = ( GEOMETRIC_REPRESENTATION_CONTEXT(2) 
PARAMETRIC_REPRESENTATION_CONTEXT() REPRESENTATION_CONTEXT('2D SPACE',''
  ) );
#6632 = ORIENTED_EDGE('',*,*,#6633,.F.);
#6633 = EDGE_CURVE('',#6634,#6606,#6636,.T.);
#6634 = VERTEX_POINT('',#6635);
#6635 = CARTESIAN_POINT('',(89.4,104.89302648362,36.107013257643));
#6636 = SURFACE_CURVE('',#6637,(#6641,#6648),.PCURVE_S1.);
#6637 = LINE('',#6638,#6639);
#6638 = CARTESIAN_POINT('',(168.2375,104.89302648362,36.107013257643));
#6639 = VECTOR('',#6640,1.);
#6640 = DIRECTION('',(-1.,1.110223024625E-16,0.));
#6641 = PCURVE('',#2593,#6642);
#6642 = DEFINITIONAL_REPRESENTATION('',(#6643),#6647);
#6643 = LINE('',#6644,#6645);
#6644 = CARTESIAN_POINT('',(239.63422619501,78.8375));
#6645 = VECTOR('',#6646,1.);
#6646 = DIRECTION('',(0.,1.));
#6647 = ( GEOMETRIC_REPRESENTATION_CONTEXT(2) 
PARAMETRIC_REPRESENTATION_CONTEXT() REPRESENTATION_CONTEXT('2D SPACE',''
  ) );
#6648 = PCURVE('',#6649,#6654);
#6649 = PLANE('',#6650);
#6650 = AXIS2_PLACEMENT_3D('',#6651,#6652,#6653);
#6651 = CARTESIAN_POINT('',(89.4,104.89302648362,16.433443998149));
#6652 = DIRECTION('',(1.110223024625E-16,1.,0.));
#6653 = DIRECTION('',(0.,0.,1.));
#6654 = DEFINITIONAL_REPRESENTATION('',(#6655),#6659);
#6655 = LINE('',#6656,#6657);
#6656 = CARTESIAN_POINT('',(19.673569259494,78.8375));
#6657 = VECTOR('',#6658,1.);
#6658 = DIRECTION('',(0.,-1.));
#6659 = ( GEOMETRIC_REPRESENTATION_CONTEXT(2) 
PARAMETRIC_REPRESENTATION_CONTEXT() REPRESENTATION_CONTEXT('2D SPACE',''
  ) );
#6660 = ORIENTED_EDGE('',*,*,#6661,.T.);
#6661 = EDGE_CURVE('',#6634,#6662,#6664,.T.);
#6662 = VERTEX_POINT('',#6663);
#6663 = CARTESIAN_POINT('',(89.4,90.893026483627,33.003738698449));
#6664 = SURFACE_CURVE('',#6665,(#6669,#6676),.PCURVE_S1.);
#6665 = LINE('',#6666,#6667);
#6666 = CARTESIAN_POINT('',(89.4,-20.83523521586,8.237776407378));
#6667 = VECTOR('',#6668,1.);
#6668 = DIRECTION('',(-1.083913679215E-16,-0.976302648363,
    -0.216409655053));
#6669 = PCURVE('',#2593,#6670);
#6670 = DEFINITIONAL_REPRESENTATION('',(#6671),#6675);
#6671 = LINE('',#6672,#6673);
#6672 = CARTESIAN_POINT('',(110.85421939041,157.675));
#6673 = VECTOR('',#6674,1.);
#6674 = DIRECTION('',(-1.,0.));
#6675 = ( GEOMETRIC_REPRESENTATION_CONTEXT(2) 
PARAMETRIC_REPRESENTATION_CONTEXT() REPRESENTATION_CONTEXT('2D SPACE',''
  ) );
#6676 = PCURVE('',#6677,#6682);
#6677 = PLANE('',#6678);
#6678 = AXIS2_PLACEMENT_3D('',#6679,#6680,#6681);
#6679 = CARTESIAN_POINT('',(89.4,90.893026483627,16.433443998149));
#6680 = DIRECTION('',(-1.,1.110223024625E-16,0.));
#6681 = DIRECTION('',(0.,0.,1.));
#6682 = DEFINITIONAL_REPRESENTATION('',(#6683),#6687);
#6683 = LINE('',#6684,#6685);
#6684 = CARTESIAN_POINT('',(-8.195667590771,-111.7282616994));
#6685 = VECTOR('',#6686,1.);
#6686 = DIRECTION('',(-0.216409655053,-0.976302648363));
#6687 = ( GEOMETRIC_REPRESENTATION_CONTEXT(2) 
PARAMETRIC_REPRESENTATION_CONTEXT() REPRESENTATION_CONTEXT('2D SPACE',''
  ) );
#6688 = ORIENTED_EDGE('',*,*,#6689,.T.);
#6689 = EDGE_CURVE('',#6662,#6690,#6692,.T.);
#6690 = VERTEX_POINT('',#6691);
#6691 = CARTESIAN_POINT('',(86.65,90.893026483627,33.003738698449));
#6692 = SURFACE_CURVE('',#6693,(#6697,#6704),.PCURVE_S1.);
#6693 = LINE('',#6694,#6695);
#6694 = CARTESIAN_POINT('',(168.2375,90.893026483627,33.003738698449));
#6695 = VECTOR('',#6696,1.);
#6696 = DIRECTION('',(-1.,1.110223024625E-16,0.));
#6697 = PCURVE('',#2593,#6698);
#6698 = DEFINITIONAL_REPRESENTATION('',(#6699),#6703);
#6699 = LINE('',#6700,#6701);
#6700 = CARTESIAN_POINT('',(225.29441054105,78.8375));
#6701 = VECTOR('',#6702,1.);
#6702 = DIRECTION('',(0.,1.));
#6703 = ( GEOMETRIC_REPRESENTATION_CONTEXT(2) 
PARAMETRIC_REPRESENTATION_CONTEXT() REPRESENTATION_CONTEXT('2D SPACE',''
  ) );
#6704 = PCURVE('',#6705,#6710);
#6705 = PLANE('',#6706);
#6706 = AXIS2_PLACEMENT_3D('',#6707,#6708,#6709);
#6707 = CARTESIAN_POINT('',(89.4,90.893026483627,16.433443998149));
#6708 = DIRECTION('',(1.110223024625E-16,1.,0.));
#6709 = DIRECTION('',(0.,0.,1.));
#6710 = DEFINITIONAL_REPRESENTATION('',(#6711),#6715);
#6711 = LINE('',#6712,#6713);
#6712 = CARTESIAN_POINT('',(16.5702947003,78.8375));
#6713 = VECTOR('',#6714,1.);
#6714 = DIRECTION('',(0.,-1.));
#6715 = ( GEOMETRIC_REPRESENTATION_CONTEXT(2) 
PARAMETRIC_REPRESENTATION_CONTEXT() REPRESENTATION_CONTEXT('2D SPACE',''
  ) );
#6716 = ORIENTED_EDGE('',*,*,#6717,.F.);
#6717 = EDGE_CURVE('',#6718,#6690,#6720,.T.);
#6718 = VERTEX_POINT('',#6719);
#6719 = CARTESIAN_POINT('',(86.65,16.138401528864,16.433443998149));
#6720 = SURFACE_CURVE('',#6721,(#6725,#6732),.PCURVE_S1.);
#6721 = LINE('',#6722,#6723);
#6722 = CARTESIAN_POINT('',(86.65,-59.69108231268,-0.3751065763));
#6723 = VECTOR('',#6724,1.);
#6724 = DIRECTION('',(1.083913679215E-16,0.976302648363,0.216409655053)
  );
#6725 = PCURVE('',#2593,#6726);
#6726 = DEFINITIONAL_REPRESENTATION('',(#6727),#6731);
#6727 = LINE('',#6728,#6729);
#6728 = CARTESIAN_POINT('',(71.055241929914,160.425));
#6729 = VECTOR('',#6730,1.);
#6730 = DIRECTION('',(1.,0.));
#6731 = ( GEOMETRIC_REPRESENTATION_CONTEXT(2) 
PARAMETRIC_REPRESENTATION_CONTEXT() REPRESENTATION_CONTEXT('2D SPACE',''
  ) );
#6732 = PCURVE('',#6733,#6738);
#6733 = PLANE('',#6734);
#6734 = AXIS2_PLACEMENT_3D('',#6735,#6736,#6737);
#6735 = CARTESIAN_POINT('',(86.65,9.363026483627,16.433443998149));
#6736 = DIRECTION('',(-1.,1.110223024625E-16,0.));
#6737 = DIRECTION('',(0.,0.,1.));
#6738 = DEFINITIONAL_REPRESENTATION('',(#6739),#6743);
#6739 = LINE('',#6740,#6741);
#6740 = CARTESIAN_POINT('',(-16.80855057444,-69.05410879631));
#6741 = VECTOR('',#6742,1.);
#6742 = DIRECTION('',(0.216409655053,0.976302648363));
#6743 = ( GEOMETRIC_REPRESENTATION_CONTEXT(2) 
PARAMETRIC_REPRESENTATION_CONTEXT() REPRESENTATION_CONTEXT('2D SPACE',''
  ) );
#6744 = ORIENTED_EDGE('',*,*,#6745,.F.);
#6745 = EDGE_CURVE('',#6746,#6718,#6748,.T.);
#6746 = VERTEX_POINT('',#6747);
#6747 = CARTESIAN_POINT('',(86.25,16.138401528864,16.433443998149));
#6748 = SURFACE_CURVE('',#6749,(#6753,#6760),.PCURVE_S1.);
#6749 = LINE('',#6750,#6751);
#6750 = CARTESIAN_POINT('',(169.2625,16.138401528864,16.433443998149));
#6751 = VECTOR('',#6752,1.);
#6752 = DIRECTION('',(1.,-1.110223024625E-16,0.));
#6753 = PCURVE('',#2593,#6754);
#6754 = DEFINITIONAL_REPRESENTATION('',(#6755),#6759);
#6755 = LINE('',#6756,#6757);
#6756 = CARTESIAN_POINT('',(148.72530046014,77.8125));
#6757 = VECTOR('',#6758,1.);
#6758 = DIRECTION('',(0.,-1.));
#6759 = ( GEOMETRIC_REPRESENTATION_CONTEXT(2) 
PARAMETRIC_REPRESENTATION_CONTEXT() REPRESENTATION_CONTEXT('2D SPACE',''
  ) );
#6760 = PCURVE('',#6444,#6761);
#6761 = DEFINITIONAL_REPRESENTATION('',(#6762),#6766);
#6762 = LINE('',#6763,#6764);
#6763 = CARTESIAN_POINT('',(8.375375045237,-77.8125));
#6764 = VECTOR('',#6765,1.);
#6765 = DIRECTION('',(0.,-1.));
#6766 = ( GEOMETRIC_REPRESENTATION_CONTEXT(2) 
PARAMETRIC_REPRESENTATION_CONTEXT() REPRESENTATION_CONTEXT('2D SPACE',''
  ) );
#6767 = ORIENTED_EDGE('',*,*,#6768,.F.);
#6768 = EDGE_CURVE('',#6769,#6746,#6771,.T.);
#6769 = VERTEX_POINT('',#6770);
#6770 = CARTESIAN_POINT('',(86.25,9.763026483627,15.02026262792));
#6771 = SURFACE_CURVE('',#6772,(#6776,#6783),.PCURVE_S1.);
#6772 = LINE('',#6773,#6774);
#6773 = CARTESIAN_POINT('',(86.25,-60.89843869424,-0.642732172212));
#6774 = VECTOR('',#6775,1.);
#6775 = DIRECTION('',(1.083913679215E-16,0.976302648363,0.216409655053)
  );
#6776 = PCURVE('',#2593,#6777);
#6777 = DEFINITIONAL_REPRESENTATION('',(#6778),#6782);
#6778 = LINE('',#6779,#6780);
#6779 = CARTESIAN_POINT('',(69.818579934187,160.825));
#6780 = VECTOR('',#6781,1.);
#6781 = DIRECTION('',(1.,0.));
#6782 = ( GEOMETRIC_REPRESENTATION_CONTEXT(2) 
PARAMETRIC_REPRESENTATION_CONTEXT() REPRESENTATION_CONTEXT('2D SPACE',''
  ) );
#6783 = PCURVE('',#6784,#6789);
#6784 = PLANE('',#6785);
#6785 = AXIS2_PLACEMENT_3D('',#6786,#6787,#6788);
#6786 = CARTESIAN_POINT('',(86.25,9.763026483627,3.2));
#6787 = DIRECTION('',(-1.,1.110223024625E-16,0.));
#6788 = DIRECTION('',(0.,0.,1.));
#6789 = DEFINITIONAL_REPRESENTATION('',(#6790),#6794);
#6790 = LINE('',#6791,#6792);
#6791 = CARTESIAN_POINT('',(-3.842732172212,-70.66146517786));
#6792 = VECTOR('',#6793,1.);
#6793 = DIRECTION('',(0.216409655053,0.976302648363));
#6794 = ( GEOMETRIC_REPRESENTATION_CONTEXT(2) 
PARAMETRIC_REPRESENTATION_CONTEXT() REPRESENTATION_CONTEXT('2D SPACE',''
  ) );
#6795 = ORIENTED_EDGE('',*,*,#6796,.F.);
#6796 = EDGE_CURVE('',#6797,#6769,#6799,.T.);
#6797 = VERTEX_POINT('',#6798);
#6798 = CARTESIAN_POINT('',(7.9,9.763026483627,15.02026262792));
#6799 = SURFACE_CURVE('',#6800,(#6804,#6811),.PCURVE_S1.);
#6800 = LINE('',#6801,#6802);
#6801 = CARTESIAN_POINT('',(166.6625,9.763026483627,15.02026262792));
#6802 = VECTOR('',#6803,1.);
#6803 = DIRECTION('',(1.,-1.110223024625E-16,0.));
#6804 = PCURVE('',#2593,#6805);
#6805 = DEFINITIONAL_REPRESENTATION('',(#6806),#6810);
#6806 = LINE('',#6807,#6808);
#6807 = CARTESIAN_POINT('',(142.19517882631,80.4125));
#6808 = VECTOR('',#6809,1.);
#6809 = DIRECTION('',(0.,-1.));
#6810 = ( GEOMETRIC_REPRESENTATION_CONTEXT(2) 
PARAMETRIC_REPRESENTATION_CONTEXT() REPRESENTATION_CONTEXT('2D SPACE',''
  ) );
#6811 = PCURVE('',#6812,#6817);
#6812 = PLANE('',#6813);
#6813 = AXIS2_PLACEMENT_3D('',#6814,#6815,#6816);
#6814 = CARTESIAN_POINT('',(86.25,9.763026483627,3.2));
#6815 = DIRECTION('',(1.110223024625E-16,1.,0.));
#6816 = DIRECTION('',(0.,0.,1.));
#6817 = DEFINITIONAL_REPRESENTATION('',(#6818),#6822);
#6818 = LINE('',#6819,#6820);
#6819 = CARTESIAN_POINT('',(11.82026262792,80.4125));
#6820 = VECTOR('',#6821,1.);
#6821 = DIRECTION('',(0.,1.));
#6822 = ( GEOMETRIC_REPRESENTATION_CONTEXT(2) 
PARAMETRIC_REPRESENTATION_CONTEXT() REPRESENTATION_CONTEXT('2D SPACE',''
  ) );
#6823 = ORIENTED_EDGE('',*,*,#6824,.T.);
#6824 = EDGE_CURVE('',#6797,#6825,#6827,.T.);
#6825 = VERTEX_POINT('',#6826);
#6826 = CARTESIAN_POINT('',(7.9,16.138401528864,16.433443998149));
#6827 = SURFACE_CURVE('',#6828,(#6832,#6839),.PCURVE_S1.);
#6828 = LINE('',#6829,#6830);
#6829 = CARTESIAN_POINT('',(7.9,-60.89843869424,-0.642732172212));
#6830 = VECTOR('',#6831,1.);
#6831 = DIRECTION('',(1.083913679215E-16,0.976302648363,0.216409655053)
  );
#6832 = PCURVE('',#2593,#6833);
#6833 = DEFINITIONAL_REPRESENTATION('',(#6834),#6838);
#6834 = LINE('',#6835,#6836);
#6835 = CARTESIAN_POINT('',(69.818579934187,239.175));
#6836 = VECTOR('',#6837,1.);
#6837 = DIRECTION('',(1.,0.));
#6838 = ( GEOMETRIC_REPRESENTATION_CONTEXT(2) 
PARAMETRIC_REPRESENTATION_CONTEXT() REPRESENTATION_CONTEXT('2D SPACE',''
  ) );
#6839 = PCURVE('',#6840,#6845);
#6840 = PLANE('',#6841);
#6841 = AXIS2_PLACEMENT_3D('',#6842,#6843,#6844);
#6842 = CARTESIAN_POINT('',(7.9,9.763026483627,3.2));
#6843 = DIRECTION('',(-1.,1.110223024625E-16,0.));
#6844 = DIRECTION('',(0.,0.,1.));
#6845 = DEFINITIONAL_REPRESENTATION('',(#6846),#6850);
#6846 = LINE('',#6847,#6848);
#6847 = CARTESIAN_POINT('',(-3.842732172212,-70.66146517786));
#6848 = VECTOR('',#6849,1.);
#6849 = DIRECTION('',(0.216409655053,0.976302648363));
#6850 = ( GEOMETRIC_REPRESENTATION_CONTEXT(2) 
PARAMETRIC_REPRESENTATION_CONTEXT() REPRESENTATION_CONTEXT('2D SPACE',''
  ) );
#6851 = ORIENTED_EDGE('',*,*,#6852,.F.);
#6852 = EDGE_CURVE('',#6853,#6825,#6855,.T.);
#6853 = VERTEX_POINT('',#6854);
#6854 = CARTESIAN_POINT('',(7.5,16.138401528864,16.433443998149));
#6855 = SURFACE_CURVE('',#6856,(#6860,#6867),.PCURVE_S1.);
#6856 = LINE('',#6857,#6858);
#6857 = CARTESIAN_POINT('',(169.2625,16.138401528864,16.433443998149));
#6858 = VECTOR('',#6859,1.);
#6859 = DIRECTION('',(1.,-1.110223024625E-16,0.));
#6860 = PCURVE('',#2593,#6861);
#6861 = DEFINITIONAL_REPRESENTATION('',(#6862),#6866);
#6862 = LINE('',#6863,#6864);
#6863 = CARTESIAN_POINT('',(148.72530046014,77.8125));
#6864 = VECTOR('',#6865,1.);
#6865 = DIRECTION('',(0.,-1.));
#6866 = ( GEOMETRIC_REPRESENTATION_CONTEXT(2) 
PARAMETRIC_REPRESENTATION_CONTEXT() REPRESENTATION_CONTEXT('2D SPACE',''
  ) );
#6867 = PCURVE('',#6444,#6868);
#6868 = DEFINITIONAL_REPRESENTATION('',(#6869),#6873);
#6869 = LINE('',#6870,#6871);
#6870 = CARTESIAN_POINT('',(8.375375045237,-77.8125));
#6871 = VECTOR('',#6872,1.);
#6872 = DIRECTION('',(0.,-1.));
#6873 = ( GEOMETRIC_REPRESENTATION_CONTEXT(2) 
PARAMETRIC_REPRESENTATION_CONTEXT() REPRESENTATION_CONTEXT('2D SPACE',''
  ) );
#6874 = ORIENTED_EDGE('',*,*,#6875,.T.);
#6875 = EDGE_CURVE('',#6853,#6876,#6878,.T.);
#6876 = VERTEX_POINT('',#6877);
#6877 = CARTESIAN_POINT('',(7.5,90.893026483627,33.003738698449));
#6878 = SURFACE_CURVE('',#6879,(#6883,#6890),.PCURVE_S1.);
#6879 = LINE('',#6880,#6881);
#6880 = CARTESIAN_POINT('',(7.5,-59.69108231268,-0.3751065763));
#6881 = VECTOR('',#6882,1.);
#6882 = DIRECTION('',(1.083913679215E-16,0.976302648363,0.216409655053)
  );
#6883 = PCURVE('',#2593,#6884);
#6884 = DEFINITIONAL_REPRESENTATION('',(#6885),#6889);
#6885 = LINE('',#6886,#6887);
#6886 = CARTESIAN_POINT('',(71.055241929914,239.575));
#6887 = VECTOR('',#6888,1.);
#6888 = DIRECTION('',(1.,0.));
#6889 = ( GEOMETRIC_REPRESENTATION_CONTEXT(2) 
PARAMETRIC_REPRESENTATION_CONTEXT() REPRESENTATION_CONTEXT('2D SPACE',''
  ) );
#6890 = PCURVE('',#6891,#6896);
#6891 = PLANE('',#6892);
#6892 = AXIS2_PLACEMENT_3D('',#6893,#6894,#6895);
#6893 = CARTESIAN_POINT('',(7.5,9.363026483627,16.433443998149));
#6894 = DIRECTION('',(-1.,1.110223024625E-16,0.));
#6895 = DIRECTION('',(0.,0.,1.));
#6896 = DEFINITIONAL_REPRESENTATION('',(#6897),#6901);
#6897 = LINE('',#6898,#6899);
#6898 = CARTESIAN_POINT('',(-16.80855057444,-69.05410879631));
#6899 = VECTOR('',#6900,1.);
#6900 = DIRECTION('',(0.216409655053,0.976302648363));
#6901 = ( GEOMETRIC_REPRESENTATION_CONTEXT(2) 
PARAMETRIC_REPRESENTATION_CONTEXT() REPRESENTATION_CONTEXT('2D SPACE',''
  ) );
#6902 = ORIENTED_EDGE('',*,*,#6903,.T.);
#6903 = EDGE_CURVE('',#6876,#6904,#6906,.T.);
#6904 = VERTEX_POINT('',#6905);
#6905 = CARTESIAN_POINT('',(4.75,90.893026483627,33.003738698449));
#6906 = SURFACE_CURVE('',#6907,(#6911,#6918),.PCURVE_S1.);
#6907 = LINE('',#6908,#6909);
#6908 = CARTESIAN_POINT('',(127.7875,90.893026483627,33.003738698449));
#6909 = VECTOR('',#6910,1.);
#6910 = DIRECTION('',(-1.,1.110223024625E-16,0.));
#6911 = PCURVE('',#2593,#6912);
#6912 = DEFINITIONAL_REPRESENTATION('',(#6913),#6917);
#6913 = LINE('',#6914,#6915);
#6914 = CARTESIAN_POINT('',(225.29441054105,119.2875));
#6915 = VECTOR('',#6916,1.);
#6916 = DIRECTION('',(0.,1.));
#6917 = ( GEOMETRIC_REPRESENTATION_CONTEXT(2) 
PARAMETRIC_REPRESENTATION_CONTEXT() REPRESENTATION_CONTEXT('2D SPACE',''
  ) );
#6918 = PCURVE('',#6919,#6924);
#6919 = PLANE('',#6920);
#6920 = AXIS2_PLACEMENT_3D('',#6921,#6922,#6923);
#6921 = CARTESIAN_POINT('',(8.5,90.893026483627,16.433443998149));
#6922 = DIRECTION('',(1.110223024625E-16,1.,0.));
#6923 = DIRECTION('',(0.,0.,1.));
#6924 = DEFINITIONAL_REPRESENTATION('',(#6925),#6929);
#6925 = LINE('',#6926,#6927);
#6926 = CARTESIAN_POINT('',(16.5702947003,119.2875));
#6927 = VECTOR('',#6928,1.);
#6928 = DIRECTION('',(0.,-1.));
#6929 = ( GEOMETRIC_REPRESENTATION_CONTEXT(2) 
PARAMETRIC_REPRESENTATION_CONTEXT() REPRESENTATION_CONTEXT('2D SPACE',''
  ) );
#6930 = ORIENTED_EDGE('',*,*,#6931,.F.);
#6931 = EDGE_CURVE('',#6932,#6904,#6934,.T.);
#6932 = VERTEX_POINT('',#6933);
#6933 = CARTESIAN_POINT('',(4.75,104.89302648362,36.107013257643));
#6934 = SURFACE_CURVE('',#6935,(#6939,#6946),.PCURVE_S1.);
#6935 = LINE('',#6936,#6937);
#6936 = CARTESIAN_POINT('',(4.75,-20.83523521586,8.237776407378));
#6937 = VECTOR('',#6938,1.);
#6938 = DIRECTION('',(-1.083913679215E-16,-0.976302648363,
    -0.216409655053));
#6939 = PCURVE('',#2593,#6940);
#6940 = DEFINITIONAL_REPRESENTATION('',(#6941),#6945);
#6941 = LINE('',#6942,#6943);
#6942 = CARTESIAN_POINT('',(110.85421939041,242.325));
#6943 = VECTOR('',#6944,1.);
#6944 = DIRECTION('',(-1.,0.));
#6945 = ( GEOMETRIC_REPRESENTATION_CONTEXT(2) 
PARAMETRIC_REPRESENTATION_CONTEXT() REPRESENTATION_CONTEXT('2D SPACE',''
  ) );
#6946 = PCURVE('',#6947,#6952);
#6947 = PLANE('',#6948);
#6948 = AXIS2_PLACEMENT_3D('',#6949,#6950,#6951);
#6949 = CARTESIAN_POINT('',(4.75,90.893026483627,16.433443998149));
#6950 = DIRECTION('',(-1.,1.110223024625E-16,0.));
#6951 = DIRECTION('',(0.,0.,1.));
#6952 = DEFINITIONAL_REPRESENTATION('',(#6953),#6957);
#6953 = LINE('',#6954,#6955);
#6954 = CARTESIAN_POINT('',(-8.195667590771,-111.7282616994));
#6955 = VECTOR('',#6956,1.);
#6956 = DIRECTION('',(-0.216409655053,-0.976302648363));
#6957 = ( GEOMETRIC_REPRESENTATION_CONTEXT(2) 
PARAMETRIC_REPRESENTATION_CONTEXT() REPRESENTATION_CONTEXT('2D SPACE',''
  ) );
#6958 = ORIENTED_EDGE('',*,*,#6959,.F.);
#6959 = EDGE_CURVE('',#6960,#6932,#6962,.T.);
#6960 = VERTEX_POINT('',#6961);
#6961 = CARTESIAN_POINT('',(7.5,104.89302648362,36.107013257643));
#6962 = SURFACE_CURVE('',#6963,(#6967,#6974),.PCURVE_S1.);
#6963 = LINE('',#6964,#6965);
#6964 = CARTESIAN_POINT('',(127.7875,104.89302648362,36.107013257643));
#6965 = VECTOR('',#6966,1.);
#6966 = DIRECTION('',(-1.,1.110223024625E-16,0.));
#6967 = PCURVE('',#2593,#6968);
#6968 = DEFINITIONAL_REPRESENTATION('',(#6969),#6973);
#6969 = LINE('',#6970,#6971);
#6970 = CARTESIAN_POINT('',(239.63422619501,119.2875));
#6971 = VECTOR('',#6972,1.);
#6972 = DIRECTION('',(0.,1.));
#6973 = ( GEOMETRIC_REPRESENTATION_CONTEXT(2) 
PARAMETRIC_REPRESENTATION_CONTEXT() REPRESENTATION_CONTEXT('2D SPACE',''
  ) );
#6974 = PCURVE('',#6975,#6980);
#6975 = PLANE('',#6976);
#6976 = AXIS2_PLACEMENT_3D('',#6977,#6978,#6979);
#6977 = CARTESIAN_POINT('',(8.5,104.89302648362,16.433443998149));
#6978 = DIRECTION('',(1.110223024625E-16,1.,0.));
#6979 = DIRECTION('',(0.,0.,1.));
#6980 = DEFINITIONAL_REPRESENTATION('',(#6981),#6985);
#6981 = LINE('',#6982,#6983);
#6982 = CARTESIAN_POINT('',(19.673569259494,119.2875));
#6983 = VECTOR('',#6984,1.);
#6984 = DIRECTION('',(0.,-1.));
#6985 = ( GEOMETRIC_REPRESENTATION_CONTEXT(2) 
PARAMETRIC_REPRESENTATION_CONTEXT() REPRESENTATION_CONTEXT('2D SPACE',''
  ) );
#6986 = ORIENTED_EDGE('',*,*,#6987,.T.);
#6987 = EDGE_CURVE('',#6960,#6988,#6990,.T.);
#6988 = VERTEX_POINT('',#6989);
#6989 = CARTESIAN_POINT('',(7.5,123.03302648362,40.127970436484));
#6990 = SURFACE_CURVE('',#6991,(#6995,#7002),.PCURVE_S1.);
#6991 = LINE('',#6992,#6993);
#6992 = CARTESIAN_POINT('',(7.5,-59.69108231268,-0.3751065763));
#6993 = VECTOR('',#6994,1.);
#6994 = DIRECTION('',(1.083913679215E-16,0.976302648363,0.216409655053)
  );
#6995 = PCURVE('',#2593,#6996);
#6996 = DEFINITIONAL_REPRESENTATION('',(#6997),#7001);
#6997 = LINE('',#6998,#6999);
#6998 = CARTESIAN_POINT('',(71.055241929914,239.575));
#6999 = VECTOR('',#7000,1.);
#7000 = DIRECTION('',(1.,0.));
#7001 = ( GEOMETRIC_REPRESENTATION_CONTEXT(2) 
PARAMETRIC_REPRESENTATION_CONTEXT() REPRESENTATION_CONTEXT('2D SPACE',''
  ) );
#7002 = PCURVE('',#7003,#7008);
#7003 = PLANE('',#7004);
#7004 = AXIS2_PLACEMENT_3D('',#7005,#7006,#7007);
#7005 = CARTESIAN_POINT('',(7.5,9.363026483627,16.433443998149));
#7006 = DIRECTION('',(-1.,1.110223024625E-16,0.));
#7007 = DIRECTION('',(0.,0.,1.));
#7008 = DEFINITIONAL_REPRESENTATION('',(#7009),#7013);
#7009 = LINE('',#7010,#7011);
#7010 = CARTESIAN_POINT('',(-16.80855057444,-69.05410879631));
#7011 = VECTOR('',#7012,1.);
#7012 = DIRECTION('',(0.216409655053,0.976302648363));
#7013 = ( GEOMETRIC_REPRESENTATION_CONTEXT(2) 
PARAMETRIC_REPRESENTATION_CONTEXT() REPRESENTATION_CONTEXT('2D SPACE',''
  ) );
#7014 = ORIENTED_EDGE('',*,*,#7015,.T.);
#7015 = EDGE_CURVE('',#6988,#7016,#7018,.T.);
#7016 = VERTEX_POINT('',#7017);
#7017 = CARTESIAN_POINT('',(41.075,123.03302648362,40.127970436484));
#7018 = SURFACE_CURVE('',#7019,(#7023,#7030),.PCURVE_S1.);
#7019 = LINE('',#7020,#7021);
#7020 = CARTESIAN_POINT('',(166.8625,123.03302648362,40.127970436484));
#7021 = VECTOR('',#7022,1.);
#7022 = DIRECTION('',(1.,-1.110223024625E-16,0.));
#7023 = PCURVE('',#2593,#7024);
#7024 = DEFINITIONAL_REPRESENTATION('',(#7025),#7029);
#7025 = LINE('',#7026,#7027);
#7026 = CARTESIAN_POINT('',(258.21453019237,80.2125));
#7027 = VECTOR('',#7028,1.);
#7028 = DIRECTION('',(0.,-1.));
#7029 = ( GEOMETRIC_REPRESENTATION_CONTEXT(2) 
PARAMETRIC_REPRESENTATION_CONTEXT() REPRESENTATION_CONTEXT('2D SPACE',''
  ) );
#7030 = PCURVE('',#7031,#7036);
#7031 = PLANE('',#7032);
#7032 = AXIS2_PLACEMENT_3D('',#7033,#7034,#7035);
#7033 = CARTESIAN_POINT('',(86.65,123.03302648362,16.433443998149));
#7034 = DIRECTION('',(1.110223024625E-16,1.,0.));
#7035 = DIRECTION('',(0.,0.,1.));
#7036 = DEFINITIONAL_REPRESENTATION('',(#7037),#7041);
#7037 = LINE('',#7038,#7039);
#7038 = CARTESIAN_POINT('',(23.694526438335,80.2125));
#7039 = VECTOR('',#7040,1.);
#7040 = DIRECTION('',(0.,1.));
#7041 = ( GEOMETRIC_REPRESENTATION_CONTEXT(2) 
PARAMETRIC_REPRESENTATION_CONTEXT() REPRESENTATION_CONTEXT('2D SPACE',''
  ) );
#7042 = ORIENTED_EDGE('',*,*,#7043,.F.);
#7043 = EDGE_CURVE('',#6378,#7016,#7044,.T.);
#7044 = SURFACE_CURVE('',#7045,(#7049,#7056),.PCURVE_S1.);
#7045 = LINE('',#7046,#7047);
#7046 = CARTESIAN_POINT('',(41.075,-6.423352274522,11.432349956089));
#7047 = VECTOR('',#7048,1.);
#7048 = DIRECTION('',(-1.083913679215E-16,-0.976302648363,
    -0.216409655053));
#7049 = PCURVE('',#2593,#7050);
#7050 = DEFINITIONAL_REPRESENTATION('',(#7051),#7055);
#7051 = LINE('',#7052,#7053);
#7052 = CARTESIAN_POINT('',(125.61591543366,206.));
#7053 = VECTOR('',#7054,1.);
#7054 = DIRECTION('',(-1.,0.));
#7055 = ( GEOMETRIC_REPRESENTATION_CONTEXT(2) 
PARAMETRIC_REPRESENTATION_CONTEXT() REPRESENTATION_CONTEXT('2D SPACE',''
  ) );
#7056 = PCURVE('',#6416,#7057);
#7057 = DEFINITIONAL_REPRESENTATION('',(#7058),#7062);
#7058 = LINE('',#7059,#7060);
#7059 = CARTESIAN_POINT('',(-5.00109404206,-127.5563787581));
#7060 = VECTOR('',#7061,1.);
#7061 = DIRECTION('',(-0.216409655053,-0.976302648363));
#7062 = ( GEOMETRIC_REPRESENTATION_CONTEXT(2) 
PARAMETRIC_REPRESENTATION_CONTEXT() REPRESENTATION_CONTEXT('2D SPACE',''
  ) );
#7063 = ORIENTED_EDGE('',*,*,#6377,.F.);
#7064 = ADVANCED_FACE('',(#7065),#2567,.F.);
#7065 = FACE_BOUND('',#7066,.F.);
#7066 = EDGE_LOOP('',(#7067,#7090,#7113,#7132,#7133));
#7067 = ORIENTED_EDGE('',*,*,#7068,.F.);
#7068 = EDGE_CURVE('',#7069,#6510,#7071,.T.);
#7069 = VERTEX_POINT('',#7070);
#7070 = CARTESIAN_POINT('',(91.45,7.763026483627,3.2));
#7071 = SURFACE_CURVE('',#7072,(#7076,#7083),.PCURVE_S1.);
#7072 = LINE('',#7073,#7074);
#7073 = CARTESIAN_POINT('',(91.45,7.763026483627,3.2));
#7074 = VECTOR('',#7075,1.);
#7075 = DIRECTION('',(0.,0.,1.));
#7076 = PCURVE('',#2567,#7077);
#7077 = DEFINITIONAL_REPRESENTATION('',(#7078),#7082);
#7078 = LINE('',#7079,#7080);
#7079 = CARTESIAN_POINT('',(0.,0.));
#7080 = VECTOR('',#7081,1.);
#7081 = DIRECTION('',(1.,0.));
#7082 = ( GEOMETRIC_REPRESENTATION_CONTEXT(2) 
PARAMETRIC_REPRESENTATION_CONTEXT() REPRESENTATION_CONTEXT('2D SPACE',''
  ) );
#7083 = PCURVE('',#6294,#7084);
#7084 = DEFINITIONAL_REPRESENTATION('',(#7085),#7089);
#7085 = LINE('',#7086,#7087);
#7086 = CARTESIAN_POINT('',(0.,0.));
#7087 = VECTOR('',#7088,1.);
#7088 = DIRECTION('',(1.,0.));
#7089 = ( GEOMETRIC_REPRESENTATION_CONTEXT(2) 
PARAMETRIC_REPRESENTATION_CONTEXT() REPRESENTATION_CONTEXT('2D SPACE',''
  ) );
#7090 = ORIENTED_EDGE('',*,*,#7091,.T.);
#7091 = EDGE_CURVE('',#7069,#7092,#7094,.T.);
#7092 = VERTEX_POINT('',#7093);
#7093 = CARTESIAN_POINT('',(5.7,7.763026483627,3.2));
#7094 = SURFACE_CURVE('',#7095,(#7099,#7106),.PCURVE_S1.);
#7095 = LINE('',#7096,#7097);
#7096 = CARTESIAN_POINT('',(91.45,7.763026483627,3.2));
#7097 = VECTOR('',#7098,1.);
#7098 = DIRECTION('',(-1.,1.110223024625E-16,0.));
#7099 = PCURVE('',#2567,#7100);
#7100 = DEFINITIONAL_REPRESENTATION('',(#7101),#7105);
#7101 = LINE('',#7102,#7103);
#7102 = CARTESIAN_POINT('',(0.,0.));
#7103 = VECTOR('',#7104,1.);
#7104 = DIRECTION('',(0.,-1.));
#7105 = ( GEOMETRIC_REPRESENTATION_CONTEXT(2) 
PARAMETRIC_REPRESENTATION_CONTEXT() REPRESENTATION_CONTEXT('2D SPACE',''
  ) );
#7106 = PCURVE('',#3402,#7107);
#7107 = DEFINITIONAL_REPRESENTATION('',(#7108),#7112);
#7108 = LINE('',#7109,#7110);
#7109 = CARTESIAN_POINT('',(88.25,4.563026483627));
#7110 = VECTOR('',#7111,1.);
#7111 = DIRECTION('',(-1.,1.110223024625E-16));
#7112 = ( GEOMETRIC_REPRESENTATION_CONTEXT(2) 
PARAMETRIC_REPRESENTATION_CONTEXT() REPRESENTATION_CONTEXT('2D SPACE',''
  ) );
#7113 = ORIENTED_EDGE('',*,*,#7114,.F.);
#7114 = EDGE_CURVE('',#2525,#7092,#7115,.T.);
#7115 = SURFACE_CURVE('',#7116,(#7120,#7126),.PCURVE_S1.);
#7116 = LINE('',#7117,#7118);
#7117 = CARTESIAN_POINT('',(26.5125,7.763026483627,-17.6125));
#7118 = VECTOR('',#7119,1.);
#7119 = DIRECTION('',(0.707106781187,-7.850462293419E-17,-0.707106781187
    ));
#7120 = PCURVE('',#2567,#7121);
#7121 = DEFINITIONAL_REPRESENTATION('',(#7122),#7125);
#7122 = B_SPLINE_CURVE_WITH_KNOTS('',1,(#7123,#7124),.UNSPECIFIED.,.F.,
  .F.,(2,2),(-32.96885367282,-29.43331976689),.PIECEWISE_BEZIER_KNOTS.);
#7123 = CARTESIAN_POINT('',(2.5,-88.25));
#7124 = CARTESIAN_POINT('',(9.15445544003E-15,-85.75));
#7125 = ( GEOMETRIC_REPRESENTATION_CONTEXT(2) 
PARAMETRIC_REPRESENTATION_CONTEXT() REPRESENTATION_CONTEXT('2D SPACE',''
  ) );
#7126 = PCURVE('',#2540,#7127);
#7127 = DEFINITIONAL_REPRESENTATION('',(#7128),#7131);
#7128 = B_SPLINE_CURVE_WITH_KNOTS('',1,(#7129,#7130),.UNSPECIFIED.,.F.,
  .F.,(2,2),(-32.96885367282,-29.43331976689),.PIECEWISE_BEZIER_KNOTS.);
#7129 = CARTESIAN_POINT('',(1.763026483627,-1.767766952966));
#7130 = CARTESIAN_POINT('',(1.763026483627,1.767766952966));
#7131 = ( GEOMETRIC_REPRESENTATION_CONTEXT(2) 
PARAMETRIC_REPRESENTATION_CONTEXT() REPRESENTATION_CONTEXT('2D SPACE',''
  ) );
#7132 = ORIENTED_EDGE('',*,*,#2552,.T.);
#7133 = ORIENTED_EDGE('',*,*,#6509,.T.);
#7134 = ADVANCED_FACE('',(#7135),#2540,.F.);
#7135 = FACE_BOUND('',#7136,.F.);
#7136 = EDGE_LOOP('',(#7137,#7138,#7139,#7140));
#7137 = ORIENTED_EDGE('',*,*,#3364,.F.);
#7138 = ORIENTED_EDGE('',*,*,#2524,.T.);
#7139 = ORIENTED_EDGE('',*,*,#7114,.T.);
#7140 = ORIENTED_EDGE('',*,*,#7141,.F.);
#7141 = EDGE_CURVE('',#3365,#7092,#7142,.T.);
#7142 = SURFACE_CURVE('',#7143,(#7147,#7154),.PCURVE_S1.);
#7143 = LINE('',#7144,#7145);
#7144 = CARTESIAN_POINT('',(5.7,6.,3.2));
#7145 = VECTOR('',#7146,1.);
#7146 = DIRECTION('',(0.,1.,0.));
#7147 = PCURVE('',#2540,#7148);
#7148 = DEFINITIONAL_REPRESENTATION('',(#7149),#7153);
#7149 = LINE('',#7150,#7151);
#7150 = CARTESIAN_POINT('',(-1.925929944387E-34,1.767766952966));
#7151 = VECTOR('',#7152,1.);
#7152 = DIRECTION('',(1.,-4.900350890384E-34));
#7153 = ( GEOMETRIC_REPRESENTATION_CONTEXT(2) 
PARAMETRIC_REPRESENTATION_CONTEXT() REPRESENTATION_CONTEXT('2D SPACE',''
  ) );
#7154 = PCURVE('',#3402,#7155);
#7155 = DEFINITIONAL_REPRESENTATION('',(#7156),#7160);
#7156 = LINE('',#7157,#7158);
#7157 = CARTESIAN_POINT('',(2.5,2.8));
#7158 = VECTOR('',#7159,1.);
#7159 = DIRECTION('',(0.,1.));
#7160 = ( GEOMETRIC_REPRESENTATION_CONTEXT(2) 
PARAMETRIC_REPRESENTATION_CONTEXT() REPRESENTATION_CONTEXT('2D SPACE',''
  ) );
#7161 = ADVANCED_FACE('',(#7162),#2858,.F.);
#7162 = FACE_BOUND('',#7163,.T.);
#7163 = EDGE_LOOP('',(#7164,#7187,#7214,#7215));
#7164 = ORIENTED_EDGE('',*,*,#7165,.T.);
#7165 = EDGE_CURVE('',#2842,#7166,#7168,.T.);
#7166 = VERTEX_POINT('',#7167);
#7167 = CARTESIAN_POINT('',(21.,15.,0.5));
#7168 = SEAM_CURVE('',#7169,(#7173,#7180),.PCURVE_S1.);
#7169 = LINE('',#7170,#7171);
#7170 = CARTESIAN_POINT('',(21.,15.,0.));
#7171 = VECTOR('',#7172,1.);
#7172 = DIRECTION('',(0.,0.,1.));
#7173 = PCURVE('',#2858,#7174);
#7174 = DEFINITIONAL_REPRESENTATION('',(#7175),#7179);
#7175 = LINE('',#7176,#7177);
#7176 = CARTESIAN_POINT('',(-0.,0.));
#7177 = VECTOR('',#7178,1.);
#7178 = DIRECTION('',(-0.,-1.));
#7179 = ( GEOMETRIC_REPRESENTATION_CONTEXT(2) 
PARAMETRIC_REPRESENTATION_CONTEXT() REPRESENTATION_CONTEXT('2D SPACE',''
  ) );
#7180 = PCURVE('',#2858,#7181);
#7181 = DEFINITIONAL_REPRESENTATION('',(#7182),#7186);
#7182 = LINE('',#7183,#7184);
#7183 = CARTESIAN_POINT('',(-6.28318530718,0.));
#7184 = VECTOR('',#7185,1.);
#7185 = DIRECTION('',(-0.,-1.));
#7186 = ( GEOMETRIC_REPRESENTATION_CONTEXT(2) 
PARAMETRIC_REPRESENTATION_CONTEXT() REPRESENTATION_CONTEXT('2D SPACE',''
  ) );
#7187 = ORIENTED_EDGE('',*,*,#7188,.T.);
#7188 = EDGE_CURVE('',#7166,#7166,#7189,.T.);
#7189 = SURFACE_CURVE('',#7190,(#7195,#7202),.PCURVE_S1.);
#7190 = CIRCLE('',#7191,6.);
#7191 = AXIS2_PLACEMENT_3D('',#7192,#7193,#7194);
#7192 = CARTESIAN_POINT('',(15.,15.,0.5));
#7193 = DIRECTION('',(0.,0.,1.));
#7194 = DIRECTION('',(1.,0.,0.));
#7195 = PCURVE('',#2858,#7196);
#7196 = DEFINITIONAL_REPRESENTATION('',(#7197),#7201);
#7197 = LINE('',#7198,#7199);
#7198 = CARTESIAN_POINT('',(-0.,-0.5));
#7199 = VECTOR('',#7200,1.);
#7200 = DIRECTION('',(-1.,0.));
#7201 = ( GEOMETRIC_REPRESENTATION_CONTEXT(2) 
PARAMETRIC_REPRESENTATION_CONTEXT() REPRESENTATION_CONTEXT('2D SPACE',''
  ) );
#7202 = PCURVE('',#7203,#7208);
#7203 = PLANE('',#7204);
#7204 = AXIS2_PLACEMENT_3D('',#7205,#7206,#7207);
#7205 = CARTESIAN_POINT('',(15.,15.,0.5));
#7206 = DIRECTION('',(0.,0.,1.));
#7207 = DIRECTION('',(1.,0.,-0.));
#7208 = DEFINITIONAL_REPRESENTATION('',(#7209),#7213);
#7209 = CIRCLE('',#7210,6.);
#7210 = AXIS2_PLACEMENT_2D('',#7211,#7212);
#7211 = CARTESIAN_POINT('',(0.,0.));
#7212 = DIRECTION('',(1.,0.));
#7213 = ( GEOMETRIC_REPRESENTATION_CONTEXT(2) 
PARAMETRIC_REPRESENTATION_CONTEXT() REPRESENTATION_CONTEXT('2D SPACE',''
  ) );
#7214 = ORIENTED_EDGE('',*,*,#7165,.F.);
#7215 = ORIENTED_EDGE('',*,*,#2841,.F.);
#7216 = ADVANCED_FACE('',(#7217),#2893,.F.);
#7217 = FACE_BOUND('',#7218,.T.);
#7218 = EDGE_LOOP('',(#7219,#7220,#7243,#7270));
#7219 = ORIENTED_EDGE('',*,*,#2872,.T.);
#7220 = ORIENTED_EDGE('',*,*,#7221,.T.);
#7221 = EDGE_CURVE('',#2873,#7222,#7224,.T.);
#7222 = VERTEX_POINT('',#7223);
#7223 = CARTESIAN_POINT('',(101.89642857142,20.,4.7));
#7224 = SEAM_CURVE('',#7225,(#7229,#7236),.PCURVE_S1.);
#7225 = LINE('',#7226,#7227);
#7226 = CARTESIAN_POINT('',(101.89642857142,20.,-35.3));
#7227 = VECTOR('',#7228,1.);
#7228 = DIRECTION('',(0.,0.,1.));
#7229 = PCURVE('',#2893,#7230);
#7230 = DEFINITIONAL_REPRESENTATION('',(#7231),#7235);
#7231 = LINE('',#7232,#7233);
#7232 = CARTESIAN_POINT('',(-6.28318530718,0.));
#7233 = VECTOR('',#7234,1.);
#7234 = DIRECTION('',(-0.,-1.));
#7235 = ( GEOMETRIC_REPRESENTATION_CONTEXT(2) 
PARAMETRIC_REPRESENTATION_CONTEXT() REPRESENTATION_CONTEXT('2D SPACE',''
  ) );
#7236 = PCURVE('',#2893,#7237);
#7237 = DEFINITIONAL_REPRESENTATION('',(#7238),#7242);
#7238 = LINE('',#7239,#7240);
#7239 = CARTESIAN_POINT('',(-0.,0.));
#7240 = VECTOR('',#7241,1.);
#7241 = DIRECTION('',(-0.,-1.));
#7242 = ( GEOMETRIC_REPRESENTATION_CONTEXT(2) 
PARAMETRIC_REPRESENTATION_CONTEXT() REPRESENTATION_CONTEXT('2D SPACE',''
  ) );
#7243 = ORIENTED_EDGE('',*,*,#7244,.T.);
#7244 = EDGE_CURVE('',#7222,#7222,#7245,.T.);
#7245 = SURFACE_CURVE('',#7246,(#7251,#7258),.PCURVE_S1.);
#7246 = CIRCLE('',#7247,4.25);
#7247 = AXIS2_PLACEMENT_3D('',#7248,#7249,#7250);
#7248 = CARTESIAN_POINT('',(97.646428571429,20.,4.7));
#7249 = DIRECTION('',(0.,0.,1.));
#7250 = DIRECTION('',(1.,0.,0.));
#7251 = PCURVE('',#2893,#7252);
#7252 = DEFINITIONAL_REPRESENTATION('',(#7253),#7257);
#7253 = LINE('',#7254,#7255);
#7254 = CARTESIAN_POINT('',(-0.,-40.));
#7255 = VECTOR('',#7256,1.);
#7256 = DIRECTION('',(-1.,0.));
#7257 = ( GEOMETRIC_REPRESENTATION_CONTEXT(2) 
PARAMETRIC_REPRESENTATION_CONTEXT() REPRESENTATION_CONTEXT('2D SPACE',''
  ) );
#7258 = PCURVE('',#7259,#7264);
#7259 = PLANE('',#7260);
#7260 = AXIS2_PLACEMENT_3D('',#7261,#7262,#7263);
#7261 = CARTESIAN_POINT('',(97.646428571429,20.,4.7));
#7262 = DIRECTION('',(0.,0.,1.));
#7263 = DIRECTION('',(1.,0.,-0.));
#7264 = DEFINITIONAL_REPRESENTATION('',(#7265),#7269);
#7265 = CIRCLE('',#7266,4.25);
#7266 = AXIS2_PLACEMENT_2D('',#7267,#7268);
#7267 = CARTESIAN_POINT('',(0.,0.));
#7268 = DIRECTION('',(1.,0.));
#7269 = ( GEOMETRIC_REPRESENTATION_CONTEXT(2) 
PARAMETRIC_REPRESENTATION_CONTEXT() REPRESENTATION_CONTEXT('2D SPACE',''
  ) );
#7270 = ORIENTED_EDGE('',*,*,#7221,.F.);
#7271 = ADVANCED_FACE('',(#7272),#2924,.F.);
#7272 = FACE_BOUND('',#7273,.T.);
#7273 = EDGE_LOOP('',(#7274,#7297,#7324,#7325));
#7274 = ORIENTED_EDGE('',*,*,#7275,.T.);
#7275 = EDGE_CURVE('',#2908,#7276,#7278,.T.);
#7276 = VERTEX_POINT('',#7277);
#7277 = CARTESIAN_POINT('',(186.29285714285,15.,0.5));
#7278 = SEAM_CURVE('',#7279,(#7283,#7290),.PCURVE_S1.);
#7279 = LINE('',#7280,#7281);
#7280 = CARTESIAN_POINT('',(186.29285714285,15.,0.));
#7281 = VECTOR('',#7282,1.);
#7282 = DIRECTION('',(0.,0.,1.));
#7283 = PCURVE('',#2924,#7284);
#7284 = DEFINITIONAL_REPRESENTATION('',(#7285),#7289);
#7285 = LINE('',#7286,#7287);
#7286 = CARTESIAN_POINT('',(-0.,0.));
#7287 = VECTOR('',#7288,1.);
#7288 = DIRECTION('',(-0.,-1.));
#7289 = ( GEOMETRIC_REPRESENTATION_CONTEXT(2) 
PARAMETRIC_REPRESENTATION_CONTEXT() REPRESENTATION_CONTEXT('2D SPACE',''
  ) );
#7290 = PCURVE('',#2924,#7291);
#7291 = DEFINITIONAL_REPRESENTATION('',(#7292),#7296);
#7292 = LINE('',#7293,#7294);
#7293 = CARTESIAN_POINT('',(-6.28318530718,0.));
#7294 = VECTOR('',#7295,1.);
#7295 = DIRECTION('',(-0.,-1.));
#7296 = ( GEOMETRIC_REPRESENTATION_CONTEXT(2) 
PARAMETRIC_REPRESENTATION_CONTEXT() REPRESENTATION_CONTEXT('2D SPACE',''
  ) );
#7297 = ORIENTED_EDGE('',*,*,#7298,.T.);
#7298 = EDGE_CURVE('',#7276,#7276,#7299,.T.);
#7299 = SURFACE_CURVE('',#7300,(#7305,#7312),.PCURVE_S1.);
#7300 = CIRCLE('',#7301,6.);
#7301 = AXIS2_PLACEMENT_3D('',#7302,#7303,#7304);
#7302 = CARTESIAN_POINT('',(180.29285714285,15.,0.5));
#7303 = DIRECTION('',(0.,0.,1.));
#7304 = DIRECTION('',(1.,0.,0.));
#7305 = PCURVE('',#2924,#7306);
#7306 = DEFINITIONAL_REPRESENTATION('',(#7307),#7311);
#7307 = LINE('',#7308,#7309);
#7308 = CARTESIAN_POINT('',(-0.,-0.5));
#7309 = VECTOR('',#7310,1.);
#7310 = DIRECTION('',(-1.,0.));
#7311 = ( GEOMETRIC_REPRESENTATION_CONTEXT(2) 
PARAMETRIC_REPRESENTATION_CONTEXT() REPRESENTATION_CONTEXT('2D SPACE',''
  ) );
#7312 = PCURVE('',#7313,#7318);
#7313 = PLANE('',#7314);
#7314 = AXIS2_PLACEMENT_3D('',#7315,#7316,#7317);
#7315 = CARTESIAN_POINT('',(180.29285714285,15.,0.5));
#7316 = DIRECTION('',(0.,0.,1.));
#7317 = DIRECTION('',(1.,0.,-0.));
#7318 = DEFINITIONAL_REPRESENTATION('',(#7319),#7323);
#7319 = CIRCLE('',#7320,6.);
#7320 = AXIS2_PLACEMENT_2D('',#7321,#7322);
#7321 = CARTESIAN_POINT('',(0.,0.));
#7322 = DIRECTION('',(1.,0.));
#7323 = ( GEOMETRIC_REPRESENTATION_CONTEXT(2) 
PARAMETRIC_REPRESENTATION_CONTEXT() REPRESENTATION_CONTEXT('2D SPACE',''
  ) );
#7324 = ORIENTED_EDGE('',*,*,#7275,.F.);
#7325 = ORIENTED_EDGE('',*,*,#2907,.F.);
#7326 = ADVANCED_FACE('',(#7327),#2959,.F.);
#7327 = FACE_BOUND('',#7328,.T.);
#7328 = EDGE_LOOP('',(#7329,#7330,#7353,#7380));
#7329 = ORIENTED_EDGE('',*,*,#2938,.T.);
#7330 = ORIENTED_EDGE('',*,*,#7331,.T.);
#7331 = EDGE_CURVE('',#2939,#7332,#7334,.T.);
#7332 = VERTEX_POINT('',#7333);
#7333 = CARTESIAN_POINT('',(12.75,139.,4.7));
#7334 = SEAM_CURVE('',#7335,(#7339,#7346),.PCURVE_S1.);
#7335 = LINE('',#7336,#7337);
#7336 = CARTESIAN_POINT('',(12.75,139.,-35.3));
#7337 = VECTOR('',#7338,1.);
#7338 = DIRECTION('',(0.,0.,1.));
#7339 = PCURVE('',#2959,#7340);
#7340 = DEFINITIONAL_REPRESENTATION('',(#7341),#7345);
#7341 = LINE('',#7342,#7343);
#7342 = CARTESIAN_POINT('',(-6.28318530718,0.));
#7343 = VECTOR('',#7344,1.);
#7344 = DIRECTION('',(-0.,-1.));
#7345 = ( GEOMETRIC_REPRESENTATION_CONTEXT(2) 
PARAMETRIC_REPRESENTATION_CONTEXT() REPRESENTATION_CONTEXT('2D SPACE',''
  ) );
#7346 = PCURVE('',#2959,#7347);
#7347 = DEFINITIONAL_REPRESENTATION('',(#7348),#7352);
#7348 = LINE('',#7349,#7350);
#7349 = CARTESIAN_POINT('',(-0.,0.));
#7350 = VECTOR('',#7351,1.);
#7351 = DIRECTION('',(-0.,-1.));
#7352 = ( GEOMETRIC_REPRESENTATION_CONTEXT(2) 
PARAMETRIC_REPRESENTATION_CONTEXT() REPRESENTATION_CONTEXT('2D SPACE',''
  ) );
#7353 = ORIENTED_EDGE('',*,*,#7354,.T.);
#7354 = EDGE_CURVE('',#7332,#7332,#7355,.T.);
#7355 = SURFACE_CURVE('',#7356,(#7361,#7368),.PCURVE_S1.);
#7356 = CIRCLE('',#7357,4.25);
#7357 = AXIS2_PLACEMENT_3D('',#7358,#7359,#7360);
#7358 = CARTESIAN_POINT('',(8.5,139.,4.7));
#7359 = DIRECTION('',(0.,0.,1.));
#7360 = DIRECTION('',(1.,0.,0.));
#7361 = PCURVE('',#2959,#7362);
#7362 = DEFINITIONAL_REPRESENTATION('',(#7363),#7367);
#7363 = LINE('',#7364,#7365);
#7364 = CARTESIAN_POINT('',(-0.,-40.));
#7365 = VECTOR('',#7366,1.);
#7366 = DIRECTION('',(-1.,0.));
#7367 = ( GEOMETRIC_REPRESENTATION_CONTEXT(2) 
PARAMETRIC_REPRESENTATION_CONTEXT() REPRESENTATION_CONTEXT('2D SPACE',''
  ) );
#7368 = PCURVE('',#7369,#7374);
#7369 = PLANE('',#7370);
#7370 = AXIS2_PLACEMENT_3D('',#7371,#7372,#7373);
#7371 = CARTESIAN_POINT('',(8.5,139.,4.7));
#7372 = DIRECTION('',(0.,0.,1.));
#7373 = DIRECTION('',(1.,0.,-0.));
#7374 = DEFINITIONAL_REPRESENTATION('',(#7375),#7379);
#7375 = CIRCLE('',#7376,4.25);
#7376 = AXIS2_PLACEMENT_2D('',#7377,#7378);
#7377 = CARTESIAN_POINT('',(0.,0.));
#7378 = DIRECTION('',(1.,0.));
#7379 = ( GEOMETRIC_REPRESENTATION_CONTEXT(2) 
PARAMETRIC_REPRESENTATION_CONTEXT() REPRESENTATION_CONTEXT('2D SPACE',''
  ) );
#7380 = ORIENTED_EDGE('',*,*,#7331,.F.);
#7381 = ADVANCED_FACE('',(#7382),#2990,.F.);
#7382 = FACE_BOUND('',#7383,.T.);
#7383 = EDGE_LOOP('',(#7384,#7407,#7434,#7435));
#7384 = ORIENTED_EDGE('',*,*,#7385,.T.);
#7385 = EDGE_CURVE('',#2974,#7386,#7388,.T.);
#7386 = VERTEX_POINT('',#7387);
#7387 = CARTESIAN_POINT('',(36.,142.20842373802,0.5));
#7388 = SEAM_CURVE('',#7389,(#7393,#7400),.PCURVE_S1.);
#7389 = LINE('',#7390,#7391);
#7390 = CARTESIAN_POINT('',(36.,142.20842373802,0.));
#7391 = VECTOR('',#7392,1.);
#7392 = DIRECTION('',(0.,0.,1.));
#7393 = PCURVE('',#2990,#7394);
#7394 = DEFINITIONAL_REPRESENTATION('',(#7395),#7399);
#7395 = LINE('',#7396,#7397);
#7396 = CARTESIAN_POINT('',(-0.,0.));
#7397 = VECTOR('',#7398,1.);
#7398 = DIRECTION('',(-0.,-1.));
#7399 = ( GEOMETRIC_REPRESENTATION_CONTEXT(2) 
PARAMETRIC_REPRESENTATION_CONTEXT() REPRESENTATION_CONTEXT('2D SPACE',''
  ) );
#7400 = PCURVE('',#2990,#7401);
#7401 = DEFINITIONAL_REPRESENTATION('',(#7402),#7406);
#7402 = LINE('',#7403,#7404);
#7403 = CARTESIAN_POINT('',(-6.28318530718,0.));
#7404 = VECTOR('',#7405,1.);
#7405 = DIRECTION('',(-0.,-1.));
#7406 = ( GEOMETRIC_REPRESENTATION_CONTEXT(2) 
PARAMETRIC_REPRESENTATION_CONTEXT() REPRESENTATION_CONTEXT('2D SPACE',''
  ) );
#7407 = ORIENTED_EDGE('',*,*,#7408,.T.);
#7408 = EDGE_CURVE('',#7386,#7386,#7409,.T.);
#7409 = SURFACE_CURVE('',#7410,(#7415,#7422),.PCURVE_S1.);
#7410 = CIRCLE('',#7411,6.);
#7411 = AXIS2_PLACEMENT_3D('',#7412,#7413,#7414);
#7412 = CARTESIAN_POINT('',(30.,142.20842373802,0.5));
#7413 = DIRECTION('',(0.,0.,1.));
#7414 = DIRECTION('',(1.,0.,0.));
#7415 = PCURVE('',#2990,#7416);
#7416 = DEFINITIONAL_REPRESENTATION('',(#7417),#7421);
#7417 = LINE('',#7418,#7419);
#7418 = CARTESIAN_POINT('',(-0.,-0.5));
#7419 = VECTOR('',#7420,1.);
#7420 = DIRECTION('',(-1.,0.));
#7421 = ( GEOMETRIC_REPRESENTATION_CONTEXT(2) 
PARAMETRIC_REPRESENTATION_CONTEXT() REPRESENTATION_CONTEXT('2D SPACE',''
  ) );
#7422 = PCURVE('',#7423,#7428);
#7423 = PLANE('',#7424);
#7424 = AXIS2_PLACEMENT_3D('',#7425,#7426,#7427);
#7425 = CARTESIAN_POINT('',(30.,142.20842373802,0.5));
#7426 = DIRECTION('',(0.,0.,1.));
#7427 = DIRECTION('',(1.,0.,-0.));
#7428 = DEFINITIONAL_REPRESENTATION('',(#7429),#7433);
#7429 = CIRCLE('',#7430,6.);
#7430 = AXIS2_PLACEMENT_2D('',#7431,#7432);
#7431 = CARTESIAN_POINT('',(0.,0.));
#7432 = DIRECTION('',(1.,0.));
#7433 = ( GEOMETRIC_REPRESENTATION_CONTEXT(2) 
PARAMETRIC_REPRESENTATION_CONTEXT() REPRESENTATION_CONTEXT('2D SPACE',''
  ) );
#7434 = ORIENTED_EDGE('',*,*,#7385,.F.);
#7435 = ORIENTED_EDGE('',*,*,#2973,.F.);
#7436 = ADVANCED_FACE('',(#7437),#3021,.F.);
#7437 = FACE_BOUND('',#7438,.T.);
#7438 = EDGE_LOOP('',(#7439,#7462,#7489,#7490));
#7439 = ORIENTED_EDGE('',*,*,#7440,.T.);
#7440 = EDGE_CURVE('',#3005,#7441,#7443,.T.);
#7441 = VERTEX_POINT('',#7442);
#7442 = CARTESIAN_POINT('',(171.29285714285,142.20842373802,0.5));
#7443 = SEAM_CURVE('',#7444,(#7448,#7455),.PCURVE_S1.);
#7444 = LINE('',#7445,#7446);
#7445 = CARTESIAN_POINT('',(171.29285714285,142.20842373802,0.));
#7446 = VECTOR('',#7447,1.);
#7447 = DIRECTION('',(0.,0.,1.));
#7448 = PCURVE('',#3021,#7449);
#7449 = DEFINITIONAL_REPRESENTATION('',(#7450),#7454);
#7450 = LINE('',#7451,#7452);
#7451 = CARTESIAN_POINT('',(-0.,0.));
#7452 = VECTOR('',#7453,1.);
#7453 = DIRECTION('',(-0.,-1.));
#7454 = ( GEOMETRIC_REPRESENTATION_CONTEXT(2) 
PARAMETRIC_REPRESENTATION_CONTEXT() REPRESENTATION_CONTEXT('2D SPACE',''
  ) );
#7455 = PCURVE('',#3021,#7456);
#7456 = DEFINITIONAL_REPRESENTATION('',(#7457),#7461);
#7457 = LINE('',#7458,#7459);
#7458 = CARTESIAN_POINT('',(-6.28318530718,0.));
#7459 = VECTOR('',#7460,1.);
#7460 = DIRECTION('',(-0.,-1.));
#7461 = ( GEOMETRIC_REPRESENTATION_CONTEXT(2) 
PARAMETRIC_REPRESENTATION_CONTEXT() REPRESENTATION_CONTEXT('2D SPACE',''
  ) );
#7462 = ORIENTED_EDGE('',*,*,#7463,.T.);
#7463 = EDGE_CURVE('',#7441,#7441,#7464,.T.);
#7464 = SURFACE_CURVE('',#7465,(#7470,#7477),.PCURVE_S1.);
#7465 = CIRCLE('',#7466,6.);
#7466 = AXIS2_PLACEMENT_3D('',#7467,#7468,#7469);
#7467 = CARTESIAN_POINT('',(165.29285714285,142.20842373802,0.5));
#7468 = DIRECTION('',(0.,0.,1.));
#7469 = DIRECTION('',(1.,0.,0.));
#7470 = PCURVE('',#3021,#7471);
#7471 = DEFINITIONAL_REPRESENTATION('',(#7472),#7476);
#7472 = LINE('',#7473,#7474);
#7473 = CARTESIAN_POINT('',(-0.,-0.5));
#7474 = VECTOR('',#7475,1.);
#7475 = DIRECTION('',(-1.,0.));
#7476 = ( GEOMETRIC_REPRESENTATION_CONTEXT(2) 
PARAMETRIC_REPRESENTATION_CONTEXT() REPRESENTATION_CONTEXT('2D SPACE',''
  ) );
#7477 = PCURVE('',#7478,#7483);
#7478 = PLANE('',#7479);
#7479 = AXIS2_PLACEMENT_3D('',#7480,#7481,#7482);
#7480 = CARTESIAN_POINT('',(165.29285714285,142.20842373802,0.5));
#7481 = DIRECTION('',(0.,0.,1.));
#7482 = DIRECTION('',(1.,0.,-0.));
#7483 = DEFINITIONAL_REPRESENTATION('',(#7484),#7488);
#7484 = CIRCLE('',#7485,6.);
#7485 = AXIS2_PLACEMENT_2D('',#7486,#7487);
#7486 = CARTESIAN_POINT('',(0.,0.));
#7487 = DIRECTION('',(1.,0.));
#7488 = ( GEOMETRIC_REPRESENTATION_CONTEXT(2) 
PARAMETRIC_REPRESENTATION_CONTEXT() REPRESENTATION_CONTEXT('2D SPACE',''
  ) );
#7489 = ORIENTED_EDGE('',*,*,#7440,.F.);
#7490 = ORIENTED_EDGE('',*,*,#3004,.F.);
#7491 = ADVANCED_FACE('',(#7492),#3056,.F.);
#7492 = FACE_BOUND('',#7493,.T.);
#7493 = EDGE_LOOP('',(#7494,#7495,#7518,#7545));
#7494 = ORIENTED_EDGE('',*,*,#3035,.T.);
#7495 = ORIENTED_EDGE('',*,*,#7496,.T.);
#7496 = EDGE_CURVE('',#3036,#7497,#7499,.T.);
#7497 = VERTEX_POINT('',#7498);
#7498 = CARTESIAN_POINT('',(191.04285714285,139.,4.7));
#7499 = SEAM_CURVE('',#7500,(#7504,#7511),.PCURVE_S1.);
#7500 = LINE('',#7501,#7502);
#7501 = CARTESIAN_POINT('',(191.04285714285,139.,-35.3));
#7502 = VECTOR('',#7503,1.);
#7503 = DIRECTION('',(0.,0.,1.));
#7504 = PCURVE('',#3056,#7505);
#7505 = DEFINITIONAL_REPRESENTATION('',(#7506),#7510);
#7506 = LINE('',#7507,#7508);
#7507 = CARTESIAN_POINT('',(-6.28318530718,0.));
#7508 = VECTOR('',#7509,1.);
#7509 = DIRECTION('',(-0.,-1.));
#7510 = ( GEOMETRIC_REPRESENTATION_CONTEXT(2) 
PARAMETRIC_REPRESENTATION_CONTEXT() REPRESENTATION_CONTEXT('2D SPACE',''
  ) );
#7511 = PCURVE('',#3056,#7512);
#7512 = DEFINITIONAL_REPRESENTATION('',(#7513),#7517);
#7513 = LINE('',#7514,#7515);
#7514 = CARTESIAN_POINT('',(-0.,0.));
#7515 = VECTOR('',#7516,1.);
#7516 = DIRECTION('',(-0.,-1.));
#7517 = ( GEOMETRIC_REPRESENTATION_CONTEXT(2) 
PARAMETRIC_REPRESENTATION_CONTEXT() REPRESENTATION_CONTEXT('2D SPACE',''
  ) );
#7518 = ORIENTED_EDGE('',*,*,#7519,.T.);
#7519 = EDGE_CURVE('',#7497,#7497,#7520,.T.);
#7520 = SURFACE_CURVE('',#7521,(#7526,#7533),.PCURVE_S1.);
#7521 = CIRCLE('',#7522,4.25);
#7522 = AXIS2_PLACEMENT_3D('',#7523,#7524,#7525);
#7523 = CARTESIAN_POINT('',(186.79285714285,139.,4.7));
#7524 = DIRECTION('',(0.,0.,1.));
#7525 = DIRECTION('',(1.,0.,0.));
#7526 = PCURVE('',#3056,#7527);
#7527 = DEFINITIONAL_REPRESENTATION('',(#7528),#7532);
#7528 = LINE('',#7529,#7530);
#7529 = CARTESIAN_POINT('',(-0.,-40.));
#7530 = VECTOR('',#7531,1.);
#7531 = DIRECTION('',(-1.,0.));
#7532 = ( GEOMETRIC_REPRESENTATION_CONTEXT(2) 
PARAMETRIC_REPRESENTATION_CONTEXT() REPRESENTATION_CONTEXT('2D SPACE',''
  ) );
#7533 = PCURVE('',#7534,#7539);
#7534 = PLANE('',#7535);
#7535 = AXIS2_PLACEMENT_3D('',#7536,#7537,#7538);
#7536 = CARTESIAN_POINT('',(186.79285714285,139.,4.7));
#7537 = DIRECTION('',(0.,0.,1.));
#7538 = DIRECTION('',(1.,0.,-0.));
#7539 = DEFINITIONAL_REPRESENTATION('',(#7540),#7544);
#7540 = CIRCLE('',#7541,4.25);
#7541 = AXIS2_PLACEMENT_2D('',#7542,#7543);
#7542 = CARTESIAN_POINT('',(0.,0.));
#7543 = DIRECTION('',(1.,0.));
#7544 = ( GEOMETRIC_REPRESENTATION_CONTEXT(2) 
PARAMETRIC_REPRESENTATION_CONTEXT() REPRESENTATION_CONTEXT('2D SPACE',''
  ) );
#7545 = ORIENTED_EDGE('',*,*,#7496,.F.);
#7546 = ADVANCED_FACE('',(#7547,#7628),#3402,.T.);
#7547 = FACE_BOUND('',#7548,.T.);
#7548 = EDGE_LOOP('',(#7549,#7550,#7551,#7552,#7553,#7554,#7555,#7578,
    #7606,#7627));
#7549 = ORIENTED_EDGE('',*,*,#7141,.F.);
#7550 = ORIENTED_EDGE('',*,*,#3387,.F.);
#7551 = ORIENTED_EDGE('',*,*,#3446,.F.);
#7552 = ORIENTED_EDGE('',*,*,#3495,.F.);
#7553 = ORIENTED_EDGE('',*,*,#4698,.F.);
#7554 = ORIENTED_EDGE('',*,*,#4646,.T.);
#7555 = ORIENTED_EDGE('',*,*,#7556,.T.);
#7556 = EDGE_CURVE('',#4647,#7557,#7559,.T.);
#7557 = VERTEX_POINT('',#7558);
#7558 = CARTESIAN_POINT('',(103.84285714285,32.5,3.2));
#7559 = SURFACE_CURVE('',#7560,(#7564,#7571),.PCURVE_S1.);
#7560 = LINE('',#7561,#7562);
#7561 = CARTESIAN_POINT('',(103.84285714285,7.763026483627,3.2));
#7562 = VECTOR('',#7563,1.);
#7563 = DIRECTION('',(1.110223024625E-16,1.,0.));
#7564 = PCURVE('',#3402,#7565);
#7565 = DEFINITIONAL_REPRESENTATION('',(#7566),#7570);
#7566 = LINE('',#7567,#7568);
#7567 = CARTESIAN_POINT('',(100.64285714285,4.563026483627));
#7568 = VECTOR('',#7569,1.);
#7569 = DIRECTION('',(1.110223024625E-16,1.));
#7570 = ( GEOMETRIC_REPRESENTATION_CONTEXT(2) 
PARAMETRIC_REPRESENTATION_CONTEXT() REPRESENTATION_CONTEXT('2D SPACE',''
  ) );
#7571 = PCURVE('',#3921,#7572);
#7572 = DEFINITIONAL_REPRESENTATION('',(#7573),#7577);
#7573 = LINE('',#7574,#7575);
#7574 = CARTESIAN_POINT('',(0.,0.));
#7575 = VECTOR('',#7576,1.);
#7576 = DIRECTION('',(0.,1.));
#7577 = ( GEOMETRIC_REPRESENTATION_CONTEXT(2) 
PARAMETRIC_REPRESENTATION_CONTEXT() REPRESENTATION_CONTEXT('2D SPACE',''
  ) );
#7578 = ORIENTED_EDGE('',*,*,#7579,.F.);
#7579 = EDGE_CURVE('',#7580,#7557,#7582,.T.);
#7580 = VERTEX_POINT('',#7581);
#7581 = CARTESIAN_POINT('',(91.45,32.5,3.2));
#7582 = SURFACE_CURVE('',#7583,(#7587,#7594),.PCURVE_S1.);
#7583 = LINE('',#7584,#7585);
#7584 = CARTESIAN_POINT('',(91.25,32.5,3.2));
#7585 = VECTOR('',#7586,1.);
#7586 = DIRECTION('',(1.,0.,0.));
#7587 = PCURVE('',#3402,#7588);
#7588 = DEFINITIONAL_REPRESENTATION('',(#7589),#7593);
#7589 = LINE('',#7590,#7591);
#7590 = CARTESIAN_POINT('',(88.05,29.3));
#7591 = VECTOR('',#7592,1.);
#7592 = DIRECTION('',(1.,0.));
#7593 = ( GEOMETRIC_REPRESENTATION_CONTEXT(2) 
PARAMETRIC_REPRESENTATION_CONTEXT() REPRESENTATION_CONTEXT('2D SPACE',''
  ) );
#7594 = PCURVE('',#7595,#7600);
#7595 = PLANE('',#7596);
#7596 = AXIS2_PLACEMENT_3D('',#7597,#7598,#7599);
#7597 = CARTESIAN_POINT('',(91.25,32.5,3.2));
#7598 = DIRECTION('',(0.,1.,0.));
#7599 = DIRECTION('',(0.,0.,1.));
#7600 = DEFINITIONAL_REPRESENTATION('',(#7601),#7605);
#7601 = LINE('',#7602,#7603);
#7602 = CARTESIAN_POINT('',(0.,0.));
#7603 = VECTOR('',#7604,1.);
#7604 = DIRECTION('',(0.,1.));
#7605 = ( GEOMETRIC_REPRESENTATION_CONTEXT(2) 
PARAMETRIC_REPRESENTATION_CONTEXT() REPRESENTATION_CONTEXT('2D SPACE',''
  ) );
#7606 = ORIENTED_EDGE('',*,*,#7607,.F.);
#7607 = EDGE_CURVE('',#7069,#7580,#7608,.T.);
#7608 = SURFACE_CURVE('',#7609,(#7613,#7620),.PCURVE_S1.);
#7609 = LINE('',#7610,#7611);
#7610 = CARTESIAN_POINT('',(91.45,7.763026483627,3.2));
#7611 = VECTOR('',#7612,1.);
#7612 = DIRECTION('',(1.110223024625E-16,1.,0.));
#7613 = PCURVE('',#3402,#7614);
#7614 = DEFINITIONAL_REPRESENTATION('',(#7615),#7619);
#7615 = LINE('',#7616,#7617);
#7616 = CARTESIAN_POINT('',(88.25,4.563026483627));
#7617 = VECTOR('',#7618,1.);
#7618 = DIRECTION('',(1.110223024625E-16,1.));
#7619 = ( GEOMETRIC_REPRESENTATION_CONTEXT(2) 
PARAMETRIC_REPRESENTATION_CONTEXT() REPRESENTATION_CONTEXT('2D SPACE',''
  ) );
#7620 = PCURVE('',#6294,#7621);
#7621 = DEFINITIONAL_REPRESENTATION('',(#7622),#7626);
#7622 = LINE('',#7623,#7624);
#7623 = CARTESIAN_POINT('',(0.,0.));
#7624 = VECTOR('',#7625,1.);
#7625 = DIRECTION('',(0.,1.));
#7626 = ( GEOMETRIC_REPRESENTATION_CONTEXT(2) 
PARAMETRIC_REPRESENTATION_CONTEXT() REPRESENTATION_CONTEXT('2D SPACE',''
  ) );
#7627 = ORIENTED_EDGE('',*,*,#7091,.T.);
#7628 = FACE_BOUND('',#7629,.T.);
#7629 = EDGE_LOOP('',(#7630,#7660,#7688,#7716));
#7630 = ORIENTED_EDGE('',*,*,#7631,.T.);
#7631 = EDGE_CURVE('',#7632,#7634,#7636,.T.);
#7632 = VERTEX_POINT('',#7633);
#7633 = CARTESIAN_POINT('',(92.646428571429,14.,3.2));
#7634 = VERTEX_POINT('',#7635);
#7635 = CARTESIAN_POINT('',(92.646428571429,26.,3.2));
#7636 = SURFACE_CURVE('',#7637,(#7641,#7648),.PCURVE_S1.);
#7637 = LINE('',#7638,#7639);
#7638 = CARTESIAN_POINT('',(92.646428571429,14.,3.2));
#7639 = VECTOR('',#7640,1.);
#7640 = DIRECTION('',(0.,1.,0.));
#7641 = PCURVE('',#3402,#7642);
#7642 = DEFINITIONAL_REPRESENTATION('',(#7643),#7647);
#7643 = LINE('',#7644,#7645);
#7644 = CARTESIAN_POINT('',(89.446428571429,10.8));
#7645 = VECTOR('',#7646,1.);
#7646 = DIRECTION('',(0.,1.));
#7647 = ( GEOMETRIC_REPRESENTATION_CONTEXT(2) 
PARAMETRIC_REPRESENTATION_CONTEXT() REPRESENTATION_CONTEXT('2D SPACE',''
  ) );
#7648 = PCURVE('',#7649,#7654);
#7649 = PLANE('',#7650);
#7650 = AXIS2_PLACEMENT_3D('',#7651,#7652,#7653);
#7651 = CARTESIAN_POINT('',(92.646428571429,14.,3.2));
#7652 = DIRECTION('',(1.,0.,0.));
#7653 = DIRECTION('',(0.,0.,1.));
#7654 = DEFINITIONAL_REPRESENTATION('',(#7655),#7659);
#7655 = LINE('',#7656,#7657);
#7656 = CARTESIAN_POINT('',(0.,0.));
#7657 = VECTOR('',#7658,1.);
#7658 = DIRECTION('',(0.,-1.));
#7659 = ( GEOMETRIC_REPRESENTATION_CONTEXT(2) 
PARAMETRIC_REPRESENTATION_CONTEXT() REPRESENTATION_CONTEXT('2D SPACE',''
  ) );
#7660 = ORIENTED_EDGE('',*,*,#7661,.T.);
#7661 = EDGE_CURVE('',#7634,#7662,#7664,.T.);
#7662 = VERTEX_POINT('',#7663);
#7663 = CARTESIAN_POINT('',(102.64642857142,26.,3.2));
#7664 = SURFACE_CURVE('',#7665,(#7669,#7676),.PCURVE_S1.);
#7665 = LINE('',#7666,#7667);
#7666 = CARTESIAN_POINT('',(92.646428571429,26.,3.2));
#7667 = VECTOR('',#7668,1.);
#7668 = DIRECTION('',(1.,0.,0.));
#7669 = PCURVE('',#3402,#7670);
#7670 = DEFINITIONAL_REPRESENTATION('',(#7671),#7675);
#7671 = LINE('',#7672,#7673);
#7672 = CARTESIAN_POINT('',(89.446428571429,22.8));
#7673 = VECTOR('',#7674,1.);
#7674 = DIRECTION('',(1.,0.));
#7675 = ( GEOMETRIC_REPRESENTATION_CONTEXT(2) 
PARAMETRIC_REPRESENTATION_CONTEXT() REPRESENTATION_CONTEXT('2D SPACE',''
  ) );
#7676 = PCURVE('',#7677,#7682);
#7677 = PLANE('',#7678);
#7678 = AXIS2_PLACEMENT_3D('',#7679,#7680,#7681);
#7679 = CARTESIAN_POINT('',(92.646428571429,26.,3.2));
#7680 = DIRECTION('',(0.,1.,0.));
#7681 = DIRECTION('',(0.,0.,1.));
#7682 = DEFINITIONAL_REPRESENTATION('',(#7683),#7687);
#7683 = LINE('',#7684,#7685);
#7684 = CARTESIAN_POINT('',(0.,0.));
#7685 = VECTOR('',#7686,1.);
#7686 = DIRECTION('',(0.,1.));
#7687 = ( GEOMETRIC_REPRESENTATION_CONTEXT(2) 
PARAMETRIC_REPRESENTATION_CONTEXT() REPRESENTATION_CONTEXT('2D SPACE',''
  ) );
#7688 = ORIENTED_EDGE('',*,*,#7689,.F.);
#7689 = EDGE_CURVE('',#7690,#7662,#7692,.T.);
#7690 = VERTEX_POINT('',#7691);
#7691 = CARTESIAN_POINT('',(102.64642857142,14.,3.2));
#7692 = SURFACE_CURVE('',#7693,(#7697,#7704),.PCURVE_S1.);
#7693 = LINE('',#7694,#7695);
#7694 = CARTESIAN_POINT('',(102.64642857142,14.,3.2));
#7695 = VECTOR('',#7696,1.);
#7696 = DIRECTION('',(0.,1.,0.));
#7697 = PCURVE('',#3402,#7698);
#7698 = DEFINITIONAL_REPRESENTATION('',(#7699),#7703);
#7699 = LINE('',#7700,#7701);
#7700 = CARTESIAN_POINT('',(99.446428571429,10.8));
#7701 = VECTOR('',#7702,1.);
#7702 = DIRECTION('',(0.,1.));
#7703 = ( GEOMETRIC_REPRESENTATION_CONTEXT(2) 
PARAMETRIC_REPRESENTATION_CONTEXT() REPRESENTATION_CONTEXT('2D SPACE',''
  ) );
#7704 = PCURVE('',#7705,#7710);
#7705 = PLANE('',#7706);
#7706 = AXIS2_PLACEMENT_3D('',#7707,#7708,#7709);
#7707 = CARTESIAN_POINT('',(102.64642857142,14.,3.2));
#7708 = DIRECTION('',(1.,0.,0.));
#7709 = DIRECTION('',(0.,0.,1.));
#7710 = DEFINITIONAL_REPRESENTATION('',(#7711),#7715);
#7711 = LINE('',#7712,#7713);
#7712 = CARTESIAN_POINT('',(0.,0.));
#7713 = VECTOR('',#7714,1.);
#7714 = DIRECTION('',(0.,-1.));
#7715 = ( GEOMETRIC_REPRESENTATION_CONTEXT(2) 
PARAMETRIC_REPRESENTATION_CONTEXT() REPRESENTATION_CONTEXT('2D SPACE',''
  ) );
#7716 = ORIENTED_EDGE('',*,*,#7717,.F.);
#7717 = EDGE_CURVE('',#7632,#7690,#7718,.T.);
#7718 = SURFACE_CURVE('',#7719,(#7723,#7730),.PCURVE_S1.);
#7719 = LINE('',#7720,#7721);
#7720 = CARTESIAN_POINT('',(92.646428571429,14.,3.2));
#7721 = VECTOR('',#7722,1.);
#7722 = DIRECTION('',(1.,0.,0.));
#7723 = PCURVE('',#3402,#7724);
#7724 = DEFINITIONAL_REPRESENTATION('',(#7725),#7729);
#7725 = LINE('',#7726,#7727);
#7726 = CARTESIAN_POINT('',(89.446428571429,10.8));
#7727 = VECTOR('',#7728,1.);
#7728 = DIRECTION('',(1.,0.));
#7729 = ( GEOMETRIC_REPRESENTATION_CONTEXT(2) 
PARAMETRIC_REPRESENTATION_CONTEXT() REPRESENTATION_CONTEXT('2D SPACE',''
  ) );
#7730 = PCURVE('',#7731,#7736);
#7731 = PLANE('',#7732);
#7732 = AXIS2_PLACEMENT_3D('',#7733,#7734,#7735);
#7733 = CARTESIAN_POINT('',(92.646428571429,14.,3.2));
#7734 = DIRECTION('',(0.,1.,0.));
#7735 = DIRECTION('',(0.,0.,1.));
#7736 = DEFINITIONAL_REPRESENTATION('',(#7737),#7741);
#7737 = LINE('',#7738,#7739);
#7738 = CARTESIAN_POINT('',(0.,0.));
#7739 = VECTOR('',#7740,1.);
#7740 = DIRECTION('',(0.,1.));
#7741 = ( GEOMETRIC_REPRESENTATION_CONTEXT(2) 
PARAMETRIC_REPRESENTATION_CONTEXT() REPRESENTATION_CONTEXT('2D SPACE',''
  ) );
#7742 = ADVANCED_FACE('',(#7743),#3585,.T.);
#7743 = FACE_BOUND('',#7744,.T.);
#7744 = EDGE_LOOP('',(#7745,#7746,#7747,#7748,#7771,#7799,#7820,#7821,
    #7822));
#7745 = ORIENTED_EDGE('',*,*,#5156,.F.);
#7746 = ORIENTED_EDGE('',*,*,#3700,.F.);
#7747 = ORIENTED_EDGE('',*,*,#3569,.F.);
#7748 = ORIENTED_EDGE('',*,*,#7749,.F.);
#7749 = EDGE_CURVE('',#7750,#3570,#7752,.T.);
#7750 = VERTEX_POINT('',#7751);
#7751 = CARTESIAN_POINT('',(181.79285714285,133.,3.2));
#7752 = SURFACE_CURVE('',#7753,(#7757,#7764),.PCURVE_S1.);
#7753 = LINE('',#7754,#7755);
#7754 = CARTESIAN_POINT('',(181.79285714285,133.,3.2));
#7755 = VECTOR('',#7756,1.);
#7756 = DIRECTION('',(1.,0.,0.));
#7757 = PCURVE('',#3585,#7758);
#7758 = DEFINITIONAL_REPRESENTATION('',(#7759),#7763);
#7759 = LINE('',#7760,#7761);
#7760 = CARTESIAN_POINT('',(178.59285714285,129.8));
#7761 = VECTOR('',#7762,1.);
#7762 = DIRECTION('',(1.,0.));
#7763 = ( GEOMETRIC_REPRESENTATION_CONTEXT(2) 
PARAMETRIC_REPRESENTATION_CONTEXT() REPRESENTATION_CONTEXT('2D SPACE',''
  ) );
#7764 = PCURVE('',#3612,#7765);
#7765 = DEFINITIONAL_REPRESENTATION('',(#7766),#7770);
#7766 = LINE('',#7767,#7768);
#7767 = CARTESIAN_POINT('',(0.,0.));
#7768 = VECTOR('',#7769,1.);
#7769 = DIRECTION('',(0.,1.));
#7770 = ( GEOMETRIC_REPRESENTATION_CONTEXT(2) 
PARAMETRIC_REPRESENTATION_CONTEXT() REPRESENTATION_CONTEXT('2D SPACE',''
  ) );
#7771 = ORIENTED_EDGE('',*,*,#7772,.T.);
#7772 = EDGE_CURVE('',#7750,#7773,#7775,.T.);
#7773 = VERTEX_POINT('',#7774);
#7774 = CARTESIAN_POINT('',(181.79285714285,145.,3.2));
#7775 = SURFACE_CURVE('',#7776,(#7780,#7787),.PCURVE_S1.);
#7776 = LINE('',#7777,#7778);
#7777 = CARTESIAN_POINT('',(181.79285714285,133.,3.2));
#7778 = VECTOR('',#7779,1.);
#7779 = DIRECTION('',(0.,1.,0.));
#7780 = PCURVE('',#3585,#7781);
#7781 = DEFINITIONAL_REPRESENTATION('',(#7782),#7786);
#7782 = LINE('',#7783,#7784);
#7783 = CARTESIAN_POINT('',(178.59285714285,129.8));
#7784 = VECTOR('',#7785,1.);
#7785 = DIRECTION('',(0.,1.));
#7786 = ( GEOMETRIC_REPRESENTATION_CONTEXT(2) 
PARAMETRIC_REPRESENTATION_CONTEXT() REPRESENTATION_CONTEXT('2D SPACE',''
  ) );
#7787 = PCURVE('',#7788,#7793);
#7788 = PLANE('',#7789);
#7789 = AXIS2_PLACEMENT_3D('',#7790,#7791,#7792);
#7790 = CARTESIAN_POINT('',(181.79285714285,133.,3.2));
#7791 = DIRECTION('',(1.,0.,0.));
#7792 = DIRECTION('',(0.,0.,1.));
#7793 = DEFINITIONAL_REPRESENTATION('',(#7794),#7798);
#7794 = LINE('',#7795,#7796);
#7795 = CARTESIAN_POINT('',(0.,0.));
#7796 = VECTOR('',#7797,1.);
#7797 = DIRECTION('',(0.,-1.));
#7798 = ( GEOMETRIC_REPRESENTATION_CONTEXT(2) 
PARAMETRIC_REPRESENTATION_CONTEXT() REPRESENTATION_CONTEXT('2D SPACE',''
  ) );
#7799 = ORIENTED_EDGE('',*,*,#7800,.T.);
#7800 = EDGE_CURVE('',#7773,#3650,#7801,.T.);
#7801 = SURFACE_CURVE('',#7802,(#7806,#7813),.PCURVE_S1.);
#7802 = LINE('',#7803,#7804);
#7803 = CARTESIAN_POINT('',(181.79285714285,145.,3.2));
#7804 = VECTOR('',#7805,1.);
#7805 = DIRECTION('',(1.,0.,0.));
#7806 = PCURVE('',#3585,#7807);
#7807 = DEFINITIONAL_REPRESENTATION('',(#7808),#7812);
#7808 = LINE('',#7809,#7810);
#7809 = CARTESIAN_POINT('',(178.59285714285,141.8));
#7810 = VECTOR('',#7811,1.);
#7811 = DIRECTION('',(1.,0.));
#7812 = ( GEOMETRIC_REPRESENTATION_CONTEXT(2) 
PARAMETRIC_REPRESENTATION_CONTEXT() REPRESENTATION_CONTEXT('2D SPACE',''
  ) );
#7813 = PCURVE('',#3664,#7814);
#7814 = DEFINITIONAL_REPRESENTATION('',(#7815),#7819);
#7815 = LINE('',#7816,#7817);
#7816 = CARTESIAN_POINT('',(0.,0.));
#7817 = VECTOR('',#7818,1.);
#7818 = DIRECTION('',(0.,1.));
#7819 = ( GEOMETRIC_REPRESENTATION_CONTEXT(2) 
PARAMETRIC_REPRESENTATION_CONTEXT() REPRESENTATION_CONTEXT('2D SPACE',''
  ) );
#7820 = ORIENTED_EDGE('',*,*,#3675,.F.);
#7821 = ORIENTED_EDGE('',*,*,#4747,.F.);
#7822 = ORIENTED_EDGE('',*,*,#5063,.F.);
#7823 = ADVANCED_FACE('',(#7824),#3664,.T.);
#7824 = FACE_BOUND('',#7825,.T.);
#7825 = EDGE_LOOP('',(#7826,#7849,#7850,#7851,#7874));
#7826 = ORIENTED_EDGE('',*,*,#7827,.F.);
#7827 = EDGE_CURVE('',#3624,#7828,#7830,.T.);
#7828 = VERTEX_POINT('',#7829);
#7829 = CARTESIAN_POINT('',(191.79285714285,145.,36.903043638207));
#7830 = SURFACE_CURVE('',#7831,(#7835,#7842),.PCURVE_S1.);
#7831 = LINE('',#7832,#7833);
#7832 = CARTESIAN_POINT('',(191.79285714285,145.,3.2));
#7833 = VECTOR('',#7834,1.);
#7834 = DIRECTION('',(0.,0.,1.));
#7835 = PCURVE('',#3664,#7836);
#7836 = DEFINITIONAL_REPRESENTATION('',(#7837),#7841);
#7837 = LINE('',#7838,#7839);
#7838 = CARTESIAN_POINT('',(0.,10.));
#7839 = VECTOR('',#7840,1.);
#7840 = DIRECTION('',(1.,0.));
#7841 = ( GEOMETRIC_REPRESENTATION_CONTEXT(2) 
PARAMETRIC_REPRESENTATION_CONTEXT() REPRESENTATION_CONTEXT('2D SPACE',''
  ) );
#7842 = PCURVE('',#3638,#7843);
#7843 = DEFINITIONAL_REPRESENTATION('',(#7844),#7848);
#7844 = LINE('',#7845,#7846);
#7845 = CARTESIAN_POINT('',(0.,-12.));
#7846 = VECTOR('',#7847,1.);
#7847 = DIRECTION('',(1.,0.));
#7848 = ( GEOMETRIC_REPRESENTATION_CONTEXT(2) 
PARAMETRIC_REPRESENTATION_CONTEXT() REPRESENTATION_CONTEXT('2D SPACE',''
  ) );
#7849 = ORIENTED_EDGE('',*,*,#3649,.F.);
#7850 = ORIENTED_EDGE('',*,*,#7800,.F.);
#7851 = ORIENTED_EDGE('',*,*,#7852,.T.);
#7852 = EDGE_CURVE('',#7773,#7853,#7855,.T.);
#7853 = VERTEX_POINT('',#7854);
#7854 = CARTESIAN_POINT('',(181.79285714285,145.,36.903043638207));
#7855 = SURFACE_CURVE('',#7856,(#7860,#7867),.PCURVE_S1.);
#7856 = LINE('',#7857,#7858);
#7857 = CARTESIAN_POINT('',(181.79285714285,145.,3.2));
#7858 = VECTOR('',#7859,1.);
#7859 = DIRECTION('',(0.,0.,1.));
#7860 = PCURVE('',#3664,#7861);
#7861 = DEFINITIONAL_REPRESENTATION('',(#7862),#7866);
#7862 = LINE('',#7863,#7864);
#7863 = CARTESIAN_POINT('',(0.,0.));
#7864 = VECTOR('',#7865,1.);
#7865 = DIRECTION('',(1.,0.));
#7866 = ( GEOMETRIC_REPRESENTATION_CONTEXT(2) 
PARAMETRIC_REPRESENTATION_CONTEXT() REPRESENTATION_CONTEXT('2D SPACE',''
  ) );
#7867 = PCURVE('',#7788,#7868);
#7868 = DEFINITIONAL_REPRESENTATION('',(#7869),#7873);
#7869 = LINE('',#7870,#7871);
#7870 = CARTESIAN_POINT('',(0.,-12.));
#7871 = VECTOR('',#7872,1.);
#7872 = DIRECTION('',(1.,0.));
#7873 = ( GEOMETRIC_REPRESENTATION_CONTEXT(2) 
PARAMETRIC_REPRESENTATION_CONTEXT() REPRESENTATION_CONTEXT('2D SPACE',''
  ) );
#7874 = ORIENTED_EDGE('',*,*,#7875,.T.);
#7875 = EDGE_CURVE('',#7853,#7828,#7876,.T.);
#7876 = SURFACE_CURVE('',#7877,(#7881,#7887),.PCURVE_S1.);
#7877 = LINE('',#7878,#7879);
#7878 = CARTESIAN_POINT('',(-134.1035714285,145.,36.903043638207));
#7879 = VECTOR('',#7880,1.);
#7880 = DIRECTION('',(1.,0.,-0.));
#7881 = PCURVE('',#3664,#7882);
#7882 = DEFINITIONAL_REPRESENTATION('',(#7883),#7886);
#7883 = B_SPLINE_CURVE_WITH_KNOTS('',1,(#7884,#7885),.UNSPECIFIED.,.F.,
  .F.,(2,2),(315.89642857142,325.89642857142),.PIECEWISE_BEZIER_KNOTS.);
#7884 = CARTESIAN_POINT('',(33.703043638207,0.));
#7885 = CARTESIAN_POINT('',(33.703043638207,10.));
#7886 = ( GEOMETRIC_REPRESENTATION_CONTEXT(2) 
PARAMETRIC_REPRESENTATION_CONTEXT() REPRESENTATION_CONTEXT('2D SPACE',''
  ) );
#7887 = PCURVE('',#7888,#7893);
#7888 = PLANE('',#7889);
#7889 = AXIS2_PLACEMENT_3D('',#7890,#7891,#7892);
#7890 = CARTESIAN_POINT('',(-450.,-439.3361917632,-92.62235907001));
#7891 = DIRECTION('',(0.,-0.216409655053,0.976302648363));
#7892 = DIRECTION('',(1.,0.,0.));
#7893 = DEFINITIONAL_REPRESENTATION('',(#7894),#7897);
#7894 = B_SPLINE_CURVE_WITH_KNOTS('',1,(#7895,#7896),.UNSPECIFIED.,.F.,
  .F.,(2,2),(315.89642857142,325.89642857142),.PIECEWISE_BEZIER_KNOTS.);
#7895 = CARTESIAN_POINT('',(631.79285714285,598.51951927322));
#7896 = CARTESIAN_POINT('',(641.79285714285,598.51951927322));
#7897 = ( GEOMETRIC_REPRESENTATION_CONTEXT(2) 
PARAMETRIC_REPRESENTATION_CONTEXT() REPRESENTATION_CONTEXT('2D SPACE',''
  ) );
#7898 = ADVANCED_FACE('',(#7899),#3638,.T.);
#7899 = FACE_BOUND('',#7900,.T.);
#7900 = EDGE_LOOP('',(#7901,#7924,#7925,#7926));
#7901 = ORIENTED_EDGE('',*,*,#7902,.F.);
#7902 = EDGE_CURVE('',#3598,#7903,#7905,.T.);
#7903 = VERTEX_POINT('',#7904);
#7904 = CARTESIAN_POINT('',(191.79285714285,133.,34.243094016041));
#7905 = SURFACE_CURVE('',#7906,(#7910,#7917),.PCURVE_S1.);
#7906 = LINE('',#7907,#7908);
#7907 = CARTESIAN_POINT('',(191.79285714285,133.,3.2));
#7908 = VECTOR('',#7909,1.);
#7909 = DIRECTION('',(0.,0.,1.));
#7910 = PCURVE('',#3638,#7911);
#7911 = DEFINITIONAL_REPRESENTATION('',(#7912),#7916);
#7912 = LINE('',#7913,#7914);
#7913 = CARTESIAN_POINT('',(0.,0.));
#7914 = VECTOR('',#7915,1.);
#7915 = DIRECTION('',(1.,0.));
#7916 = ( GEOMETRIC_REPRESENTATION_CONTEXT(2) 
PARAMETRIC_REPRESENTATION_CONTEXT() REPRESENTATION_CONTEXT('2D SPACE',''
  ) );
#7917 = PCURVE('',#3612,#7918);
#7918 = DEFINITIONAL_REPRESENTATION('',(#7919),#7923);
#7919 = LINE('',#7920,#7921);
#7920 = CARTESIAN_POINT('',(0.,10.));
#7921 = VECTOR('',#7922,1.);
#7922 = DIRECTION('',(1.,0.));
#7923 = ( GEOMETRIC_REPRESENTATION_CONTEXT(2) 
PARAMETRIC_REPRESENTATION_CONTEXT() REPRESENTATION_CONTEXT('2D SPACE',''
  ) );
#7924 = ORIENTED_EDGE('',*,*,#3623,.F.);
#7925 = ORIENTED_EDGE('',*,*,#7827,.T.);
#7926 = ORIENTED_EDGE('',*,*,#7927,.T.);
#7927 = EDGE_CURVE('',#7828,#7903,#7928,.T.);
#7928 = SURFACE_CURVE('',#7929,(#7933,#7939),.PCURVE_S1.);
#7929 = LINE('',#7930,#7931);
#7930 = CARTESIAN_POINT('',(191.79285714285,-156.4475088119,
    -29.9165552924));
#7931 = VECTOR('',#7932,1.);
#7932 = DIRECTION('',(0.,-0.976302648363,-0.216409655053));
#7933 = PCURVE('',#3638,#7934);
#7934 = DEFINITIONAL_REPRESENTATION('',(#7935),#7938);
#7935 = B_SPLINE_CURVE_WITH_KNOTS('',1,(#7936,#7937),.UNSPECIFIED.,.F.,
  .F.,(2,2),(-308.7644075507,-296.4731369902),.PIECEWISE_BEZIER_KNOTS.);
#7936 = CARTESIAN_POINT('',(33.703043638207,-12.));
#7937 = CARTESIAN_POINT('',(31.043094016041,-1.963327596884E-14));
#7938 = ( GEOMETRIC_REPRESENTATION_CONTEXT(2) 
PARAMETRIC_REPRESENTATION_CONTEXT() REPRESENTATION_CONTEXT('2D SPACE',''
  ) );
#7939 = PCURVE('',#7888,#7940);
#7940 = DEFINITIONAL_REPRESENTATION('',(#7941),#7944);
#7941 = B_SPLINE_CURVE_WITH_KNOTS('',1,(#7942,#7943),.UNSPECIFIED.,.F.,
  .F.,(2,2),(-308.7644075507,-296.4731369902),.PIECEWISE_BEZIER_KNOTS.);
#7942 = CARTESIAN_POINT('',(641.79285714285,598.51951927322));
#7943 = CARTESIAN_POINT('',(641.79285714285,586.22824871268));
#7944 = ( GEOMETRIC_REPRESENTATION_CONTEXT(2) 
PARAMETRIC_REPRESENTATION_CONTEXT() REPRESENTATION_CONTEXT('2D SPACE',''
  ) );
#7945 = ADVANCED_FACE('',(#7946),#3612,.F.);
#7946 = FACE_BOUND('',#7947,.F.);
#7947 = EDGE_LOOP('',(#7948,#7949,#7950,#7951,#7974));
#7948 = ORIENTED_EDGE('',*,*,#7902,.F.);
#7949 = ORIENTED_EDGE('',*,*,#3597,.F.);
#7950 = ORIENTED_EDGE('',*,*,#7749,.F.);
#7951 = ORIENTED_EDGE('',*,*,#7952,.T.);
#7952 = EDGE_CURVE('',#7750,#7953,#7955,.T.);
#7953 = VERTEX_POINT('',#7954);
#7954 = CARTESIAN_POINT('',(181.79285714285,133.,34.243094016041));
#7955 = SURFACE_CURVE('',#7956,(#7960,#7967),.PCURVE_S1.);
#7956 = LINE('',#7957,#7958);
#7957 = CARTESIAN_POINT('',(181.79285714285,133.,3.2));
#7958 = VECTOR('',#7959,1.);
#7959 = DIRECTION('',(0.,0.,1.));
#7960 = PCURVE('',#3612,#7961);
#7961 = DEFINITIONAL_REPRESENTATION('',(#7962),#7966);
#7962 = LINE('',#7963,#7964);
#7963 = CARTESIAN_POINT('',(0.,0.));
#7964 = VECTOR('',#7965,1.);
#7965 = DIRECTION('',(1.,0.));
#7966 = ( GEOMETRIC_REPRESENTATION_CONTEXT(2) 
PARAMETRIC_REPRESENTATION_CONTEXT() REPRESENTATION_CONTEXT('2D SPACE',''
  ) );
#7967 = PCURVE('',#7788,#7968);
#7968 = DEFINITIONAL_REPRESENTATION('',(#7969),#7973);
#7969 = LINE('',#7970,#7971);
#7970 = CARTESIAN_POINT('',(0.,0.));
#7971 = VECTOR('',#7972,1.);
#7972 = DIRECTION('',(1.,0.));
#7973 = ( GEOMETRIC_REPRESENTATION_CONTEXT(2) 
PARAMETRIC_REPRESENTATION_CONTEXT() REPRESENTATION_CONTEXT('2D SPACE',''
  ) );
#7974 = ORIENTED_EDGE('',*,*,#7975,.T.);
#7975 = EDGE_CURVE('',#7953,#7903,#7976,.T.);
#7976 = SURFACE_CURVE('',#7977,(#7981,#7987),.PCURVE_S1.);
#7977 = LINE('',#7978,#7979);
#7978 = CARTESIAN_POINT('',(-134.1035714285,133.,34.243094016041));
#7979 = VECTOR('',#7980,1.);
#7980 = DIRECTION('',(1.,0.,-0.));
#7981 = PCURVE('',#3612,#7982);
#7982 = DEFINITIONAL_REPRESENTATION('',(#7983),#7986);
#7983 = B_SPLINE_CURVE_WITH_KNOTS('',1,(#7984,#7985),.UNSPECIFIED.,.F.,
  .F.,(2,2),(315.89642857142,325.89642857142),.PIECEWISE_BEZIER_KNOTS.);
#7984 = CARTESIAN_POINT('',(31.043094016041,0.));
#7985 = CARTESIAN_POINT('',(31.043094016041,10.));
#7986 = ( GEOMETRIC_REPRESENTATION_CONTEXT(2) 
PARAMETRIC_REPRESENTATION_CONTEXT() REPRESENTATION_CONTEXT('2D SPACE',''
  ) );
#7987 = PCURVE('',#7888,#7988);
#7988 = DEFINITIONAL_REPRESENTATION('',(#7989),#7992);
#7989 = B_SPLINE_CURVE_WITH_KNOTS('',1,(#7990,#7991),.UNSPECIFIED.,.F.,
  .F.,(2,2),(315.89642857142,325.89642857142),.PIECEWISE_BEZIER_KNOTS.);
#7990 = CARTESIAN_POINT('',(631.79285714285,586.22824871268));
#7991 = CARTESIAN_POINT('',(641.79285714285,586.22824871268));
#7992 = ( GEOMETRIC_REPRESENTATION_CONTEXT(2) 
PARAMETRIC_REPRESENTATION_CONTEXT() REPRESENTATION_CONTEXT('2D SPACE',''
  ) );
#7993 = ADVANCED_FACE('',(#7994),#4028,.T.);
#7994 = FACE_BOUND('',#7995,.T.);
#7995 = EDGE_LOOP('',(#7996,#8019,#8040,#8041));
#7996 = ORIENTED_EDGE('',*,*,#7997,.F.);
#7997 = EDGE_CURVE('',#7998,#3985,#8000,.T.);
#7998 = VERTEX_POINT('',#7999);
#7999 = CARTESIAN_POINT('',(154.21785714285,123.03302648362,
    16.433443998149));
#8000 = SURFACE_CURVE('',#8001,(#8005,#8012),.PCURVE_S1.);
#8001 = LINE('',#8002,#8003);
#8002 = CARTESIAN_POINT('',(154.21785714285,121.13302648362,
    16.433443998149));
#8003 = VECTOR('',#8004,1.);
#8004 = DIRECTION('',(1.110223024625E-16,1.,0.));
#8005 = PCURVE('',#4028,#8006);
#8006 = DEFINITIONAL_REPRESENTATION('',(#8007),#8011);
#8007 = LINE('',#8008,#8009);
#8008 = CARTESIAN_POINT('',(0.,0.));
#8009 = VECTOR('',#8010,1.);
#8010 = DIRECTION('',(0.,1.));
#8011 = ( GEOMETRIC_REPRESENTATION_CONTEXT(2) 
PARAMETRIC_REPRESENTATION_CONTEXT() REPRESENTATION_CONTEXT('2D SPACE',''
  ) );
#8012 = PCURVE('',#4000,#8013);
#8013 = DEFINITIONAL_REPRESENTATION('',(#8014),#8018);
#8014 = LINE('',#8015,#8016);
#8015 = CARTESIAN_POINT('',(113.37,38.375));
#8016 = VECTOR('',#8017,1.);
#8017 = DIRECTION('',(1.,0.));
#8018 = ( GEOMETRIC_REPRESENTATION_CONTEXT(2) 
PARAMETRIC_REPRESENTATION_CONTEXT() REPRESENTATION_CONTEXT('2D SPACE',''
  ) );
#8019 = ORIENTED_EDGE('',*,*,#8020,.T.);
#8020 = EDGE_CURVE('',#7998,#4112,#8021,.T.);
#8021 = SURFACE_CURVE('',#8022,(#8026,#8033),.PCURVE_S1.);
#8022 = LINE('',#8023,#8024);
#8023 = CARTESIAN_POINT('',(154.21785714285,123.03302648362,
    16.433443998149));
#8024 = VECTOR('',#8025,1.);
#8025 = DIRECTION('',(0.,0.,1.));
#8026 = PCURVE('',#4028,#8027);
#8027 = DEFINITIONAL_REPRESENTATION('',(#8028),#8032);
#8028 = LINE('',#8029,#8030);
#8029 = CARTESIAN_POINT('',(0.,1.9));
#8030 = VECTOR('',#8031,1.);
#8031 = DIRECTION('',(1.,0.));
#8032 = ( GEOMETRIC_REPRESENTATION_CONTEXT(2) 
PARAMETRIC_REPRESENTATION_CONTEXT() REPRESENTATION_CONTEXT('2D SPACE',''
  ) );
#8033 = PCURVE('',#4150,#8034);
#8034 = DEFINITIONAL_REPRESENTATION('',(#8035),#8039);
#8035 = LINE('',#8036,#8037);
#8036 = CARTESIAN_POINT('',(0.,-33.575));
#8037 = VECTOR('',#8038,1.);
#8038 = DIRECTION('',(1.,0.));
#8039 = ( GEOMETRIC_REPRESENTATION_CONTEXT(2) 
PARAMETRIC_REPRESENTATION_CONTEXT() REPRESENTATION_CONTEXT('2D SPACE',''
  ) );
#8040 = ORIENTED_EDGE('',*,*,#4111,.F.);
#8041 = ORIENTED_EDGE('',*,*,#4012,.F.);
#8042 = ADVANCED_FACE('',(#8043,#8411),#4000,.T.);
#8043 = FACE_BOUND('',#8044,.T.);
#8044 = EDGE_LOOP('',(#8045,#8068,#8069,#8092,#8115,#8136,#8137,#8160,
    #8183,#8206,#8229,#8252,#8273,#8274,#8275,#8298,#8321,#8344,#8367,
    #8390));
#8045 = ORIENTED_EDGE('',*,*,#8046,.F.);
#8046 = EDGE_CURVE('',#4410,#8047,#8049,.T.);
#8047 = VERTEX_POINT('',#8048);
#8048 = CARTESIAN_POINT('',(108.64285714285,90.893026483627,
    16.433443998149));
#8049 = SURFACE_CURVE('',#8050,(#8054,#8061),.PCURVE_S1.);
#8050 = LINE('',#8051,#8052);
#8051 = CARTESIAN_POINT('',(108.64285714285,9.363026483627,
    16.433443998149));
#8052 = VECTOR('',#8053,1.);
#8053 = DIRECTION('',(1.110223024625E-16,1.,0.));
#8054 = PCURVE('',#4000,#8055);
#8055 = DEFINITIONAL_REPRESENTATION('',(#8056),#8060);
#8056 = LINE('',#8057,#8058);
#8057 = CARTESIAN_POINT('',(1.6,83.95));
#8058 = VECTOR('',#8059,1.);
#8059 = DIRECTION('',(1.,0.));
#8060 = ( GEOMETRIC_REPRESENTATION_CONTEXT(2) 
PARAMETRIC_REPRESENTATION_CONTEXT() REPRESENTATION_CONTEXT('2D SPACE',''
  ) );
#8061 = PCURVE('',#4448,#8062);
#8062 = DEFINITIONAL_REPRESENTATION('',(#8063),#8067);
#8063 = LINE('',#8064,#8065);
#8064 = CARTESIAN_POINT('',(0.,0.));
#8065 = VECTOR('',#8066,1.);
#8066 = DIRECTION('',(0.,1.));
#8067 = ( GEOMETRIC_REPRESENTATION_CONTEXT(2) 
PARAMETRIC_REPRESENTATION_CONTEXT() REPRESENTATION_CONTEXT('2D SPACE',''
  ) );
#8068 = ORIENTED_EDGE('',*,*,#4409,.T.);
#8069 = ORIENTED_EDGE('',*,*,#8070,.T.);
#8070 = EDGE_CURVE('',#4382,#8071,#8073,.T.);
#8071 = VERTEX_POINT('',#8072);
#8072 = CARTESIAN_POINT('',(109.04285714285,9.763026483627,
    16.433443998149));
#8073 = SURFACE_CURVE('',#8074,(#8078,#8085),.PCURVE_S1.);
#8074 = LINE('',#8075,#8076);
#8075 = CARTESIAN_POINT('',(109.04285714285,8.763026483627,
    16.433443998149));
#8076 = VECTOR('',#8077,1.);
#8077 = DIRECTION('',(-1.110223024625E-16,-1.,0.));
#8078 = PCURVE('',#4000,#8079);
#8079 = DEFINITIONAL_REPRESENTATION('',(#8080),#8084);
#8080 = LINE('',#8081,#8082);
#8081 = CARTESIAN_POINT('',(1.,83.55));
#8082 = VECTOR('',#8083,1.);
#8083 = DIRECTION('',(-1.,0.));
#8084 = ( GEOMETRIC_REPRESENTATION_CONTEXT(2) 
PARAMETRIC_REPRESENTATION_CONTEXT() REPRESENTATION_CONTEXT('2D SPACE',''
  ) );
#8085 = PCURVE('',#4397,#8086);
#8086 = DEFINITIONAL_REPRESENTATION('',(#8087),#8091);
#8087 = LINE('',#8088,#8089);
#8088 = CARTESIAN_POINT('',(13.233443998149,-1.));
#8089 = VECTOR('',#8090,1.);
#8090 = DIRECTION('',(0.,-1.));
#8091 = ( GEOMETRIC_REPRESENTATION_CONTEXT(2) 
PARAMETRIC_REPRESENTATION_CONTEXT() REPRESENTATION_CONTEXT('2D SPACE',''
  ) );
#8092 = ORIENTED_EDGE('',*,*,#8093,.F.);
#8093 = EDGE_CURVE('',#8094,#8071,#8096,.T.);
#8094 = VERTEX_POINT('',#8095);
#8095 = CARTESIAN_POINT('',(187.39285714285,9.763026483627,
    16.433443998149));
#8096 = SURFACE_CURVE('',#8097,(#8101,#8108),.PCURVE_S1.);
#8097 = LINE('',#8098,#8099);
#8098 = CARTESIAN_POINT('',(189.99285714285,9.763026483627,
    16.433443998149));
#8099 = VECTOR('',#8100,1.);
#8100 = DIRECTION('',(-1.,1.110223024625E-16,0.));
#8101 = PCURVE('',#4000,#8102);
#8102 = DEFINITIONAL_REPRESENTATION('',(#8103),#8107);
#8103 = LINE('',#8104,#8105);
#8104 = CARTESIAN_POINT('',(2.,2.6));
#8105 = VECTOR('',#8106,1.);
#8106 = DIRECTION('',(0.,1.));
#8107 = ( GEOMETRIC_REPRESENTATION_CONTEXT(2) 
PARAMETRIC_REPRESENTATION_CONTEXT() REPRESENTATION_CONTEXT('2D SPACE',''
  ) );
#8108 = PCURVE('',#4369,#8109);
#8109 = DEFINITIONAL_REPRESENTATION('',(#8110),#8114);
#8110 = LINE('',#8111,#8112);
#8111 = CARTESIAN_POINT('',(13.233443998149,2.6));
#8112 = VECTOR('',#8113,1.);
#8113 = DIRECTION('',(0.,-1.));
#8114 = ( GEOMETRIC_REPRESENTATION_CONTEXT(2) 
PARAMETRIC_REPRESENTATION_CONTEXT() REPRESENTATION_CONTEXT('2D SPACE',''
  ) );
#8115 = ORIENTED_EDGE('',*,*,#8116,.F.);
#8116 = EDGE_CURVE('',#4303,#8094,#8117,.T.);
#8117 = SURFACE_CURVE('',#8118,(#8122,#8129),.PCURVE_S1.);
#8118 = LINE('',#8119,#8120);
#8119 = CARTESIAN_POINT('',(187.39285714285,8.763026483627,
    16.433443998149));
#8120 = VECTOR('',#8121,1.);
#8121 = DIRECTION('',(-1.110223024625E-16,-1.,0.));
#8122 = PCURVE('',#4000,#8123);
#8123 = DEFINITIONAL_REPRESENTATION('',(#8124),#8128);
#8124 = LINE('',#8125,#8126);
#8125 = CARTESIAN_POINT('',(1.,5.2));
#8126 = VECTOR('',#8127,1.);
#8127 = DIRECTION('',(-1.,0.));
#8128 = ( GEOMETRIC_REPRESENTATION_CONTEXT(2) 
PARAMETRIC_REPRESENTATION_CONTEXT() REPRESENTATION_CONTEXT('2D SPACE',''
  ) );
#8129 = PCURVE('',#4341,#8130);
#8130 = DEFINITIONAL_REPRESENTATION('',(#8131),#8135);
#8131 = LINE('',#8132,#8133);
#8132 = CARTESIAN_POINT('',(13.233443998149,-1.));
#8133 = VECTOR('',#8134,1.);
#8134 = DIRECTION('',(0.,-1.));
#8135 = ( GEOMETRIC_REPRESENTATION_CONTEXT(2) 
PARAMETRIC_REPRESENTATION_CONTEXT() REPRESENTATION_CONTEXT('2D SPACE',''
  ) );
#8136 = ORIENTED_EDGE('',*,*,#4302,.T.);
#8137 = ORIENTED_EDGE('',*,*,#8138,.T.);
#8138 = EDGE_CURVE('',#4275,#8139,#8141,.T.);
#8139 = VERTEX_POINT('',#8140);
#8140 = CARTESIAN_POINT('',(187.79285714285,90.893026483627,
    16.433443998149));
#8141 = SURFACE_CURVE('',#8142,(#8146,#8153),.PCURVE_S1.);
#8142 = LINE('',#8143,#8144);
#8143 = CARTESIAN_POINT('',(187.79285714285,9.363026483627,
    16.433443998149));
#8144 = VECTOR('',#8145,1.);
#8145 = DIRECTION('',(1.110223024625E-16,1.,0.));
#8146 = PCURVE('',#4000,#8147);
#8147 = DEFINITIONAL_REPRESENTATION('',(#8148),#8152);
#8148 = LINE('',#8149,#8150);
#8149 = CARTESIAN_POINT('',(1.6,4.8));
#8150 = VECTOR('',#8151,1.);
#8151 = DIRECTION('',(1.,0.));
#8152 = ( GEOMETRIC_REPRESENTATION_CONTEXT(2) 
PARAMETRIC_REPRESENTATION_CONTEXT() REPRESENTATION_CONTEXT('2D SPACE',''
  ) );
#8153 = PCURVE('',#4290,#8154);
#8154 = DEFINITIONAL_REPRESENTATION('',(#8155),#8159);
#8155 = LINE('',#8156,#8157);
#8156 = CARTESIAN_POINT('',(0.,0.));
#8157 = VECTOR('',#8158,1.);
#8158 = DIRECTION('',(0.,1.));
#8159 = ( GEOMETRIC_REPRESENTATION_CONTEXT(2) 
PARAMETRIC_REPRESENTATION_CONTEXT() REPRESENTATION_CONTEXT('2D SPACE',''
  ) );
#8160 = ORIENTED_EDGE('',*,*,#8161,.F.);
#8161 = EDGE_CURVE('',#8162,#8139,#8164,.T.);
#8162 = VERTEX_POINT('',#8163);
#8163 = CARTESIAN_POINT('',(190.54285714285,90.893026483627,
    16.433443998149));
#8164 = SURFACE_CURVE('',#8165,(#8169,#8176),.PCURVE_S1.);
#8165 = LINE('',#8166,#8167);
#8166 = CARTESIAN_POINT('',(190.54285714285,90.893026483627,
    16.433443998149));
#8167 = VECTOR('',#8168,1.);
#8168 = DIRECTION('',(-1.,1.110223024625E-16,0.));
#8169 = PCURVE('',#4000,#8170);
#8170 = DEFINITIONAL_REPRESENTATION('',(#8171),#8175);
#8171 = LINE('',#8172,#8173);
#8172 = CARTESIAN_POINT('',(83.13,2.05));
#8173 = VECTOR('',#8174,1.);
#8174 = DIRECTION('',(0.,1.));
#8175 = ( GEOMETRIC_REPRESENTATION_CONTEXT(2) 
PARAMETRIC_REPRESENTATION_CONTEXT() REPRESENTATION_CONTEXT('2D SPACE',''
  ) );
#8176 = PCURVE('',#4262,#8177);
#8177 = DEFINITIONAL_REPRESENTATION('',(#8178),#8182);
#8178 = LINE('',#8179,#8180);
#8179 = CARTESIAN_POINT('',(0.,0.));
#8180 = VECTOR('',#8181,1.);
#8181 = DIRECTION('',(0.,-1.));
#8182 = ( GEOMETRIC_REPRESENTATION_CONTEXT(2) 
PARAMETRIC_REPRESENTATION_CONTEXT() REPRESENTATION_CONTEXT('2D SPACE',''
  ) );
#8183 = ORIENTED_EDGE('',*,*,#8184,.T.);
#8184 = EDGE_CURVE('',#8162,#8185,#8187,.T.);
#8185 = VERTEX_POINT('',#8186);
#8186 = CARTESIAN_POINT('',(190.54285714285,104.89302648362,
    16.433443998149));
#8187 = SURFACE_CURVE('',#8188,(#8192,#8199),.PCURVE_S1.);
#8188 = LINE('',#8189,#8190);
#8189 = CARTESIAN_POINT('',(190.54285714285,90.893026483627,
    16.433443998149));
#8190 = VECTOR('',#8191,1.);
#8191 = DIRECTION('',(1.110223024625E-16,1.,0.));
#8192 = PCURVE('',#4000,#8193);
#8193 = DEFINITIONAL_REPRESENTATION('',(#8194),#8198);
#8194 = LINE('',#8195,#8196);
#8195 = CARTESIAN_POINT('',(83.13,2.05));
#8196 = VECTOR('',#8197,1.);
#8197 = DIRECTION('',(1.,0.));
#8198 = ( GEOMETRIC_REPRESENTATION_CONTEXT(2) 
PARAMETRIC_REPRESENTATION_CONTEXT() REPRESENTATION_CONTEXT('2D SPACE',''
  ) );
#8199 = PCURVE('',#4234,#8200);
#8200 = DEFINITIONAL_REPRESENTATION('',(#8201),#8205);
#8201 = LINE('',#8202,#8203);
#8202 = CARTESIAN_POINT('',(0.,0.));
#8203 = VECTOR('',#8204,1.);
#8204 = DIRECTION('',(0.,1.));
#8205 = ( GEOMETRIC_REPRESENTATION_CONTEXT(2) 
PARAMETRIC_REPRESENTATION_CONTEXT() REPRESENTATION_CONTEXT('2D SPACE',''
  ) );
#8206 = ORIENTED_EDGE('',*,*,#8207,.T.);
#8207 = EDGE_CURVE('',#8185,#8208,#8210,.T.);
#8208 = VERTEX_POINT('',#8209);
#8209 = CARTESIAN_POINT('',(187.79285714285,104.89302648362,
    16.433443998149));
#8210 = SURFACE_CURVE('',#8211,(#8215,#8222),.PCURVE_S1.);
#8211 = LINE('',#8212,#8213);
#8212 = CARTESIAN_POINT('',(190.54285714285,104.89302648362,
    16.433443998149));
#8213 = VECTOR('',#8214,1.);
#8214 = DIRECTION('',(-1.,1.110223024625E-16,0.));
#8215 = PCURVE('',#4000,#8216);
#8216 = DEFINITIONAL_REPRESENTATION('',(#8217),#8221);
#8217 = LINE('',#8218,#8219);
#8218 = CARTESIAN_POINT('',(97.13,2.05));
#8219 = VECTOR('',#8220,1.);
#8220 = DIRECTION('',(0.,1.));
#8221 = ( GEOMETRIC_REPRESENTATION_CONTEXT(2) 
PARAMETRIC_REPRESENTATION_CONTEXT() REPRESENTATION_CONTEXT('2D SPACE',''
  ) );
#8222 = PCURVE('',#4206,#8223);
#8223 = DEFINITIONAL_REPRESENTATION('',(#8224),#8228);
#8224 = LINE('',#8225,#8226);
#8225 = CARTESIAN_POINT('',(0.,0.));
#8226 = VECTOR('',#8227,1.);
#8227 = DIRECTION('',(0.,-1.));
#8228 = ( GEOMETRIC_REPRESENTATION_CONTEXT(2) 
PARAMETRIC_REPRESENTATION_CONTEXT() REPRESENTATION_CONTEXT('2D SPACE',''
  ) );
#8229 = ORIENTED_EDGE('',*,*,#8230,.T.);
#8230 = EDGE_CURVE('',#8208,#8231,#8233,.T.);
#8231 = VERTEX_POINT('',#8232);
#8232 = CARTESIAN_POINT('',(187.79285714285,123.03302648362,
    16.433443998149));
#8233 = SURFACE_CURVE('',#8234,(#8238,#8245),.PCURVE_S1.);
#8234 = LINE('',#8235,#8236);
#8235 = CARTESIAN_POINT('',(187.79285714285,9.363026483627,
    16.433443998149));
#8236 = VECTOR('',#8237,1.);
#8237 = DIRECTION('',(1.110223024625E-16,1.,0.));
#8238 = PCURVE('',#4000,#8239);
#8239 = DEFINITIONAL_REPRESENTATION('',(#8240),#8244);
#8240 = LINE('',#8241,#8242);
#8241 = CARTESIAN_POINT('',(1.6,4.8));
#8242 = VECTOR('',#8243,1.);
#8243 = DIRECTION('',(1.,0.));
#8244 = ( GEOMETRIC_REPRESENTATION_CONTEXT(2) 
PARAMETRIC_REPRESENTATION_CONTEXT() REPRESENTATION_CONTEXT('2D SPACE',''
  ) );
#8245 = PCURVE('',#4178,#8246);
#8246 = DEFINITIONAL_REPRESENTATION('',(#8247),#8251);
#8247 = LINE('',#8248,#8249);
#8248 = CARTESIAN_POINT('',(0.,0.));
#8249 = VECTOR('',#8250,1.);
#8250 = DIRECTION('',(0.,1.));
#8251 = ( GEOMETRIC_REPRESENTATION_CONTEXT(2) 
PARAMETRIC_REPRESENTATION_CONTEXT() REPRESENTATION_CONTEXT('2D SPACE',''
  ) );
#8252 = ORIENTED_EDGE('',*,*,#8253,.T.);
#8253 = EDGE_CURVE('',#8231,#7998,#8254,.T.);
#8254 = SURFACE_CURVE('',#8255,(#8259,#8266),.PCURVE_S1.);
#8255 = LINE('',#8256,#8257);
#8256 = CARTESIAN_POINT('',(187.79285714285,123.03302648362,
    16.433443998149));
#8257 = VECTOR('',#8258,1.);
#8258 = DIRECTION('',(-1.,1.110223024625E-16,0.));
#8259 = PCURVE('',#4000,#8260);
#8260 = DEFINITIONAL_REPRESENTATION('',(#8261),#8265);
#8261 = LINE('',#8262,#8263);
#8262 = CARTESIAN_POINT('',(115.27,4.8));
#8263 = VECTOR('',#8264,1.);
#8264 = DIRECTION('',(0.,1.));
#8265 = ( GEOMETRIC_REPRESENTATION_CONTEXT(2) 
PARAMETRIC_REPRESENTATION_CONTEXT() REPRESENTATION_CONTEXT('2D SPACE',''
  ) );
#8266 = PCURVE('',#4150,#8267);
#8267 = DEFINITIONAL_REPRESENTATION('',(#8268),#8272);
#8268 = LINE('',#8269,#8270);
#8269 = CARTESIAN_POINT('',(0.,0.));
#8270 = VECTOR('',#8271,1.);
#8271 = DIRECTION('',(0.,-1.));
#8272 = ( GEOMETRIC_REPRESENTATION_CONTEXT(2) 
PARAMETRIC_REPRESENTATION_CONTEXT() REPRESENTATION_CONTEXT('2D SPACE',''
  ) );
#8273 = ORIENTED_EDGE('',*,*,#7997,.T.);
#8274 = ORIENTED_EDGE('',*,*,#3984,.T.);
#8275 = ORIENTED_EDGE('',*,*,#8276,.F.);
#8276 = EDGE_CURVE('',#8277,#3957,#8279,.T.);
#8277 = VERTEX_POINT('',#8278);
#8278 = CARTESIAN_POINT('',(142.21785714285,123.03302648362,
    16.433443998149));
#8279 = SURFACE_CURVE('',#8280,(#8284,#8291),.PCURVE_S1.);
#8280 = LINE('',#8281,#8282);
#8281 = CARTESIAN_POINT('',(142.21785714285,121.13302648362,
    16.433443998149));
#8282 = VECTOR('',#8283,1.);
#8283 = DIRECTION('',(1.110223024625E-16,1.,0.));
#8284 = PCURVE('',#4000,#8285);
#8285 = DEFINITIONAL_REPRESENTATION('',(#8286),#8290);
#8286 = LINE('',#8287,#8288);
#8287 = CARTESIAN_POINT('',(113.37,50.375));
#8288 = VECTOR('',#8289,1.);
#8289 = DIRECTION('',(1.,0.));
#8290 = ( GEOMETRIC_REPRESENTATION_CONTEXT(2) 
PARAMETRIC_REPRESENTATION_CONTEXT() REPRESENTATION_CONTEXT('2D SPACE',''
  ) );
#8291 = PCURVE('',#3972,#8292);
#8292 = DEFINITIONAL_REPRESENTATION('',(#8293),#8297);
#8293 = LINE('',#8294,#8295);
#8294 = CARTESIAN_POINT('',(0.,0.));
#8295 = VECTOR('',#8296,1.);
#8296 = DIRECTION('',(0.,1.));
#8297 = ( GEOMETRIC_REPRESENTATION_CONTEXT(2) 
PARAMETRIC_REPRESENTATION_CONTEXT() REPRESENTATION_CONTEXT('2D SPACE',''
  ) );
#8298 = ORIENTED_EDGE('',*,*,#8299,.T.);
#8299 = EDGE_CURVE('',#8277,#8300,#8302,.T.);
#8300 = VERTEX_POINT('',#8301);
#8301 = CARTESIAN_POINT('',(108.64285714285,123.03302648362,
    16.433443998149));
#8302 = SURFACE_CURVE('',#8303,(#8307,#8314),.PCURVE_S1.);
#8303 = LINE('',#8304,#8305);
#8304 = CARTESIAN_POINT('',(187.79285714285,123.03302648362,
    16.433443998149));
#8305 = VECTOR('',#8306,1.);
#8306 = DIRECTION('',(-1.,1.110223024625E-16,0.));
#8307 = PCURVE('',#4000,#8308);
#8308 = DEFINITIONAL_REPRESENTATION('',(#8309),#8313);
#8309 = LINE('',#8310,#8311);
#8310 = CARTESIAN_POINT('',(115.27,4.8));
#8311 = VECTOR('',#8312,1.);
#8312 = DIRECTION('',(0.,1.));
#8313 = ( GEOMETRIC_REPRESENTATION_CONTEXT(2) 
PARAMETRIC_REPRESENTATION_CONTEXT() REPRESENTATION_CONTEXT('2D SPACE',''
  ) );
#8314 = PCURVE('',#4588,#8315);
#8315 = DEFINITIONAL_REPRESENTATION('',(#8316),#8320);
#8316 = LINE('',#8317,#8318);
#8317 = CARTESIAN_POINT('',(0.,0.));
#8318 = VECTOR('',#8319,1.);
#8319 = DIRECTION('',(0.,-1.));
#8320 = ( GEOMETRIC_REPRESENTATION_CONTEXT(2) 
PARAMETRIC_REPRESENTATION_CONTEXT() REPRESENTATION_CONTEXT('2D SPACE',''
  ) );
#8321 = ORIENTED_EDGE('',*,*,#8322,.F.);
#8322 = EDGE_CURVE('',#8323,#8300,#8325,.T.);
#8323 = VERTEX_POINT('',#8324);
#8324 = CARTESIAN_POINT('',(108.64285714285,104.89302648362,
    16.433443998149));
#8325 = SURFACE_CURVE('',#8326,(#8330,#8337),.PCURVE_S1.);
#8326 = LINE('',#8327,#8328);
#8327 = CARTESIAN_POINT('',(108.64285714285,9.363026483627,
    16.433443998149));
#8328 = VECTOR('',#8329,1.);
#8329 = DIRECTION('',(1.110223024625E-16,1.,0.));
#8330 = PCURVE('',#4000,#8331);
#8331 = DEFINITIONAL_REPRESENTATION('',(#8332),#8336);
#8332 = LINE('',#8333,#8334);
#8333 = CARTESIAN_POINT('',(1.6,83.95));
#8334 = VECTOR('',#8335,1.);
#8335 = DIRECTION('',(1.,0.));
#8336 = ( GEOMETRIC_REPRESENTATION_CONTEXT(2) 
PARAMETRIC_REPRESENTATION_CONTEXT() REPRESENTATION_CONTEXT('2D SPACE',''
  ) );
#8337 = PCURVE('',#4560,#8338);
#8338 = DEFINITIONAL_REPRESENTATION('',(#8339),#8343);
#8339 = LINE('',#8340,#8341);
#8340 = CARTESIAN_POINT('',(0.,0.));
#8341 = VECTOR('',#8342,1.);
#8342 = DIRECTION('',(0.,1.));
#8343 = ( GEOMETRIC_REPRESENTATION_CONTEXT(2) 
PARAMETRIC_REPRESENTATION_CONTEXT() REPRESENTATION_CONTEXT('2D SPACE',''
  ) );
#8344 = ORIENTED_EDGE('',*,*,#8345,.T.);
#8345 = EDGE_CURVE('',#8323,#8346,#8348,.T.);
#8346 = VERTEX_POINT('',#8347);
#8347 = CARTESIAN_POINT('',(105.89285714285,104.89302648362,
    16.433443998149));
#8348 = SURFACE_CURVE('',#8349,(#8353,#8360),.PCURVE_S1.);
#8349 = LINE('',#8350,#8351);
#8350 = CARTESIAN_POINT('',(109.64285714285,104.89302648362,
    16.433443998149));
#8351 = VECTOR('',#8352,1.);
#8352 = DIRECTION('',(-1.,1.110223024625E-16,0.));
#8353 = PCURVE('',#4000,#8354);
#8354 = DEFINITIONAL_REPRESENTATION('',(#8355),#8359);
#8355 = LINE('',#8356,#8357);
#8356 = CARTESIAN_POINT('',(97.13,82.95));
#8357 = VECTOR('',#8358,1.);
#8358 = DIRECTION('',(0.,1.));
#8359 = ( GEOMETRIC_REPRESENTATION_CONTEXT(2) 
PARAMETRIC_REPRESENTATION_CONTEXT() REPRESENTATION_CONTEXT('2D SPACE',''
  ) );
#8360 = PCURVE('',#4532,#8361);
#8361 = DEFINITIONAL_REPRESENTATION('',(#8362),#8366);
#8362 = LINE('',#8363,#8364);
#8363 = CARTESIAN_POINT('',(0.,0.));
#8364 = VECTOR('',#8365,1.);
#8365 = DIRECTION('',(0.,-1.));
#8366 = ( GEOMETRIC_REPRESENTATION_CONTEXT(2) 
PARAMETRIC_REPRESENTATION_CONTEXT() REPRESENTATION_CONTEXT('2D SPACE',''
  ) );
#8367 = ORIENTED_EDGE('',*,*,#8368,.F.);
#8368 = EDGE_CURVE('',#8369,#8346,#8371,.T.);
#8369 = VERTEX_POINT('',#8370);
#8370 = CARTESIAN_POINT('',(105.89285714285,90.893026483627,
    16.433443998149));
#8371 = SURFACE_CURVE('',#8372,(#8376,#8383),.PCURVE_S1.);
#8372 = LINE('',#8373,#8374);
#8373 = CARTESIAN_POINT('',(105.89285714285,90.893026483627,
    16.433443998149));
#8374 = VECTOR('',#8375,1.);
#8375 = DIRECTION('',(1.110223024625E-16,1.,0.));
#8376 = PCURVE('',#4000,#8377);
#8377 = DEFINITIONAL_REPRESENTATION('',(#8378),#8382);
#8378 = LINE('',#8379,#8380);
#8379 = CARTESIAN_POINT('',(83.13,86.7));
#8380 = VECTOR('',#8381,1.);
#8381 = DIRECTION('',(1.,0.));
#8382 = ( GEOMETRIC_REPRESENTATION_CONTEXT(2) 
PARAMETRIC_REPRESENTATION_CONTEXT() REPRESENTATION_CONTEXT('2D SPACE',''
  ) );
#8383 = PCURVE('',#4504,#8384);
#8384 = DEFINITIONAL_REPRESENTATION('',(#8385),#8389);
#8385 = LINE('',#8386,#8387);
#8386 = CARTESIAN_POINT('',(0.,0.));
#8387 = VECTOR('',#8388,1.);
#8388 = DIRECTION('',(0.,1.));
#8389 = ( GEOMETRIC_REPRESENTATION_CONTEXT(2) 
PARAMETRIC_REPRESENTATION_CONTEXT() REPRESENTATION_CONTEXT('2D SPACE',''
  ) );
#8390 = ORIENTED_EDGE('',*,*,#8391,.F.);
#8391 = EDGE_CURVE('',#8047,#8369,#8392,.T.);
#8392 = SURFACE_CURVE('',#8393,(#8397,#8404),.PCURVE_S1.);
#8393 = LINE('',#8394,#8395);
#8394 = CARTESIAN_POINT('',(109.64285714285,90.893026483627,
    16.433443998149));
#8395 = VECTOR('',#8396,1.);
#8396 = DIRECTION('',(-1.,1.110223024625E-16,0.));
#8397 = PCURVE('',#4000,#8398);
#8398 = DEFINITIONAL_REPRESENTATION('',(#8399),#8403);
#8399 = LINE('',#8400,#8401);
#8400 = CARTESIAN_POINT('',(83.13,82.95));
#8401 = VECTOR('',#8402,1.);
#8402 = DIRECTION('',(0.,1.));
#8403 = ( GEOMETRIC_REPRESENTATION_CONTEXT(2) 
PARAMETRIC_REPRESENTATION_CONTEXT() REPRESENTATION_CONTEXT('2D SPACE',''
  ) );
#8404 = PCURVE('',#4476,#8405);
#8405 = DEFINITIONAL_REPRESENTATION('',(#8406),#8410);
#8406 = LINE('',#8407,#8408);
#8407 = CARTESIAN_POINT('',(0.,0.));
#8408 = VECTOR('',#8409,1.);
#8409 = DIRECTION('',(0.,-1.));
#8410 = ( GEOMETRIC_REPRESENTATION_CONTEXT(2) 
PARAMETRIC_REPRESENTATION_CONTEXT() REPRESENTATION_CONTEXT('2D SPACE',''
  ) );
#8411 = FACE_BOUND('',#8412,.T.);
#8412 = EDGE_LOOP('',(#8413,#8443,#8471,#8499));
#8413 = ORIENTED_EDGE('',*,*,#8414,.T.);
#8414 = EDGE_CURVE('',#8415,#8417,#8419,.T.);
#8415 = VERTEX_POINT('',#8416);
#8416 = CARTESIAN_POINT('',(180.82285714285,14.403026483627,
    16.433443998149));
#8417 = VERTEX_POINT('',#8418);
#8418 = CARTESIAN_POINT('',(115.61285714285,14.403026483627,
    16.433443998149));
#8419 = SURFACE_CURVE('',#8420,(#8424,#8431),.PCURVE_S1.);
#8420 = LINE('',#8421,#8422);
#8421 = CARTESIAN_POINT('',(180.82285714285,14.403026483627,
    16.433443998149));
#8422 = VECTOR('',#8423,1.);
#8423 = DIRECTION('',(-1.,1.110223024625E-16,0.));
#8424 = PCURVE('',#4000,#8425);
#8425 = DEFINITIONAL_REPRESENTATION('',(#8426),#8430);
#8426 = LINE('',#8427,#8428);
#8427 = CARTESIAN_POINT('',(6.64,11.77));
#8428 = VECTOR('',#8429,1.);
#8429 = DIRECTION('',(0.,1.));
#8430 = ( GEOMETRIC_REPRESENTATION_CONTEXT(2) 
PARAMETRIC_REPRESENTATION_CONTEXT() REPRESENTATION_CONTEXT('2D SPACE',''
  ) );
#8431 = PCURVE('',#8432,#8437);
#8432 = PLANE('',#8433);
#8433 = AXIS2_PLACEMENT_3D('',#8434,#8435,#8436);
#8434 = CARTESIAN_POINT('',(180.82285714285,14.403026483627,
    15.233443998149));
#8435 = DIRECTION('',(1.110223024625E-16,1.,0.));
#8436 = DIRECTION('',(0.,0.,1.));
#8437 = DEFINITIONAL_REPRESENTATION('',(#8438),#8442);
#8438 = LINE('',#8439,#8440);
#8439 = CARTESIAN_POINT('',(1.2,0.));
#8440 = VECTOR('',#8441,1.);
#8441 = DIRECTION('',(0.,-1.));
#8442 = ( GEOMETRIC_REPRESENTATION_CONTEXT(2) 
PARAMETRIC_REPRESENTATION_CONTEXT() REPRESENTATION_CONTEXT('2D SPACE',''
  ) );
#8443 = ORIENTED_EDGE('',*,*,#8444,.T.);
#8444 = EDGE_CURVE('',#8417,#8445,#8447,.T.);
#8445 = VERTEX_POINT('',#8446);
#8446 = CARTESIAN_POINT('',(115.61285714285,105.00302648362,
    16.433443998149));
#8447 = SURFACE_CURVE('',#8448,(#8452,#8459),.PCURVE_S1.);
#8448 = LINE('',#8449,#8450);
#8449 = CARTESIAN_POINT('',(115.61285714285,14.403026483627,
    16.433443998149));
#8450 = VECTOR('',#8451,1.);
#8451 = DIRECTION('',(1.110223024625E-16,1.,0.));
#8452 = PCURVE('',#4000,#8453);
#8453 = DEFINITIONAL_REPRESENTATION('',(#8454),#8458);
#8454 = LINE('',#8455,#8456);
#8455 = CARTESIAN_POINT('',(6.64,76.98));
#8456 = VECTOR('',#8457,1.);
#8457 = DIRECTION('',(1.,0.));
#8458 = ( GEOMETRIC_REPRESENTATION_CONTEXT(2) 
PARAMETRIC_REPRESENTATION_CONTEXT() REPRESENTATION_CONTEXT('2D SPACE',''
  ) );
#8459 = PCURVE('',#8460,#8465);
#8460 = PLANE('',#8461);
#8461 = AXIS2_PLACEMENT_3D('',#8462,#8463,#8464);
#8462 = CARTESIAN_POINT('',(115.61285714285,14.403026483627,
    15.233443998149));
#8463 = DIRECTION('',(-1.,1.110223024625E-16,0.));
#8464 = DIRECTION('',(0.,0.,1.));
#8465 = DEFINITIONAL_REPRESENTATION('',(#8466),#8470);
#8466 = LINE('',#8467,#8468);
#8467 = CARTESIAN_POINT('',(1.2,0.));
#8468 = VECTOR('',#8469,1.);
#8469 = DIRECTION('',(0.,1.));
#8470 = ( GEOMETRIC_REPRESENTATION_CONTEXT(2) 
PARAMETRIC_REPRESENTATION_CONTEXT() REPRESENTATION_CONTEXT('2D SPACE',''
  ) );
#8471 = ORIENTED_EDGE('',*,*,#8472,.F.);
#8472 = EDGE_CURVE('',#8473,#8445,#8475,.T.);
#8473 = VERTEX_POINT('',#8474);
#8474 = CARTESIAN_POINT('',(180.82285714285,105.00302648362,
    16.433443998149));
#8475 = SURFACE_CURVE('',#8476,(#8480,#8487),.PCURVE_S1.);
#8476 = LINE('',#8477,#8478);
#8477 = CARTESIAN_POINT('',(180.82285714285,105.00302648362,
    16.433443998149));
#8478 = VECTOR('',#8479,1.);
#8479 = DIRECTION('',(-1.,1.110223024625E-16,0.));
#8480 = PCURVE('',#4000,#8481);
#8481 = DEFINITIONAL_REPRESENTATION('',(#8482),#8486);
#8482 = LINE('',#8483,#8484);
#8483 = CARTESIAN_POINT('',(97.24,11.77));
#8484 = VECTOR('',#8485,1.);
#8485 = DIRECTION('',(0.,1.));
#8486 = ( GEOMETRIC_REPRESENTATION_CONTEXT(2) 
PARAMETRIC_REPRESENTATION_CONTEXT() REPRESENTATION_CONTEXT('2D SPACE',''
  ) );
#8487 = PCURVE('',#8488,#8493);
#8488 = PLANE('',#8489);
#8489 = AXIS2_PLACEMENT_3D('',#8490,#8491,#8492);
#8490 = CARTESIAN_POINT('',(180.82285714285,105.00302648362,
    15.233443998149));
#8491 = DIRECTION('',(1.110223024625E-16,1.,0.));
#8492 = DIRECTION('',(0.,0.,1.));
#8493 = DEFINITIONAL_REPRESENTATION('',(#8494),#8498);
#8494 = LINE('',#8495,#8496);
#8495 = CARTESIAN_POINT('',(1.2,0.));
#8496 = VECTOR('',#8497,1.);
#8497 = DIRECTION('',(0.,-1.));
#8498 = ( GEOMETRIC_REPRESENTATION_CONTEXT(2) 
PARAMETRIC_REPRESENTATION_CONTEXT() REPRESENTATION_CONTEXT('2D SPACE',''
  ) );
#8499 = ORIENTED_EDGE('',*,*,#8500,.F.);
#8500 = EDGE_CURVE('',#8415,#8473,#8501,.T.);
#8501 = SURFACE_CURVE('',#8502,(#8506,#8513),.PCURVE_S1.);
#8502 = LINE('',#8503,#8504);
#8503 = CARTESIAN_POINT('',(180.82285714285,14.403026483627,
    16.433443998149));
#8504 = VECTOR('',#8505,1.);
#8505 = DIRECTION('',(1.110223024625E-16,1.,0.));
#8506 = PCURVE('',#4000,#8507);
#8507 = DEFINITIONAL_REPRESENTATION('',(#8508),#8512);
#8508 = LINE('',#8509,#8510);
#8509 = CARTESIAN_POINT('',(6.64,11.77));
#8510 = VECTOR('',#8511,1.);
#8511 = DIRECTION('',(1.,0.));
#8512 = ( GEOMETRIC_REPRESENTATION_CONTEXT(2) 
PARAMETRIC_REPRESENTATION_CONTEXT() REPRESENTATION_CONTEXT('2D SPACE',''
  ) );
#8513 = PCURVE('',#8514,#8519);
#8514 = PLANE('',#8515);
#8515 = AXIS2_PLACEMENT_3D('',#8516,#8517,#8518);
#8516 = CARTESIAN_POINT('',(180.82285714285,14.403026483627,
    15.233443998149));
#8517 = DIRECTION('',(-1.,1.110223024625E-16,0.));
#8518 = DIRECTION('',(0.,0.,1.));
#8519 = DEFINITIONAL_REPRESENTATION('',(#8520),#8524);
#8520 = LINE('',#8521,#8522);
#8521 = CARTESIAN_POINT('',(1.2,0.));
#8522 = VECTOR('',#8523,1.);
#8523 = DIRECTION('',(0.,1.));
#8524 = ( GEOMETRIC_REPRESENTATION_CONTEXT(2) 
PARAMETRIC_REPRESENTATION_CONTEXT() REPRESENTATION_CONTEXT('2D SPACE',''
  ) );
#8525 = ADVANCED_FACE('',(#8526),#3972,.F.);
#8526 = FACE_BOUND('',#8527,.F.);
#8527 = EDGE_LOOP('',(#8528,#8529,#8550,#8551));
#8528 = ORIENTED_EDGE('',*,*,#8276,.F.);
#8529 = ORIENTED_EDGE('',*,*,#8530,.T.);
#8530 = EDGE_CURVE('',#8277,#4573,#8531,.T.);
#8531 = SURFACE_CURVE('',#8532,(#8536,#8543),.PCURVE_S1.);
#8532 = LINE('',#8533,#8534);
#8533 = CARTESIAN_POINT('',(142.21785714285,123.03302648362,
    16.433443998149));
#8534 = VECTOR('',#8535,1.);
#8535 = DIRECTION('',(0.,0.,1.));
#8536 = PCURVE('',#3972,#8537);
#8537 = DEFINITIONAL_REPRESENTATION('',(#8538),#8542);
#8538 = LINE('',#8539,#8540);
#8539 = CARTESIAN_POINT('',(0.,1.9));
#8540 = VECTOR('',#8541,1.);
#8541 = DIRECTION('',(1.,0.));
#8542 = ( GEOMETRIC_REPRESENTATION_CONTEXT(2) 
PARAMETRIC_REPRESENTATION_CONTEXT() REPRESENTATION_CONTEXT('2D SPACE',''
  ) );
#8543 = PCURVE('',#4588,#8544);
#8544 = DEFINITIONAL_REPRESENTATION('',(#8545),#8549);
#8545 = LINE('',#8546,#8547);
#8546 = CARTESIAN_POINT('',(0.,-45.575));
#8547 = VECTOR('',#8548,1.);
#8548 = DIRECTION('',(1.,0.));
#8549 = ( GEOMETRIC_REPRESENTATION_CONTEXT(2) 
PARAMETRIC_REPRESENTATION_CONTEXT() REPRESENTATION_CONTEXT('2D SPACE',''
  ) );
#8550 = ORIENTED_EDGE('',*,*,#4600,.F.);
#8551 = ORIENTED_EDGE('',*,*,#3956,.F.);
#8552 = ADVANCED_FACE('',(#8553),#3921,.T.);
#8553 = FACE_BOUND('',#8554,.T.);
#8554 = EDGE_LOOP('',(#8555,#8556,#8557,#8580,#8606,#8632,#8658,#8686,
    #8712,#8738,#8764,#8792,#8818,#8844,#8863,#8864));
#8555 = ORIENTED_EDGE('',*,*,#4065,.F.);
#8556 = ORIENTED_EDGE('',*,*,#3905,.T.);
#8557 = ORIENTED_EDGE('',*,*,#8558,.F.);
#8558 = EDGE_CURVE('',#8559,#3878,#8561,.T.);
#8559 = VERTEX_POINT('',#8560);
#8560 = CARTESIAN_POINT('',(103.84285714285,110.5,3.2));
#8561 = SURFACE_CURVE('',#8562,(#8566,#8573),.PCURVE_S1.);
#8562 = LINE('',#8563,#8564);
#8563 = CARTESIAN_POINT('',(103.84285714285,7.763026483627,3.2));
#8564 = VECTOR('',#8565,1.);
#8565 = DIRECTION('',(1.110223024625E-16,1.,0.));
#8566 = PCURVE('',#3921,#8567);
#8567 = DEFINITIONAL_REPRESENTATION('',(#8568),#8572);
#8568 = LINE('',#8569,#8570);
#8569 = CARTESIAN_POINT('',(0.,0.));
#8570 = VECTOR('',#8571,1.);
#8571 = DIRECTION('',(0.,1.));
#8572 = ( GEOMETRIC_REPRESENTATION_CONTEXT(2) 
PARAMETRIC_REPRESENTATION_CONTEXT() REPRESENTATION_CONTEXT('2D SPACE',''
  ) );
#8573 = PCURVE('',#3893,#8574);
#8574 = DEFINITIONAL_REPRESENTATION('',(#8575),#8579);
#8575 = LINE('',#8576,#8577);
#8576 = CARTESIAN_POINT('',(100.64285714285,4.563026483627));
#8577 = VECTOR('',#8578,1.);
#8578 = DIRECTION('',(1.110223024625E-16,1.));
#8579 = ( GEOMETRIC_REPRESENTATION_CONTEXT(2) 
PARAMETRIC_REPRESENTATION_CONTEXT() REPRESENTATION_CONTEXT('2D SPACE',''
  ) );
#8580 = ORIENTED_EDGE('',*,*,#8581,.F.);
#8581 = EDGE_CURVE('',#8582,#8559,#8584,.T.);
#8582 = VERTEX_POINT('',#8583);
#8583 = CARTESIAN_POINT('',(103.84285714285,110.5,11.2));
#8584 = SURFACE_CURVE('',#8585,(#8589,#8595),.PCURVE_S1.);
#8585 = LINE('',#8586,#8587);
#8586 = CARTESIAN_POINT('',(103.84285714285,110.5,3.2));
#8587 = VECTOR('',#8588,1.);
#8588 = DIRECTION('',(0.,0.,-1.));
#8589 = PCURVE('',#3921,#8590);
#8590 = DEFINITIONAL_REPRESENTATION('',(#8591),#8594);
#8591 = B_SPLINE_CURVE_WITH_KNOTS('',1,(#8592,#8593),.UNSPECIFIED.,.F.,
  .F.,(2,2),(-8.,0.),.PIECEWISE_BEZIER_KNOTS.);
#8592 = CARTESIAN_POINT('',(8.,102.73697351637));
#8593 = CARTESIAN_POINT('',(0.,102.73697351637));
#8594 = ( GEOMETRIC_REPRESENTATION_CONTEXT(2) 
PARAMETRIC_REPRESENTATION_CONTEXT() REPRESENTATION_CONTEXT('2D SPACE',''
  ) );
#8595 = PCURVE('',#8596,#8601);
#8596 = PLANE('',#8597);
#8597 = AXIS2_PLACEMENT_3D('',#8598,#8599,#8600);
#8598 = CARTESIAN_POINT('',(91.25,110.5,3.2));
#8599 = DIRECTION('',(0.,1.,0.));
#8600 = DIRECTION('',(0.,0.,1.));
#8601 = DEFINITIONAL_REPRESENTATION('',(#8602),#8605);
#8602 = B_SPLINE_CURVE_WITH_KNOTS('',1,(#8603,#8604),.UNSPECIFIED.,.F.,
  .F.,(2,2),(-8.,0.),.PIECEWISE_BEZIER_KNOTS.);
#8603 = CARTESIAN_POINT('',(8.,12.592857142857));
#8604 = CARTESIAN_POINT('',(0.,12.592857142857));
#8605 = ( GEOMETRIC_REPRESENTATION_CONTEXT(2) 
PARAMETRIC_REPRESENTATION_CONTEXT() REPRESENTATION_CONTEXT('2D SPACE',''
  ) );
#8606 = ORIENTED_EDGE('',*,*,#8607,.F.);
#8607 = EDGE_CURVE('',#8608,#8582,#8610,.T.);
#8608 = VERTEX_POINT('',#8609);
#8609 = CARTESIAN_POINT('',(103.84285714285,105.5,11.2));
#8610 = SURFACE_CURVE('',#8611,(#8615,#8621),.PCURVE_S1.);
#8611 = LINE('',#8612,#8613);
#8612 = CARTESIAN_POINT('',(103.84285714285,56.631513241813,11.2));
#8613 = VECTOR('',#8614,1.);
#8614 = DIRECTION('',(1.110223024625E-16,1.,-0.));
#8615 = PCURVE('',#3921,#8616);
#8616 = DEFINITIONAL_REPRESENTATION('',(#8617),#8620);
#8617 = B_SPLINE_CURVE_WITH_KNOTS('',1,(#8618,#8619),.UNSPECIFIED.,.F.,
  .F.,(2,2),(48.868486758187,53.868486758187),.PIECEWISE_BEZIER_KNOTS.);
#8618 = CARTESIAN_POINT('',(8.,97.736973516373));
#8619 = CARTESIAN_POINT('',(8.,102.73697351637));
#8620 = ( GEOMETRIC_REPRESENTATION_CONTEXT(2) 
PARAMETRIC_REPRESENTATION_CONTEXT() REPRESENTATION_CONTEXT('2D SPACE',''
  ) );
#8621 = PCURVE('',#8622,#8627);
#8622 = PLANE('',#8623);
#8623 = AXIS2_PLACEMENT_3D('',#8624,#8625,#8626);
#8624 = CARTESIAN_POINT('',(91.25,105.5,11.2));
#8625 = DIRECTION('',(0.,0.,1.));
#8626 = DIRECTION('',(1.,0.,0.));
#8627 = DEFINITIONAL_REPRESENTATION('',(#8628),#8631);
#8628 = B_SPLINE_CURVE_WITH_KNOTS('',1,(#8629,#8630),.UNSPECIFIED.,.F.,
  .F.,(2,2),(48.868486758187,53.868486758187),.PIECEWISE_BEZIER_KNOTS.);
#8629 = CARTESIAN_POINT('',(12.592857142857,0.));
#8630 = CARTESIAN_POINT('',(12.592857142857,5.));
#8631 = ( GEOMETRIC_REPRESENTATION_CONTEXT(2) 
PARAMETRIC_REPRESENTATION_CONTEXT() REPRESENTATION_CONTEXT('2D SPACE',''
  ) );
#8632 = ORIENTED_EDGE('',*,*,#8633,.T.);
#8633 = EDGE_CURVE('',#8608,#8634,#8636,.T.);
#8634 = VERTEX_POINT('',#8635);
#8635 = CARTESIAN_POINT('',(103.84285714285,105.5,3.2));
#8636 = SURFACE_CURVE('',#8637,(#8641,#8647),.PCURVE_S1.);
#8637 = LINE('',#8638,#8639);
#8638 = CARTESIAN_POINT('',(103.84285714285,105.5,3.2));
#8639 = VECTOR('',#8640,1.);
#8640 = DIRECTION('',(0.,0.,-1.));
#8641 = PCURVE('',#3921,#8642);
#8642 = DEFINITIONAL_REPRESENTATION('',(#8643),#8646);
#8643 = B_SPLINE_CURVE_WITH_KNOTS('',1,(#8644,#8645),.UNSPECIFIED.,.F.,
  .F.,(2,2),(-8.,0.),.PIECEWISE_BEZIER_KNOTS.);
#8644 = CARTESIAN_POINT('',(8.,97.736973516373));
#8645 = CARTESIAN_POINT('',(0.,97.736973516373));
#8646 = ( GEOMETRIC_REPRESENTATION_CONTEXT(2) 
PARAMETRIC_REPRESENTATION_CONTEXT() REPRESENTATION_CONTEXT('2D SPACE',''
  ) );
#8647 = PCURVE('',#8648,#8653);
#8648 = PLANE('',#8649);
#8649 = AXIS2_PLACEMENT_3D('',#8650,#8651,#8652);
#8650 = CARTESIAN_POINT('',(91.25,105.5,3.2));
#8651 = DIRECTION('',(0.,1.,0.));
#8652 = DIRECTION('',(0.,0.,1.));
#8653 = DEFINITIONAL_REPRESENTATION('',(#8654),#8657);
#8654 = B_SPLINE_CURVE_WITH_KNOTS('',1,(#8655,#8656),.UNSPECIFIED.,.F.,
  .F.,(2,2),(-8.,0.),.PIECEWISE_BEZIER_KNOTS.);
#8655 = CARTESIAN_POINT('',(8.,12.592857142857));
#8656 = CARTESIAN_POINT('',(0.,12.592857142857));
#8657 = ( GEOMETRIC_REPRESENTATION_CONTEXT(2) 
PARAMETRIC_REPRESENTATION_CONTEXT() REPRESENTATION_CONTEXT('2D SPACE',''
  ) );
#8658 = ORIENTED_EDGE('',*,*,#8659,.F.);
#8659 = EDGE_CURVE('',#8660,#8634,#8662,.T.);
#8660 = VERTEX_POINT('',#8661);
#8661 = CARTESIAN_POINT('',(103.84285714285,68.5,3.2));
#8662 = SURFACE_CURVE('',#8663,(#8667,#8674),.PCURVE_S1.);
#8663 = LINE('',#8664,#8665);
#8664 = CARTESIAN_POINT('',(103.84285714285,7.763026483627,3.2));
#8665 = VECTOR('',#8666,1.);
#8666 = DIRECTION('',(1.110223024625E-16,1.,0.));
#8667 = PCURVE('',#3921,#8668);
#8668 = DEFINITIONAL_REPRESENTATION('',(#8669),#8673);
#8669 = LINE('',#8670,#8671);
#8670 = CARTESIAN_POINT('',(0.,0.));
#8671 = VECTOR('',#8672,1.);
#8672 = DIRECTION('',(0.,1.));
#8673 = ( GEOMETRIC_REPRESENTATION_CONTEXT(2) 
PARAMETRIC_REPRESENTATION_CONTEXT() REPRESENTATION_CONTEXT('2D SPACE',''
  ) );
#8674 = PCURVE('',#8675,#8680);
#8675 = PLANE('',#8676);
#8676 = AXIS2_PLACEMENT_3D('',#8677,#8678,#8679);
#8677 = CARTESIAN_POINT('',(3.2,3.2,3.2));
#8678 = DIRECTION('',(0.,0.,1.));
#8679 = DIRECTION('',(1.,0.,0.));
#8680 = DEFINITIONAL_REPRESENTATION('',(#8681),#8685);
#8681 = LINE('',#8682,#8683);
#8682 = CARTESIAN_POINT('',(100.64285714285,4.563026483627));
#8683 = VECTOR('',#8684,1.);
#8684 = DIRECTION('',(1.110223024625E-16,1.));
#8685 = ( GEOMETRIC_REPRESENTATION_CONTEXT(2) 
PARAMETRIC_REPRESENTATION_CONTEXT() REPRESENTATION_CONTEXT('2D SPACE',''
  ) );
#8686 = ORIENTED_EDGE('',*,*,#8687,.F.);
#8687 = EDGE_CURVE('',#8688,#8660,#8690,.T.);
#8688 = VERTEX_POINT('',#8689);
#8689 = CARTESIAN_POINT('',(103.84285714285,68.5,11.2));
#8690 = SURFACE_CURVE('',#8691,(#8695,#8701),.PCURVE_S1.);
#8691 = LINE('',#8692,#8693);
#8692 = CARTESIAN_POINT('',(103.84285714285,68.5,3.2));
#8693 = VECTOR('',#8694,1.);
#8694 = DIRECTION('',(0.,0.,-1.));
#8695 = PCURVE('',#3921,#8696);
#8696 = DEFINITIONAL_REPRESENTATION('',(#8697),#8700);
#8697 = B_SPLINE_CURVE_WITH_KNOTS('',1,(#8698,#8699),.UNSPECIFIED.,.F.,
  .F.,(2,2),(-8.,0.),.PIECEWISE_BEZIER_KNOTS.);
#8698 = CARTESIAN_POINT('',(8.,60.736973516373));
#8699 = CARTESIAN_POINT('',(0.,60.736973516373));
#8700 = ( GEOMETRIC_REPRESENTATION_CONTEXT(2) 
PARAMETRIC_REPRESENTATION_CONTEXT() REPRESENTATION_CONTEXT('2D SPACE',''
  ) );
#8701 = PCURVE('',#8702,#8707);
#8702 = PLANE('',#8703);
#8703 = AXIS2_PLACEMENT_3D('',#8704,#8705,#8706);
#8704 = CARTESIAN_POINT('',(91.25,68.5,3.2));
#8705 = DIRECTION('',(0.,1.,0.));
#8706 = DIRECTION('',(0.,0.,1.));
#8707 = DEFINITIONAL_REPRESENTATION('',(#8708),#8711);
#8708 = B_SPLINE_CURVE_WITH_KNOTS('',1,(#8709,#8710),.UNSPECIFIED.,.F.,
  .F.,(2,2),(-8.,0.),.PIECEWISE_BEZIER_KNOTS.);
#8709 = CARTESIAN_POINT('',(8.,12.592857142857));
#8710 = CARTESIAN_POINT('',(0.,12.592857142857));
#8711 = ( GEOMETRIC_REPRESENTATION_CONTEXT(2) 
PARAMETRIC_REPRESENTATION_CONTEXT() REPRESENTATION_CONTEXT('2D SPACE',''
  ) );
#8712 = ORIENTED_EDGE('',*,*,#8713,.F.);
#8713 = EDGE_CURVE('',#8714,#8688,#8716,.T.);
#8714 = VERTEX_POINT('',#8715);
#8715 = CARTESIAN_POINT('',(103.84285714285,63.5,11.2));
#8716 = SURFACE_CURVE('',#8717,(#8721,#8727),.PCURVE_S1.);
#8717 = LINE('',#8718,#8719);
#8718 = CARTESIAN_POINT('',(103.84285714285,35.631513241813,11.2));
#8719 = VECTOR('',#8720,1.);
#8720 = DIRECTION('',(1.110223024625E-16,1.,-0.));
#8721 = PCURVE('',#3921,#8722);
#8722 = DEFINITIONAL_REPRESENTATION('',(#8723),#8726);
#8723 = B_SPLINE_CURVE_WITH_KNOTS('',1,(#8724,#8725),.UNSPECIFIED.,.F.,
  .F.,(2,2),(27.868486758187,32.868486758187),.PIECEWISE_BEZIER_KNOTS.);
#8724 = CARTESIAN_POINT('',(8.,55.736973516373));
#8725 = CARTESIAN_POINT('',(8.,60.736973516373));
#8726 = ( GEOMETRIC_REPRESENTATION_CONTEXT(2) 
PARAMETRIC_REPRESENTATION_CONTEXT() REPRESENTATION_CONTEXT('2D SPACE',''
  ) );
#8727 = PCURVE('',#8728,#8733);
#8728 = PLANE('',#8729);
#8729 = AXIS2_PLACEMENT_3D('',#8730,#8731,#8732);
#8730 = CARTESIAN_POINT('',(91.25,63.5,11.2));
#8731 = DIRECTION('',(0.,0.,1.));
#8732 = DIRECTION('',(1.,0.,0.));
#8733 = DEFINITIONAL_REPRESENTATION('',(#8734),#8737);
#8734 = B_SPLINE_CURVE_WITH_KNOTS('',1,(#8735,#8736),.UNSPECIFIED.,.F.,
  .F.,(2,2),(27.868486758187,32.868486758187),.PIECEWISE_BEZIER_KNOTS.);
#8735 = CARTESIAN_POINT('',(12.592857142857,0.));
#8736 = CARTESIAN_POINT('',(12.592857142857,5.));
#8737 = ( GEOMETRIC_REPRESENTATION_CONTEXT(2) 
PARAMETRIC_REPRESENTATION_CONTEXT() REPRESENTATION_CONTEXT('2D SPACE',''
  ) );
#8738 = ORIENTED_EDGE('',*,*,#8739,.T.);
#8739 = EDGE_CURVE('',#8714,#8740,#8742,.T.);
#8740 = VERTEX_POINT('',#8741);
#8741 = CARTESIAN_POINT('',(103.84285714285,63.5,3.2));
#8742 = SURFACE_CURVE('',#8743,(#8747,#8753),.PCURVE_S1.);
#8743 = LINE('',#8744,#8745);
#8744 = CARTESIAN_POINT('',(103.84285714285,63.5,3.2));
#8745 = VECTOR('',#8746,1.);
#8746 = DIRECTION('',(0.,0.,-1.));
#8747 = PCURVE('',#3921,#8748);
#8748 = DEFINITIONAL_REPRESENTATION('',(#8749),#8752);
#8749 = B_SPLINE_CURVE_WITH_KNOTS('',1,(#8750,#8751),.UNSPECIFIED.,.F.,
  .F.,(2,2),(-8.,0.),.PIECEWISE_BEZIER_KNOTS.);
#8750 = CARTESIAN_POINT('',(8.,55.736973516373));
#8751 = CARTESIAN_POINT('',(0.,55.736973516373));
#8752 = ( GEOMETRIC_REPRESENTATION_CONTEXT(2) 
PARAMETRIC_REPRESENTATION_CONTEXT() REPRESENTATION_CONTEXT('2D SPACE',''
  ) );
#8753 = PCURVE('',#8754,#8759);
#8754 = PLANE('',#8755);
#8755 = AXIS2_PLACEMENT_3D('',#8756,#8757,#8758);
#8756 = CARTESIAN_POINT('',(91.25,63.5,3.2));
#8757 = DIRECTION('',(0.,1.,0.));
#8758 = DIRECTION('',(0.,0.,1.));
#8759 = DEFINITIONAL_REPRESENTATION('',(#8760),#8763);
#8760 = B_SPLINE_CURVE_WITH_KNOTS('',1,(#8761,#8762),.UNSPECIFIED.,.F.,
  .F.,(2,2),(-8.,0.),.PIECEWISE_BEZIER_KNOTS.);
#8761 = CARTESIAN_POINT('',(8.,12.592857142857));
#8762 = CARTESIAN_POINT('',(0.,12.592857142857));
#8763 = ( GEOMETRIC_REPRESENTATION_CONTEXT(2) 
PARAMETRIC_REPRESENTATION_CONTEXT() REPRESENTATION_CONTEXT('2D SPACE',''
  ) );
#8764 = ORIENTED_EDGE('',*,*,#8765,.F.);
#8765 = EDGE_CURVE('',#8766,#8740,#8768,.T.);
#8766 = VERTEX_POINT('',#8767);
#8767 = CARTESIAN_POINT('',(103.84285714285,37.5,3.2));
#8768 = SURFACE_CURVE('',#8769,(#8773,#8780),.PCURVE_S1.);
#8769 = LINE('',#8770,#8771);
#8770 = CARTESIAN_POINT('',(103.84285714285,7.763026483627,3.2));
#8771 = VECTOR('',#8772,1.);
#8772 = DIRECTION('',(1.110223024625E-16,1.,0.));
#8773 = PCURVE('',#3921,#8774);
#8774 = DEFINITIONAL_REPRESENTATION('',(#8775),#8779);
#8775 = LINE('',#8776,#8777);
#8776 = CARTESIAN_POINT('',(0.,0.));
#8777 = VECTOR('',#8778,1.);
#8778 = DIRECTION('',(0.,1.));
#8779 = ( GEOMETRIC_REPRESENTATION_CONTEXT(2) 
PARAMETRIC_REPRESENTATION_CONTEXT() REPRESENTATION_CONTEXT('2D SPACE',''
  ) );
#8780 = PCURVE('',#8781,#8786);
#8781 = PLANE('',#8782);
#8782 = AXIS2_PLACEMENT_3D('',#8783,#8784,#8785);
#8783 = CARTESIAN_POINT('',(3.2,3.2,3.2));
#8784 = DIRECTION('',(0.,0.,1.));
#8785 = DIRECTION('',(1.,0.,0.));
#8786 = DEFINITIONAL_REPRESENTATION('',(#8787),#8791);
#8787 = LINE('',#8788,#8789);
#8788 = CARTESIAN_POINT('',(100.64285714285,4.563026483627));
#8789 = VECTOR('',#8790,1.);
#8790 = DIRECTION('',(1.110223024625E-16,1.));
#8791 = ( GEOMETRIC_REPRESENTATION_CONTEXT(2) 
PARAMETRIC_REPRESENTATION_CONTEXT() REPRESENTATION_CONTEXT('2D SPACE',''
  ) );
#8792 = ORIENTED_EDGE('',*,*,#8793,.F.);
#8793 = EDGE_CURVE('',#8794,#8766,#8796,.T.);
#8794 = VERTEX_POINT('',#8795);
#8795 = CARTESIAN_POINT('',(103.84285714285,37.5,11.2));
#8796 = SURFACE_CURVE('',#8797,(#8801,#8807),.PCURVE_S1.);
#8797 = LINE('',#8798,#8799);
#8798 = CARTESIAN_POINT('',(103.84285714285,37.5,3.2));
#8799 = VECTOR('',#8800,1.);
#8800 = DIRECTION('',(0.,0.,-1.));
#8801 = PCURVE('',#3921,#8802);
#8802 = DEFINITIONAL_REPRESENTATION('',(#8803),#8806);
#8803 = B_SPLINE_CURVE_WITH_KNOTS('',1,(#8804,#8805),.UNSPECIFIED.,.F.,
  .F.,(2,2),(-8.,0.),.PIECEWISE_BEZIER_KNOTS.);
#8804 = CARTESIAN_POINT('',(8.,29.736973516373));
#8805 = CARTESIAN_POINT('',(0.,29.736973516373));
#8806 = ( GEOMETRIC_REPRESENTATION_CONTEXT(2) 
PARAMETRIC_REPRESENTATION_CONTEXT() REPRESENTATION_CONTEXT('2D SPACE',''
  ) );
#8807 = PCURVE('',#8808,#8813);
#8808 = PLANE('',#8809);
#8809 = AXIS2_PLACEMENT_3D('',#8810,#8811,#8812);
#8810 = CARTESIAN_POINT('',(91.25,37.5,3.2));
#8811 = DIRECTION('',(0.,1.,0.));
#8812 = DIRECTION('',(0.,0.,1.));
#8813 = DEFINITIONAL_REPRESENTATION('',(#8814),#8817);
#8814 = B_SPLINE_CURVE_WITH_KNOTS('',1,(#8815,#8816),.UNSPECIFIED.,.F.,
  .F.,(2,2),(-8.,0.),.PIECEWISE_BEZIER_KNOTS.);
#8815 = CARTESIAN_POINT('',(8.,12.592857142857));
#8816 = CARTESIAN_POINT('',(0.,12.592857142857));
#8817 = ( GEOMETRIC_REPRESENTATION_CONTEXT(2) 
PARAMETRIC_REPRESENTATION_CONTEXT() REPRESENTATION_CONTEXT('2D SPACE',''
  ) );
#8818 = ORIENTED_EDGE('',*,*,#8819,.F.);
#8819 = EDGE_CURVE('',#8820,#8794,#8822,.T.);
#8820 = VERTEX_POINT('',#8821);
#8821 = CARTESIAN_POINT('',(103.84285714285,32.5,11.2));
#8822 = SURFACE_CURVE('',#8823,(#8827,#8833),.PCURVE_S1.);
#8823 = LINE('',#8824,#8825);
#8824 = CARTESIAN_POINT('',(103.84285714285,20.131513241813,11.2));
#8825 = VECTOR('',#8826,1.);
#8826 = DIRECTION('',(1.110223024625E-16,1.,-0.));
#8827 = PCURVE('',#3921,#8828);
#8828 = DEFINITIONAL_REPRESENTATION('',(#8829),#8832);
#8829 = B_SPLINE_CURVE_WITH_KNOTS('',1,(#8830,#8831),.UNSPECIFIED.,.F.,
  .F.,(2,2),(12.368486758187,17.368486758187),.PIECEWISE_BEZIER_KNOTS.);
#8830 = CARTESIAN_POINT('',(8.,24.736973516373));
#8831 = CARTESIAN_POINT('',(8.,29.736973516373));
#8832 = ( GEOMETRIC_REPRESENTATION_CONTEXT(2) 
PARAMETRIC_REPRESENTATION_CONTEXT() REPRESENTATION_CONTEXT('2D SPACE',''
  ) );
#8833 = PCURVE('',#8834,#8839);
#8834 = PLANE('',#8835);
#8835 = AXIS2_PLACEMENT_3D('',#8836,#8837,#8838);
#8836 = CARTESIAN_POINT('',(91.25,32.5,11.2));
#8837 = DIRECTION('',(0.,0.,1.));
#8838 = DIRECTION('',(1.,0.,0.));
#8839 = DEFINITIONAL_REPRESENTATION('',(#8840),#8843);
#8840 = B_SPLINE_CURVE_WITH_KNOTS('',1,(#8841,#8842),.UNSPECIFIED.,.F.,
  .F.,(2,2),(12.368486758187,17.368486758187),.PIECEWISE_BEZIER_KNOTS.);
#8841 = CARTESIAN_POINT('',(12.592857142857,0.));
#8842 = CARTESIAN_POINT('',(12.592857142857,5.));
#8843 = ( GEOMETRIC_REPRESENTATION_CONTEXT(2) 
PARAMETRIC_REPRESENTATION_CONTEXT() REPRESENTATION_CONTEXT('2D SPACE',''
  ) );
#8844 = ORIENTED_EDGE('',*,*,#8845,.T.);
#8845 = EDGE_CURVE('',#8820,#7557,#8846,.T.);
#8846 = SURFACE_CURVE('',#8847,(#8851,#8857),.PCURVE_S1.);
#8847 = LINE('',#8848,#8849);
#8848 = CARTESIAN_POINT('',(103.84285714285,32.5,3.2));
#8849 = VECTOR('',#8850,1.);
#8850 = DIRECTION('',(0.,0.,-1.));
#8851 = PCURVE('',#3921,#8852);
#8852 = DEFINITIONAL_REPRESENTATION('',(#8853),#8856);
#8853 = B_SPLINE_CURVE_WITH_KNOTS('',1,(#8854,#8855),.UNSPECIFIED.,.F.,
  .F.,(2,2),(-8.,0.),.PIECEWISE_BEZIER_KNOTS.);
#8854 = CARTESIAN_POINT('',(8.,24.736973516373));
#8855 = CARTESIAN_POINT('',(0.,24.736973516373));
#8856 = ( GEOMETRIC_REPRESENTATION_CONTEXT(2) 
PARAMETRIC_REPRESENTATION_CONTEXT() REPRESENTATION_CONTEXT('2D SPACE',''
  ) );
#8857 = PCURVE('',#7595,#8858);
#8858 = DEFINITIONAL_REPRESENTATION('',(#8859),#8862);
#8859 = B_SPLINE_CURVE_WITH_KNOTS('',1,(#8860,#8861),.UNSPECIFIED.,.F.,
  .F.,(2,2),(-8.,0.),.PIECEWISE_BEZIER_KNOTS.);
#8860 = CARTESIAN_POINT('',(8.,12.592857142857));
#8861 = CARTESIAN_POINT('',(0.,12.592857142857));
#8862 = ( GEOMETRIC_REPRESENTATION_CONTEXT(2) 
PARAMETRIC_REPRESENTATION_CONTEXT() REPRESENTATION_CONTEXT('2D SPACE',''
  ) );
#8863 = ORIENTED_EDGE('',*,*,#7556,.F.);
#8864 = ORIENTED_EDGE('',*,*,#4669,.T.);
#8865 = ADVANCED_FACE('',(#8866),#3893,.T.);
#8866 = FACE_BOUND('',#8867,.T.);
#8867 = EDGE_LOOP('',(#8868,#8891,#8912,#8913,#8914,#8915,#8916,#8917,
    #8938,#8939,#8940,#8941));
#8868 = ORIENTED_EDGE('',*,*,#8869,.F.);
#8869 = EDGE_CURVE('',#8870,#6277,#8872,.T.);
#8870 = VERTEX_POINT('',#8871);
#8871 = CARTESIAN_POINT('',(91.45,110.5,3.2));
#8872 = SURFACE_CURVE('',#8873,(#8877,#8884),.PCURVE_S1.);
#8873 = LINE('',#8874,#8875);
#8874 = CARTESIAN_POINT('',(91.45,7.763026483627,3.2));
#8875 = VECTOR('',#8876,1.);
#8876 = DIRECTION('',(1.110223024625E-16,1.,0.));
#8877 = PCURVE('',#3893,#8878);
#8878 = DEFINITIONAL_REPRESENTATION('',(#8879),#8883);
#8879 = LINE('',#8880,#8881);
#8880 = CARTESIAN_POINT('',(88.25,4.563026483627));
#8881 = VECTOR('',#8882,1.);
#8882 = DIRECTION('',(1.110223024625E-16,1.));
#8883 = ( GEOMETRIC_REPRESENTATION_CONTEXT(2) 
PARAMETRIC_REPRESENTATION_CONTEXT() REPRESENTATION_CONTEXT('2D SPACE',''
  ) );
#8884 = PCURVE('',#6294,#8885);
#8885 = DEFINITIONAL_REPRESENTATION('',(#8886),#8890);
#8886 = LINE('',#8887,#8888);
#8887 = CARTESIAN_POINT('',(0.,0.));
#8888 = VECTOR('',#8889,1.);
#8889 = DIRECTION('',(0.,1.));
#8890 = ( GEOMETRIC_REPRESENTATION_CONTEXT(2) 
PARAMETRIC_REPRESENTATION_CONTEXT() REPRESENTATION_CONTEXT('2D SPACE',''
  ) );
#8891 = ORIENTED_EDGE('',*,*,#8892,.T.);
#8892 = EDGE_CURVE('',#8870,#8559,#8893,.T.);
#8893 = SURFACE_CURVE('',#8894,(#8898,#8905),.PCURVE_S1.);
#8894 = LINE('',#8895,#8896);
#8895 = CARTESIAN_POINT('',(91.25,110.5,3.2));
#8896 = VECTOR('',#8897,1.);
#8897 = DIRECTION('',(1.,0.,0.));
#8898 = PCURVE('',#3893,#8899);
#8899 = DEFINITIONAL_REPRESENTATION('',(#8900),#8904);
#8900 = LINE('',#8901,#8902);
#8901 = CARTESIAN_POINT('',(88.05,107.3));
#8902 = VECTOR('',#8903,1.);
#8903 = DIRECTION('',(1.,0.));
#8904 = ( GEOMETRIC_REPRESENTATION_CONTEXT(2) 
PARAMETRIC_REPRESENTATION_CONTEXT() REPRESENTATION_CONTEXT('2D SPACE',''
  ) );
#8905 = PCURVE('',#8596,#8906);
#8906 = DEFINITIONAL_REPRESENTATION('',(#8907),#8911);
#8907 = LINE('',#8908,#8909);
#8908 = CARTESIAN_POINT('',(0.,0.));
#8909 = VECTOR('',#8910,1.);
#8910 = DIRECTION('',(0.,1.));
#8911 = ( GEOMETRIC_REPRESENTATION_CONTEXT(2) 
PARAMETRIC_REPRESENTATION_CONTEXT() REPRESENTATION_CONTEXT('2D SPACE',''
  ) );
#8912 = ORIENTED_EDGE('',*,*,#8558,.T.);
#8913 = ORIENTED_EDGE('',*,*,#3877,.F.);
#8914 = ORIENTED_EDGE('',*,*,#5806,.T.);
#8915 = ORIENTED_EDGE('',*,*,#5924,.F.);
#8916 = ORIENTED_EDGE('',*,*,#6021,.F.);
#8917 = ORIENTED_EDGE('',*,*,#8918,.F.);
#8918 = EDGE_CURVE('',#5608,#5999,#8919,.T.);
#8919 = SURFACE_CURVE('',#8920,(#8924,#8931),.PCURVE_S1.);
#8920 = LINE('',#8921,#8922);
#8921 = CARTESIAN_POINT('',(76.546428571429,130.20842373802,3.2));
#8922 = VECTOR('',#8923,1.);
#8923 = DIRECTION('',(1.,0.,0.));
#8924 = PCURVE('',#3893,#8925);
#8925 = DEFINITIONAL_REPRESENTATION('',(#8926),#8930);
#8926 = LINE('',#8927,#8928);
#8927 = CARTESIAN_POINT('',(73.346428571429,127.00842373802));
#8928 = VECTOR('',#8929,1.);
#8929 = DIRECTION('',(1.,0.));
#8930 = ( GEOMETRIC_REPRESENTATION_CONTEXT(2) 
PARAMETRIC_REPRESENTATION_CONTEXT() REPRESENTATION_CONTEXT('2D SPACE',''
  ) );
#8931 = PCURVE('',#5623,#8932);
#8932 = DEFINITIONAL_REPRESENTATION('',(#8933),#8937);
#8933 = LINE('',#8934,#8935);
#8934 = CARTESIAN_POINT('',(0.,0.));
#8935 = VECTOR('',#8936,1.);
#8936 = DIRECTION('',(0.,1.));
#8937 = ( GEOMETRIC_REPRESENTATION_CONTEXT(2) 
PARAMETRIC_REPRESENTATION_CONTEXT() REPRESENTATION_CONTEXT('2D SPACE',''
  ) );
#8938 = ORIENTED_EDGE('',*,*,#5635,.T.);
#8939 = ORIENTED_EDGE('',*,*,#5512,.F.);
#8940 = ORIENTED_EDGE('',*,*,#5396,.F.);
#8941 = ORIENTED_EDGE('',*,*,#6306,.F.);
#8942 = ADVANCED_FACE('',(#8943),#3802,.T.);
#8943 = FACE_BOUND('',#8944,.T.);
#8944 = EDGE_LOOP('',(#8945,#8946,#8947,#8948));
#8945 = ORIENTED_EDGE('',*,*,#5558,.F.);
#8946 = ORIENTED_EDGE('',*,*,#3786,.F.);
#8947 = ORIENTED_EDGE('',*,*,#5328,.T.);
#8948 = ORIENTED_EDGE('',*,*,#5465,.F.);
#8949 = ADVANCED_FACE('',(#8950),#4588,.F.);
#8950 = FACE_BOUND('',#8951,.F.);
#8951 = EDGE_LOOP('',(#8952,#8953,#8954,#8975));
#8952 = ORIENTED_EDGE('',*,*,#8530,.F.);
#8953 = ORIENTED_EDGE('',*,*,#8299,.T.);
#8954 = ORIENTED_EDGE('',*,*,#8955,.T.);
#8955 = EDGE_CURVE('',#8300,#4545,#8956,.T.);
#8956 = SURFACE_CURVE('',#8957,(#8961,#8968),.PCURVE_S1.);
#8957 = LINE('',#8958,#8959);
#8958 = CARTESIAN_POINT('',(108.64285714285,123.03302648362,
    16.433443998149));
#8959 = VECTOR('',#8960,1.);
#8960 = DIRECTION('',(0.,0.,1.));
#8961 = PCURVE('',#4588,#8962);
#8962 = DEFINITIONAL_REPRESENTATION('',(#8963),#8967);
#8963 = LINE('',#8964,#8965);
#8964 = CARTESIAN_POINT('',(0.,-79.15));
#8965 = VECTOR('',#8966,1.);
#8966 = DIRECTION('',(1.,0.));
#8967 = ( GEOMETRIC_REPRESENTATION_CONTEXT(2) 
PARAMETRIC_REPRESENTATION_CONTEXT() REPRESENTATION_CONTEXT('2D SPACE',''
  ) );
#8968 = PCURVE('',#4560,#8969);
#8969 = DEFINITIONAL_REPRESENTATION('',(#8970),#8974);
#8970 = LINE('',#8971,#8972);
#8971 = CARTESIAN_POINT('',(0.,113.67));
#8972 = VECTOR('',#8973,1.);
#8973 = DIRECTION('',(1.,0.));
#8974 = ( GEOMETRIC_REPRESENTATION_CONTEXT(2) 
PARAMETRIC_REPRESENTATION_CONTEXT() REPRESENTATION_CONTEXT('2D SPACE',''
  ) );
#8975 = ORIENTED_EDGE('',*,*,#4572,.T.);
#8976 = ADVANCED_FACE('',(#8977),#4560,.F.);
#8977 = FACE_BOUND('',#8978,.F.);
#8978 = EDGE_LOOP('',(#8979,#8980,#9001,#9002));
#8979 = ORIENTED_EDGE('',*,*,#8322,.F.);
#8980 = ORIENTED_EDGE('',*,*,#8981,.F.);
#8981 = EDGE_CURVE('',#4517,#8323,#8982,.T.);
#8982 = SURFACE_CURVE('',#8983,(#8987,#8994),.PCURVE_S1.);
#8983 = LINE('',#8984,#8985);
#8984 = CARTESIAN_POINT('',(108.64285714285,104.89302648362,
    16.433443998149));
#8985 = VECTOR('',#8986,1.);
#8986 = DIRECTION('',(0.,0.,-1.));
#8987 = PCURVE('',#4560,#8988);
#8988 = DEFINITIONAL_REPRESENTATION('',(#8989),#8993);
#8989 = LINE('',#8990,#8991);
#8990 = CARTESIAN_POINT('',(0.,95.53));
#8991 = VECTOR('',#8992,1.);
#8992 = DIRECTION('',(-1.,0.));
#8993 = ( GEOMETRIC_REPRESENTATION_CONTEXT(2) 
PARAMETRIC_REPRESENTATION_CONTEXT() REPRESENTATION_CONTEXT('2D SPACE',''
  ) );
#8994 = PCURVE('',#4532,#8995);
#8995 = DEFINITIONAL_REPRESENTATION('',(#8996),#9000);
#8996 = LINE('',#8997,#8998);
#8997 = CARTESIAN_POINT('',(0.,-1.));
#8998 = VECTOR('',#8999,1.);
#8999 = DIRECTION('',(-1.,0.));
#9000 = ( GEOMETRIC_REPRESENTATION_CONTEXT(2) 
PARAMETRIC_REPRESENTATION_CONTEXT() REPRESENTATION_CONTEXT('2D SPACE',''
  ) );
#9001 = ORIENTED_EDGE('',*,*,#4544,.T.);
#9002 = ORIENTED_EDGE('',*,*,#8955,.F.);
#9003 = ADVANCED_FACE('',(#9004),#4532,.F.);
#9004 = FACE_BOUND('',#9005,.F.);
#9005 = EDGE_LOOP('',(#9006,#9007,#9008,#9029));
#9006 = ORIENTED_EDGE('',*,*,#8981,.T.);
#9007 = ORIENTED_EDGE('',*,*,#8345,.T.);
#9008 = ORIENTED_EDGE('',*,*,#9009,.T.);
#9009 = EDGE_CURVE('',#8346,#4489,#9010,.T.);
#9010 = SURFACE_CURVE('',#9011,(#9015,#9022),.PCURVE_S1.);
#9011 = LINE('',#9012,#9013);
#9012 = CARTESIAN_POINT('',(105.89285714285,104.89302648362,
    16.433443998149));
#9013 = VECTOR('',#9014,1.);
#9014 = DIRECTION('',(0.,0.,1.));
#9015 = PCURVE('',#4532,#9016);
#9016 = DEFINITIONAL_REPRESENTATION('',(#9017),#9021);
#9017 = LINE('',#9018,#9019);
#9018 = CARTESIAN_POINT('',(0.,-3.75));
#9019 = VECTOR('',#9020,1.);
#9020 = DIRECTION('',(1.,0.));
#9021 = ( GEOMETRIC_REPRESENTATION_CONTEXT(2) 
PARAMETRIC_REPRESENTATION_CONTEXT() REPRESENTATION_CONTEXT('2D SPACE',''
  ) );
#9022 = PCURVE('',#4504,#9023);
#9023 = DEFINITIONAL_REPRESENTATION('',(#9024),#9028);
#9024 = LINE('',#9025,#9026);
#9025 = CARTESIAN_POINT('',(0.,14.));
#9026 = VECTOR('',#9027,1.);
#9027 = DIRECTION('',(1.,0.));
#9028 = ( GEOMETRIC_REPRESENTATION_CONTEXT(2) 
PARAMETRIC_REPRESENTATION_CONTEXT() REPRESENTATION_CONTEXT('2D SPACE',''
  ) );
#9029 = ORIENTED_EDGE('',*,*,#4516,.F.);
#9030 = ADVANCED_FACE('',(#9031),#4504,.F.);
#9031 = FACE_BOUND('',#9032,.F.);
#9032 = EDGE_LOOP('',(#9033,#9034,#9035,#9056));
#9033 = ORIENTED_EDGE('',*,*,#9009,.F.);
#9034 = ORIENTED_EDGE('',*,*,#8368,.F.);
#9035 = ORIENTED_EDGE('',*,*,#9036,.T.);
#9036 = EDGE_CURVE('',#8369,#4461,#9037,.T.);
#9037 = SURFACE_CURVE('',#9038,(#9042,#9049),.PCURVE_S1.);
#9038 = LINE('',#9039,#9040);
#9039 = CARTESIAN_POINT('',(105.89285714285,90.893026483627,
    16.433443998149));
#9040 = VECTOR('',#9041,1.);
#9041 = DIRECTION('',(0.,0.,1.));
#9042 = PCURVE('',#4504,#9043);
#9043 = DEFINITIONAL_REPRESENTATION('',(#9044),#9048);
#9044 = LINE('',#9045,#9046);
#9045 = CARTESIAN_POINT('',(0.,0.));
#9046 = VECTOR('',#9047,1.);
#9047 = DIRECTION('',(1.,0.));
#9048 = ( GEOMETRIC_REPRESENTATION_CONTEXT(2) 
PARAMETRIC_REPRESENTATION_CONTEXT() REPRESENTATION_CONTEXT('2D SPACE',''
  ) );
#9049 = PCURVE('',#4476,#9050);
#9050 = DEFINITIONAL_REPRESENTATION('',(#9051),#9055);
#9051 = LINE('',#9052,#9053);
#9052 = CARTESIAN_POINT('',(0.,-3.75));
#9053 = VECTOR('',#9054,1.);
#9054 = DIRECTION('',(1.,0.));
#9055 = ( GEOMETRIC_REPRESENTATION_CONTEXT(2) 
PARAMETRIC_REPRESENTATION_CONTEXT() REPRESENTATION_CONTEXT('2D SPACE',''
  ) );
#9056 = ORIENTED_EDGE('',*,*,#4488,.F.);
#9057 = ADVANCED_FACE('',(#9058),#4476,.T.);
#9058 = FACE_BOUND('',#9059,.T.);
#9059 = EDGE_LOOP('',(#9060,#9081,#9082,#9083));
#9060 = ORIENTED_EDGE('',*,*,#9061,.T.);
#9061 = EDGE_CURVE('',#4433,#8047,#9062,.T.);
#9062 = SURFACE_CURVE('',#9063,(#9067,#9074),.PCURVE_S1.);
#9063 = LINE('',#9064,#9065);
#9064 = CARTESIAN_POINT('',(108.64285714285,90.893026483627,
    16.433443998149));
#9065 = VECTOR('',#9066,1.);
#9066 = DIRECTION('',(0.,0.,-1.));
#9067 = PCURVE('',#4476,#9068);
#9068 = DEFINITIONAL_REPRESENTATION('',(#9069),#9073);
#9069 = LINE('',#9070,#9071);
#9070 = CARTESIAN_POINT('',(0.,-1.));
#9071 = VECTOR('',#9072,1.);
#9072 = DIRECTION('',(-1.,0.));
#9073 = ( GEOMETRIC_REPRESENTATION_CONTEXT(2) 
PARAMETRIC_REPRESENTATION_CONTEXT() REPRESENTATION_CONTEXT('2D SPACE',''
  ) );
#9074 = PCURVE('',#4448,#9075);
#9075 = DEFINITIONAL_REPRESENTATION('',(#9076),#9080);
#9076 = LINE('',#9077,#9078);
#9077 = CARTESIAN_POINT('',(0.,81.53));
#9078 = VECTOR('',#9079,1.);
#9079 = DIRECTION('',(-1.,0.));
#9080 = ( GEOMETRIC_REPRESENTATION_CONTEXT(2) 
PARAMETRIC_REPRESENTATION_CONTEXT() REPRESENTATION_CONTEXT('2D SPACE',''
  ) );
#9081 = ORIENTED_EDGE('',*,*,#8391,.T.);
#9082 = ORIENTED_EDGE('',*,*,#9036,.T.);
#9083 = ORIENTED_EDGE('',*,*,#4460,.F.);
#9084 = ADVANCED_FACE('',(#9085),#4448,.F.);
#9085 = FACE_BOUND('',#9086,.F.);
#9086 = EDGE_LOOP('',(#9087,#9088,#9089));
#9087 = ORIENTED_EDGE('',*,*,#8046,.F.);
#9088 = ORIENTED_EDGE('',*,*,#4432,.T.);
#9089 = ORIENTED_EDGE('',*,*,#9061,.T.);
#9090 = ADVANCED_FACE('',(#9091),#4397,.T.);
#9091 = FACE_BOUND('',#9092,.T.);
#9092 = EDGE_LOOP('',(#9093,#9094,#9095));
#9093 = ORIENTED_EDGE('',*,*,#8070,.F.);
#9094 = ORIENTED_EDGE('',*,*,#4381,.F.);
#9095 = ORIENTED_EDGE('',*,*,#9096,.T.);
#9096 = EDGE_CURVE('',#4354,#8071,#9097,.T.);
#9097 = SURFACE_CURVE('',#9098,(#9102,#9109),.PCURVE_S1.);
#9098 = LINE('',#9099,#9100);
#9099 = CARTESIAN_POINT('',(109.04285714285,9.763026483627,3.2));
#9100 = VECTOR('',#9101,1.);
#9101 = DIRECTION('',(0.,0.,1.));
#9102 = PCURVE('',#4397,#9103);
#9103 = DEFINITIONAL_REPRESENTATION('',(#9104),#9108);
#9104 = LINE('',#9105,#9106);
#9105 = CARTESIAN_POINT('',(0.,0.));
#9106 = VECTOR('',#9107,1.);
#9107 = DIRECTION('',(1.,0.));
#9108 = ( GEOMETRIC_REPRESENTATION_CONTEXT(2) 
PARAMETRIC_REPRESENTATION_CONTEXT() REPRESENTATION_CONTEXT('2D SPACE',''
  ) );
#9109 = PCURVE('',#4369,#9110);
#9110 = DEFINITIONAL_REPRESENTATION('',(#9111),#9115);
#9111 = LINE('',#9112,#9113);
#9112 = CARTESIAN_POINT('',(0.,-78.35));
#9113 = VECTOR('',#9114,1.);
#9114 = DIRECTION('',(1.,0.));
#9115 = ( GEOMETRIC_REPRESENTATION_CONTEXT(2) 
PARAMETRIC_REPRESENTATION_CONTEXT() REPRESENTATION_CONTEXT('2D SPACE',''
  ) );
#9116 = ADVANCED_FACE('',(#9117),#4369,.F.);
#9117 = FACE_BOUND('',#9118,.F.);
#9118 = EDGE_LOOP('',(#9119,#9140,#9141,#9142));
#9119 = ORIENTED_EDGE('',*,*,#9120,.F.);
#9120 = EDGE_CURVE('',#4326,#8094,#9121,.T.);
#9121 = SURFACE_CURVE('',#9122,(#9126,#9133),.PCURVE_S1.);
#9122 = LINE('',#9123,#9124);
#9123 = CARTESIAN_POINT('',(187.39285714285,9.763026483627,3.2));
#9124 = VECTOR('',#9125,1.);
#9125 = DIRECTION('',(0.,0.,1.));
#9126 = PCURVE('',#4369,#9127);
#9127 = DEFINITIONAL_REPRESENTATION('',(#9128),#9132);
#9128 = LINE('',#9129,#9130);
#9129 = CARTESIAN_POINT('',(0.,0.));
#9130 = VECTOR('',#9131,1.);
#9131 = DIRECTION('',(1.,0.));
#9132 = ( GEOMETRIC_REPRESENTATION_CONTEXT(2) 
PARAMETRIC_REPRESENTATION_CONTEXT() REPRESENTATION_CONTEXT('2D SPACE',''
  ) );
#9133 = PCURVE('',#4341,#9134);
#9134 = DEFINITIONAL_REPRESENTATION('',(#9135),#9139);
#9135 = LINE('',#9136,#9137);
#9136 = CARTESIAN_POINT('',(0.,0.));
#9137 = VECTOR('',#9138,1.);
#9138 = DIRECTION('',(1.,0.));
#9139 = ( GEOMETRIC_REPRESENTATION_CONTEXT(2) 
PARAMETRIC_REPRESENTATION_CONTEXT() REPRESENTATION_CONTEXT('2D SPACE',''
  ) );
#9140 = ORIENTED_EDGE('',*,*,#4353,.F.);
#9141 = ORIENTED_EDGE('',*,*,#9096,.T.);
#9142 = ORIENTED_EDGE('',*,*,#8093,.F.);
#9143 = ADVANCED_FACE('',(#9144),#4341,.F.);
#9144 = FACE_BOUND('',#9145,.F.);
#9145 = EDGE_LOOP('',(#9146,#9147,#9148));
#9146 = ORIENTED_EDGE('',*,*,#8116,.F.);
#9147 = ORIENTED_EDGE('',*,*,#4325,.F.);
#9148 = ORIENTED_EDGE('',*,*,#9120,.T.);
#9149 = ADVANCED_FACE('',(#9150),#4290,.T.);
#9150 = FACE_BOUND('',#9151,.T.);
#9151 = EDGE_LOOP('',(#9152,#9153,#9154));
#9152 = ORIENTED_EDGE('',*,*,#8138,.F.);
#9153 = ORIENTED_EDGE('',*,*,#4274,.T.);
#9154 = ORIENTED_EDGE('',*,*,#9155,.T.);
#9155 = EDGE_CURVE('',#4247,#8139,#9156,.T.);
#9156 = SURFACE_CURVE('',#9157,(#9161,#9168),.PCURVE_S1.);
#9157 = LINE('',#9158,#9159);
#9158 = CARTESIAN_POINT('',(187.79285714285,90.893026483627,
    16.433443998149));
#9159 = VECTOR('',#9160,1.);
#9160 = DIRECTION('',(0.,0.,-1.));
#9161 = PCURVE('',#4290,#9162);
#9162 = DEFINITIONAL_REPRESENTATION('',(#9163),#9167);
#9163 = LINE('',#9164,#9165);
#9164 = CARTESIAN_POINT('',(0.,81.53));
#9165 = VECTOR('',#9166,1.);
#9166 = DIRECTION('',(-1.,0.));
#9167 = ( GEOMETRIC_REPRESENTATION_CONTEXT(2) 
PARAMETRIC_REPRESENTATION_CONTEXT() REPRESENTATION_CONTEXT('2D SPACE',''
  ) );
#9168 = PCURVE('',#4262,#9169);
#9169 = DEFINITIONAL_REPRESENTATION('',(#9170),#9174);
#9170 = LINE('',#9171,#9172);
#9171 = CARTESIAN_POINT('',(0.,-2.75));
#9172 = VECTOR('',#9173,1.);
#9173 = DIRECTION('',(-1.,0.));
#9174 = ( GEOMETRIC_REPRESENTATION_CONTEXT(2) 
PARAMETRIC_REPRESENTATION_CONTEXT() REPRESENTATION_CONTEXT('2D SPACE',''
  ) );
#9175 = ADVANCED_FACE('',(#9176),#4262,.T.);
#9176 = FACE_BOUND('',#9177,.T.);
#9177 = EDGE_LOOP('',(#9178,#9199,#9200,#9201));
#9178 = ORIENTED_EDGE('',*,*,#9179,.F.);
#9179 = EDGE_CURVE('',#8162,#4219,#9180,.T.);
#9180 = SURFACE_CURVE('',#9181,(#9185,#9192),.PCURVE_S1.);
#9181 = LINE('',#9182,#9183);
#9182 = CARTESIAN_POINT('',(190.54285714285,90.893026483627,
    16.433443998149));
#9183 = VECTOR('',#9184,1.);
#9184 = DIRECTION('',(0.,0.,1.));
#9185 = PCURVE('',#4262,#9186);
#9186 = DEFINITIONAL_REPRESENTATION('',(#9187),#9191);
#9187 = LINE('',#9188,#9189);
#9188 = CARTESIAN_POINT('',(0.,0.));
#9189 = VECTOR('',#9190,1.);
#9190 = DIRECTION('',(1.,0.));
#9191 = ( GEOMETRIC_REPRESENTATION_CONTEXT(2) 
PARAMETRIC_REPRESENTATION_CONTEXT() REPRESENTATION_CONTEXT('2D SPACE',''
  ) );
#9192 = PCURVE('',#4234,#9193);
#9193 = DEFINITIONAL_REPRESENTATION('',(#9194),#9198);
#9194 = LINE('',#9195,#9196);
#9195 = CARTESIAN_POINT('',(0.,0.));
#9196 = VECTOR('',#9197,1.);
#9197 = DIRECTION('',(1.,0.));
#9198 = ( GEOMETRIC_REPRESENTATION_CONTEXT(2) 
PARAMETRIC_REPRESENTATION_CONTEXT() REPRESENTATION_CONTEXT('2D SPACE',''
  ) );
#9199 = ORIENTED_EDGE('',*,*,#8161,.T.);
#9200 = ORIENTED_EDGE('',*,*,#9155,.F.);
#9201 = ORIENTED_EDGE('',*,*,#4246,.F.);
#9202 = ADVANCED_FACE('',(#9203),#4234,.T.);
#9203 = FACE_BOUND('',#9204,.T.);
#9204 = EDGE_LOOP('',(#9205,#9226,#9227,#9228));
#9205 = ORIENTED_EDGE('',*,*,#9206,.F.);
#9206 = EDGE_CURVE('',#8185,#4191,#9207,.T.);
#9207 = SURFACE_CURVE('',#9208,(#9212,#9219),.PCURVE_S1.);
#9208 = LINE('',#9209,#9210);
#9209 = CARTESIAN_POINT('',(190.54285714285,104.89302648362,
    16.433443998149));
#9210 = VECTOR('',#9211,1.);
#9211 = DIRECTION('',(0.,0.,1.));
#9212 = PCURVE('',#4234,#9213);
#9213 = DEFINITIONAL_REPRESENTATION('',(#9214),#9218);
#9214 = LINE('',#9215,#9216);
#9215 = CARTESIAN_POINT('',(0.,14.));
#9216 = VECTOR('',#9217,1.);
#9217 = DIRECTION('',(1.,0.));
#9218 = ( GEOMETRIC_REPRESENTATION_CONTEXT(2) 
PARAMETRIC_REPRESENTATION_CONTEXT() REPRESENTATION_CONTEXT('2D SPACE',''
  ) );
#9219 = PCURVE('',#4206,#9220);
#9220 = DEFINITIONAL_REPRESENTATION('',(#9221),#9225);
#9221 = LINE('',#9222,#9223);
#9222 = CARTESIAN_POINT('',(0.,0.));
#9223 = VECTOR('',#9224,1.);
#9224 = DIRECTION('',(1.,0.));
#9225 = ( GEOMETRIC_REPRESENTATION_CONTEXT(2) 
PARAMETRIC_REPRESENTATION_CONTEXT() REPRESENTATION_CONTEXT('2D SPACE',''
  ) );
#9226 = ORIENTED_EDGE('',*,*,#8184,.F.);
#9227 = ORIENTED_EDGE('',*,*,#9179,.T.);
#9228 = ORIENTED_EDGE('',*,*,#4218,.F.);
#9229 = ADVANCED_FACE('',(#9230),#4206,.F.);
#9230 = FACE_BOUND('',#9231,.F.);
#9231 = EDGE_LOOP('',(#9232,#9233,#9234,#9255));
#9232 = ORIENTED_EDGE('',*,*,#9206,.F.);
#9233 = ORIENTED_EDGE('',*,*,#8207,.T.);
#9234 = ORIENTED_EDGE('',*,*,#9235,.F.);
#9235 = EDGE_CURVE('',#4163,#8208,#9236,.T.);
#9236 = SURFACE_CURVE('',#9237,(#9241,#9248),.PCURVE_S1.);
#9237 = LINE('',#9238,#9239);
#9238 = CARTESIAN_POINT('',(187.79285714285,104.89302648362,
    16.433443998149));
#9239 = VECTOR('',#9240,1.);
#9240 = DIRECTION('',(0.,0.,-1.));
#9241 = PCURVE('',#4206,#9242);
#9242 = DEFINITIONAL_REPRESENTATION('',(#9243),#9247);
#9243 = LINE('',#9244,#9245);
#9244 = CARTESIAN_POINT('',(0.,-2.75));
#9245 = VECTOR('',#9246,1.);
#9246 = DIRECTION('',(-1.,0.));
#9247 = ( GEOMETRIC_REPRESENTATION_CONTEXT(2) 
PARAMETRIC_REPRESENTATION_CONTEXT() REPRESENTATION_CONTEXT('2D SPACE',''
  ) );
#9248 = PCURVE('',#4178,#9249);
#9249 = DEFINITIONAL_REPRESENTATION('',(#9250),#9254);
#9250 = LINE('',#9251,#9252);
#9251 = CARTESIAN_POINT('',(0.,95.53));
#9252 = VECTOR('',#9253,1.);
#9253 = DIRECTION('',(-1.,0.));
#9254 = ( GEOMETRIC_REPRESENTATION_CONTEXT(2) 
PARAMETRIC_REPRESENTATION_CONTEXT() REPRESENTATION_CONTEXT('2D SPACE',''
  ) );
#9255 = ORIENTED_EDGE('',*,*,#4190,.F.);
#9256 = ADVANCED_FACE('',(#9257),#4178,.T.);
#9257 = FACE_BOUND('',#9258,.T.);
#9258 = EDGE_LOOP('',(#9259,#9260,#9261,#9262));
#9259 = ORIENTED_EDGE('',*,*,#8230,.F.);
#9260 = ORIENTED_EDGE('',*,*,#9235,.F.);
#9261 = ORIENTED_EDGE('',*,*,#4162,.T.);
#9262 = ORIENTED_EDGE('',*,*,#9263,.F.);
#9263 = EDGE_CURVE('',#8231,#4135,#9264,.T.);
#9264 = SURFACE_CURVE('',#9265,(#9269,#9276),.PCURVE_S1.);
#9265 = LINE('',#9266,#9267);
#9266 = CARTESIAN_POINT('',(187.79285714285,123.03302648362,
    16.433443998149));
#9267 = VECTOR('',#9268,1.);
#9268 = DIRECTION('',(0.,0.,1.));
#9269 = PCURVE('',#4178,#9270);
#9270 = DEFINITIONAL_REPRESENTATION('',(#9271),#9275);
#9271 = LINE('',#9272,#9273);
#9272 = CARTESIAN_POINT('',(0.,113.67));
#9273 = VECTOR('',#9274,1.);
#9274 = DIRECTION('',(1.,0.));
#9275 = ( GEOMETRIC_REPRESENTATION_CONTEXT(2) 
PARAMETRIC_REPRESENTATION_CONTEXT() REPRESENTATION_CONTEXT('2D SPACE',''
  ) );
#9276 = PCURVE('',#4150,#9277);
#9277 = DEFINITIONAL_REPRESENTATION('',(#9278),#9282);
#9278 = LINE('',#9279,#9280);
#9279 = CARTESIAN_POINT('',(0.,0.));
#9280 = VECTOR('',#9281,1.);
#9281 = DIRECTION('',(1.,0.));
#9282 = ( GEOMETRIC_REPRESENTATION_CONTEXT(2) 
PARAMETRIC_REPRESENTATION_CONTEXT() REPRESENTATION_CONTEXT('2D SPACE',''
  ) );
#9283 = ADVANCED_FACE('',(#9284),#4150,.F.);
#9284 = FACE_BOUND('',#9285,.F.);
#9285 = EDGE_LOOP('',(#9286,#9287,#9288,#9289));
#9286 = ORIENTED_EDGE('',*,*,#9263,.F.);
#9287 = ORIENTED_EDGE('',*,*,#8253,.T.);
#9288 = ORIENTED_EDGE('',*,*,#8020,.T.);
#9289 = ORIENTED_EDGE('',*,*,#4134,.T.);
#9290 = ADVANCED_FACE('',(#9291),#4835,.T.);
#9291 = FACE_BOUND('',#9292,.T.);
#9292 = EDGE_LOOP('',(#9293,#9294,#9295,#9296,#9297,#9298,#9321,#9349,
    #9370));
#9293 = ORIENTED_EDGE('',*,*,#6354,.F.);
#9294 = ORIENTED_EDGE('',*,*,#4894,.T.);
#9295 = ORIENTED_EDGE('',*,*,#4821,.F.);
#9296 = ORIENTED_EDGE('',*,*,#6099,.F.);
#9297 = ORIENTED_EDGE('',*,*,#6151,.F.);
#9298 = ORIENTED_EDGE('',*,*,#9299,.T.);
#9299 = EDGE_CURVE('',#6152,#9300,#9302,.T.);
#9300 = VERTEX_POINT('',#9301);
#9301 = CARTESIAN_POINT('',(13.5,145.,3.2));
#9302 = SURFACE_CURVE('',#9303,(#9307,#9314),.PCURVE_S1.);
#9303 = LINE('',#9304,#9305);
#9304 = CARTESIAN_POINT('',(3.5,145.,3.2));
#9305 = VECTOR('',#9306,1.);
#9306 = DIRECTION('',(1.,0.,0.));
#9307 = PCURVE('',#4835,#9308);
#9308 = DEFINITIONAL_REPRESENTATION('',(#9309),#9313);
#9309 = LINE('',#9310,#9311);
#9310 = CARTESIAN_POINT('',(0.3,141.8));
#9311 = VECTOR('',#9312,1.);
#9312 = DIRECTION('',(1.,0.));
#9313 = ( GEOMETRIC_REPRESENTATION_CONTEXT(2) 
PARAMETRIC_REPRESENTATION_CONTEXT() REPRESENTATION_CONTEXT('2D SPACE',''
  ) );
#9314 = PCURVE('',#6189,#9315);
#9315 = DEFINITIONAL_REPRESENTATION('',(#9316),#9320);
#9316 = LINE('',#9317,#9318);
#9317 = CARTESIAN_POINT('',(0.,0.));
#9318 = VECTOR('',#9319,1.);
#9319 = DIRECTION('',(0.,1.));
#9320 = ( GEOMETRIC_REPRESENTATION_CONTEXT(2) 
PARAMETRIC_REPRESENTATION_CONTEXT() REPRESENTATION_CONTEXT('2D SPACE',''
  ) );
#9321 = ORIENTED_EDGE('',*,*,#9322,.F.);
#9322 = EDGE_CURVE('',#9323,#9300,#9325,.T.);
#9323 = VERTEX_POINT('',#9324);
#9324 = CARTESIAN_POINT('',(13.5,133.,3.2));
#9325 = SURFACE_CURVE('',#9326,(#9330,#9337),.PCURVE_S1.);
#9326 = LINE('',#9327,#9328);
#9327 = CARTESIAN_POINT('',(13.5,133.,3.2));
#9328 = VECTOR('',#9329,1.);
#9329 = DIRECTION('',(0.,1.,0.));
#9330 = PCURVE('',#4835,#9331);
#9331 = DEFINITIONAL_REPRESENTATION('',(#9332),#9336);
#9332 = LINE('',#9333,#9334);
#9333 = CARTESIAN_POINT('',(10.3,129.8));
#9334 = VECTOR('',#9335,1.);
#9335 = DIRECTION('',(0.,1.));
#9336 = ( GEOMETRIC_REPRESENTATION_CONTEXT(2) 
PARAMETRIC_REPRESENTATION_CONTEXT() REPRESENTATION_CONTEXT('2D SPACE',''
  ) );
#9337 = PCURVE('',#9338,#9343);
#9338 = PLANE('',#9339);
#9339 = AXIS2_PLACEMENT_3D('',#9340,#9341,#9342);
#9340 = CARTESIAN_POINT('',(13.5,133.,3.2));
#9341 = DIRECTION('',(1.,0.,0.));
#9342 = DIRECTION('',(0.,0.,1.));
#9343 = DEFINITIONAL_REPRESENTATION('',(#9344),#9348);
#9344 = LINE('',#9345,#9346);
#9345 = CARTESIAN_POINT('',(0.,0.));
#9346 = VECTOR('',#9347,1.);
#9347 = DIRECTION('',(0.,-1.));
#9348 = ( GEOMETRIC_REPRESENTATION_CONTEXT(2) 
PARAMETRIC_REPRESENTATION_CONTEXT() REPRESENTATION_CONTEXT('2D SPACE',''
  ) );
#9349 = ORIENTED_EDGE('',*,*,#9350,.F.);
#9350 = EDGE_CURVE('',#6227,#9323,#9351,.T.);
#9351 = SURFACE_CURVE('',#9352,(#9356,#9363),.PCURVE_S1.);
#9352 = LINE('',#9353,#9354);
#9353 = CARTESIAN_POINT('',(3.5,133.,3.2));
#9354 = VECTOR('',#9355,1.);
#9355 = DIRECTION('',(1.,0.,0.));
#9356 = PCURVE('',#4835,#9357);
#9357 = DEFINITIONAL_REPRESENTATION('',(#9358),#9362);
#9358 = LINE('',#9359,#9360);
#9359 = CARTESIAN_POINT('',(0.3,129.8));
#9360 = VECTOR('',#9361,1.);
#9361 = DIRECTION('',(1.,0.));
#9362 = ( GEOMETRIC_REPRESENTATION_CONTEXT(2) 
PARAMETRIC_REPRESENTATION_CONTEXT() REPRESENTATION_CONTEXT('2D SPACE',''
  ) );
#9363 = PCURVE('',#6241,#9364);
#9364 = DEFINITIONAL_REPRESENTATION('',(#9365),#9369);
#9365 = LINE('',#9366,#9367);
#9366 = CARTESIAN_POINT('',(0.,0.));
#9367 = VECTOR('',#9368,1.);
#9368 = DIRECTION('',(0.,1.));
#9369 = ( GEOMETRIC_REPRESENTATION_CONTEXT(2) 
PARAMETRIC_REPRESENTATION_CONTEXT() REPRESENTATION_CONTEXT('2D SPACE',''
  ) );
#9370 = ORIENTED_EDGE('',*,*,#6252,.F.);
#9371 = ADVANCED_FACE('',(#9372),#5005,.T.);
#9372 = FACE_BOUND('',#9373,.T.);
#9373 = EDGE_LOOP('',(#9374,#9375,#9376,#9377));
#9374 = ORIENTED_EDGE('',*,*,#6330,.F.);
#9375 = ORIENTED_EDGE('',*,*,#5226,.T.);
#9376 = ORIENTED_EDGE('',*,*,#5110,.F.);
#9377 = ORIENTED_EDGE('',*,*,#4989,.F.);
#9378 = ADVANCED_FACE('',(#9379),#5623,.F.);
#9379 = FACE_BOUND('',#9380,.F.);
#9380 = EDGE_LOOP('',(#9381,#9382,#9383,#9384));
#9381 = ORIENTED_EDGE('',*,*,#8918,.F.);
#9382 = ORIENTED_EDGE('',*,*,#5607,.T.);
#9383 = ORIENTED_EDGE('',*,*,#5690,.T.);
#9384 = ORIENTED_EDGE('',*,*,#5998,.F.);
#9385 = ADVANCED_FACE('',(#9386),#5771,.T.);
#9386 = FACE_BOUND('',#9387,.T.);
#9387 = EDGE_LOOP('',(#9388,#9389,#9390,#9391));
#9388 = ORIENTED_EDGE('',*,*,#6047,.F.);
#9389 = ORIENTED_EDGE('',*,*,#5949,.F.);
#9390 = ORIENTED_EDGE('',*,*,#5852,.T.);
#9391 = ORIENTED_EDGE('',*,*,#5756,.F.);
#9392 = ADVANCED_FACE('',(#9393),#6241,.F.);
#9393 = FACE_BOUND('',#9394,.F.);
#9394 = EDGE_LOOP('',(#9395,#9418,#9419,#9420,#9443));
#9395 = ORIENTED_EDGE('',*,*,#9396,.F.);
#9396 = EDGE_CURVE('',#9323,#9397,#9399,.T.);
#9397 = VERTEX_POINT('',#9398);
#9398 = CARTESIAN_POINT('',(13.5,133.,34.243094016041));
#9399 = SURFACE_CURVE('',#9400,(#9404,#9411),.PCURVE_S1.);
#9400 = LINE('',#9401,#9402);
#9401 = CARTESIAN_POINT('',(13.5,133.,3.2));
#9402 = VECTOR('',#9403,1.);
#9403 = DIRECTION('',(0.,0.,1.));
#9404 = PCURVE('',#6241,#9405);
#9405 = DEFINITIONAL_REPRESENTATION('',(#9406),#9410);
#9406 = LINE('',#9407,#9408);
#9407 = CARTESIAN_POINT('',(0.,10.));
#9408 = VECTOR('',#9409,1.);
#9409 = DIRECTION('',(1.,0.));
#9410 = ( GEOMETRIC_REPRESENTATION_CONTEXT(2) 
PARAMETRIC_REPRESENTATION_CONTEXT() REPRESENTATION_CONTEXT('2D SPACE',''
  ) );
#9411 = PCURVE('',#9338,#9412);
#9412 = DEFINITIONAL_REPRESENTATION('',(#9413),#9417);
#9413 = LINE('',#9414,#9415);
#9414 = CARTESIAN_POINT('',(0.,0.));
#9415 = VECTOR('',#9416,1.);
#9416 = DIRECTION('',(1.,0.));
#9417 = ( GEOMETRIC_REPRESENTATION_CONTEXT(2) 
PARAMETRIC_REPRESENTATION_CONTEXT() REPRESENTATION_CONTEXT('2D SPACE',''
  ) );
#9418 = ORIENTED_EDGE('',*,*,#9350,.F.);
#9419 = ORIENTED_EDGE('',*,*,#6226,.F.);
#9420 = ORIENTED_EDGE('',*,*,#9421,.T.);
#9421 = EDGE_CURVE('',#6201,#9422,#9424,.T.);
#9422 = VERTEX_POINT('',#9423);
#9423 = CARTESIAN_POINT('',(3.5,133.,34.243094016041));
#9424 = SURFACE_CURVE('',#9425,(#9429,#9436),.PCURVE_S1.);
#9425 = LINE('',#9426,#9427);
#9426 = CARTESIAN_POINT('',(3.5,133.,3.2));
#9427 = VECTOR('',#9428,1.);
#9428 = DIRECTION('',(0.,0.,1.));
#9429 = PCURVE('',#6241,#9430);
#9430 = DEFINITIONAL_REPRESENTATION('',(#9431),#9435);
#9431 = LINE('',#9432,#9433);
#9432 = CARTESIAN_POINT('',(0.,0.));
#9433 = VECTOR('',#9434,1.);
#9434 = DIRECTION('',(1.,0.));
#9435 = ( GEOMETRIC_REPRESENTATION_CONTEXT(2) 
PARAMETRIC_REPRESENTATION_CONTEXT() REPRESENTATION_CONTEXT('2D SPACE',''
  ) );
#9436 = PCURVE('',#6215,#9437);
#9437 = DEFINITIONAL_REPRESENTATION('',(#9438),#9442);
#9438 = LINE('',#9439,#9440);
#9439 = CARTESIAN_POINT('',(0.,0.));
#9440 = VECTOR('',#9441,1.);
#9441 = DIRECTION('',(1.,0.));
#9442 = ( GEOMETRIC_REPRESENTATION_CONTEXT(2) 
PARAMETRIC_REPRESENTATION_CONTEXT() REPRESENTATION_CONTEXT('2D SPACE',''
  ) );
#9443 = ORIENTED_EDGE('',*,*,#9444,.T.);
#9444 = EDGE_CURVE('',#9422,#9397,#9445,.T.);
#9445 = SURFACE_CURVE('',#9446,(#9450,#9456),.PCURVE_S1.);
#9446 = LINE('',#9447,#9448);
#9447 = CARTESIAN_POINT('',(-223.25,133.,34.243094016041));
#9448 = VECTOR('',#9449,1.);
#9449 = DIRECTION('',(1.,0.,-0.));
#9450 = PCURVE('',#6241,#9451);
#9451 = DEFINITIONAL_REPRESENTATION('',(#9452),#9455);
#9452 = B_SPLINE_CURVE_WITH_KNOTS('',1,(#9453,#9454),.UNSPECIFIED.,.F.,
  .F.,(2,2),(226.75,236.75),.PIECEWISE_BEZIER_KNOTS.);
#9453 = CARTESIAN_POINT('',(31.043094016041,0.));
#9454 = CARTESIAN_POINT('',(31.043094016041,10.));
#9455 = ( GEOMETRIC_REPRESENTATION_CONTEXT(2) 
PARAMETRIC_REPRESENTATION_CONTEXT() REPRESENTATION_CONTEXT('2D SPACE',''
  ) );
#9456 = PCURVE('',#9457,#9462);
#9457 = PLANE('',#9458);
#9458 = AXIS2_PLACEMENT_3D('',#9459,#9460,#9461);
#9459 = CARTESIAN_POINT('',(-450.,-439.3361917632,-92.62235907001));
#9460 = DIRECTION('',(0.,-0.216409655053,0.976302648363));
#9461 = DIRECTION('',(1.,0.,0.));
#9462 = DEFINITIONAL_REPRESENTATION('',(#9463),#9466);
#9463 = B_SPLINE_CURVE_WITH_KNOTS('',1,(#9464,#9465),.UNSPECIFIED.,.F.,
  .F.,(2,2),(226.75,236.75),.PIECEWISE_BEZIER_KNOTS.);
#9464 = CARTESIAN_POINT('',(453.5,586.22824871268));
#9465 = CARTESIAN_POINT('',(463.5,586.22824871268));
#9466 = ( GEOMETRIC_REPRESENTATION_CONTEXT(2) 
PARAMETRIC_REPRESENTATION_CONTEXT() REPRESENTATION_CONTEXT('2D SPACE',''
  ) );
#9467 = ADVANCED_FACE('',(#9468),#6215,.F.);
#9468 = FACE_BOUND('',#9469,.F.);
#9469 = EDGE_LOOP('',(#9470,#9471,#9472,#9495));
#9470 = ORIENTED_EDGE('',*,*,#9421,.F.);
#9471 = ORIENTED_EDGE('',*,*,#6200,.F.);
#9472 = ORIENTED_EDGE('',*,*,#9473,.T.);
#9473 = EDGE_CURVE('',#6175,#9474,#9476,.T.);
#9474 = VERTEX_POINT('',#9475);
#9475 = CARTESIAN_POINT('',(3.5,145.,36.903043638207));
#9476 = SURFACE_CURVE('',#9477,(#9481,#9488),.PCURVE_S1.);
#9477 = LINE('',#9478,#9479);
#9478 = CARTESIAN_POINT('',(3.5,145.,3.2));
#9479 = VECTOR('',#9480,1.);
#9480 = DIRECTION('',(0.,0.,1.));
#9481 = PCURVE('',#6215,#9482);
#9482 = DEFINITIONAL_REPRESENTATION('',(#9483),#9487);
#9483 = LINE('',#9484,#9485);
#9484 = CARTESIAN_POINT('',(0.,-12.));
#9485 = VECTOR('',#9486,1.);
#9486 = DIRECTION('',(1.,0.));
#9487 = ( GEOMETRIC_REPRESENTATION_CONTEXT(2) 
PARAMETRIC_REPRESENTATION_CONTEXT() REPRESENTATION_CONTEXT('2D SPACE',''
  ) );
#9488 = PCURVE('',#6189,#9489);
#9489 = DEFINITIONAL_REPRESENTATION('',(#9490),#9494);
#9490 = LINE('',#9491,#9492);
#9491 = CARTESIAN_POINT('',(0.,0.));
#9492 = VECTOR('',#9493,1.);
#9493 = DIRECTION('',(1.,0.));
#9494 = ( GEOMETRIC_REPRESENTATION_CONTEXT(2) 
PARAMETRIC_REPRESENTATION_CONTEXT() REPRESENTATION_CONTEXT('2D SPACE',''
  ) );
#9495 = ORIENTED_EDGE('',*,*,#9496,.T.);
#9496 = EDGE_CURVE('',#9474,#9422,#9497,.T.);
#9497 = SURFACE_CURVE('',#9498,(#9502,#9508),.PCURVE_S1.);
#9498 = LINE('',#9499,#9500);
#9499 = CARTESIAN_POINT('',(3.5,-156.4475088119,-29.9165552924));
#9500 = VECTOR('',#9501,1.);
#9501 = DIRECTION('',(0.,-0.976302648363,-0.216409655053));
#9502 = PCURVE('',#6215,#9503);
#9503 = DEFINITIONAL_REPRESENTATION('',(#9504),#9507);
#9504 = B_SPLINE_CURVE_WITH_KNOTS('',1,(#9505,#9506),.UNSPECIFIED.,.F.,
  .F.,(2,2),(-308.7644075507,-296.4731369902),.PIECEWISE_BEZIER_KNOTS.);
#9505 = CARTESIAN_POINT('',(33.703043638207,-12.));
#9506 = CARTESIAN_POINT('',(31.043094016041,-1.963327596884E-14));
#9507 = ( GEOMETRIC_REPRESENTATION_CONTEXT(2) 
PARAMETRIC_REPRESENTATION_CONTEXT() REPRESENTATION_CONTEXT('2D SPACE',''
  ) );
#9508 = PCURVE('',#9457,#9509);
#9509 = DEFINITIONAL_REPRESENTATION('',(#9510),#9513);
#9510 = B_SPLINE_CURVE_WITH_KNOTS('',1,(#9511,#9512),.UNSPECIFIED.,.F.,
  .F.,(2,2),(-308.7644075507,-296.4731369902),.PIECEWISE_BEZIER_KNOTS.);
#9511 = CARTESIAN_POINT('',(453.5,598.51951927322));
#9512 = CARTESIAN_POINT('',(453.5,586.22824871268));
#9513 = ( GEOMETRIC_REPRESENTATION_CONTEXT(2) 
PARAMETRIC_REPRESENTATION_CONTEXT() REPRESENTATION_CONTEXT('2D SPACE',''
  ) );
#9514 = ADVANCED_FACE('',(#9515),#6189,.T.);
#9515 = FACE_BOUND('',#9516,.T.);
#9516 = EDGE_LOOP('',(#9517,#9540,#9541,#9542,#9543));
#9517 = ORIENTED_EDGE('',*,*,#9518,.F.);
#9518 = EDGE_CURVE('',#9300,#9519,#9521,.T.);
#9519 = VERTEX_POINT('',#9520);
#9520 = CARTESIAN_POINT('',(13.5,145.,36.903043638207));
#9521 = SURFACE_CURVE('',#9522,(#9526,#9533),.PCURVE_S1.);
#9522 = LINE('',#9523,#9524);
#9523 = CARTESIAN_POINT('',(13.5,145.,3.2));
#9524 = VECTOR('',#9525,1.);
#9525 = DIRECTION('',(0.,0.,1.));
#9526 = PCURVE('',#6189,#9527);
#9527 = DEFINITIONAL_REPRESENTATION('',(#9528),#9532);
#9528 = LINE('',#9529,#9530);
#9529 = CARTESIAN_POINT('',(0.,10.));
#9530 = VECTOR('',#9531,1.);
#9531 = DIRECTION('',(1.,0.));
#9532 = ( GEOMETRIC_REPRESENTATION_CONTEXT(2) 
PARAMETRIC_REPRESENTATION_CONTEXT() REPRESENTATION_CONTEXT('2D SPACE',''
  ) );
#9533 = PCURVE('',#9338,#9534);
#9534 = DEFINITIONAL_REPRESENTATION('',(#9535),#9539);
#9535 = LINE('',#9536,#9537);
#9536 = CARTESIAN_POINT('',(0.,-12.));
#9537 = VECTOR('',#9538,1.);
#9538 = DIRECTION('',(1.,0.));
#9539 = ( GEOMETRIC_REPRESENTATION_CONTEXT(2) 
PARAMETRIC_REPRESENTATION_CONTEXT() REPRESENTATION_CONTEXT('2D SPACE',''
  ) );
#9540 = ORIENTED_EDGE('',*,*,#9299,.F.);
#9541 = ORIENTED_EDGE('',*,*,#6174,.F.);
#9542 = ORIENTED_EDGE('',*,*,#9473,.T.);
#9543 = ORIENTED_EDGE('',*,*,#9544,.T.);
#9544 = EDGE_CURVE('',#9474,#9519,#9545,.T.);
#9545 = SURFACE_CURVE('',#9546,(#9550,#9556),.PCURVE_S1.);
#9546 = LINE('',#9547,#9548);
#9547 = CARTESIAN_POINT('',(-223.25,145.,36.903043638207));
#9548 = VECTOR('',#9549,1.);
#9549 = DIRECTION('',(1.,0.,-0.));
#9550 = PCURVE('',#6189,#9551);
#9551 = DEFINITIONAL_REPRESENTATION('',(#9552),#9555);
#9552 = B_SPLINE_CURVE_WITH_KNOTS('',1,(#9553,#9554),.UNSPECIFIED.,.F.,
  .F.,(2,2),(226.75,236.75),.PIECEWISE_BEZIER_KNOTS.);
#9553 = CARTESIAN_POINT('',(33.703043638207,0.));
#9554 = CARTESIAN_POINT('',(33.703043638207,10.));
#9555 = ( GEOMETRIC_REPRESENTATION_CONTEXT(2) 
PARAMETRIC_REPRESENTATION_CONTEXT() REPRESENTATION_CONTEXT('2D SPACE',''
  ) );
#9556 = PCURVE('',#9457,#9557);
#9557 = DEFINITIONAL_REPRESENTATION('',(#9558),#9561);
#9558 = B_SPLINE_CURVE_WITH_KNOTS('',1,(#9559,#9560),.UNSPECIFIED.,.F.,
  .F.,(2,2),(226.75,236.75),.PIECEWISE_BEZIER_KNOTS.);
#9559 = CARTESIAN_POINT('',(453.5,598.51951927322));
#9560 = CARTESIAN_POINT('',(463.5,598.51951927322));
#9561 = ( GEOMETRIC_REPRESENTATION_CONTEXT(2) 
PARAMETRIC_REPRESENTATION_CONTEXT() REPRESENTATION_CONTEXT('2D SPACE',''
  ) );
#9562 = ADVANCED_FACE('',(#9563),#6294,.F.);
#9563 = FACE_BOUND('',#9564,.F.);
#9564 = EDGE_LOOP('',(#9565,#9566,#9567,#9588,#9609,#9630,#9653,#9674,
    #9695,#9716,#9739,#9760,#9781,#9800,#9801,#9802));
#9565 = ORIENTED_EDGE('',*,*,#6276,.F.);
#9566 = ORIENTED_EDGE('',*,*,#8869,.F.);
#9567 = ORIENTED_EDGE('',*,*,#9568,.F.);
#9568 = EDGE_CURVE('',#9569,#8870,#9571,.T.);
#9569 = VERTEX_POINT('',#9570);
#9570 = CARTESIAN_POINT('',(91.45,110.5,11.2));
#9571 = SURFACE_CURVE('',#9572,(#9576,#9582),.PCURVE_S1.);
#9572 = LINE('',#9573,#9574);
#9573 = CARTESIAN_POINT('',(91.45,110.5,3.2));
#9574 = VECTOR('',#9575,1.);
#9575 = DIRECTION('',(0.,0.,-1.));
#9576 = PCURVE('',#6294,#9577);
#9577 = DEFINITIONAL_REPRESENTATION('',(#9578),#9581);
#9578 = B_SPLINE_CURVE_WITH_KNOTS('',1,(#9579,#9580),.UNSPECIFIED.,.F.,
  .F.,(2,2),(-8.,0.),.PIECEWISE_BEZIER_KNOTS.);
#9579 = CARTESIAN_POINT('',(8.,102.73697351637));
#9580 = CARTESIAN_POINT('',(0.,102.73697351637));
#9581 = ( GEOMETRIC_REPRESENTATION_CONTEXT(2) 
PARAMETRIC_REPRESENTATION_CONTEXT() REPRESENTATION_CONTEXT('2D SPACE',''
  ) );
#9582 = PCURVE('',#8596,#9583);
#9583 = DEFINITIONAL_REPRESENTATION('',(#9584),#9587);
#9584 = B_SPLINE_CURVE_WITH_KNOTS('',1,(#9585,#9586),.UNSPECIFIED.,.F.,
  .F.,(2,2),(-8.,0.),.PIECEWISE_BEZIER_KNOTS.);
#9585 = CARTESIAN_POINT('',(8.,0.2));
#9586 = CARTESIAN_POINT('',(0.,0.2));
#9587 = ( GEOMETRIC_REPRESENTATION_CONTEXT(2) 
PARAMETRIC_REPRESENTATION_CONTEXT() REPRESENTATION_CONTEXT('2D SPACE',''
  ) );
#9588 = ORIENTED_EDGE('',*,*,#9589,.F.);
#9589 = EDGE_CURVE('',#9590,#9569,#9592,.T.);
#9590 = VERTEX_POINT('',#9591);
#9591 = CARTESIAN_POINT('',(91.45,105.5,11.2));
#9592 = SURFACE_CURVE('',#9593,(#9597,#9603),.PCURVE_S1.);
#9593 = LINE('',#9594,#9595);
#9594 = CARTESIAN_POINT('',(91.45,56.631513241813,11.2));
#9595 = VECTOR('',#9596,1.);
#9596 = DIRECTION('',(1.110223024625E-16,1.,-0.));
#9597 = PCURVE('',#6294,#9598);
#9598 = DEFINITIONAL_REPRESENTATION('',(#9599),#9602);
#9599 = B_SPLINE_CURVE_WITH_KNOTS('',1,(#9600,#9601),.UNSPECIFIED.,.F.,
  .F.,(2,2),(48.868486758187,53.868486758187),.PIECEWISE_BEZIER_KNOTS.);
#9600 = CARTESIAN_POINT('',(8.,97.736973516373));
#9601 = CARTESIAN_POINT('',(8.,102.73697351637));
#9602 = ( GEOMETRIC_REPRESENTATION_CONTEXT(2) 
PARAMETRIC_REPRESENTATION_CONTEXT() REPRESENTATION_CONTEXT('2D SPACE',''
  ) );
#9603 = PCURVE('',#8622,#9604);
#9604 = DEFINITIONAL_REPRESENTATION('',(#9605),#9608);
#9605 = B_SPLINE_CURVE_WITH_KNOTS('',1,(#9606,#9607),.UNSPECIFIED.,.F.,
  .F.,(2,2),(48.868486758187,53.868486758187),.PIECEWISE_BEZIER_KNOTS.);
#9606 = CARTESIAN_POINT('',(0.2,0.));
#9607 = CARTESIAN_POINT('',(0.2,5.));
#9608 = ( GEOMETRIC_REPRESENTATION_CONTEXT(2) 
PARAMETRIC_REPRESENTATION_CONTEXT() REPRESENTATION_CONTEXT('2D SPACE',''
  ) );
#9609 = ORIENTED_EDGE('',*,*,#9610,.T.);
#9610 = EDGE_CURVE('',#9590,#9611,#9613,.T.);
#9611 = VERTEX_POINT('',#9612);
#9612 = CARTESIAN_POINT('',(91.45,105.5,3.2));
#9613 = SURFACE_CURVE('',#9614,(#9618,#9624),.PCURVE_S1.);
#9614 = LINE('',#9615,#9616);
#9615 = CARTESIAN_POINT('',(91.45,105.5,3.2));
#9616 = VECTOR('',#9617,1.);
#9617 = DIRECTION('',(0.,0.,-1.));
#9618 = PCURVE('',#6294,#9619);
#9619 = DEFINITIONAL_REPRESENTATION('',(#9620),#9623);
#9620 = B_SPLINE_CURVE_WITH_KNOTS('',1,(#9621,#9622),.UNSPECIFIED.,.F.,
  .F.,(2,2),(-8.,0.),.PIECEWISE_BEZIER_KNOTS.);
#9621 = CARTESIAN_POINT('',(8.,97.736973516373));
#9622 = CARTESIAN_POINT('',(0.,97.736973516373));
#9623 = ( GEOMETRIC_REPRESENTATION_CONTEXT(2) 
PARAMETRIC_REPRESENTATION_CONTEXT() REPRESENTATION_CONTEXT('2D SPACE',''
  ) );
#9624 = PCURVE('',#8648,#9625);
#9625 = DEFINITIONAL_REPRESENTATION('',(#9626),#9629);
#9626 = B_SPLINE_CURVE_WITH_KNOTS('',1,(#9627,#9628),.UNSPECIFIED.,.F.,
  .F.,(2,2),(-8.,0.),.PIECEWISE_BEZIER_KNOTS.);
#9627 = CARTESIAN_POINT('',(8.,0.2));
#9628 = CARTESIAN_POINT('',(0.,0.2));
#9629 = ( GEOMETRIC_REPRESENTATION_CONTEXT(2) 
PARAMETRIC_REPRESENTATION_CONTEXT() REPRESENTATION_CONTEXT('2D SPACE',''
  ) );
#9630 = ORIENTED_EDGE('',*,*,#9631,.F.);
#9631 = EDGE_CURVE('',#9632,#9611,#9634,.T.);
#9632 = VERTEX_POINT('',#9633);
#9633 = CARTESIAN_POINT('',(91.45,68.5,3.2));
#9634 = SURFACE_CURVE('',#9635,(#9639,#9646),.PCURVE_S1.);
#9635 = LINE('',#9636,#9637);
#9636 = CARTESIAN_POINT('',(91.45,7.763026483627,3.2));
#9637 = VECTOR('',#9638,1.);
#9638 = DIRECTION('',(1.110223024625E-16,1.,0.));
#9639 = PCURVE('',#6294,#9640);
#9640 = DEFINITIONAL_REPRESENTATION('',(#9641),#9645);
#9641 = LINE('',#9642,#9643);
#9642 = CARTESIAN_POINT('',(0.,0.));
#9643 = VECTOR('',#9644,1.);
#9644 = DIRECTION('',(0.,1.));
#9645 = ( GEOMETRIC_REPRESENTATION_CONTEXT(2) 
PARAMETRIC_REPRESENTATION_CONTEXT() REPRESENTATION_CONTEXT('2D SPACE',''
  ) );
#9646 = PCURVE('',#8675,#9647);
#9647 = DEFINITIONAL_REPRESENTATION('',(#9648),#9652);
#9648 = LINE('',#9649,#9650);
#9649 = CARTESIAN_POINT('',(88.25,4.563026483627));
#9650 = VECTOR('',#9651,1.);
#9651 = DIRECTION('',(1.110223024625E-16,1.));
#9652 = ( GEOMETRIC_REPRESENTATION_CONTEXT(2) 
PARAMETRIC_REPRESENTATION_CONTEXT() REPRESENTATION_CONTEXT('2D SPACE',''
  ) );
#9653 = ORIENTED_EDGE('',*,*,#9654,.F.);
#9654 = EDGE_CURVE('',#9655,#9632,#9657,.T.);
#9655 = VERTEX_POINT('',#9656);
#9656 = CARTESIAN_POINT('',(91.45,68.5,11.2));
#9657 = SURFACE_CURVE('',#9658,(#9662,#9668),.PCURVE_S1.);
#9658 = LINE('',#9659,#9660);
#9659 = CARTESIAN_POINT('',(91.45,68.5,3.2));
#9660 = VECTOR('',#9661,1.);
#9661 = DIRECTION('',(0.,0.,-1.));
#9662 = PCURVE('',#6294,#9663);
#9663 = DEFINITIONAL_REPRESENTATION('',(#9664),#9667);
#9664 = B_SPLINE_CURVE_WITH_KNOTS('',1,(#9665,#9666),.UNSPECIFIED.,.F.,
  .F.,(2,2),(-8.,0.),.PIECEWISE_BEZIER_KNOTS.);
#9665 = CARTESIAN_POINT('',(8.,60.736973516373));
#9666 = CARTESIAN_POINT('',(0.,60.736973516373));
#9667 = ( GEOMETRIC_REPRESENTATION_CONTEXT(2) 
PARAMETRIC_REPRESENTATION_CONTEXT() REPRESENTATION_CONTEXT('2D SPACE',''
  ) );
#9668 = PCURVE('',#8702,#9669);
#9669 = DEFINITIONAL_REPRESENTATION('',(#9670),#9673);
#9670 = B_SPLINE_CURVE_WITH_KNOTS('',1,(#9671,#9672),.UNSPECIFIED.,.F.,
  .F.,(2,2),(-8.,0.),.PIECEWISE_BEZIER_KNOTS.);
#9671 = CARTESIAN_POINT('',(8.,0.2));
#9672 = CARTESIAN_POINT('',(0.,0.2));
#9673 = ( GEOMETRIC_REPRESENTATION_CONTEXT(2) 
PARAMETRIC_REPRESENTATION_CONTEXT() REPRESENTATION_CONTEXT('2D SPACE',''
  ) );
#9674 = ORIENTED_EDGE('',*,*,#9675,.F.);
#9675 = EDGE_CURVE('',#9676,#9655,#9678,.T.);
#9676 = VERTEX_POINT('',#9677);
#9677 = CARTESIAN_POINT('',(91.45,63.5,11.2));
#9678 = SURFACE_CURVE('',#9679,(#9683,#9689),.PCURVE_S1.);
#9679 = LINE('',#9680,#9681);
#9680 = CARTESIAN_POINT('',(91.45,35.631513241813,11.2));
#9681 = VECTOR('',#9682,1.);
#9682 = DIRECTION('',(1.110223024625E-16,1.,-0.));
#9683 = PCURVE('',#6294,#9684);
#9684 = DEFINITIONAL_REPRESENTATION('',(#9685),#9688);
#9685 = B_SPLINE_CURVE_WITH_KNOTS('',1,(#9686,#9687),.UNSPECIFIED.,.F.,
  .F.,(2,2),(27.868486758187,32.868486758187),.PIECEWISE_BEZIER_KNOTS.);
#9686 = CARTESIAN_POINT('',(8.,55.736973516373));
#9687 = CARTESIAN_POINT('',(8.,60.736973516373));
#9688 = ( GEOMETRIC_REPRESENTATION_CONTEXT(2) 
PARAMETRIC_REPRESENTATION_CONTEXT() REPRESENTATION_CONTEXT('2D SPACE',''
  ) );
#9689 = PCURVE('',#8728,#9690);
#9690 = DEFINITIONAL_REPRESENTATION('',(#9691),#9694);
#9691 = B_SPLINE_CURVE_WITH_KNOTS('',1,(#9692,#9693),.UNSPECIFIED.,.F.,
  .F.,(2,2),(27.868486758187,32.868486758187),.PIECEWISE_BEZIER_KNOTS.);
#9692 = CARTESIAN_POINT('',(0.2,0.));
#9693 = CARTESIAN_POINT('',(0.2,5.));
#9694 = ( GEOMETRIC_REPRESENTATION_CONTEXT(2) 
PARAMETRIC_REPRESENTATION_CONTEXT() REPRESENTATION_CONTEXT('2D SPACE',''
  ) );
#9695 = ORIENTED_EDGE('',*,*,#9696,.T.);
#9696 = EDGE_CURVE('',#9676,#9697,#9699,.T.);
#9697 = VERTEX_POINT('',#9698);
#9698 = CARTESIAN_POINT('',(91.45,63.5,3.2));
#9699 = SURFACE_CURVE('',#9700,(#9704,#9710),.PCURVE_S1.);
#9700 = LINE('',#9701,#9702);
#9701 = CARTESIAN_POINT('',(91.45,63.5,3.2));
#9702 = VECTOR('',#9703,1.);
#9703 = DIRECTION('',(0.,0.,-1.));
#9704 = PCURVE('',#6294,#9705);
#9705 = DEFINITIONAL_REPRESENTATION('',(#9706),#9709);
#9706 = B_SPLINE_CURVE_WITH_KNOTS('',1,(#9707,#9708),.UNSPECIFIED.,.F.,
  .F.,(2,2),(-8.,0.),.PIECEWISE_BEZIER_KNOTS.);
#9707 = CARTESIAN_POINT('',(8.,55.736973516373));
#9708 = CARTESIAN_POINT('',(0.,55.736973516373));
#9709 = ( GEOMETRIC_REPRESENTATION_CONTEXT(2) 
PARAMETRIC_REPRESENTATION_CONTEXT() REPRESENTATION_CONTEXT('2D SPACE',''
  ) );
#9710 = PCURVE('',#8754,#9711);
#9711 = DEFINITIONAL_REPRESENTATION('',(#9712),#9715);
#9712 = B_SPLINE_CURVE_WITH_KNOTS('',1,(#9713,#9714),.UNSPECIFIED.,.F.,
  .F.,(2,2),(-8.,0.),.PIECEWISE_BEZIER_KNOTS.);
#9713 = CARTESIAN_POINT('',(8.,0.2));
#9714 = CARTESIAN_POINT('',(0.,0.2));
#9715 = ( GEOMETRIC_REPRESENTATION_CONTEXT(2) 
PARAMETRIC_REPRESENTATION_CONTEXT() REPRESENTATION_CONTEXT('2D SPACE',''
  ) );
#9716 = ORIENTED_EDGE('',*,*,#9717,.F.);
#9717 = EDGE_CURVE('',#9718,#9697,#9720,.T.);
#9718 = VERTEX_POINT('',#9719);
#9719 = CARTESIAN_POINT('',(91.45,37.5,3.2));
#9720 = SURFACE_CURVE('',#9721,(#9725,#9732),.PCURVE_S1.);
#9721 = LINE('',#9722,#9723);
#9722 = CARTESIAN_POINT('',(91.45,7.763026483627,3.2));
#9723 = VECTOR('',#9724,1.);
#9724 = DIRECTION('',(1.110223024625E-16,1.,0.));
#9725 = PCURVE('',#6294,#9726);
#9726 = DEFINITIONAL_REPRESENTATION('',(#9727),#9731);
#9727 = LINE('',#9728,#9729);
#9728 = CARTESIAN_POINT('',(0.,0.));
#9729 = VECTOR('',#9730,1.);
#9730 = DIRECTION('',(0.,1.));
#9731 = ( GEOMETRIC_REPRESENTATION_CONTEXT(2) 
PARAMETRIC_REPRESENTATION_CONTEXT() REPRESENTATION_CONTEXT('2D SPACE',''
  ) );
#9732 = PCURVE('',#8781,#9733);
#9733 = DEFINITIONAL_REPRESENTATION('',(#9734),#9738);
#9734 = LINE('',#9735,#9736);
#9735 = CARTESIAN_POINT('',(88.25,4.563026483627));
#9736 = VECTOR('',#9737,1.);
#9737 = DIRECTION('',(1.110223024625E-16,1.));
#9738 = ( GEOMETRIC_REPRESENTATION_CONTEXT(2) 
PARAMETRIC_REPRESENTATION_CONTEXT() REPRESENTATION_CONTEXT('2D SPACE',''
  ) );
#9739 = ORIENTED_EDGE('',*,*,#9740,.F.);
#9740 = EDGE_CURVE('',#9741,#9718,#9743,.T.);
#9741 = VERTEX_POINT('',#9742);
#9742 = CARTESIAN_POINT('',(91.45,37.5,11.2));
#9743 = SURFACE_CURVE('',#9744,(#9748,#9754),.PCURVE_S1.);
#9744 = LINE('',#9745,#9746);
#9745 = CARTESIAN_POINT('',(91.45,37.5,3.2));
#9746 = VECTOR('',#9747,1.);
#9747 = DIRECTION('',(0.,0.,-1.));
#9748 = PCURVE('',#6294,#9749);
#9749 = DEFINITIONAL_REPRESENTATION('',(#9750),#9753);
#9750 = B_SPLINE_CURVE_WITH_KNOTS('',1,(#9751,#9752),.UNSPECIFIED.,.F.,
  .F.,(2,2),(-8.,0.),.PIECEWISE_BEZIER_KNOTS.);
#9751 = CARTESIAN_POINT('',(8.,29.736973516373));
#9752 = CARTESIAN_POINT('',(0.,29.736973516373));
#9753 = ( GEOMETRIC_REPRESENTATION_CONTEXT(2) 
PARAMETRIC_REPRESENTATION_CONTEXT() REPRESENTATION_CONTEXT('2D SPACE',''
  ) );
#9754 = PCURVE('',#8808,#9755);
#9755 = DEFINITIONAL_REPRESENTATION('',(#9756),#9759);
#9756 = B_SPLINE_CURVE_WITH_KNOTS('',1,(#9757,#9758),.UNSPECIFIED.,.F.,
  .F.,(2,2),(-8.,0.),.PIECEWISE_BEZIER_KNOTS.);
#9757 = CARTESIAN_POINT('',(8.,0.2));
#9758 = CARTESIAN_POINT('',(0.,0.2));
#9759 = ( GEOMETRIC_REPRESENTATION_CONTEXT(2) 
PARAMETRIC_REPRESENTATION_CONTEXT() REPRESENTATION_CONTEXT('2D SPACE',''
  ) );
#9760 = ORIENTED_EDGE('',*,*,#9761,.F.);
#9761 = EDGE_CURVE('',#9762,#9741,#9764,.T.);
#9762 = VERTEX_POINT('',#9763);
#9763 = CARTESIAN_POINT('',(91.45,32.5,11.2));
#9764 = SURFACE_CURVE('',#9765,(#9769,#9775),.PCURVE_S1.);
#9765 = LINE('',#9766,#9767);
#9766 = CARTESIAN_POINT('',(91.45,20.131513241813,11.2));
#9767 = VECTOR('',#9768,1.);
#9768 = DIRECTION('',(1.110223024625E-16,1.,-0.));
#9769 = PCURVE('',#6294,#9770);
#9770 = DEFINITIONAL_REPRESENTATION('',(#9771),#9774);
#9771 = B_SPLINE_CURVE_WITH_KNOTS('',1,(#9772,#9773),.UNSPECIFIED.,.F.,
  .F.,(2,2),(12.368486758187,17.368486758187),.PIECEWISE_BEZIER_KNOTS.);
#9772 = CARTESIAN_POINT('',(8.,24.736973516373));
#9773 = CARTESIAN_POINT('',(8.,29.736973516373));
#9774 = ( GEOMETRIC_REPRESENTATION_CONTEXT(2) 
PARAMETRIC_REPRESENTATION_CONTEXT() REPRESENTATION_CONTEXT('2D SPACE',''
  ) );
#9775 = PCURVE('',#8834,#9776);
#9776 = DEFINITIONAL_REPRESENTATION('',(#9777),#9780);
#9777 = B_SPLINE_CURVE_WITH_KNOTS('',1,(#9778,#9779),.UNSPECIFIED.,.F.,
  .F.,(2,2),(12.368486758187,17.368486758187),.PIECEWISE_BEZIER_KNOTS.);
#9778 = CARTESIAN_POINT('',(0.2,0.));
#9779 = CARTESIAN_POINT('',(0.2,5.));
#9780 = ( GEOMETRIC_REPRESENTATION_CONTEXT(2) 
PARAMETRIC_REPRESENTATION_CONTEXT() REPRESENTATION_CONTEXT('2D SPACE',''
  ) );
#9781 = ORIENTED_EDGE('',*,*,#9782,.T.);
#9782 = EDGE_CURVE('',#9762,#7580,#9783,.T.);
#9783 = SURFACE_CURVE('',#9784,(#9788,#9794),.PCURVE_S1.);
#9784 = LINE('',#9785,#9786);
#9785 = CARTESIAN_POINT('',(91.45,32.5,3.2));
#9786 = VECTOR('',#9787,1.);
#9787 = DIRECTION('',(0.,0.,-1.));
#9788 = PCURVE('',#6294,#9789);
#9789 = DEFINITIONAL_REPRESENTATION('',(#9790),#9793);
#9790 = B_SPLINE_CURVE_WITH_KNOTS('',1,(#9791,#9792),.UNSPECIFIED.,.F.,
  .F.,(2,2),(-8.,0.),.PIECEWISE_BEZIER_KNOTS.);
#9791 = CARTESIAN_POINT('',(8.,24.736973516373));
#9792 = CARTESIAN_POINT('',(0.,24.736973516373));
#9793 = ( GEOMETRIC_REPRESENTATION_CONTEXT(2) 
PARAMETRIC_REPRESENTATION_CONTEXT() REPRESENTATION_CONTEXT('2D SPACE',''
  ) );
#9794 = PCURVE('',#7595,#9795);
#9795 = DEFINITIONAL_REPRESENTATION('',(#9796),#9799);
#9796 = B_SPLINE_CURVE_WITH_KNOTS('',1,(#9797,#9798),.UNSPECIFIED.,.F.,
  .F.,(2,2),(-8.,0.),.PIECEWISE_BEZIER_KNOTS.);
#9797 = CARTESIAN_POINT('',(8.,0.2));
#9798 = CARTESIAN_POINT('',(0.,0.2));
#9799 = ( GEOMETRIC_REPRESENTATION_CONTEXT(2) 
PARAMETRIC_REPRESENTATION_CONTEXT() REPRESENTATION_CONTEXT('2D SPACE',''
  ) );
#9800 = ORIENTED_EDGE('',*,*,#7607,.F.);
#9801 = ORIENTED_EDGE('',*,*,#7068,.T.);
#9802 = ORIENTED_EDGE('',*,*,#6532,.F.);
#9803 = ADVANCED_FACE('',(#9804),#6472,.T.);
#9804 = FACE_BOUND('',#9805,.T.);
#9805 = EDGE_LOOP('',(#9806,#9829,#9850,#9851));
#9806 = ORIENTED_EDGE('',*,*,#9807,.F.);
#9807 = EDGE_CURVE('',#9808,#6429,#9810,.T.);
#9808 = VERTEX_POINT('',#9809);
#9809 = CARTESIAN_POINT('',(53.075,123.03302648362,16.433443998149));
#9810 = SURFACE_CURVE('',#9811,(#9815,#9822),.PCURVE_S1.);
#9811 = LINE('',#9812,#9813);
#9812 = CARTESIAN_POINT('',(53.075,121.13302648362,16.433443998149));
#9813 = VECTOR('',#9814,1.);
#9814 = DIRECTION('',(1.110223024625E-16,1.,0.));
#9815 = PCURVE('',#6472,#9816);
#9816 = DEFINITIONAL_REPRESENTATION('',(#9817),#9821);
#9817 = LINE('',#9818,#9819);
#9818 = CARTESIAN_POINT('',(0.,0.));
#9819 = VECTOR('',#9820,1.);
#9820 = DIRECTION('',(0.,1.));
#9821 = ( GEOMETRIC_REPRESENTATION_CONTEXT(2) 
PARAMETRIC_REPRESENTATION_CONTEXT() REPRESENTATION_CONTEXT('2D SPACE',''
  ) );
#9822 = PCURVE('',#6444,#9823);
#9823 = DEFINITIONAL_REPRESENTATION('',(#9824),#9828);
#9824 = LINE('',#9825,#9826);
#9825 = CARTESIAN_POINT('',(113.37,38.375));
#9826 = VECTOR('',#9827,1.);
#9827 = DIRECTION('',(1.,0.));
#9828 = ( GEOMETRIC_REPRESENTATION_CONTEXT(2) 
PARAMETRIC_REPRESENTATION_CONTEXT() REPRESENTATION_CONTEXT('2D SPACE',''
  ) );
#9829 = ORIENTED_EDGE('',*,*,#9830,.T.);
#9830 = EDGE_CURVE('',#9808,#6555,#9831,.T.);
#9831 = SURFACE_CURVE('',#9832,(#9836,#9843),.PCURVE_S1.);
#9832 = LINE('',#9833,#9834);
#9833 = CARTESIAN_POINT('',(53.075,123.03302648362,16.433443998149));
#9834 = VECTOR('',#9835,1.);
#9835 = DIRECTION('',(0.,0.,1.));
#9836 = PCURVE('',#6472,#9837);
#9837 = DEFINITIONAL_REPRESENTATION('',(#9838),#9842);
#9838 = LINE('',#9839,#9840);
#9839 = CARTESIAN_POINT('',(0.,1.9));
#9840 = VECTOR('',#9841,1.);
#9841 = DIRECTION('',(1.,0.));
#9842 = ( GEOMETRIC_REPRESENTATION_CONTEXT(2) 
PARAMETRIC_REPRESENTATION_CONTEXT() REPRESENTATION_CONTEXT('2D SPACE',''
  ) );
#9843 = PCURVE('',#6593,#9844);
#9844 = DEFINITIONAL_REPRESENTATION('',(#9845),#9849);
#9845 = LINE('',#9846,#9847);
#9846 = CARTESIAN_POINT('',(0.,-33.575));
#9847 = VECTOR('',#9848,1.);
#9848 = DIRECTION('',(1.,0.));
#9849 = ( GEOMETRIC_REPRESENTATION_CONTEXT(2) 
PARAMETRIC_REPRESENTATION_CONTEXT() REPRESENTATION_CONTEXT('2D SPACE',''
  ) );
#9850 = ORIENTED_EDGE('',*,*,#6554,.F.);
#9851 = ORIENTED_EDGE('',*,*,#6456,.F.);
#9852 = ADVANCED_FACE('',(#9853,#10221),#6444,.T.);
#9853 = FACE_BOUND('',#9854,.T.);
#9854 = EDGE_LOOP('',(#9855,#9878,#9879,#9902,#9925,#9946,#9947,#9970,
    #9993,#10016,#10039,#10062,#10083,#10084,#10085,#10108,#10131,#10154
    ,#10177,#10200));
#9855 = ORIENTED_EDGE('',*,*,#9856,.F.);
#9856 = EDGE_CURVE('',#6853,#9857,#9859,.T.);
#9857 = VERTEX_POINT('',#9858);
#9858 = CARTESIAN_POINT('',(7.5,90.893026483627,16.433443998149));
#9859 = SURFACE_CURVE('',#9860,(#9864,#9871),.PCURVE_S1.);
#9860 = LINE('',#9861,#9862);
#9861 = CARTESIAN_POINT('',(7.5,9.363026483627,16.433443998149));
#9862 = VECTOR('',#9863,1.);
#9863 = DIRECTION('',(1.110223024625E-16,1.,0.));
#9864 = PCURVE('',#6444,#9865);
#9865 = DEFINITIONAL_REPRESENTATION('',(#9866),#9870);
#9866 = LINE('',#9867,#9868);
#9867 = CARTESIAN_POINT('',(1.6,83.95));
#9868 = VECTOR('',#9869,1.);
#9869 = DIRECTION('',(1.,0.));
#9870 = ( GEOMETRIC_REPRESENTATION_CONTEXT(2) 
PARAMETRIC_REPRESENTATION_CONTEXT() REPRESENTATION_CONTEXT('2D SPACE',''
  ) );
#9871 = PCURVE('',#6891,#9872);
#9872 = DEFINITIONAL_REPRESENTATION('',(#9873),#9877);
#9873 = LINE('',#9874,#9875);
#9874 = CARTESIAN_POINT('',(0.,0.));
#9875 = VECTOR('',#9876,1.);
#9876 = DIRECTION('',(0.,1.));
#9877 = ( GEOMETRIC_REPRESENTATION_CONTEXT(2) 
PARAMETRIC_REPRESENTATION_CONTEXT() REPRESENTATION_CONTEXT('2D SPACE',''
  ) );
#9878 = ORIENTED_EDGE('',*,*,#6852,.T.);
#9879 = ORIENTED_EDGE('',*,*,#9880,.T.);
#9880 = EDGE_CURVE('',#6825,#9881,#9883,.T.);
#9881 = VERTEX_POINT('',#9882);
#9882 = CARTESIAN_POINT('',(7.9,9.763026483627,16.433443998149));
#9883 = SURFACE_CURVE('',#9884,(#9888,#9895),.PCURVE_S1.);
#9884 = LINE('',#9885,#9886);
#9885 = CARTESIAN_POINT('',(7.9,8.763026483627,16.433443998149));
#9886 = VECTOR('',#9887,1.);
#9887 = DIRECTION('',(-1.110223024625E-16,-1.,0.));
#9888 = PCURVE('',#6444,#9889);
#9889 = DEFINITIONAL_REPRESENTATION('',(#9890),#9894);
#9890 = LINE('',#9891,#9892);
#9891 = CARTESIAN_POINT('',(1.,83.55));
#9892 = VECTOR('',#9893,1.);
#9893 = DIRECTION('',(-1.,0.));
#9894 = ( GEOMETRIC_REPRESENTATION_CONTEXT(2) 
PARAMETRIC_REPRESENTATION_CONTEXT() REPRESENTATION_CONTEXT('2D SPACE',''
  ) );
#9895 = PCURVE('',#6840,#9896);
#9896 = DEFINITIONAL_REPRESENTATION('',(#9897),#9901);
#9897 = LINE('',#9898,#9899);
#9898 = CARTESIAN_POINT('',(13.233443998149,-1.));
#9899 = VECTOR('',#9900,1.);
#9900 = DIRECTION('',(0.,-1.));
#9901 = ( GEOMETRIC_REPRESENTATION_CONTEXT(2) 
PARAMETRIC_REPRESENTATION_CONTEXT() REPRESENTATION_CONTEXT('2D SPACE',''
  ) );
#9902 = ORIENTED_EDGE('',*,*,#9903,.F.);
#9903 = EDGE_CURVE('',#9904,#9881,#9906,.T.);
#9904 = VERTEX_POINT('',#9905);
#9905 = CARTESIAN_POINT('',(86.25,9.763026483627,16.433443998149));
#9906 = SURFACE_CURVE('',#9907,(#9911,#9918),.PCURVE_S1.);
#9907 = LINE('',#9908,#9909);
#9908 = CARTESIAN_POINT('',(88.85,9.763026483627,16.433443998149));
#9909 = VECTOR('',#9910,1.);
#9910 = DIRECTION('',(-1.,1.110223024625E-16,0.));
#9911 = PCURVE('',#6444,#9912);
#9912 = DEFINITIONAL_REPRESENTATION('',(#9913),#9917);
#9913 = LINE('',#9914,#9915);
#9914 = CARTESIAN_POINT('',(2.,2.6));
#9915 = VECTOR('',#9916,1.);
#9916 = DIRECTION('',(0.,1.));
#9917 = ( GEOMETRIC_REPRESENTATION_CONTEXT(2) 
PARAMETRIC_REPRESENTATION_CONTEXT() REPRESENTATION_CONTEXT('2D SPACE',''
  ) );
#9918 = PCURVE('',#6812,#9919);
#9919 = DEFINITIONAL_REPRESENTATION('',(#9920),#9924);
#9920 = LINE('',#9921,#9922);
#9921 = CARTESIAN_POINT('',(13.233443998149,2.6));
#9922 = VECTOR('',#9923,1.);
#9923 = DIRECTION('',(0.,-1.));
#9924 = ( GEOMETRIC_REPRESENTATION_CONTEXT(2) 
PARAMETRIC_REPRESENTATION_CONTEXT() REPRESENTATION_CONTEXT('2D SPACE',''
  ) );
#9925 = ORIENTED_EDGE('',*,*,#9926,.F.);
#9926 = EDGE_CURVE('',#6746,#9904,#9927,.T.);
#9927 = SURFACE_CURVE('',#9928,(#9932,#9939),.PCURVE_S1.);
#9928 = LINE('',#9929,#9930);
#9929 = CARTESIAN_POINT('',(86.25,8.763026483627,16.433443998149));
#9930 = VECTOR('',#9931,1.);
#9931 = DIRECTION('',(-1.110223024625E-16,-1.,0.));
#9932 = PCURVE('',#6444,#9933);
#9933 = DEFINITIONAL_REPRESENTATION('',(#9934),#9938);
#9934 = LINE('',#9935,#9936);
#9935 = CARTESIAN_POINT('',(1.,5.2));
#9936 = VECTOR('',#9937,1.);
#9937 = DIRECTION('',(-1.,0.));
#9938 = ( GEOMETRIC_REPRESENTATION_CONTEXT(2) 
PARAMETRIC_REPRESENTATION_CONTEXT() REPRESENTATION_CONTEXT('2D SPACE',''
  ) );
#9939 = PCURVE('',#6784,#9940);
#9940 = DEFINITIONAL_REPRESENTATION('',(#9941),#9945);
#9941 = LINE('',#9942,#9943);
#9942 = CARTESIAN_POINT('',(13.233443998149,-1.));
#9943 = VECTOR('',#9944,1.);
#9944 = DIRECTION('',(0.,-1.));
#9945 = ( GEOMETRIC_REPRESENTATION_CONTEXT(2) 
PARAMETRIC_REPRESENTATION_CONTEXT() REPRESENTATION_CONTEXT('2D SPACE',''
  ) );
#9946 = ORIENTED_EDGE('',*,*,#6745,.T.);
#9947 = ORIENTED_EDGE('',*,*,#9948,.T.);
#9948 = EDGE_CURVE('',#6718,#9949,#9951,.T.);
#9949 = VERTEX_POINT('',#9950);
#9950 = CARTESIAN_POINT('',(86.65,90.893026483627,16.433443998149));
#9951 = SURFACE_CURVE('',#9952,(#9956,#9963),.PCURVE_S1.);
#9952 = LINE('',#9953,#9954);
#9953 = CARTESIAN_POINT('',(86.65,9.363026483627,16.433443998149));
#9954 = VECTOR('',#9955,1.);
#9955 = DIRECTION('',(1.110223024625E-16,1.,0.));
#9956 = PCURVE('',#6444,#9957);
#9957 = DEFINITIONAL_REPRESENTATION('',(#9958),#9962);
#9958 = LINE('',#9959,#9960);
#9959 = CARTESIAN_POINT('',(1.6,4.8));
#9960 = VECTOR('',#9961,1.);
#9961 = DIRECTION('',(1.,0.));
#9962 = ( GEOMETRIC_REPRESENTATION_CONTEXT(2) 
PARAMETRIC_REPRESENTATION_CONTEXT() REPRESENTATION_CONTEXT('2D SPACE',''
  ) );
#9963 = PCURVE('',#6733,#9964);
#9964 = DEFINITIONAL_REPRESENTATION('',(#9965),#9969);
#9965 = LINE('',#9966,#9967);
#9966 = CARTESIAN_POINT('',(0.,0.));
#9967 = VECTOR('',#9968,1.);
#9968 = DIRECTION('',(0.,1.));
#9969 = ( GEOMETRIC_REPRESENTATION_CONTEXT(2) 
PARAMETRIC_REPRESENTATION_CONTEXT() REPRESENTATION_CONTEXT('2D SPACE',''
  ) );
#9970 = ORIENTED_EDGE('',*,*,#9971,.F.);
#9971 = EDGE_CURVE('',#9972,#9949,#9974,.T.);
#9972 = VERTEX_POINT('',#9973);
#9973 = CARTESIAN_POINT('',(89.4,90.893026483627,16.433443998149));
#9974 = SURFACE_CURVE('',#9975,(#9979,#9986),.PCURVE_S1.);
#9975 = LINE('',#9976,#9977);
#9976 = CARTESIAN_POINT('',(89.4,90.893026483627,16.433443998149));
#9977 = VECTOR('',#9978,1.);
#9978 = DIRECTION('',(-1.,1.110223024625E-16,0.));
#9979 = PCURVE('',#6444,#9980);
#9980 = DEFINITIONAL_REPRESENTATION('',(#9981),#9985);
#9981 = LINE('',#9982,#9983);
#9982 = CARTESIAN_POINT('',(83.13,2.05));
#9983 = VECTOR('',#9984,1.);
#9984 = DIRECTION('',(0.,1.));
#9985 = ( GEOMETRIC_REPRESENTATION_CONTEXT(2) 
PARAMETRIC_REPRESENTATION_CONTEXT() REPRESENTATION_CONTEXT('2D SPACE',''
  ) );
#9986 = PCURVE('',#6705,#9987);
#9987 = DEFINITIONAL_REPRESENTATION('',(#9988),#9992);
#9988 = LINE('',#9989,#9990);
#9989 = CARTESIAN_POINT('',(0.,0.));
#9990 = VECTOR('',#9991,1.);
#9991 = DIRECTION('',(0.,-1.));
#9992 = ( GEOMETRIC_REPRESENTATION_CONTEXT(2) 
PARAMETRIC_REPRESENTATION_CONTEXT() REPRESENTATION_CONTEXT('2D SPACE',''
  ) );
#9993 = ORIENTED_EDGE('',*,*,#9994,.T.);
#9994 = EDGE_CURVE('',#9972,#9995,#9997,.T.);
#9995 = VERTEX_POINT('',#9996);
#9996 = CARTESIAN_POINT('',(89.4,104.89302648362,16.433443998149));
#9997 = SURFACE_CURVE('',#9998,(#10002,#10009),.PCURVE_S1.);
#9998 = LINE('',#9999,#10000);
#9999 = CARTESIAN_POINT('',(89.4,90.893026483627,16.433443998149));
#10000 = VECTOR('',#10001,1.);
#10001 = DIRECTION('',(1.110223024625E-16,1.,0.));
#10002 = PCURVE('',#6444,#10003);
#10003 = DEFINITIONAL_REPRESENTATION('',(#10004),#10008);
#10004 = LINE('',#10005,#10006);
#10005 = CARTESIAN_POINT('',(83.13,2.05));
#10006 = VECTOR('',#10007,1.);
#10007 = DIRECTION('',(1.,0.));
#10008 = ( GEOMETRIC_REPRESENTATION_CONTEXT(2) 
PARAMETRIC_REPRESENTATION_CONTEXT() REPRESENTATION_CONTEXT('2D SPACE',''
  ) );
#10009 = PCURVE('',#6677,#10010);
#10010 = DEFINITIONAL_REPRESENTATION('',(#10011),#10015);
#10011 = LINE('',#10012,#10013);
#10012 = CARTESIAN_POINT('',(0.,0.));
#10013 = VECTOR('',#10014,1.);
#10014 = DIRECTION('',(0.,1.));
#10015 = ( GEOMETRIC_REPRESENTATION_CONTEXT(2) 
PARAMETRIC_REPRESENTATION_CONTEXT() REPRESENTATION_CONTEXT('2D SPACE',''
  ) );
#10016 = ORIENTED_EDGE('',*,*,#10017,.T.);
#10017 = EDGE_CURVE('',#9995,#10018,#10020,.T.);
#10018 = VERTEX_POINT('',#10019);
#10019 = CARTESIAN_POINT('',(86.65,104.89302648362,16.433443998149));
#10020 = SURFACE_CURVE('',#10021,(#10025,#10032),.PCURVE_S1.);
#10021 = LINE('',#10022,#10023);
#10022 = CARTESIAN_POINT('',(89.4,104.89302648362,16.433443998149));
#10023 = VECTOR('',#10024,1.);
#10024 = DIRECTION('',(-1.,1.110223024625E-16,0.));
#10025 = PCURVE('',#6444,#10026);
#10026 = DEFINITIONAL_REPRESENTATION('',(#10027),#10031);
#10027 = LINE('',#10028,#10029);
#10028 = CARTESIAN_POINT('',(97.13,2.05));
#10029 = VECTOR('',#10030,1.);
#10030 = DIRECTION('',(0.,1.));
#10031 = ( GEOMETRIC_REPRESENTATION_CONTEXT(2) 
PARAMETRIC_REPRESENTATION_CONTEXT() REPRESENTATION_CONTEXT('2D SPACE',''
  ) );
#10032 = PCURVE('',#6649,#10033);
#10033 = DEFINITIONAL_REPRESENTATION('',(#10034),#10038);
#10034 = LINE('',#10035,#10036);
#10035 = CARTESIAN_POINT('',(0.,0.));
#10036 = VECTOR('',#10037,1.);
#10037 = DIRECTION('',(0.,-1.));
#10038 = ( GEOMETRIC_REPRESENTATION_CONTEXT(2) 
PARAMETRIC_REPRESENTATION_CONTEXT() REPRESENTATION_CONTEXT('2D SPACE',''
  ) );
#10039 = ORIENTED_EDGE('',*,*,#10040,.T.);
#10040 = EDGE_CURVE('',#10018,#10041,#10043,.T.);
#10041 = VERTEX_POINT('',#10042);
#10042 = CARTESIAN_POINT('',(86.65,123.03302648362,16.433443998149));
#10043 = SURFACE_CURVE('',#10044,(#10048,#10055),.PCURVE_S1.);
#10044 = LINE('',#10045,#10046);
#10045 = CARTESIAN_POINT('',(86.65,9.363026483627,16.433443998149));
#10046 = VECTOR('',#10047,1.);
#10047 = DIRECTION('',(1.110223024625E-16,1.,0.));
#10048 = PCURVE('',#6444,#10049);
#10049 = DEFINITIONAL_REPRESENTATION('',(#10050),#10054);
#10050 = LINE('',#10051,#10052);
#10051 = CARTESIAN_POINT('',(1.6,4.8));
#10052 = VECTOR('',#10053,1.);
#10053 = DIRECTION('',(1.,0.));
#10054 = ( GEOMETRIC_REPRESENTATION_CONTEXT(2) 
PARAMETRIC_REPRESENTATION_CONTEXT() REPRESENTATION_CONTEXT('2D SPACE',''
  ) );
#10055 = PCURVE('',#6621,#10056);
#10056 = DEFINITIONAL_REPRESENTATION('',(#10057),#10061);
#10057 = LINE('',#10058,#10059);
#10058 = CARTESIAN_POINT('',(0.,0.));
#10059 = VECTOR('',#10060,1.);
#10060 = DIRECTION('',(0.,1.));
#10061 = ( GEOMETRIC_REPRESENTATION_CONTEXT(2) 
PARAMETRIC_REPRESENTATION_CONTEXT() REPRESENTATION_CONTEXT('2D SPACE',''
  ) );
#10062 = ORIENTED_EDGE('',*,*,#10063,.T.);
#10063 = EDGE_CURVE('',#10041,#9808,#10064,.T.);
#10064 = SURFACE_CURVE('',#10065,(#10069,#10076),.PCURVE_S1.);
#10065 = LINE('',#10066,#10067);
#10066 = CARTESIAN_POINT('',(86.65,123.03302648362,16.433443998149));
#10067 = VECTOR('',#10068,1.);
#10068 = DIRECTION('',(-1.,1.110223024625E-16,0.));
#10069 = PCURVE('',#6444,#10070);
#10070 = DEFINITIONAL_REPRESENTATION('',(#10071),#10075);
#10071 = LINE('',#10072,#10073);
#10072 = CARTESIAN_POINT('',(115.27,4.8));
#10073 = VECTOR('',#10074,1.);
#10074 = DIRECTION('',(0.,1.));
#10075 = ( GEOMETRIC_REPRESENTATION_CONTEXT(2) 
PARAMETRIC_REPRESENTATION_CONTEXT() REPRESENTATION_CONTEXT('2D SPACE',''
  ) );
#10076 = PCURVE('',#6593,#10077);
#10077 = DEFINITIONAL_REPRESENTATION('',(#10078),#10082);
#10078 = LINE('',#10079,#10080);
#10079 = CARTESIAN_POINT('',(0.,0.));
#10080 = VECTOR('',#10081,1.);
#10081 = DIRECTION('',(0.,-1.));
#10082 = ( GEOMETRIC_REPRESENTATION_CONTEXT(2) 
PARAMETRIC_REPRESENTATION_CONTEXT() REPRESENTATION_CONTEXT('2D SPACE',''
  ) );
#10083 = ORIENTED_EDGE('',*,*,#9807,.T.);
#10084 = ORIENTED_EDGE('',*,*,#6428,.T.);
#10085 = ORIENTED_EDGE('',*,*,#10086,.F.);
#10086 = EDGE_CURVE('',#10087,#6401,#10089,.T.);
#10087 = VERTEX_POINT('',#10088);
#10088 = CARTESIAN_POINT('',(41.075,123.03302648362,16.433443998149));
#10089 = SURFACE_CURVE('',#10090,(#10094,#10101),.PCURVE_S1.);
#10090 = LINE('',#10091,#10092);
#10091 = CARTESIAN_POINT('',(41.075,121.13302648362,16.433443998149));
#10092 = VECTOR('',#10093,1.);
#10093 = DIRECTION('',(1.110223024625E-16,1.,0.));
#10094 = PCURVE('',#6444,#10095);
#10095 = DEFINITIONAL_REPRESENTATION('',(#10096),#10100);
#10096 = LINE('',#10097,#10098);
#10097 = CARTESIAN_POINT('',(113.37,50.375));
#10098 = VECTOR('',#10099,1.);
#10099 = DIRECTION('',(1.,0.));
#10100 = ( GEOMETRIC_REPRESENTATION_CONTEXT(2) 
PARAMETRIC_REPRESENTATION_CONTEXT() REPRESENTATION_CONTEXT('2D SPACE',''
  ) );
#10101 = PCURVE('',#6416,#10102);
#10102 = DEFINITIONAL_REPRESENTATION('',(#10103),#10107);
#10103 = LINE('',#10104,#10105);
#10104 = CARTESIAN_POINT('',(0.,0.));
#10105 = VECTOR('',#10106,1.);
#10106 = DIRECTION('',(0.,1.));
#10107 = ( GEOMETRIC_REPRESENTATION_CONTEXT(2) 
PARAMETRIC_REPRESENTATION_CONTEXT() REPRESENTATION_CONTEXT('2D SPACE',''
  ) );
#10108 = ORIENTED_EDGE('',*,*,#10109,.T.);
#10109 = EDGE_CURVE('',#10087,#10110,#10112,.T.);
#10110 = VERTEX_POINT('',#10111);
#10111 = CARTESIAN_POINT('',(7.5,123.03302648362,16.433443998149));
#10112 = SURFACE_CURVE('',#10113,(#10117,#10124),.PCURVE_S1.);
#10113 = LINE('',#10114,#10115);
#10114 = CARTESIAN_POINT('',(86.65,123.03302648362,16.433443998149));
#10115 = VECTOR('',#10116,1.);
#10116 = DIRECTION('',(-1.,1.110223024625E-16,0.));
#10117 = PCURVE('',#6444,#10118);
#10118 = DEFINITIONAL_REPRESENTATION('',(#10119),#10123);
#10119 = LINE('',#10120,#10121);
#10120 = CARTESIAN_POINT('',(115.27,4.8));
#10121 = VECTOR('',#10122,1.);
#10122 = DIRECTION('',(0.,1.));
#10123 = ( GEOMETRIC_REPRESENTATION_CONTEXT(2) 
PARAMETRIC_REPRESENTATION_CONTEXT() REPRESENTATION_CONTEXT('2D SPACE',''
  ) );
#10124 = PCURVE('',#7031,#10125);
#10125 = DEFINITIONAL_REPRESENTATION('',(#10126),#10130);
#10126 = LINE('',#10127,#10128);
#10127 = CARTESIAN_POINT('',(0.,0.));
#10128 = VECTOR('',#10129,1.);
#10129 = DIRECTION('',(0.,-1.));
#10130 = ( GEOMETRIC_REPRESENTATION_CONTEXT(2) 
PARAMETRIC_REPRESENTATION_CONTEXT() REPRESENTATION_CONTEXT('2D SPACE',''
  ) );
#10131 = ORIENTED_EDGE('',*,*,#10132,.F.);
#10132 = EDGE_CURVE('',#10133,#10110,#10135,.T.);
#10133 = VERTEX_POINT('',#10134);
#10134 = CARTESIAN_POINT('',(7.5,104.89302648362,16.433443998149));
#10135 = SURFACE_CURVE('',#10136,(#10140,#10147),.PCURVE_S1.);
#10136 = LINE('',#10137,#10138);
#10137 = CARTESIAN_POINT('',(7.5,9.363026483627,16.433443998149));
#10138 = VECTOR('',#10139,1.);
#10139 = DIRECTION('',(1.110223024625E-16,1.,0.));
#10140 = PCURVE('',#6444,#10141);
#10141 = DEFINITIONAL_REPRESENTATION('',(#10142),#10146);
#10142 = LINE('',#10143,#10144);
#10143 = CARTESIAN_POINT('',(1.6,83.95));
#10144 = VECTOR('',#10145,1.);
#10145 = DIRECTION('',(1.,0.));
#10146 = ( GEOMETRIC_REPRESENTATION_CONTEXT(2) 
PARAMETRIC_REPRESENTATION_CONTEXT() REPRESENTATION_CONTEXT('2D SPACE',''
  ) );
#10147 = PCURVE('',#7003,#10148);
#10148 = DEFINITIONAL_REPRESENTATION('',(#10149),#10153);
#10149 = LINE('',#10150,#10151);
#10150 = CARTESIAN_POINT('',(0.,0.));
#10151 = VECTOR('',#10152,1.);
#10152 = DIRECTION('',(0.,1.));
#10153 = ( GEOMETRIC_REPRESENTATION_CONTEXT(2) 
PARAMETRIC_REPRESENTATION_CONTEXT() REPRESENTATION_CONTEXT('2D SPACE',''
  ) );
#10154 = ORIENTED_EDGE('',*,*,#10155,.T.);
#10155 = EDGE_CURVE('',#10133,#10156,#10158,.T.);
#10156 = VERTEX_POINT('',#10157);
#10157 = CARTESIAN_POINT('',(4.75,104.89302648362,16.433443998149));
#10158 = SURFACE_CURVE('',#10159,(#10163,#10170),.PCURVE_S1.);
#10159 = LINE('',#10160,#10161);
#10160 = CARTESIAN_POINT('',(8.5,104.89302648362,16.433443998149));
#10161 = VECTOR('',#10162,1.);
#10162 = DIRECTION('',(-1.,1.110223024625E-16,0.));
#10163 = PCURVE('',#6444,#10164);
#10164 = DEFINITIONAL_REPRESENTATION('',(#10165),#10169);
#10165 = LINE('',#10166,#10167);
#10166 = CARTESIAN_POINT('',(97.13,82.95));
#10167 = VECTOR('',#10168,1.);
#10168 = DIRECTION('',(0.,1.));
#10169 = ( GEOMETRIC_REPRESENTATION_CONTEXT(2) 
PARAMETRIC_REPRESENTATION_CONTEXT() REPRESENTATION_CONTEXT('2D SPACE',''
  ) );
#10170 = PCURVE('',#6975,#10171);
#10171 = DEFINITIONAL_REPRESENTATION('',(#10172),#10176);
#10172 = LINE('',#10173,#10174);
#10173 = CARTESIAN_POINT('',(0.,0.));
#10174 = VECTOR('',#10175,1.);
#10175 = DIRECTION('',(0.,-1.));
#10176 = ( GEOMETRIC_REPRESENTATION_CONTEXT(2) 
PARAMETRIC_REPRESENTATION_CONTEXT() REPRESENTATION_CONTEXT('2D SPACE',''
  ) );
#10177 = ORIENTED_EDGE('',*,*,#10178,.F.);
#10178 = EDGE_CURVE('',#10179,#10156,#10181,.T.);
#10179 = VERTEX_POINT('',#10180);
#10180 = CARTESIAN_POINT('',(4.75,90.893026483627,16.433443998149));
#10181 = SURFACE_CURVE('',#10182,(#10186,#10193),.PCURVE_S1.);
#10182 = LINE('',#10183,#10184);
#10183 = CARTESIAN_POINT('',(4.75,90.893026483627,16.433443998149));
#10184 = VECTOR('',#10185,1.);
#10185 = DIRECTION('',(1.110223024625E-16,1.,0.));
#10186 = PCURVE('',#6444,#10187);
#10187 = DEFINITIONAL_REPRESENTATION('',(#10188),#10192);
#10188 = LINE('',#10189,#10190);
#10189 = CARTESIAN_POINT('',(83.13,86.7));
#10190 = VECTOR('',#10191,1.);
#10191 = DIRECTION('',(1.,0.));
#10192 = ( GEOMETRIC_REPRESENTATION_CONTEXT(2) 
PARAMETRIC_REPRESENTATION_CONTEXT() REPRESENTATION_CONTEXT('2D SPACE',''
  ) );
#10193 = PCURVE('',#6947,#10194);
#10194 = DEFINITIONAL_REPRESENTATION('',(#10195),#10199);
#10195 = LINE('',#10196,#10197);
#10196 = CARTESIAN_POINT('',(0.,0.));
#10197 = VECTOR('',#10198,1.);
#10198 = DIRECTION('',(0.,1.));
#10199 = ( GEOMETRIC_REPRESENTATION_CONTEXT(2) 
PARAMETRIC_REPRESENTATION_CONTEXT() REPRESENTATION_CONTEXT('2D SPACE',''
  ) );
#10200 = ORIENTED_EDGE('',*,*,#10201,.F.);
#10201 = EDGE_CURVE('',#9857,#10179,#10202,.T.);
#10202 = SURFACE_CURVE('',#10203,(#10207,#10214),.PCURVE_S1.);
#10203 = LINE('',#10204,#10205);
#10204 = CARTESIAN_POINT('',(8.5,90.893026483627,16.433443998149));
#10205 = VECTOR('',#10206,1.);
#10206 = DIRECTION('',(-1.,1.110223024625E-16,0.));
#10207 = PCURVE('',#6444,#10208);
#10208 = DEFINITIONAL_REPRESENTATION('',(#10209),#10213);
#10209 = LINE('',#10210,#10211);
#10210 = CARTESIAN_POINT('',(83.13,82.95));
#10211 = VECTOR('',#10212,1.);
#10212 = DIRECTION('',(0.,1.));
#10213 = ( GEOMETRIC_REPRESENTATION_CONTEXT(2) 
PARAMETRIC_REPRESENTATION_CONTEXT() REPRESENTATION_CONTEXT('2D SPACE',''
  ) );
#10214 = PCURVE('',#6919,#10215);
#10215 = DEFINITIONAL_REPRESENTATION('',(#10216),#10220);
#10216 = LINE('',#10217,#10218);
#10217 = CARTESIAN_POINT('',(0.,0.));
#10218 = VECTOR('',#10219,1.);
#10219 = DIRECTION('',(0.,-1.));
#10220 = ( GEOMETRIC_REPRESENTATION_CONTEXT(2) 
PARAMETRIC_REPRESENTATION_CONTEXT() REPRESENTATION_CONTEXT('2D SPACE',''
  ) );
#10221 = FACE_BOUND('',#10222,.T.);
#10222 = EDGE_LOOP('',(#10223,#10253,#10281,#10309));
#10223 = ORIENTED_EDGE('',*,*,#10224,.T.);
#10224 = EDGE_CURVE('',#10225,#10227,#10229,.T.);
#10225 = VERTEX_POINT('',#10226);
#10226 = CARTESIAN_POINT('',(79.68,14.403026483627,16.433443998149));
#10227 = VERTEX_POINT('',#10228);
#10228 = CARTESIAN_POINT('',(14.47,14.403026483627,16.433443998149));
#10229 = SURFACE_CURVE('',#10230,(#10234,#10241),.PCURVE_S1.);
#10230 = LINE('',#10231,#10232);
#10231 = CARTESIAN_POINT('',(79.68,14.403026483627,16.433443998149));
#10232 = VECTOR('',#10233,1.);
#10233 = DIRECTION('',(-1.,1.110223024625E-16,0.));
#10234 = PCURVE('',#6444,#10235);
#10235 = DEFINITIONAL_REPRESENTATION('',(#10236),#10240);
#10236 = LINE('',#10237,#10238);
#10237 = CARTESIAN_POINT('',(6.64,11.77));
#10238 = VECTOR('',#10239,1.);
#10239 = DIRECTION('',(0.,1.));
#10240 = ( GEOMETRIC_REPRESENTATION_CONTEXT(2) 
PARAMETRIC_REPRESENTATION_CONTEXT() REPRESENTATION_CONTEXT('2D SPACE',''
  ) );
#10241 = PCURVE('',#10242,#10247);
#10242 = PLANE('',#10243);
#10243 = AXIS2_PLACEMENT_3D('',#10244,#10245,#10246);
#10244 = CARTESIAN_POINT('',(79.68,14.403026483627,15.233443998149));
#10245 = DIRECTION('',(1.110223024625E-16,1.,0.));
#10246 = DIRECTION('',(0.,0.,1.));
#10247 = DEFINITIONAL_REPRESENTATION('',(#10248),#10252);
#10248 = LINE('',#10249,#10250);
#10249 = CARTESIAN_POINT('',(1.2,0.));
#10250 = VECTOR('',#10251,1.);
#10251 = DIRECTION('',(0.,-1.));
#10252 = ( GEOMETRIC_REPRESENTATION_CONTEXT(2) 
PARAMETRIC_REPRESENTATION_CONTEXT() REPRESENTATION_CONTEXT('2D SPACE',''
  ) );
#10253 = ORIENTED_EDGE('',*,*,#10254,.T.);
#10254 = EDGE_CURVE('',#10227,#10255,#10257,.T.);
#10255 = VERTEX_POINT('',#10256);
#10256 = CARTESIAN_POINT('',(14.47,105.00302648362,16.433443998149));
#10257 = SURFACE_CURVE('',#10258,(#10262,#10269),.PCURVE_S1.);
#10258 = LINE('',#10259,#10260);
#10259 = CARTESIAN_POINT('',(14.47,14.403026483627,16.433443998149));
#10260 = VECTOR('',#10261,1.);
#10261 = DIRECTION('',(1.110223024625E-16,1.,0.));
#10262 = PCURVE('',#6444,#10263);
#10263 = DEFINITIONAL_REPRESENTATION('',(#10264),#10268);
#10264 = LINE('',#10265,#10266);
#10265 = CARTESIAN_POINT('',(6.64,76.98));
#10266 = VECTOR('',#10267,1.);
#10267 = DIRECTION('',(1.,0.));
#10268 = ( GEOMETRIC_REPRESENTATION_CONTEXT(2) 
PARAMETRIC_REPRESENTATION_CONTEXT() REPRESENTATION_CONTEXT('2D SPACE',''
  ) );
#10269 = PCURVE('',#10270,#10275);
#10270 = PLANE('',#10271);
#10271 = AXIS2_PLACEMENT_3D('',#10272,#10273,#10274);
#10272 = CARTESIAN_POINT('',(14.47,14.403026483627,15.233443998149));
#10273 = DIRECTION('',(-1.,1.110223024625E-16,0.));
#10274 = DIRECTION('',(0.,0.,1.));
#10275 = DEFINITIONAL_REPRESENTATION('',(#10276),#10280);
#10276 = LINE('',#10277,#10278);
#10277 = CARTESIAN_POINT('',(1.2,0.));
#10278 = VECTOR('',#10279,1.);
#10279 = DIRECTION('',(0.,1.));
#10280 = ( GEOMETRIC_REPRESENTATION_CONTEXT(2) 
PARAMETRIC_REPRESENTATION_CONTEXT() REPRESENTATION_CONTEXT('2D SPACE',''
  ) );
#10281 = ORIENTED_EDGE('',*,*,#10282,.F.);
#10282 = EDGE_CURVE('',#10283,#10255,#10285,.T.);
#10283 = VERTEX_POINT('',#10284);
#10284 = CARTESIAN_POINT('',(79.68,105.00302648362,16.433443998149));
#10285 = SURFACE_CURVE('',#10286,(#10290,#10297),.PCURVE_S1.);
#10286 = LINE('',#10287,#10288);
#10287 = CARTESIAN_POINT('',(79.68,105.00302648362,16.433443998149));
#10288 = VECTOR('',#10289,1.);
#10289 = DIRECTION('',(-1.,1.110223024625E-16,0.));
#10290 = PCURVE('',#6444,#10291);
#10291 = DEFINITIONAL_REPRESENTATION('',(#10292),#10296);
#10292 = LINE('',#10293,#10294);
#10293 = CARTESIAN_POINT('',(97.24,11.77));
#10294 = VECTOR('',#10295,1.);
#10295 = DIRECTION('',(0.,1.));
#10296 = ( GEOMETRIC_REPRESENTATION_CONTEXT(2) 
PARAMETRIC_REPRESENTATION_CONTEXT() REPRESENTATION_CONTEXT('2D SPACE',''
  ) );
#10297 = PCURVE('',#10298,#10303);
#10298 = PLANE('',#10299);
#10299 = AXIS2_PLACEMENT_3D('',#10300,#10301,#10302);
#10300 = CARTESIAN_POINT('',(79.68,105.00302648362,15.233443998149));
#10301 = DIRECTION('',(1.110223024625E-16,1.,0.));
#10302 = DIRECTION('',(0.,0.,1.));
#10303 = DEFINITIONAL_REPRESENTATION('',(#10304),#10308);
#10304 = LINE('',#10305,#10306);
#10305 = CARTESIAN_POINT('',(1.2,0.));
#10306 = VECTOR('',#10307,1.);
#10307 = DIRECTION('',(0.,-1.));
#10308 = ( GEOMETRIC_REPRESENTATION_CONTEXT(2) 
PARAMETRIC_REPRESENTATION_CONTEXT() REPRESENTATION_CONTEXT('2D SPACE',''
  ) );
#10309 = ORIENTED_EDGE('',*,*,#10310,.F.);
#10310 = EDGE_CURVE('',#10225,#10283,#10311,.T.);
#10311 = SURFACE_CURVE('',#10312,(#10316,#10323),.PCURVE_S1.);
#10312 = LINE('',#10313,#10314);
#10313 = CARTESIAN_POINT('',(79.68,14.403026483627,16.433443998149));
#10314 = VECTOR('',#10315,1.);
#10315 = DIRECTION('',(1.110223024625E-16,1.,0.));
#10316 = PCURVE('',#6444,#10317);
#10317 = DEFINITIONAL_REPRESENTATION('',(#10318),#10322);
#10318 = LINE('',#10319,#10320);
#10319 = CARTESIAN_POINT('',(6.64,11.77));
#10320 = VECTOR('',#10321,1.);
#10321 = DIRECTION('',(1.,0.));
#10322 = ( GEOMETRIC_REPRESENTATION_CONTEXT(2) 
PARAMETRIC_REPRESENTATION_CONTEXT() REPRESENTATION_CONTEXT('2D SPACE',''
  ) );
#10323 = PCURVE('',#10324,#10329);
#10324 = PLANE('',#10325);
#10325 = AXIS2_PLACEMENT_3D('',#10326,#10327,#10328);
#10326 = CARTESIAN_POINT('',(79.68,14.403026483627,15.233443998149));
#10327 = DIRECTION('',(-1.,1.110223024625E-16,0.));
#10328 = DIRECTION('',(0.,0.,1.));
#10329 = DEFINITIONAL_REPRESENTATION('',(#10330),#10334);
#10330 = LINE('',#10331,#10332);
#10331 = CARTESIAN_POINT('',(1.2,0.));
#10332 = VECTOR('',#10333,1.);
#10333 = DIRECTION('',(0.,1.));
#10334 = ( GEOMETRIC_REPRESENTATION_CONTEXT(2) 
PARAMETRIC_REPRESENTATION_CONTEXT() REPRESENTATION_CONTEXT('2D SPACE',''
  ) );
#10335 = ADVANCED_FACE('',(#10336),#6416,.F.);
#10336 = FACE_BOUND('',#10337,.F.);
#10337 = EDGE_LOOP('',(#10338,#10339,#10360,#10361));
#10338 = ORIENTED_EDGE('',*,*,#10086,.F.);
#10339 = ORIENTED_EDGE('',*,*,#10340,.T.);
#10340 = EDGE_CURVE('',#10087,#7016,#10341,.T.);
#10341 = SURFACE_CURVE('',#10342,(#10346,#10353),.PCURVE_S1.);
#10342 = LINE('',#10343,#10344);
#10343 = CARTESIAN_POINT('',(41.075,123.03302648362,16.433443998149));
#10344 = VECTOR('',#10345,1.);
#10345 = DIRECTION('',(0.,0.,1.));
#10346 = PCURVE('',#6416,#10347);
#10347 = DEFINITIONAL_REPRESENTATION('',(#10348),#10352);
#10348 = LINE('',#10349,#10350);
#10349 = CARTESIAN_POINT('',(0.,1.9));
#10350 = VECTOR('',#10351,1.);
#10351 = DIRECTION('',(1.,0.));
#10352 = ( GEOMETRIC_REPRESENTATION_CONTEXT(2) 
PARAMETRIC_REPRESENTATION_CONTEXT() REPRESENTATION_CONTEXT('2D SPACE',''
  ) );
#10353 = PCURVE('',#7031,#10354);
#10354 = DEFINITIONAL_REPRESENTATION('',(#10355),#10359);
#10355 = LINE('',#10356,#10357);
#10356 = CARTESIAN_POINT('',(0.,-45.575));
#10357 = VECTOR('',#10358,1.);
#10358 = DIRECTION('',(1.,0.));
#10359 = ( GEOMETRIC_REPRESENTATION_CONTEXT(2) 
PARAMETRIC_REPRESENTATION_CONTEXT() REPRESENTATION_CONTEXT('2D SPACE',''
  ) );
#10360 = ORIENTED_EDGE('',*,*,#7043,.F.);
#10361 = ORIENTED_EDGE('',*,*,#6400,.F.);
#10362 = ADVANCED_FACE('',(#10363),#7031,.F.);
#10363 = FACE_BOUND('',#10364,.F.);
#10364 = EDGE_LOOP('',(#10365,#10366,#10367,#10388));
#10365 = ORIENTED_EDGE('',*,*,#10340,.F.);
#10366 = ORIENTED_EDGE('',*,*,#10109,.T.);
#10367 = ORIENTED_EDGE('',*,*,#10368,.T.);
#10368 = EDGE_CURVE('',#10110,#6988,#10369,.T.);
#10369 = SURFACE_CURVE('',#10370,(#10374,#10381),.PCURVE_S1.);
#10370 = LINE('',#10371,#10372);
#10371 = CARTESIAN_POINT('',(7.5,123.03302648362,16.433443998149));
#10372 = VECTOR('',#10373,1.);
#10373 = DIRECTION('',(0.,0.,1.));
#10374 = PCURVE('',#7031,#10375);
#10375 = DEFINITIONAL_REPRESENTATION('',(#10376),#10380);
#10376 = LINE('',#10377,#10378);
#10377 = CARTESIAN_POINT('',(0.,-79.15));
#10378 = VECTOR('',#10379,1.);
#10379 = DIRECTION('',(1.,0.));
#10380 = ( GEOMETRIC_REPRESENTATION_CONTEXT(2) 
PARAMETRIC_REPRESENTATION_CONTEXT() REPRESENTATION_CONTEXT('2D SPACE',''
  ) );
#10381 = PCURVE('',#7003,#10382);
#10382 = DEFINITIONAL_REPRESENTATION('',(#10383),#10387);
#10383 = LINE('',#10384,#10385);
#10384 = CARTESIAN_POINT('',(0.,113.67));
#10385 = VECTOR('',#10386,1.);
#10386 = DIRECTION('',(1.,0.));
#10387 = ( GEOMETRIC_REPRESENTATION_CONTEXT(2) 
PARAMETRIC_REPRESENTATION_CONTEXT() REPRESENTATION_CONTEXT('2D SPACE',''
  ) );
#10388 = ORIENTED_EDGE('',*,*,#7015,.T.);
#10389 = ADVANCED_FACE('',(#10390),#7003,.F.);
#10390 = FACE_BOUND('',#10391,.F.);
#10391 = EDGE_LOOP('',(#10392,#10393,#10414,#10415));
#10392 = ORIENTED_EDGE('',*,*,#10132,.F.);
#10393 = ORIENTED_EDGE('',*,*,#10394,.F.);
#10394 = EDGE_CURVE('',#6960,#10133,#10395,.T.);
#10395 = SURFACE_CURVE('',#10396,(#10400,#10407),.PCURVE_S1.);
#10396 = LINE('',#10397,#10398);
#10397 = CARTESIAN_POINT('',(7.5,104.89302648362,16.433443998149));
#10398 = VECTOR('',#10399,1.);
#10399 = DIRECTION('',(0.,0.,-1.));
#10400 = PCURVE('',#7003,#10401);
#10401 = DEFINITIONAL_REPRESENTATION('',(#10402),#10406);
#10402 = LINE('',#10403,#10404);
#10403 = CARTESIAN_POINT('',(0.,95.53));
#10404 = VECTOR('',#10405,1.);
#10405 = DIRECTION('',(-1.,0.));
#10406 = ( GEOMETRIC_REPRESENTATION_CONTEXT(2) 
PARAMETRIC_REPRESENTATION_CONTEXT() REPRESENTATION_CONTEXT('2D SPACE',''
  ) );
#10407 = PCURVE('',#6975,#10408);
#10408 = DEFINITIONAL_REPRESENTATION('',(#10409),#10413);
#10409 = LINE('',#10410,#10411);
#10410 = CARTESIAN_POINT('',(0.,-1.));
#10411 = VECTOR('',#10412,1.);
#10412 = DIRECTION('',(-1.,0.));
#10413 = ( GEOMETRIC_REPRESENTATION_CONTEXT(2) 
PARAMETRIC_REPRESENTATION_CONTEXT() REPRESENTATION_CONTEXT('2D SPACE',''
  ) );
#10414 = ORIENTED_EDGE('',*,*,#6987,.T.);
#10415 = ORIENTED_EDGE('',*,*,#10368,.F.);
#10416 = ADVANCED_FACE('',(#10417),#6975,.F.);
#10417 = FACE_BOUND('',#10418,.F.);
#10418 = EDGE_LOOP('',(#10419,#10420,#10421,#10442));
#10419 = ORIENTED_EDGE('',*,*,#10394,.T.);
#10420 = ORIENTED_EDGE('',*,*,#10155,.T.);
#10421 = ORIENTED_EDGE('',*,*,#10422,.T.);
#10422 = EDGE_CURVE('',#10156,#6932,#10423,.T.);
#10423 = SURFACE_CURVE('',#10424,(#10428,#10435),.PCURVE_S1.);
#10424 = LINE('',#10425,#10426);
#10425 = CARTESIAN_POINT('',(4.75,104.89302648362,16.433443998149));
#10426 = VECTOR('',#10427,1.);
#10427 = DIRECTION('',(0.,0.,1.));
#10428 = PCURVE('',#6975,#10429);
#10429 = DEFINITIONAL_REPRESENTATION('',(#10430),#10434);
#10430 = LINE('',#10431,#10432);
#10431 = CARTESIAN_POINT('',(0.,-3.75));
#10432 = VECTOR('',#10433,1.);
#10433 = DIRECTION('',(1.,0.));
#10434 = ( GEOMETRIC_REPRESENTATION_CONTEXT(2) 
PARAMETRIC_REPRESENTATION_CONTEXT() REPRESENTATION_CONTEXT('2D SPACE',''
  ) );
#10435 = PCURVE('',#6947,#10436);
#10436 = DEFINITIONAL_REPRESENTATION('',(#10437),#10441);
#10437 = LINE('',#10438,#10439);
#10438 = CARTESIAN_POINT('',(0.,14.));
#10439 = VECTOR('',#10440,1.);
#10440 = DIRECTION('',(1.,0.));
#10441 = ( GEOMETRIC_REPRESENTATION_CONTEXT(2) 
PARAMETRIC_REPRESENTATION_CONTEXT() REPRESENTATION_CONTEXT('2D SPACE',''
  ) );
#10442 = ORIENTED_EDGE('',*,*,#6959,.F.);
#10443 = ADVANCED_FACE('',(#10444),#6947,.F.);
#10444 = FACE_BOUND('',#10445,.F.);
#10445 = EDGE_LOOP('',(#10446,#10447,#10448,#10469));
#10446 = ORIENTED_EDGE('',*,*,#10422,.F.);
#10447 = ORIENTED_EDGE('',*,*,#10178,.F.);
#10448 = ORIENTED_EDGE('',*,*,#10449,.T.);
#10449 = EDGE_CURVE('',#10179,#6904,#10450,.T.);
#10450 = SURFACE_CURVE('',#10451,(#10455,#10462),.PCURVE_S1.);
#10451 = LINE('',#10452,#10453);
#10452 = CARTESIAN_POINT('',(4.75,90.893026483627,16.433443998149));
#10453 = VECTOR('',#10454,1.);
#10454 = DIRECTION('',(0.,0.,1.));
#10455 = PCURVE('',#6947,#10456);
#10456 = DEFINITIONAL_REPRESENTATION('',(#10457),#10461);
#10457 = LINE('',#10458,#10459);
#10458 = CARTESIAN_POINT('',(0.,0.));
#10459 = VECTOR('',#10460,1.);
#10460 = DIRECTION('',(1.,0.));
#10461 = ( GEOMETRIC_REPRESENTATION_CONTEXT(2) 
PARAMETRIC_REPRESENTATION_CONTEXT() REPRESENTATION_CONTEXT('2D SPACE',''
  ) );
#10462 = PCURVE('',#6919,#10463);
#10463 = DEFINITIONAL_REPRESENTATION('',(#10464),#10468);
#10464 = LINE('',#10465,#10466);
#10465 = CARTESIAN_POINT('',(0.,-3.75));
#10466 = VECTOR('',#10467,1.);
#10467 = DIRECTION('',(1.,0.));
#10468 = ( GEOMETRIC_REPRESENTATION_CONTEXT(2) 
PARAMETRIC_REPRESENTATION_CONTEXT() REPRESENTATION_CONTEXT('2D SPACE',''
  ) );
#10469 = ORIENTED_EDGE('',*,*,#6931,.F.);
#10470 = ADVANCED_FACE('',(#10471),#6919,.T.);
#10471 = FACE_BOUND('',#10472,.T.);
#10472 = EDGE_LOOP('',(#10473,#10494,#10495,#10496));
#10473 = ORIENTED_EDGE('',*,*,#10474,.T.);
#10474 = EDGE_CURVE('',#6876,#9857,#10475,.T.);
#10475 = SURFACE_CURVE('',#10476,(#10480,#10487),.PCURVE_S1.);
#10476 = LINE('',#10477,#10478);
#10477 = CARTESIAN_POINT('',(7.5,90.893026483627,16.433443998149));
#10478 = VECTOR('',#10479,1.);
#10479 = DIRECTION('',(0.,0.,-1.));
#10480 = PCURVE('',#6919,#10481);
#10481 = DEFINITIONAL_REPRESENTATION('',(#10482),#10486);
#10482 = LINE('',#10483,#10484);
#10483 = CARTESIAN_POINT('',(0.,-1.));
#10484 = VECTOR('',#10485,1.);
#10485 = DIRECTION('',(-1.,0.));
#10486 = ( GEOMETRIC_REPRESENTATION_CONTEXT(2) 
PARAMETRIC_REPRESENTATION_CONTEXT() REPRESENTATION_CONTEXT('2D SPACE',''
  ) );
#10487 = PCURVE('',#6891,#10488);
#10488 = DEFINITIONAL_REPRESENTATION('',(#10489),#10493);
#10489 = LINE('',#10490,#10491);
#10490 = CARTESIAN_POINT('',(0.,81.53));
#10491 = VECTOR('',#10492,1.);
#10492 = DIRECTION('',(-1.,0.));
#10493 = ( GEOMETRIC_REPRESENTATION_CONTEXT(2) 
PARAMETRIC_REPRESENTATION_CONTEXT() REPRESENTATION_CONTEXT('2D SPACE',''
  ) );
#10494 = ORIENTED_EDGE('',*,*,#10201,.T.);
#10495 = ORIENTED_EDGE('',*,*,#10449,.T.);
#10496 = ORIENTED_EDGE('',*,*,#6903,.F.);
#10497 = ADVANCED_FACE('',(#10498),#6891,.F.);
#10498 = FACE_BOUND('',#10499,.F.);
#10499 = EDGE_LOOP('',(#10500,#10501,#10502));
#10500 = ORIENTED_EDGE('',*,*,#9856,.F.);
#10501 = ORIENTED_EDGE('',*,*,#6875,.T.);
#10502 = ORIENTED_EDGE('',*,*,#10474,.T.);
#10503 = ADVANCED_FACE('',(#10504),#6840,.T.);
#10504 = FACE_BOUND('',#10505,.T.);
#10505 = EDGE_LOOP('',(#10506,#10507,#10508));
#10506 = ORIENTED_EDGE('',*,*,#9880,.F.);
#10507 = ORIENTED_EDGE('',*,*,#6824,.F.);
#10508 = ORIENTED_EDGE('',*,*,#10509,.T.);
#10509 = EDGE_CURVE('',#6797,#9881,#10510,.T.);
#10510 = SURFACE_CURVE('',#10511,(#10515,#10522),.PCURVE_S1.);
#10511 = LINE('',#10512,#10513);
#10512 = CARTESIAN_POINT('',(7.9,9.763026483627,3.2));
#10513 = VECTOR('',#10514,1.);
#10514 = DIRECTION('',(0.,0.,1.));
#10515 = PCURVE('',#6840,#10516);
#10516 = DEFINITIONAL_REPRESENTATION('',(#10517),#10521);
#10517 = LINE('',#10518,#10519);
#10518 = CARTESIAN_POINT('',(0.,0.));
#10519 = VECTOR('',#10520,1.);
#10520 = DIRECTION('',(1.,0.));
#10521 = ( GEOMETRIC_REPRESENTATION_CONTEXT(2) 
PARAMETRIC_REPRESENTATION_CONTEXT() REPRESENTATION_CONTEXT('2D SPACE',''
  ) );
#10522 = PCURVE('',#6812,#10523);
#10523 = DEFINITIONAL_REPRESENTATION('',(#10524),#10528);
#10524 = LINE('',#10525,#10526);
#10525 = CARTESIAN_POINT('',(0.,-78.35));
#10526 = VECTOR('',#10527,1.);
#10527 = DIRECTION('',(1.,0.));
#10528 = ( GEOMETRIC_REPRESENTATION_CONTEXT(2) 
PARAMETRIC_REPRESENTATION_CONTEXT() REPRESENTATION_CONTEXT('2D SPACE',''
  ) );
#10529 = ADVANCED_FACE('',(#10530),#6812,.F.);
#10530 = FACE_BOUND('',#10531,.F.);
#10531 = EDGE_LOOP('',(#10532,#10553,#10554,#10555));
#10532 = ORIENTED_EDGE('',*,*,#10533,.F.);
#10533 = EDGE_CURVE('',#6769,#9904,#10534,.T.);
#10534 = SURFACE_CURVE('',#10535,(#10539,#10546),.PCURVE_S1.);
#10535 = LINE('',#10536,#10537);
#10536 = CARTESIAN_POINT('',(86.25,9.763026483627,3.2));
#10537 = VECTOR('',#10538,1.);
#10538 = DIRECTION('',(0.,0.,1.));
#10539 = PCURVE('',#6812,#10540);
#10540 = DEFINITIONAL_REPRESENTATION('',(#10541),#10545);
#10541 = LINE('',#10542,#10543);
#10542 = CARTESIAN_POINT('',(0.,0.));
#10543 = VECTOR('',#10544,1.);
#10544 = DIRECTION('',(1.,0.));
#10545 = ( GEOMETRIC_REPRESENTATION_CONTEXT(2) 
PARAMETRIC_REPRESENTATION_CONTEXT() REPRESENTATION_CONTEXT('2D SPACE',''
  ) );
#10546 = PCURVE('',#6784,#10547);
#10547 = DEFINITIONAL_REPRESENTATION('',(#10548),#10552);
#10548 = LINE('',#10549,#10550);
#10549 = CARTESIAN_POINT('',(0.,0.));
#10550 = VECTOR('',#10551,1.);
#10551 = DIRECTION('',(1.,0.));
#10552 = ( GEOMETRIC_REPRESENTATION_CONTEXT(2) 
PARAMETRIC_REPRESENTATION_CONTEXT() REPRESENTATION_CONTEXT('2D SPACE',''
  ) );
#10553 = ORIENTED_EDGE('',*,*,#6796,.F.);
#10554 = ORIENTED_EDGE('',*,*,#10509,.T.);
#10555 = ORIENTED_EDGE('',*,*,#9903,.F.);
#10556 = ADVANCED_FACE('',(#10557),#6784,.F.);
#10557 = FACE_BOUND('',#10558,.F.);
#10558 = EDGE_LOOP('',(#10559,#10560,#10561));
#10559 = ORIENTED_EDGE('',*,*,#9926,.F.);
#10560 = ORIENTED_EDGE('',*,*,#6768,.F.);
#10561 = ORIENTED_EDGE('',*,*,#10533,.T.);
#10562 = ADVANCED_FACE('',(#10563),#6733,.T.);
#10563 = FACE_BOUND('',#10564,.T.);
#10564 = EDGE_LOOP('',(#10565,#10566,#10567));
#10565 = ORIENTED_EDGE('',*,*,#9948,.F.);
#10566 = ORIENTED_EDGE('',*,*,#6717,.T.);
#10567 = ORIENTED_EDGE('',*,*,#10568,.T.);
#10568 = EDGE_CURVE('',#6690,#9949,#10569,.T.);
#10569 = SURFACE_CURVE('',#10570,(#10574,#10581),.PCURVE_S1.);
#10570 = LINE('',#10571,#10572);
#10571 = CARTESIAN_POINT('',(86.65,90.893026483627,16.433443998149));
#10572 = VECTOR('',#10573,1.);
#10573 = DIRECTION('',(0.,0.,-1.));
#10574 = PCURVE('',#6733,#10575);
#10575 = DEFINITIONAL_REPRESENTATION('',(#10576),#10580);
#10576 = LINE('',#10577,#10578);
#10577 = CARTESIAN_POINT('',(0.,81.53));
#10578 = VECTOR('',#10579,1.);
#10579 = DIRECTION('',(-1.,0.));
#10580 = ( GEOMETRIC_REPRESENTATION_CONTEXT(2) 
PARAMETRIC_REPRESENTATION_CONTEXT() REPRESENTATION_CONTEXT('2D SPACE',''
  ) );
#10581 = PCURVE('',#6705,#10582);
#10582 = DEFINITIONAL_REPRESENTATION('',(#10583),#10587);
#10583 = LINE('',#10584,#10585);
#10584 = CARTESIAN_POINT('',(0.,-2.75));
#10585 = VECTOR('',#10586,1.);
#10586 = DIRECTION('',(-1.,0.));
#10587 = ( GEOMETRIC_REPRESENTATION_CONTEXT(2) 
PARAMETRIC_REPRESENTATION_CONTEXT() REPRESENTATION_CONTEXT('2D SPACE',''
  ) );
#10588 = ADVANCED_FACE('',(#10589),#6705,.T.);
#10589 = FACE_BOUND('',#10590,.T.);
#10590 = EDGE_LOOP('',(#10591,#10612,#10613,#10614));
#10591 = ORIENTED_EDGE('',*,*,#10592,.F.);
#10592 = EDGE_CURVE('',#9972,#6662,#10593,.T.);
#10593 = SURFACE_CURVE('',#10594,(#10598,#10605),.PCURVE_S1.);
#10594 = LINE('',#10595,#10596);
#10595 = CARTESIAN_POINT('',(89.4,90.893026483627,16.433443998149));
#10596 = VECTOR('',#10597,1.);
#10597 = DIRECTION('',(0.,0.,1.));
#10598 = PCURVE('',#6705,#10599);
#10599 = DEFINITIONAL_REPRESENTATION('',(#10600),#10604);
#10600 = LINE('',#10601,#10602);
#10601 = CARTESIAN_POINT('',(0.,0.));
#10602 = VECTOR('',#10603,1.);
#10603 = DIRECTION('',(1.,0.));
#10604 = ( GEOMETRIC_REPRESENTATION_CONTEXT(2) 
PARAMETRIC_REPRESENTATION_CONTEXT() REPRESENTATION_CONTEXT('2D SPACE',''
  ) );
#10605 = PCURVE('',#6677,#10606);
#10606 = DEFINITIONAL_REPRESENTATION('',(#10607),#10611);
#10607 = LINE('',#10608,#10609);
#10608 = CARTESIAN_POINT('',(0.,0.));
#10609 = VECTOR('',#10610,1.);
#10610 = DIRECTION('',(1.,0.));
#10611 = ( GEOMETRIC_REPRESENTATION_CONTEXT(2) 
PARAMETRIC_REPRESENTATION_CONTEXT() REPRESENTATION_CONTEXT('2D SPACE',''
  ) );
#10612 = ORIENTED_EDGE('',*,*,#9971,.T.);
#10613 = ORIENTED_EDGE('',*,*,#10568,.F.);
#10614 = ORIENTED_EDGE('',*,*,#6689,.F.);
#10615 = ADVANCED_FACE('',(#10616),#6677,.T.);
#10616 = FACE_BOUND('',#10617,.T.);
#10617 = EDGE_LOOP('',(#10618,#10639,#10640,#10641));
#10618 = ORIENTED_EDGE('',*,*,#10619,.F.);
#10619 = EDGE_CURVE('',#9995,#6634,#10620,.T.);
#10620 = SURFACE_CURVE('',#10621,(#10625,#10632),.PCURVE_S1.);
#10621 = LINE('',#10622,#10623);
#10622 = CARTESIAN_POINT('',(89.4,104.89302648362,16.433443998149));
#10623 = VECTOR('',#10624,1.);
#10624 = DIRECTION('',(0.,0.,1.));
#10625 = PCURVE('',#6677,#10626);
#10626 = DEFINITIONAL_REPRESENTATION('',(#10627),#10631);
#10627 = LINE('',#10628,#10629);
#10628 = CARTESIAN_POINT('',(0.,14.));
#10629 = VECTOR('',#10630,1.);
#10630 = DIRECTION('',(1.,0.));
#10631 = ( GEOMETRIC_REPRESENTATION_CONTEXT(2) 
PARAMETRIC_REPRESENTATION_CONTEXT() REPRESENTATION_CONTEXT('2D SPACE',''
  ) );
#10632 = PCURVE('',#6649,#10633);
#10633 = DEFINITIONAL_REPRESENTATION('',(#10634),#10638);
#10634 = LINE('',#10635,#10636);
#10635 = CARTESIAN_POINT('',(0.,0.));
#10636 = VECTOR('',#10637,1.);
#10637 = DIRECTION('',(1.,0.));
#10638 = ( GEOMETRIC_REPRESENTATION_CONTEXT(2) 
PARAMETRIC_REPRESENTATION_CONTEXT() REPRESENTATION_CONTEXT('2D SPACE',''
  ) );
#10639 = ORIENTED_EDGE('',*,*,#9994,.F.);
#10640 = ORIENTED_EDGE('',*,*,#10592,.T.);
#10641 = ORIENTED_EDGE('',*,*,#6661,.F.);
#10642 = ADVANCED_FACE('',(#10643),#6649,.F.);
#10643 = FACE_BOUND('',#10644,.F.);
#10644 = EDGE_LOOP('',(#10645,#10646,#10647,#10668));
#10645 = ORIENTED_EDGE('',*,*,#10619,.F.);
#10646 = ORIENTED_EDGE('',*,*,#10017,.T.);
#10647 = ORIENTED_EDGE('',*,*,#10648,.F.);
#10648 = EDGE_CURVE('',#6606,#10018,#10649,.T.);
#10649 = SURFACE_CURVE('',#10650,(#10654,#10661),.PCURVE_S1.);
#10650 = LINE('',#10651,#10652);
#10651 = CARTESIAN_POINT('',(86.65,104.89302648362,16.433443998149));
#10652 = VECTOR('',#10653,1.);
#10653 = DIRECTION('',(0.,0.,-1.));
#10654 = PCURVE('',#6649,#10655);
#10655 = DEFINITIONAL_REPRESENTATION('',(#10656),#10660);
#10656 = LINE('',#10657,#10658);
#10657 = CARTESIAN_POINT('',(0.,-2.75));
#10658 = VECTOR('',#10659,1.);
#10659 = DIRECTION('',(-1.,0.));
#10660 = ( GEOMETRIC_REPRESENTATION_CONTEXT(2) 
PARAMETRIC_REPRESENTATION_CONTEXT() REPRESENTATION_CONTEXT('2D SPACE',''
  ) );
#10661 = PCURVE('',#6621,#10662);
#10662 = DEFINITIONAL_REPRESENTATION('',(#10663),#10667);
#10663 = LINE('',#10664,#10665);
#10664 = CARTESIAN_POINT('',(0.,95.53));
#10665 = VECTOR('',#10666,1.);
#10666 = DIRECTION('',(-1.,0.));
#10667 = ( GEOMETRIC_REPRESENTATION_CONTEXT(2) 
PARAMETRIC_REPRESENTATION_CONTEXT() REPRESENTATION_CONTEXT('2D SPACE',''
  ) );
#10668 = ORIENTED_EDGE('',*,*,#6633,.F.);
#10669 = ADVANCED_FACE('',(#10670),#6621,.T.);
#10670 = FACE_BOUND('',#10671,.T.);
#10671 = EDGE_LOOP('',(#10672,#10673,#10674,#10675));
#10672 = ORIENTED_EDGE('',*,*,#10040,.F.);
#10673 = ORIENTED_EDGE('',*,*,#10648,.F.);
#10674 = ORIENTED_EDGE('',*,*,#6605,.T.);
#10675 = ORIENTED_EDGE('',*,*,#10676,.F.);
#10676 = EDGE_CURVE('',#10041,#6578,#10677,.T.);
#10677 = SURFACE_CURVE('',#10678,(#10682,#10689),.PCURVE_S1.);
#10678 = LINE('',#10679,#10680);
#10679 = CARTESIAN_POINT('',(86.65,123.03302648362,16.433443998149));
#10680 = VECTOR('',#10681,1.);
#10681 = DIRECTION('',(0.,0.,1.));
#10682 = PCURVE('',#6621,#10683);
#10683 = DEFINITIONAL_REPRESENTATION('',(#10684),#10688);
#10684 = LINE('',#10685,#10686);
#10685 = CARTESIAN_POINT('',(0.,113.67));
#10686 = VECTOR('',#10687,1.);
#10687 = DIRECTION('',(1.,0.));
#10688 = ( GEOMETRIC_REPRESENTATION_CONTEXT(2) 
PARAMETRIC_REPRESENTATION_CONTEXT() REPRESENTATION_CONTEXT('2D SPACE',''
  ) );
#10689 = PCURVE('',#6593,#10690);
#10690 = DEFINITIONAL_REPRESENTATION('',(#10691),#10695);
#10691 = LINE('',#10692,#10693);
#10692 = CARTESIAN_POINT('',(0.,0.));
#10693 = VECTOR('',#10694,1.);
#10694 = DIRECTION('',(1.,0.));
#10695 = ( GEOMETRIC_REPRESENTATION_CONTEXT(2) 
PARAMETRIC_REPRESENTATION_CONTEXT() REPRESENTATION_CONTEXT('2D SPACE',''
  ) );
#10696 = ADVANCED_FACE('',(#10697),#6593,.F.);
#10697 = FACE_BOUND('',#10698,.F.);
#10698 = EDGE_LOOP('',(#10699,#10700,#10701,#10702));
#10699 = ORIENTED_EDGE('',*,*,#10676,.F.);
#10700 = ORIENTED_EDGE('',*,*,#10063,.T.);
#10701 = ORIENTED_EDGE('',*,*,#9830,.T.);
#10702 = ORIENTED_EDGE('',*,*,#6577,.T.);
#10703 = ADVANCED_FACE('',(#10704,#10707),#7203,.F.);
#10704 = FACE_BOUND('',#10705,.F.);
#10705 = EDGE_LOOP('',(#10706));
#10706 = ORIENTED_EDGE('',*,*,#7188,.T.);
#10707 = FACE_BOUND('',#10708,.F.);
#10708 = EDGE_LOOP('',(#10709));
#10709 = ORIENTED_EDGE('',*,*,#10710,.F.);
#10710 = EDGE_CURVE('',#10711,#10711,#10713,.T.);
#10711 = VERTEX_POINT('',#10712);
#10712 = CARTESIAN_POINT('',(19.8,15.,0.5));
#10713 = SURFACE_CURVE('',#10714,(#10719,#10726),.PCURVE_S1.);
#10714 = CIRCLE('',#10715,4.8);
#10715 = AXIS2_PLACEMENT_3D('',#10716,#10717,#10718);
#10716 = CARTESIAN_POINT('',(15.,15.,0.5));
#10717 = DIRECTION('',(0.,0.,1.));
#10718 = DIRECTION('',(1.,0.,0.));
#10719 = PCURVE('',#7203,#10720);
#10720 = DEFINITIONAL_REPRESENTATION('',(#10721),#10725);
#10721 = CIRCLE('',#10722,4.8);
#10722 = AXIS2_PLACEMENT_2D('',#10723,#10724);
#10723 = CARTESIAN_POINT('',(2.84217094304E-14,0.));
#10724 = DIRECTION('',(1.,0.));
#10725 = ( GEOMETRIC_REPRESENTATION_CONTEXT(2) 
PARAMETRIC_REPRESENTATION_CONTEXT() REPRESENTATION_CONTEXT('2D SPACE',''
  ) );
#10726 = PCURVE('',#10727,#10732);
#10727 = CYLINDRICAL_SURFACE('',#10728,4.8);
#10728 = AXIS2_PLACEMENT_3D('',#10729,#10730,#10731);
#10729 = CARTESIAN_POINT('',(15.,15.,0.));
#10730 = DIRECTION('',(-0.,-0.,-1.));
#10731 = DIRECTION('',(1.,0.,0.));
#10732 = DEFINITIONAL_REPRESENTATION('',(#10733),#10737);
#10733 = LINE('',#10734,#10735);
#10734 = CARTESIAN_POINT('',(-0.,-0.5));
#10735 = VECTOR('',#10736,1.);
#10736 = DIRECTION('',(-1.,0.));
#10737 = ( GEOMETRIC_REPRESENTATION_CONTEXT(2) 
PARAMETRIC_REPRESENTATION_CONTEXT() REPRESENTATION_CONTEXT('2D SPACE',''
  ) );
#10738 = ADVANCED_FACE('',(#10739,#10742),#7259,.F.);
#10739 = FACE_BOUND('',#10740,.F.);
#10740 = EDGE_LOOP('',(#10741));
#10741 = ORIENTED_EDGE('',*,*,#7244,.T.);
#10742 = FACE_BOUND('',#10743,.F.);
#10743 = EDGE_LOOP('',(#10744));
#10744 = ORIENTED_EDGE('',*,*,#10745,.T.);
#10745 = EDGE_CURVE('',#10746,#10746,#10748,.T.);
#10746 = VERTEX_POINT('',#10747);
#10747 = CARTESIAN_POINT('',(99.446428571429,20.,4.7));
#10748 = SURFACE_CURVE('',#10749,(#10754,#10765),.PCURVE_S1.);
#10749 = CIRCLE('',#10750,1.8);
#10750 = AXIS2_PLACEMENT_3D('',#10751,#10752,#10753);
#10751 = CARTESIAN_POINT('',(97.646428571429,20.,4.7));
#10752 = DIRECTION('',(0.,0.,-1.));
#10753 = DIRECTION('',(1.,0.,0.));
#10754 = PCURVE('',#7259,#10755);
#10755 = DEFINITIONAL_REPRESENTATION('',(#10756),#10764);
#10756 = ( BOUNDED_CURVE() B_SPLINE_CURVE(2,(#10757,#10758,#10759,#10760
    ,#10761,#10762,#10763),.UNSPECIFIED.,.T.,.F.) 
B_SPLINE_CURVE_WITH_KNOTS((1,2,2,2,2,1),(-2.094395102393,0.,
    2.094395102393,4.188790204786,6.28318530718,8.377580409573),
.UNSPECIFIED.) CURVE() GEOMETRIC_REPRESENTATION_ITEM() 
RATIONAL_B_SPLINE_CURVE((1.,0.5,1.,0.5,1.,0.5,1.)) REPRESENTATION_ITEM(
  '') );
#10757 = CARTESIAN_POINT('',(1.8,0.));
#10758 = CARTESIAN_POINT('',(1.8,-3.117691453624));
#10759 = CARTESIAN_POINT('',(-0.9,-1.558845726812));
#10760 = CARTESIAN_POINT('',(-3.6,-4.40872847693E-16));
#10761 = CARTESIAN_POINT('',(-0.9,1.558845726812));
#10762 = CARTESIAN_POINT('',(1.8,3.117691453624));
#10763 = CARTESIAN_POINT('',(1.8,0.));
#10764 = ( GEOMETRIC_REPRESENTATION_CONTEXT(2) 
PARAMETRIC_REPRESENTATION_CONTEXT() REPRESENTATION_CONTEXT('2D SPACE',''
  ) );
#10765 = PCURVE('',#10766,#10771);
#10766 = CYLINDRICAL_SURFACE('',#10767,1.8);
#10767 = AXIS2_PLACEMENT_3D('',#10768,#10769,#10770);
#10768 = CARTESIAN_POINT('',(97.646428571429,20.,-5.));
#10769 = DIRECTION('',(-0.,-0.,-1.));
#10770 = DIRECTION('',(1.,0.,0.));
#10771 = DEFINITIONAL_REPRESENTATION('',(#10772),#10776);
#10772 = LINE('',#10773,#10774);
#10773 = CARTESIAN_POINT('',(-6.28318530718,-9.7));
#10774 = VECTOR('',#10775,1.);
#10775 = DIRECTION('',(1.,-0.));
#10776 = ( GEOMETRIC_REPRESENTATION_CONTEXT(2) 
PARAMETRIC_REPRESENTATION_CONTEXT() REPRESENTATION_CONTEXT('2D SPACE',''
  ) );
#10777 = ADVANCED_FACE('',(#10778,#10781),#7313,.F.);
#10778 = FACE_BOUND('',#10779,.F.);
#10779 = EDGE_LOOP('',(#10780));
#10780 = ORIENTED_EDGE('',*,*,#7298,.T.);
#10781 = FACE_BOUND('',#10782,.F.);
#10782 = EDGE_LOOP('',(#10783));
#10783 = ORIENTED_EDGE('',*,*,#10784,.F.);
#10784 = EDGE_CURVE('',#10785,#10785,#10787,.T.);
#10785 = VERTEX_POINT('',#10786);
#10786 = CARTESIAN_POINT('',(185.09285714285,15.,0.5));
#10787 = SURFACE_CURVE('',#10788,(#10793,#10800),.PCURVE_S1.);
#10788 = CIRCLE('',#10789,4.8);
#10789 = AXIS2_PLACEMENT_3D('',#10790,#10791,#10792);
#10790 = CARTESIAN_POINT('',(180.29285714285,15.,0.5));
#10791 = DIRECTION('',(0.,0.,1.));
#10792 = DIRECTION('',(1.,0.,0.));
#10793 = PCURVE('',#7313,#10794);
#10794 = DEFINITIONAL_REPRESENTATION('',(#10795),#10799);
#10795 = CIRCLE('',#10796,4.8);
#10796 = AXIS2_PLACEMENT_2D('',#10797,#10798);
#10797 = CARTESIAN_POINT('',(2.84217094304E-14,0.));
#10798 = DIRECTION('',(1.,0.));
#10799 = ( GEOMETRIC_REPRESENTATION_CONTEXT(2) 
PARAMETRIC_REPRESENTATION_CONTEXT() REPRESENTATION_CONTEXT('2D SPACE',''
  ) );
#10800 = PCURVE('',#10801,#10806);
#10801 = CYLINDRICAL_SURFACE('',#10802,4.8);
#10802 = AXIS2_PLACEMENT_3D('',#10803,#10804,#10805);
#10803 = CARTESIAN_POINT('',(180.29285714285,15.,0.));
#10804 = DIRECTION('',(-0.,-0.,-1.));
#10805 = DIRECTION('',(1.,0.,0.));
#10806 = DEFINITIONAL_REPRESENTATION('',(#10807),#10811);
#10807 = LINE('',#10808,#10809);
#10808 = CARTESIAN_POINT('',(-0.,-0.5));
#10809 = VECTOR('',#10810,1.);
#10810 = DIRECTION('',(-1.,0.));
#10811 = ( GEOMETRIC_REPRESENTATION_CONTEXT(2) 
PARAMETRIC_REPRESENTATION_CONTEXT() REPRESENTATION_CONTEXT('2D SPACE',''
  ) );
#10812 = ADVANCED_FACE('',(#10813,#10816),#7369,.F.);
#10813 = FACE_BOUND('',#10814,.F.);
#10814 = EDGE_LOOP('',(#10815));
#10815 = ORIENTED_EDGE('',*,*,#7354,.T.);
#10816 = FACE_BOUND('',#10817,.F.);
#10817 = EDGE_LOOP('',(#10818));
#10818 = ORIENTED_EDGE('',*,*,#10819,.T.);
#10819 = EDGE_CURVE('',#10820,#10820,#10822,.T.);
#10820 = VERTEX_POINT('',#10821);
#10821 = CARTESIAN_POINT('',(10.3,139.,4.7));
#10822 = SURFACE_CURVE('',#10823,(#10828,#10839),.PCURVE_S1.);
#10823 = CIRCLE('',#10824,1.8);
#10824 = AXIS2_PLACEMENT_3D('',#10825,#10826,#10827);
#10825 = CARTESIAN_POINT('',(8.5,139.,4.7));
#10826 = DIRECTION('',(0.,0.,-1.));
#10827 = DIRECTION('',(1.,0.,0.));
#10828 = PCURVE('',#7369,#10829);
#10829 = DEFINITIONAL_REPRESENTATION('',(#10830),#10838);
#10830 = ( BOUNDED_CURVE() B_SPLINE_CURVE(2,(#10831,#10832,#10833,#10834
    ,#10835,#10836,#10837),.UNSPECIFIED.,.T.,.F.) 
B_SPLINE_CURVE_WITH_KNOTS((1,2,2,2,2,1),(-2.094395102393,0.,
    2.094395102393,4.188790204786,6.28318530718,8.377580409573),
.UNSPECIFIED.) CURVE() GEOMETRIC_REPRESENTATION_ITEM() 
RATIONAL_B_SPLINE_CURVE((1.,0.5,1.,0.5,1.,0.5,1.)) REPRESENTATION_ITEM(
  '') );
#10831 = CARTESIAN_POINT('',(1.8,0.));
#10832 = CARTESIAN_POINT('',(1.8,-3.117691453624));
#10833 = CARTESIAN_POINT('',(-0.9,-1.558845726812));
#10834 = CARTESIAN_POINT('',(-3.6,-4.40872847693E-16));
#10835 = CARTESIAN_POINT('',(-0.9,1.558845726812));
#10836 = CARTESIAN_POINT('',(1.8,3.117691453624));
#10837 = CARTESIAN_POINT('',(1.8,0.));
#10838 = ( GEOMETRIC_REPRESENTATION_CONTEXT(2) 
PARAMETRIC_REPRESENTATION_CONTEXT() REPRESENTATION_CONTEXT('2D SPACE',''
  ) );
#10839 = PCURVE('',#10840,#10845);
#10840 = CYLINDRICAL_SURFACE('',#10841,1.8);
#10841 = AXIS2_PLACEMENT_3D('',#10842,#10843,#10844);
#10842 = CARTESIAN_POINT('',(8.5,139.,-5.));
#10843 = DIRECTION('',(-0.,-0.,-1.));
#10844 = DIRECTION('',(1.,0.,0.));
#10845 = DEFINITIONAL_REPRESENTATION('',(#10846),#10850);
#10846 = LINE('',#10847,#10848);
#10847 = CARTESIAN_POINT('',(-6.28318530718,-9.7));
#10848 = VECTOR('',#10849,1.);
#10849 = DIRECTION('',(1.,-0.));
#10850 = ( GEOMETRIC_REPRESENTATION_CONTEXT(2) 
PARAMETRIC_REPRESENTATION_CONTEXT() REPRESENTATION_CONTEXT('2D SPACE',''
  ) );
#10851 = ADVANCED_FACE('',(#10852,#10855),#7423,.F.);
#10852 = FACE_BOUND('',#10853,.F.);
#10853 = EDGE_LOOP('',(#10854));
#10854 = ORIENTED_EDGE('',*,*,#7408,.T.);
#10855 = FACE_BOUND('',#10856,.F.);
#10856 = EDGE_LOOP('',(#10857));
#10857 = ORIENTED_EDGE('',*,*,#10858,.F.);
#10858 = EDGE_CURVE('',#10859,#10859,#10861,.T.);
#10859 = VERTEX_POINT('',#10860);
#10860 = CARTESIAN_POINT('',(34.8,142.20842373802,0.5));
#10861 = SURFACE_CURVE('',#10862,(#10867,#10874),.PCURVE_S1.);
#10862 = CIRCLE('',#10863,4.8);
#10863 = AXIS2_PLACEMENT_3D('',#10864,#10865,#10866);
#10864 = CARTESIAN_POINT('',(30.,142.20842373802,0.5));
#10865 = DIRECTION('',(0.,0.,1.));
#10866 = DIRECTION('',(1.,0.,0.));
#10867 = PCURVE('',#7423,#10868);
#10868 = DEFINITIONAL_REPRESENTATION('',(#10869),#10873);
#10869 = CIRCLE('',#10870,4.8);
#10870 = AXIS2_PLACEMENT_2D('',#10871,#10872);
#10871 = CARTESIAN_POINT('',(2.84217094304E-14,0.));
#10872 = DIRECTION('',(1.,0.));
#10873 = ( GEOMETRIC_REPRESENTATION_CONTEXT(2) 
PARAMETRIC_REPRESENTATION_CONTEXT() REPRESENTATION_CONTEXT('2D SPACE',''
  ) );
#10874 = PCURVE('',#10875,#10880);
#10875 = CYLINDRICAL_SURFACE('',#10876,4.8);
#10876 = AXIS2_PLACEMENT_3D('',#10877,#10878,#10879);
#10877 = CARTESIAN_POINT('',(30.,142.20842373802,0.));
#10878 = DIRECTION('',(-0.,-0.,-1.));
#10879 = DIRECTION('',(1.,0.,0.));
#10880 = DEFINITIONAL_REPRESENTATION('',(#10881),#10885);
#10881 = LINE('',#10882,#10883);
#10882 = CARTESIAN_POINT('',(-0.,-0.5));
#10883 = VECTOR('',#10884,1.);
#10884 = DIRECTION('',(-1.,0.));
#10885 = ( GEOMETRIC_REPRESENTATION_CONTEXT(2) 
PARAMETRIC_REPRESENTATION_CONTEXT() REPRESENTATION_CONTEXT('2D SPACE',''
  ) );
#10886 = ADVANCED_FACE('',(#10887,#10890),#7478,.F.);
#10887 = FACE_BOUND('',#10888,.F.);
#10888 = EDGE_LOOP('',(#10889));
#10889 = ORIENTED_EDGE('',*,*,#7463,.T.);
#10890 = FACE_BOUND('',#10891,.F.);
#10891 = EDGE_LOOP('',(#10892));
#10892 = ORIENTED_EDGE('',*,*,#10893,.F.);
#10893 = EDGE_CURVE('',#10894,#10894,#10896,.T.);
#10894 = VERTEX_POINT('',#10895);
#10895 = CARTESIAN_POINT('',(170.09285714285,142.20842373802,0.5));
#10896 = SURFACE_CURVE('',#10897,(#10902,#10909),.PCURVE_S1.);
#10897 = CIRCLE('',#10898,4.8);
#10898 = AXIS2_PLACEMENT_3D('',#10899,#10900,#10901);
#10899 = CARTESIAN_POINT('',(165.29285714285,142.20842373802,0.5));
#10900 = DIRECTION('',(0.,0.,1.));
#10901 = DIRECTION('',(1.,0.,0.));
#10902 = PCURVE('',#7478,#10903);
#10903 = DEFINITIONAL_REPRESENTATION('',(#10904),#10908);
#10904 = CIRCLE('',#10905,4.8);
#10905 = AXIS2_PLACEMENT_2D('',#10906,#10907);
#10906 = CARTESIAN_POINT('',(2.84217094304E-14,0.));
#10907 = DIRECTION('',(1.,0.));
#10908 = ( GEOMETRIC_REPRESENTATION_CONTEXT(2) 
PARAMETRIC_REPRESENTATION_CONTEXT() REPRESENTATION_CONTEXT('2D SPACE',''
  ) );
#10909 = PCURVE('',#10910,#10915);
#10910 = CYLINDRICAL_SURFACE('',#10911,4.8);
#10911 = AXIS2_PLACEMENT_3D('',#10912,#10913,#10914);
#10912 = CARTESIAN_POINT('',(165.29285714285,142.20842373802,0.));
#10913 = DIRECTION('',(-0.,-0.,-1.));
#10914 = DIRECTION('',(1.,0.,0.));
#10915 = DEFINITIONAL_REPRESENTATION('',(#10916),#10920);
#10916 = LINE('',#10917,#10918);
#10917 = CARTESIAN_POINT('',(-0.,-0.5));
#10918 = VECTOR('',#10919,1.);
#10919 = DIRECTION('',(-1.,0.));
#10920 = ( GEOMETRIC_REPRESENTATION_CONTEXT(2) 
PARAMETRIC_REPRESENTATION_CONTEXT() REPRESENTATION_CONTEXT('2D SPACE',''
  ) );
#10921 = ADVANCED_FACE('',(#10922,#10925),#7534,.F.);
#10922 = FACE_BOUND('',#10923,.F.);
#10923 = EDGE_LOOP('',(#10924));
#10924 = ORIENTED_EDGE('',*,*,#7519,.T.);
#10925 = FACE_BOUND('',#10926,.F.);
#10926 = EDGE_LOOP('',(#10927));
#10927 = ORIENTED_EDGE('',*,*,#10928,.T.);
#10928 = EDGE_CURVE('',#10929,#10929,#10931,.T.);
#10929 = VERTEX_POINT('',#10930);
#10930 = CARTESIAN_POINT('',(188.59285714285,139.,4.7));
#10931 = SURFACE_CURVE('',#10932,(#10937,#10948),.PCURVE_S1.);
#10932 = CIRCLE('',#10933,1.8);
#10933 = AXIS2_PLACEMENT_3D('',#10934,#10935,#10936);
#10934 = CARTESIAN_POINT('',(186.79285714285,139.,4.7));
#10935 = DIRECTION('',(0.,0.,-1.));
#10936 = DIRECTION('',(1.,0.,0.));
#10937 = PCURVE('',#7534,#10938);
#10938 = DEFINITIONAL_REPRESENTATION('',(#10939),#10947);
#10939 = ( BOUNDED_CURVE() B_SPLINE_CURVE(2,(#10940,#10941,#10942,#10943
    ,#10944,#10945,#10946),.UNSPECIFIED.,.T.,.F.) 
B_SPLINE_CURVE_WITH_KNOTS((1,2,2,2,2,1),(-2.094395102393,0.,
    2.094395102393,4.188790204786,6.28318530718,8.377580409573),
.UNSPECIFIED.) CURVE() GEOMETRIC_REPRESENTATION_ITEM() 
RATIONAL_B_SPLINE_CURVE((1.,0.5,1.,0.5,1.,0.5,1.)) REPRESENTATION_ITEM(
  '') );
#10940 = CARTESIAN_POINT('',(1.8,0.));
#10941 = CARTESIAN_POINT('',(1.8,-3.117691453624));
#10942 = CARTESIAN_POINT('',(-0.9,-1.558845726812));
#10943 = CARTESIAN_POINT('',(-3.6,-4.40872847693E-16));
#10944 = CARTESIAN_POINT('',(-0.9,1.558845726812));
#10945 = CARTESIAN_POINT('',(1.8,3.117691453624));
#10946 = CARTESIAN_POINT('',(1.8,0.));
#10947 = ( GEOMETRIC_REPRESENTATION_CONTEXT(2) 
PARAMETRIC_REPRESENTATION_CONTEXT() REPRESENTATION_CONTEXT('2D SPACE',''
  ) );
#10948 = PCURVE('',#10949,#10954);
#10949 = CYLINDRICAL_SURFACE('',#10950,1.8);
#10950 = AXIS2_PLACEMENT_3D('',#10951,#10952,#10953);
#10951 = CARTESIAN_POINT('',(186.79285714285,139.,-5.));
#10952 = DIRECTION('',(-0.,-0.,-1.));
#10953 = DIRECTION('',(1.,0.,0.));
#10954 = DEFINITIONAL_REPRESENTATION('',(#10955),#10959);
#10955 = LINE('',#10956,#10957);
#10956 = CARTESIAN_POINT('',(-6.28318530718,-9.7));
#10957 = VECTOR('',#10958,1.);
#10958 = DIRECTION('',(1.,-0.));
#10959 = ( GEOMETRIC_REPRESENTATION_CONTEXT(2) 
PARAMETRIC_REPRESENTATION_CONTEXT() REPRESENTATION_CONTEXT('2D SPACE',''
  ) );
#10960 = ADVANCED_FACE('',(#10961),#7595,.F.);
#10961 = FACE_BOUND('',#10962,.F.);
#10962 = EDGE_LOOP('',(#10963,#10964,#10965,#10986));
#10963 = ORIENTED_EDGE('',*,*,#7579,.F.);
#10964 = ORIENTED_EDGE('',*,*,#9782,.F.);
#10965 = ORIENTED_EDGE('',*,*,#10966,.T.);
#10966 = EDGE_CURVE('',#9762,#8820,#10967,.T.);
#10967 = SURFACE_CURVE('',#10968,(#10972,#10979),.PCURVE_S1.);
#10968 = LINE('',#10969,#10970);
#10969 = CARTESIAN_POINT('',(91.25,32.5,11.2));
#10970 = VECTOR('',#10971,1.);
#10971 = DIRECTION('',(1.,0.,0.));
#10972 = PCURVE('',#7595,#10973);
#10973 = DEFINITIONAL_REPRESENTATION('',(#10974),#10978);
#10974 = LINE('',#10975,#10976);
#10975 = CARTESIAN_POINT('',(8.,0.));
#10976 = VECTOR('',#10977,1.);
#10977 = DIRECTION('',(0.,1.));
#10978 = ( GEOMETRIC_REPRESENTATION_CONTEXT(2) 
PARAMETRIC_REPRESENTATION_CONTEXT() REPRESENTATION_CONTEXT('2D SPACE',''
  ) );
#10979 = PCURVE('',#8834,#10980);
#10980 = DEFINITIONAL_REPRESENTATION('',(#10981),#10985);
#10981 = LINE('',#10982,#10983);
#10982 = CARTESIAN_POINT('',(0.,0.));
#10983 = VECTOR('',#10984,1.);
#10984 = DIRECTION('',(1.,0.));
#10985 = ( GEOMETRIC_REPRESENTATION_CONTEXT(2) 
PARAMETRIC_REPRESENTATION_CONTEXT() REPRESENTATION_CONTEXT('2D SPACE',''
  ) );
#10986 = ORIENTED_EDGE('',*,*,#8845,.T.);
#10987 = ADVANCED_FACE('',(#10988),#7649,.F.);
#10988 = FACE_BOUND('',#10989,.F.);
#10989 = EDGE_LOOP('',(#10990,#11013,#11014,#11037));
#10990 = ORIENTED_EDGE('',*,*,#10991,.F.);
#10991 = EDGE_CURVE('',#7632,#10992,#10994,.T.);
#10992 = VERTEX_POINT('',#10993);
#10993 = CARTESIAN_POINT('',(92.646428571429,14.,7.865260262892));
#10994 = SURFACE_CURVE('',#10995,(#10999,#11006),.PCURVE_S1.);
#10995 = LINE('',#10996,#10997);
#10996 = CARTESIAN_POINT('',(92.646428571429,14.,3.2));
#10997 = VECTOR('',#10998,1.);
#10998 = DIRECTION('',(0.,0.,1.));
#10999 = PCURVE('',#7649,#11000);
#11000 = DEFINITIONAL_REPRESENTATION('',(#11001),#11005);
#11001 = LINE('',#11002,#11003);
#11002 = CARTESIAN_POINT('',(0.,0.));
#11003 = VECTOR('',#11004,1.);
#11004 = DIRECTION('',(1.,0.));
#11005 = ( GEOMETRIC_REPRESENTATION_CONTEXT(2) 
PARAMETRIC_REPRESENTATION_CONTEXT() REPRESENTATION_CONTEXT('2D SPACE',''
  ) );
#11006 = PCURVE('',#7731,#11007);
#11007 = DEFINITIONAL_REPRESENTATION('',(#11008),#11012);
#11008 = LINE('',#11009,#11010);
#11009 = CARTESIAN_POINT('',(0.,0.));
#11010 = VECTOR('',#11011,1.);
#11011 = DIRECTION('',(1.,0.));
#11012 = ( GEOMETRIC_REPRESENTATION_CONTEXT(2) 
PARAMETRIC_REPRESENTATION_CONTEXT() REPRESENTATION_CONTEXT('2D SPACE',''
  ) );
#11013 = ORIENTED_EDGE('',*,*,#7631,.T.);
#11014 = ORIENTED_EDGE('',*,*,#11015,.T.);
#11015 = EDGE_CURVE('',#7634,#11016,#11018,.T.);
#11016 = VERTEX_POINT('',#11017);
#11017 = CARTESIAN_POINT('',(92.646428571429,26.,10.525209885058));
#11018 = SURFACE_CURVE('',#11019,(#11023,#11030),.PCURVE_S1.);
#11019 = LINE('',#11020,#11021);
#11020 = CARTESIAN_POINT('',(92.646428571429,26.,3.2));
#11021 = VECTOR('',#11022,1.);
#11022 = DIRECTION('',(0.,0.,1.));
#11023 = PCURVE('',#7649,#11024);
#11024 = DEFINITIONAL_REPRESENTATION('',(#11025),#11029);
#11025 = LINE('',#11026,#11027);
#11026 = CARTESIAN_POINT('',(0.,-12.));
#11027 = VECTOR('',#11028,1.);
#11028 = DIRECTION('',(1.,0.));
#11029 = ( GEOMETRIC_REPRESENTATION_CONTEXT(2) 
PARAMETRIC_REPRESENTATION_CONTEXT() REPRESENTATION_CONTEXT('2D SPACE',''
  ) );
#11030 = PCURVE('',#7677,#11031);
#11031 = DEFINITIONAL_REPRESENTATION('',(#11032),#11036);
#11032 = LINE('',#11033,#11034);
#11033 = CARTESIAN_POINT('',(0.,0.));
#11034 = VECTOR('',#11035,1.);
#11035 = DIRECTION('',(1.,0.));
#11036 = ( GEOMETRIC_REPRESENTATION_CONTEXT(2) 
PARAMETRIC_REPRESENTATION_CONTEXT() REPRESENTATION_CONTEXT('2D SPACE',''
  ) );
#11037 = ORIENTED_EDGE('',*,*,#11038,.T.);
#11038 = EDGE_CURVE('',#11016,#10992,#11039,.T.);
#11039 = SURFACE_CURVE('',#11040,(#11044,#11050),.PCURVE_S1.);
#11040 = LINE('',#11041,#11042);
#11041 = CARTESIAN_POINT('',(92.646428571429,-213.1609370533,
    -42.48779379427));
#11042 = VECTOR('',#11043,1.);
#11043 = DIRECTION('',(0.,-0.976302648363,-0.216409655053));
#11044 = PCURVE('',#7649,#11045);
#11045 = DEFINITIONAL_REPRESENTATION('',(#11046),#11049);
#11046 = B_SPLINE_CURVE_WITH_KNOTS('',1,(#11047,#11048),.UNSPECIFIED.,
  .F.,.F.,(2,2),(-244.9659820696,-232.674711509),
  .PIECEWISE_BEZIER_KNOTS.);
#11047 = CARTESIAN_POINT('',(7.325209885058,-12.));
#11048 = CARTESIAN_POINT('',(4.665260262892,1.011018754174E-14));
#11049 = ( GEOMETRIC_REPRESENTATION_CONTEXT(2) 
PARAMETRIC_REPRESENTATION_CONTEXT() REPRESENTATION_CONTEXT('2D SPACE',''
  ) );
#11050 = PCURVE('',#11051,#11056);
#11051 = PLANE('',#11052);
#11052 = AXIS2_PLACEMENT_3D('',#11053,#11054,#11055);
#11053 = CARTESIAN_POINT('',(-450.,-439.3361917632,-92.62235907001));
#11054 = DIRECTION('',(0.,-0.216409655053,0.976302648363));
#11055 = DIRECTION('',(1.,0.,0.));
#11056 = DEFINITIONAL_REPRESENTATION('',(#11057),#11060);
#11057 = B_SPLINE_CURVE_WITH_KNOTS('',1,(#11058,#11059),.UNSPECIFIED.,
  .F.,.F.,(2,2),(-244.9659820696,-232.674711509),
  .PIECEWISE_BEZIER_KNOTS.);
#11058 = CARTESIAN_POINT('',(542.64642857142,476.6310862145));
#11059 = CARTESIAN_POINT('',(542.64642857142,464.33981565396));
#11060 = ( GEOMETRIC_REPRESENTATION_CONTEXT(2) 
PARAMETRIC_REPRESENTATION_CONTEXT() REPRESENTATION_CONTEXT('2D SPACE',''
  ) );
#11061 = ADVANCED_FACE('',(#11062),#7677,.T.);
#11062 = FACE_BOUND('',#11063,.T.);
#11063 = EDGE_LOOP('',(#11064,#11087,#11088,#11089));
#11064 = ORIENTED_EDGE('',*,*,#11065,.F.);
#11065 = EDGE_CURVE('',#7662,#11066,#11068,.T.);
#11066 = VERTEX_POINT('',#11067);
#11067 = CARTESIAN_POINT('',(102.64642857142,26.,10.525209885058));
#11068 = SURFACE_CURVE('',#11069,(#11073,#11080),.PCURVE_S1.);
#11069 = LINE('',#11070,#11071);
#11070 = CARTESIAN_POINT('',(102.64642857142,26.,3.2));
#11071 = VECTOR('',#11072,1.);
#11072 = DIRECTION('',(0.,0.,1.));
#11073 = PCURVE('',#7677,#11074);
#11074 = DEFINITIONAL_REPRESENTATION('',(#11075),#11079);
#11075 = LINE('',#11076,#11077);
#11076 = CARTESIAN_POINT('',(0.,10.));
#11077 = VECTOR('',#11078,1.);
#11078 = DIRECTION('',(1.,0.));
#11079 = ( GEOMETRIC_REPRESENTATION_CONTEXT(2) 
PARAMETRIC_REPRESENTATION_CONTEXT() REPRESENTATION_CONTEXT('2D SPACE',''
  ) );
#11080 = PCURVE('',#7705,#11081);
#11081 = DEFINITIONAL_REPRESENTATION('',(#11082),#11086);
#11082 = LINE('',#11083,#11084);
#11083 = CARTESIAN_POINT('',(0.,-12.));
#11084 = VECTOR('',#11085,1.);
#11085 = DIRECTION('',(1.,0.));
#11086 = ( GEOMETRIC_REPRESENTATION_CONTEXT(2) 
PARAMETRIC_REPRESENTATION_CONTEXT() REPRESENTATION_CONTEXT('2D SPACE',''
  ) );
#11087 = ORIENTED_EDGE('',*,*,#7661,.F.);
#11088 = ORIENTED_EDGE('',*,*,#11015,.T.);
#11089 = ORIENTED_EDGE('',*,*,#11090,.T.);
#11090 = EDGE_CURVE('',#11016,#11066,#11091,.T.);
#11091 = SURFACE_CURVE('',#11092,(#11096,#11102),.PCURVE_S1.);
#11092 = LINE('',#11093,#11094);
#11093 = CARTESIAN_POINT('',(-178.6767857142,26.,10.525209885058));
#11094 = VECTOR('',#11095,1.);
#11095 = DIRECTION('',(1.,0.,-0.));
#11096 = PCURVE('',#7677,#11097);
#11097 = DEFINITIONAL_REPRESENTATION('',(#11098),#11101);
#11098 = B_SPLINE_CURVE_WITH_KNOTS('',1,(#11099,#11100),.UNSPECIFIED.,
  .F.,.F.,(2,2),(271.32321428571,281.32321428571),
  .PIECEWISE_BEZIER_KNOTS.);
#11099 = CARTESIAN_POINT('',(7.325209885058,0.));
#11100 = CARTESIAN_POINT('',(7.325209885058,10.));
#11101 = ( GEOMETRIC_REPRESENTATION_CONTEXT(2) 
PARAMETRIC_REPRESENTATION_CONTEXT() REPRESENTATION_CONTEXT('2D SPACE',''
  ) );
#11102 = PCURVE('',#11051,#11103);
#11103 = DEFINITIONAL_REPRESENTATION('',(#11104),#11107);
#11104 = B_SPLINE_CURVE_WITH_KNOTS('',1,(#11105,#11106),.UNSPECIFIED.,
  .F.,.F.,(2,2),(271.32321428571,281.32321428571),
  .PIECEWISE_BEZIER_KNOTS.);
#11105 = CARTESIAN_POINT('',(542.64642857142,476.6310862145));
#11106 = CARTESIAN_POINT('',(552.64642857142,476.6310862145));
#11107 = ( GEOMETRIC_REPRESENTATION_CONTEXT(2) 
PARAMETRIC_REPRESENTATION_CONTEXT() REPRESENTATION_CONTEXT('2D SPACE',''
  ) );
#11108 = ADVANCED_FACE('',(#11109),#7731,.F.);
#11109 = FACE_BOUND('',#11110,.F.);
#11110 = EDGE_LOOP('',(#11111,#11134,#11135,#11136));
#11111 = ORIENTED_EDGE('',*,*,#11112,.F.);
#11112 = EDGE_CURVE('',#7690,#11113,#11115,.T.);
#11113 = VERTEX_POINT('',#11114);
#11114 = CARTESIAN_POINT('',(102.64642857142,14.,7.865260262892));
#11115 = SURFACE_CURVE('',#11116,(#11120,#11127),.PCURVE_S1.);
#11116 = LINE('',#11117,#11118);
#11117 = CARTESIAN_POINT('',(102.64642857142,14.,3.2));
#11118 = VECTOR('',#11119,1.);
#11119 = DIRECTION('',(0.,0.,1.));
#11120 = PCURVE('',#7731,#11121);
#11121 = DEFINITIONAL_REPRESENTATION('',(#11122),#11126);
#11122 = LINE('',#11123,#11124);
#11123 = CARTESIAN_POINT('',(0.,10.));
#11124 = VECTOR('',#11125,1.);
#11125 = DIRECTION('',(1.,0.));
#11126 = ( GEOMETRIC_REPRESENTATION_CONTEXT(2) 
PARAMETRIC_REPRESENTATION_CONTEXT() REPRESENTATION_CONTEXT('2D SPACE',''
  ) );
#11127 = PCURVE('',#7705,#11128);
#11128 = DEFINITIONAL_REPRESENTATION('',(#11129),#11133);
#11129 = LINE('',#11130,#11131);
#11130 = CARTESIAN_POINT('',(0.,0.));
#11131 = VECTOR('',#11132,1.);
#11132 = DIRECTION('',(1.,0.));
#11133 = ( GEOMETRIC_REPRESENTATION_CONTEXT(2) 
PARAMETRIC_REPRESENTATION_CONTEXT() REPRESENTATION_CONTEXT('2D SPACE',''
  ) );
#11134 = ORIENTED_EDGE('',*,*,#7717,.F.);
#11135 = ORIENTED_EDGE('',*,*,#10991,.T.);
#11136 = ORIENTED_EDGE('',*,*,#11137,.T.);
#11137 = EDGE_CURVE('',#10992,#11113,#11138,.T.);
#11138 = SURFACE_CURVE('',#11139,(#11143,#11149),.PCURVE_S1.);
#11139 = LINE('',#11140,#11141);
#11140 = CARTESIAN_POINT('',(-178.6767857142,14.,7.865260262892));
#11141 = VECTOR('',#11142,1.);
#11142 = DIRECTION('',(1.,0.,-0.));
#11143 = PCURVE('',#7731,#11144);
#11144 = DEFINITIONAL_REPRESENTATION('',(#11145),#11148);
#11145 = B_SPLINE_CURVE_WITH_KNOTS('',1,(#11146,#11147),.UNSPECIFIED.,
  .F.,.F.,(2,2),(271.32321428571,281.32321428571),
  .PIECEWISE_BEZIER_KNOTS.);
#11146 = CARTESIAN_POINT('',(4.665260262892,0.));
#11147 = CARTESIAN_POINT('',(4.665260262892,10.));
#11148 = ( GEOMETRIC_REPRESENTATION_CONTEXT(2) 
PARAMETRIC_REPRESENTATION_CONTEXT() REPRESENTATION_CONTEXT('2D SPACE',''
  ) );
#11149 = PCURVE('',#11051,#11150);
#11150 = DEFINITIONAL_REPRESENTATION('',(#11151),#11154);
#11151 = B_SPLINE_CURVE_WITH_KNOTS('',1,(#11152,#11153),.UNSPECIFIED.,
  .F.,.F.,(2,2),(271.32321428571,281.32321428571),
  .PIECEWISE_BEZIER_KNOTS.);
#11152 = CARTESIAN_POINT('',(542.64642857142,464.33981565396));
#11153 = CARTESIAN_POINT('',(552.64642857142,464.33981565396));
#11154 = ( GEOMETRIC_REPRESENTATION_CONTEXT(2) 
PARAMETRIC_REPRESENTATION_CONTEXT() REPRESENTATION_CONTEXT('2D SPACE',''
  ) );
#11155 = ADVANCED_FACE('',(#11156),#7705,.T.);
#11156 = FACE_BOUND('',#11157,.T.);
#11157 = EDGE_LOOP('',(#11158,#11159,#11160,#11161));
#11158 = ORIENTED_EDGE('',*,*,#11112,.F.);
#11159 = ORIENTED_EDGE('',*,*,#7689,.T.);
#11160 = ORIENTED_EDGE('',*,*,#11065,.T.);
#11161 = ORIENTED_EDGE('',*,*,#11162,.T.);
#11162 = EDGE_CURVE('',#11066,#11113,#11163,.T.);
#11163 = SURFACE_CURVE('',#11164,(#11168,#11174),.PCURVE_S1.);
#11164 = LINE('',#11165,#11166);
#11165 = CARTESIAN_POINT('',(102.64642857142,-213.1609370533,
    -42.48779379427));
#11166 = VECTOR('',#11167,1.);
#11167 = DIRECTION('',(0.,-0.976302648363,-0.216409655053));
#11168 = PCURVE('',#7705,#11169);
#11169 = DEFINITIONAL_REPRESENTATION('',(#11170),#11173);
#11170 = B_SPLINE_CURVE_WITH_KNOTS('',1,(#11171,#11172),.UNSPECIFIED.,
  .F.,.F.,(2,2),(-244.9659820696,-232.674711509),
  .PIECEWISE_BEZIER_KNOTS.);
#11171 = CARTESIAN_POINT('',(7.325209885058,-12.));
#11172 = CARTESIAN_POINT('',(4.665260262892,1.011018754174E-14));
#11173 = ( GEOMETRIC_REPRESENTATION_CONTEXT(2) 
PARAMETRIC_REPRESENTATION_CONTEXT() REPRESENTATION_CONTEXT('2D SPACE',''
  ) );
#11174 = PCURVE('',#11051,#11175);
#11175 = DEFINITIONAL_REPRESENTATION('',(#11176),#11179);
#11176 = B_SPLINE_CURVE_WITH_KNOTS('',1,(#11177,#11178),.UNSPECIFIED.,
  .F.,.F.,(2,2),(-244.9659820696,-232.674711509),
  .PIECEWISE_BEZIER_KNOTS.);
#11177 = CARTESIAN_POINT('',(552.64642857142,476.6310862145));
#11178 = CARTESIAN_POINT('',(552.64642857142,464.33981565396));
#11179 = ( GEOMETRIC_REPRESENTATION_CONTEXT(2) 
PARAMETRIC_REPRESENTATION_CONTEXT() REPRESENTATION_CONTEXT('2D SPACE',''
  ) );
#11180 = ADVANCED_FACE('',(#11181),#7788,.F.);
#11181 = FACE_BOUND('',#11182,.F.);
#11182 = EDGE_LOOP('',(#11183,#11184,#11185,#11186));
#11183 = ORIENTED_EDGE('',*,*,#7952,.F.);
#11184 = ORIENTED_EDGE('',*,*,#7772,.T.);
#11185 = ORIENTED_EDGE('',*,*,#7852,.T.);
#11186 = ORIENTED_EDGE('',*,*,#11187,.T.);
#11187 = EDGE_CURVE('',#7853,#7953,#11188,.T.);
#11188 = SURFACE_CURVE('',#11189,(#11193,#11199),.PCURVE_S1.);
#11189 = LINE('',#11190,#11191);
#11190 = CARTESIAN_POINT('',(181.79285714285,-156.4475088119,
    -29.9165552924));
#11191 = VECTOR('',#11192,1.);
#11192 = DIRECTION('',(0.,-0.976302648363,-0.216409655053));
#11193 = PCURVE('',#7788,#11194);
#11194 = DEFINITIONAL_REPRESENTATION('',(#11195),#11198);
#11195 = B_SPLINE_CURVE_WITH_KNOTS('',1,(#11196,#11197),.UNSPECIFIED.,
  .F.,.F.,(2,2),(-308.7644075507,-296.4731369902),
  .PIECEWISE_BEZIER_KNOTS.);
#11196 = CARTESIAN_POINT('',(33.703043638207,-12.));
#11197 = CARTESIAN_POINT('',(31.043094016041,-1.963327596884E-14));
#11198 = ( GEOMETRIC_REPRESENTATION_CONTEXT(2) 
PARAMETRIC_REPRESENTATION_CONTEXT() REPRESENTATION_CONTEXT('2D SPACE',''
  ) );
#11199 = PCURVE('',#7888,#11200);
#11200 = DEFINITIONAL_REPRESENTATION('',(#11201),#11204);
#11201 = B_SPLINE_CURVE_WITH_KNOTS('',1,(#11202,#11203),.UNSPECIFIED.,
  .F.,.F.,(2,2),(-308.7644075507,-296.4731369902),
  .PIECEWISE_BEZIER_KNOTS.);
#11202 = CARTESIAN_POINT('',(631.79285714285,598.51951927322));
#11203 = CARTESIAN_POINT('',(631.79285714285,586.22824871268));
#11204 = ( GEOMETRIC_REPRESENTATION_CONTEXT(2) 
PARAMETRIC_REPRESENTATION_CONTEXT() REPRESENTATION_CONTEXT('2D SPACE',''
  ) );
#11205 = ADVANCED_FACE('',(#11206,#11212),#7888,.T.);
#11206 = FACE_BOUND('',#11207,.T.);
#11207 = EDGE_LOOP('',(#11208,#11209,#11210,#11211));
#11208 = ORIENTED_EDGE('',*,*,#7875,.F.);
#11209 = ORIENTED_EDGE('',*,*,#11187,.T.);
#11210 = ORIENTED_EDGE('',*,*,#7975,.T.);
#11211 = ORIENTED_EDGE('',*,*,#7927,.F.);
#11212 = FACE_BOUND('',#11213,.T.);
#11213 = EDGE_LOOP('',(#11214));
#11214 = ORIENTED_EDGE('',*,*,#11215,.F.);
#11215 = EDGE_CURVE('',#11216,#11216,#11218,.T.);
#11216 = VERTEX_POINT('',#11217);
#11217 = CARTESIAN_POINT('',(188.59285714285,139.,35.573068827124));
#11218 = SURFACE_CURVE('',#11219,(#11224,#11231),.PCURVE_S1.);
#11219 = ELLIPSE('',#11220,1.843690584081,1.8);
#11220 = AXIS2_PLACEMENT_3D('',#11221,#11222,#11223);
#11221 = CARTESIAN_POINT('',(186.79285714285,139.,35.573068827124));
#11222 = DIRECTION('',(0.,-0.216409655053,0.976302648363));
#11223 = DIRECTION('',(0.,-0.976302648363,-0.216409655053));
#11224 = PCURVE('',#7888,#11225);
#11225 = DEFINITIONAL_REPRESENTATION('',(#11226),#11230);
#11226 = ELLIPSE('',#11227,1.843690584081,1.8);
#11227 = AXIS2_PLACEMENT_2D('',#11228,#11229);
#11228 = CARTESIAN_POINT('',(636.79285714285,592.37388399295));
#11229 = DIRECTION('',(0.,-1.));
#11230 = ( GEOMETRIC_REPRESENTATION_CONTEXT(2) 
PARAMETRIC_REPRESENTATION_CONTEXT() REPRESENTATION_CONTEXT('2D SPACE',''
  ) );
#11231 = PCURVE('',#10949,#11232);
#11232 = DEFINITIONAL_REPRESENTATION('',(#11233),#11250);
#11233 = B_SPLINE_CURVE_WITH_KNOTS('',8,(#11234,#11235,#11236,#11237,
    #11238,#11239,#11240,#11241,#11242,#11243,#11244,#11245,#11246,
    #11247,#11248,#11249),.UNSPECIFIED.,.F.,.F.,(9,7,9),(1.570796326795,
    4.712388980385,7.853981633974),.UNSPECIFIED.);
#11234 = CARTESIAN_POINT('',(0.,-40.57306882712));
#11235 = CARTESIAN_POINT('',(-0.392699081699,-40.72975279322));
#11236 = CARTESIAN_POINT('',(-0.785398163397,-40.8864380086));
#11237 = CARTESIAN_POINT('',(-1.178097245093,-41.0062905636));
#11238 = CARTESIAN_POINT('',(-1.570796326791,-41.05257736534));
#11239 = CARTESIAN_POINT('',(-1.96349540849,-41.00629056366));
#11240 = CARTESIAN_POINT('',(-2.356194490192,-40.8864380086));
#11241 = CARTESIAN_POINT('',(-2.748893571891,-40.72975279322));
#11242 = CARTESIAN_POINT('',(-3.534291735289,-40.41638486102));
#11243 = CARTESIAN_POINT('',(-3.926990816983,-40.25969964563));
#11244 = CARTESIAN_POINT('',(-4.319689898685,-40.13984709051));
#11245 = CARTESIAN_POINT('',(-4.712388980365,-40.09356028885));
#11246 = CARTESIAN_POINT('',(-5.105088062087,-40.13984709052));
#11247 = CARTESIAN_POINT('',(-5.497787143781,-40.25969964562));
#11248 = CARTESIAN_POINT('',(-5.890486225481,-40.41638486102));
#11249 = CARTESIAN_POINT('',(-6.28318530718,-40.57306882712));
#11250 = ( GEOMETRIC_REPRESENTATION_CONTEXT(2) 
PARAMETRIC_REPRESENTATION_CONTEXT() REPRESENTATION_CONTEXT('2D SPACE',''
  ) );
#11251 = ADVANCED_FACE('',(#11252),#8432,.T.);
#11252 = FACE_BOUND('',#11253,.T.);
#11253 = EDGE_LOOP('',(#11254,#11277,#11305,#11326));
#11254 = ORIENTED_EDGE('',*,*,#11255,.F.);
#11255 = EDGE_CURVE('',#11256,#8415,#11258,.T.);
#11256 = VERTEX_POINT('',#11257);
#11257 = CARTESIAN_POINT('',(180.82285714285,14.403026483627,
    15.233443998149));
#11258 = SURFACE_CURVE('',#11259,(#11263,#11270),.PCURVE_S1.);
#11259 = LINE('',#11260,#11261);
#11260 = CARTESIAN_POINT('',(180.82285714285,14.403026483627,
    15.233443998149));
#11261 = VECTOR('',#11262,1.);
#11262 = DIRECTION('',(0.,0.,1.));
#11263 = PCURVE('',#8432,#11264);
#11264 = DEFINITIONAL_REPRESENTATION('',(#11265),#11269);
#11265 = LINE('',#11266,#11267);
#11266 = CARTESIAN_POINT('',(0.,0.));
#11267 = VECTOR('',#11268,1.);
#11268 = DIRECTION('',(1.,0.));
#11269 = ( GEOMETRIC_REPRESENTATION_CONTEXT(2) 
PARAMETRIC_REPRESENTATION_CONTEXT() REPRESENTATION_CONTEXT('2D SPACE',''
  ) );
#11270 = PCURVE('',#8514,#11271);
#11271 = DEFINITIONAL_REPRESENTATION('',(#11272),#11276);
#11272 = LINE('',#11273,#11274);
#11273 = CARTESIAN_POINT('',(0.,0.));
#11274 = VECTOR('',#11275,1.);
#11275 = DIRECTION('',(1.,0.));
#11276 = ( GEOMETRIC_REPRESENTATION_CONTEXT(2) 
PARAMETRIC_REPRESENTATION_CONTEXT() REPRESENTATION_CONTEXT('2D SPACE',''
  ) );
#11277 = ORIENTED_EDGE('',*,*,#11278,.T.);
#11278 = EDGE_CURVE('',#11256,#11279,#11281,.T.);
#11279 = VERTEX_POINT('',#11280);
#11280 = CARTESIAN_POINT('',(115.61285714285,14.403026483627,
    15.233443998149));
#11281 = SURFACE_CURVE('',#11282,(#11286,#11293),.PCURVE_S1.);
#11282 = LINE('',#11283,#11284);
#11283 = CARTESIAN_POINT('',(180.82285714285,14.403026483627,
    15.233443998149));
#11284 = VECTOR('',#11285,1.);
#11285 = DIRECTION('',(-1.,1.110223024625E-16,0.));
#11286 = PCURVE('',#8432,#11287);
#11287 = DEFINITIONAL_REPRESENTATION('',(#11288),#11292);
#11288 = LINE('',#11289,#11290);
#11289 = CARTESIAN_POINT('',(0.,0.));
#11290 = VECTOR('',#11291,1.);
#11291 = DIRECTION('',(0.,-1.));
#11292 = ( GEOMETRIC_REPRESENTATION_CONTEXT(2) 
PARAMETRIC_REPRESENTATION_CONTEXT() REPRESENTATION_CONTEXT('2D SPACE',''
  ) );
#11293 = PCURVE('',#11294,#11299);
#11294 = PLANE('',#11295);
#11295 = AXIS2_PLACEMENT_3D('',#11296,#11297,#11298);
#11296 = CARTESIAN_POINT('',(180.82285714285,14.403026483627,
    15.233443998149));
#11297 = DIRECTION('',(0.,0.,1.));
#11298 = DIRECTION('',(1.110223024625E-16,1.,0.));
#11299 = DEFINITIONAL_REPRESENTATION('',(#11300),#11304);
#11300 = LINE('',#11301,#11302);
#11301 = CARTESIAN_POINT('',(0.,0.));
#11302 = VECTOR('',#11303,1.);
#11303 = DIRECTION('',(0.,1.));
#11304 = ( GEOMETRIC_REPRESENTATION_CONTEXT(2) 
PARAMETRIC_REPRESENTATION_CONTEXT() REPRESENTATION_CONTEXT('2D SPACE',''
  ) );
#11305 = ORIENTED_EDGE('',*,*,#11306,.T.);
#11306 = EDGE_CURVE('',#11279,#8417,#11307,.T.);
#11307 = SURFACE_CURVE('',#11308,(#11312,#11319),.PCURVE_S1.);
#11308 = LINE('',#11309,#11310);
#11309 = CARTESIAN_POINT('',(115.61285714285,14.403026483627,
    15.233443998149));
#11310 = VECTOR('',#11311,1.);
#11311 = DIRECTION('',(0.,0.,1.));
#11312 = PCURVE('',#8432,#11313);
#11313 = DEFINITIONAL_REPRESENTATION('',(#11314),#11318);
#11314 = LINE('',#11315,#11316);
#11315 = CARTESIAN_POINT('',(0.,-65.21));
#11316 = VECTOR('',#11317,1.);
#11317 = DIRECTION('',(1.,0.));
#11318 = ( GEOMETRIC_REPRESENTATION_CONTEXT(2) 
PARAMETRIC_REPRESENTATION_CONTEXT() REPRESENTATION_CONTEXT('2D SPACE',''
  ) );
#11319 = PCURVE('',#8460,#11320);
#11320 = DEFINITIONAL_REPRESENTATION('',(#11321),#11325);
#11321 = LINE('',#11322,#11323);
#11322 = CARTESIAN_POINT('',(0.,0.));
#11323 = VECTOR('',#11324,1.);
#11324 = DIRECTION('',(1.,0.));
#11325 = ( GEOMETRIC_REPRESENTATION_CONTEXT(2) 
PARAMETRIC_REPRESENTATION_CONTEXT() REPRESENTATION_CONTEXT('2D SPACE',''
  ) );
#11326 = ORIENTED_EDGE('',*,*,#8414,.F.);
#11327 = ADVANCED_FACE('',(#11328),#8460,.F.);
#11328 = FACE_BOUND('',#11329,.F.);
#11329 = EDGE_LOOP('',(#11330,#11353,#11354,#11355));
#11330 = ORIENTED_EDGE('',*,*,#11331,.F.);
#11331 = EDGE_CURVE('',#11279,#11332,#11334,.T.);
#11332 = VERTEX_POINT('',#11333);
#11333 = CARTESIAN_POINT('',(115.61285714285,105.00302648362,
    15.233443998149));
#11334 = SURFACE_CURVE('',#11335,(#11339,#11346),.PCURVE_S1.);
#11335 = LINE('',#11336,#11337);
#11336 = CARTESIAN_POINT('',(115.61285714285,14.403026483627,
    15.233443998149));
#11337 = VECTOR('',#11338,1.);
#11338 = DIRECTION('',(1.110223024625E-16,1.,0.));
#11339 = PCURVE('',#8460,#11340);
#11340 = DEFINITIONAL_REPRESENTATION('',(#11341),#11345);
#11341 = LINE('',#11342,#11343);
#11342 = CARTESIAN_POINT('',(0.,0.));
#11343 = VECTOR('',#11344,1.);
#11344 = DIRECTION('',(0.,1.));
#11345 = ( GEOMETRIC_REPRESENTATION_CONTEXT(2) 
PARAMETRIC_REPRESENTATION_CONTEXT() REPRESENTATION_CONTEXT('2D SPACE',''
  ) );
#11346 = PCURVE('',#11294,#11347);
#11347 = DEFINITIONAL_REPRESENTATION('',(#11348),#11352);
#11348 = LINE('',#11349,#11350);
#11349 = CARTESIAN_POINT('',(6.971090371621E-15,65.21));
#11350 = VECTOR('',#11351,1.);
#11351 = DIRECTION('',(1.,0.));
#11352 = ( GEOMETRIC_REPRESENTATION_CONTEXT(2) 
PARAMETRIC_REPRESENTATION_CONTEXT() REPRESENTATION_CONTEXT('2D SPACE',''
  ) );
#11353 = ORIENTED_EDGE('',*,*,#11306,.T.);
#11354 = ORIENTED_EDGE('',*,*,#8444,.T.);
#11355 = ORIENTED_EDGE('',*,*,#11356,.F.);
#11356 = EDGE_CURVE('',#11332,#8445,#11357,.T.);
#11357 = SURFACE_CURVE('',#11358,(#11362,#11369),.PCURVE_S1.);
#11358 = LINE('',#11359,#11360);
#11359 = CARTESIAN_POINT('',(115.61285714285,105.00302648362,
    15.233443998149));
#11360 = VECTOR('',#11361,1.);
#11361 = DIRECTION('',(0.,0.,1.));
#11362 = PCURVE('',#8460,#11363);
#11363 = DEFINITIONAL_REPRESENTATION('',(#11364),#11368);
#11364 = LINE('',#11365,#11366);
#11365 = CARTESIAN_POINT('',(0.,90.6));
#11366 = VECTOR('',#11367,1.);
#11367 = DIRECTION('',(1.,0.));
#11368 = ( GEOMETRIC_REPRESENTATION_CONTEXT(2) 
PARAMETRIC_REPRESENTATION_CONTEXT() REPRESENTATION_CONTEXT('2D SPACE',''
  ) );
#11369 = PCURVE('',#8488,#11370);
#11370 = DEFINITIONAL_REPRESENTATION('',(#11371),#11375);
#11371 = LINE('',#11372,#11373);
#11372 = CARTESIAN_POINT('',(0.,-65.21));
#11373 = VECTOR('',#11374,1.);
#11374 = DIRECTION('',(1.,0.));
#11375 = ( GEOMETRIC_REPRESENTATION_CONTEXT(2) 
PARAMETRIC_REPRESENTATION_CONTEXT() REPRESENTATION_CONTEXT('2D SPACE',''
  ) );
#11376 = ADVANCED_FACE('',(#11377),#8514,.T.);
#11377 = FACE_BOUND('',#11378,.T.);
#11378 = EDGE_LOOP('',(#11379,#11402,#11403,#11404));
#11379 = ORIENTED_EDGE('',*,*,#11380,.F.);
#11380 = EDGE_CURVE('',#11256,#11381,#11383,.T.);
#11381 = VERTEX_POINT('',#11382);
#11382 = CARTESIAN_POINT('',(180.82285714285,105.00302648362,
    15.233443998149));
#11383 = SURFACE_CURVE('',#11384,(#11388,#11395),.PCURVE_S1.);
#11384 = LINE('',#11385,#11386);
#11385 = CARTESIAN_POINT('',(180.82285714285,14.403026483627,
    15.233443998149));
#11386 = VECTOR('',#11387,1.);
#11387 = DIRECTION('',(1.110223024625E-16,1.,0.));
#11388 = PCURVE('',#8514,#11389);
#11389 = DEFINITIONAL_REPRESENTATION('',(#11390),#11394);
#11390 = LINE('',#11391,#11392);
#11391 = CARTESIAN_POINT('',(0.,0.));
#11392 = VECTOR('',#11393,1.);
#11393 = DIRECTION('',(0.,1.));
#11394 = ( GEOMETRIC_REPRESENTATION_CONTEXT(2) 
PARAMETRIC_REPRESENTATION_CONTEXT() REPRESENTATION_CONTEXT('2D SPACE',''
  ) );
#11395 = PCURVE('',#11294,#11396);
#11396 = DEFINITIONAL_REPRESENTATION('',(#11397),#11401);
#11397 = LINE('',#11398,#11399);
#11398 = CARTESIAN_POINT('',(0.,0.));
#11399 = VECTOR('',#11400,1.);
#11400 = DIRECTION('',(1.,0.));
#11401 = ( GEOMETRIC_REPRESENTATION_CONTEXT(2) 
PARAMETRIC_REPRESENTATION_CONTEXT() REPRESENTATION_CONTEXT('2D SPACE',''
  ) );
#11402 = ORIENTED_EDGE('',*,*,#11255,.T.);
#11403 = ORIENTED_EDGE('',*,*,#8500,.T.);
#11404 = ORIENTED_EDGE('',*,*,#11405,.F.);
#11405 = EDGE_CURVE('',#11381,#8473,#11406,.T.);
#11406 = SURFACE_CURVE('',#11407,(#11411,#11418),.PCURVE_S1.);
#11407 = LINE('',#11408,#11409);
#11408 = CARTESIAN_POINT('',(180.82285714285,105.00302648362,
    15.233443998149));
#11409 = VECTOR('',#11410,1.);
#11410 = DIRECTION('',(0.,0.,1.));
#11411 = PCURVE('',#8514,#11412);
#11412 = DEFINITIONAL_REPRESENTATION('',(#11413),#11417);
#11413 = LINE('',#11414,#11415);
#11414 = CARTESIAN_POINT('',(0.,90.6));
#11415 = VECTOR('',#11416,1.);
#11416 = DIRECTION('',(1.,0.));
#11417 = ( GEOMETRIC_REPRESENTATION_CONTEXT(2) 
PARAMETRIC_REPRESENTATION_CONTEXT() REPRESENTATION_CONTEXT('2D SPACE',''
  ) );
#11418 = PCURVE('',#8488,#11419);
#11419 = DEFINITIONAL_REPRESENTATION('',(#11420),#11424);
#11420 = LINE('',#11421,#11422);
#11421 = CARTESIAN_POINT('',(0.,0.));
#11422 = VECTOR('',#11423,1.);
#11423 = DIRECTION('',(1.,0.));
#11424 = ( GEOMETRIC_REPRESENTATION_CONTEXT(2) 
PARAMETRIC_REPRESENTATION_CONTEXT() REPRESENTATION_CONTEXT('2D SPACE',''
  ) );
#11425 = ADVANCED_FACE('',(#11426),#8488,.F.);
#11426 = FACE_BOUND('',#11427,.F.);
#11427 = EDGE_LOOP('',(#11428,#11429,#11450,#11451));
#11428 = ORIENTED_EDGE('',*,*,#11405,.F.);
#11429 = ORIENTED_EDGE('',*,*,#11430,.T.);
#11430 = EDGE_CURVE('',#11381,#11332,#11431,.T.);
#11431 = SURFACE_CURVE('',#11432,(#11436,#11443),.PCURVE_S1.);
#11432 = LINE('',#11433,#11434);
#11433 = CARTESIAN_POINT('',(180.82285714285,105.00302648362,
    15.233443998149));
#11434 = VECTOR('',#11435,1.);
#11435 = DIRECTION('',(-1.,1.110223024625E-16,0.));
#11436 = PCURVE('',#8488,#11437);
#11437 = DEFINITIONAL_REPRESENTATION('',(#11438),#11442);
#11438 = LINE('',#11439,#11440);
#11439 = CARTESIAN_POINT('',(0.,0.));
#11440 = VECTOR('',#11441,1.);
#11441 = DIRECTION('',(0.,-1.));
#11442 = ( GEOMETRIC_REPRESENTATION_CONTEXT(2) 
PARAMETRIC_REPRESENTATION_CONTEXT() REPRESENTATION_CONTEXT('2D SPACE',''
  ) );
#11443 = PCURVE('',#11294,#11444);
#11444 = DEFINITIONAL_REPRESENTATION('',(#11445),#11449);
#11445 = LINE('',#11446,#11447);
#11446 = CARTESIAN_POINT('',(90.6,-1.83630888273E-14));
#11447 = VECTOR('',#11448,1.);
#11448 = DIRECTION('',(0.,1.));
#11449 = ( GEOMETRIC_REPRESENTATION_CONTEXT(2) 
PARAMETRIC_REPRESENTATION_CONTEXT() REPRESENTATION_CONTEXT('2D SPACE',''
  ) );
#11450 = ORIENTED_EDGE('',*,*,#11356,.T.);
#11451 = ORIENTED_EDGE('',*,*,#8472,.F.);
#11452 = ADVANCED_FACE('',(#11453),#8834,.T.);
#11453 = FACE_BOUND('',#11454,.T.);
#11454 = EDGE_LOOP('',(#11455,#11476,#11477,#11478));
#11455 = ORIENTED_EDGE('',*,*,#11456,.F.);
#11456 = EDGE_CURVE('',#9741,#8794,#11457,.T.);
#11457 = SURFACE_CURVE('',#11458,(#11462,#11469),.PCURVE_S1.);
#11458 = LINE('',#11459,#11460);
#11459 = CARTESIAN_POINT('',(91.25,37.5,11.2));
#11460 = VECTOR('',#11461,1.);
#11461 = DIRECTION('',(1.,0.,0.));
#11462 = PCURVE('',#8834,#11463);
#11463 = DEFINITIONAL_REPRESENTATION('',(#11464),#11468);
#11464 = LINE('',#11465,#11466);
#11465 = CARTESIAN_POINT('',(0.,5.));
#11466 = VECTOR('',#11467,1.);
#11467 = DIRECTION('',(1.,0.));
#11468 = ( GEOMETRIC_REPRESENTATION_CONTEXT(2) 
PARAMETRIC_REPRESENTATION_CONTEXT() REPRESENTATION_CONTEXT('2D SPACE',''
  ) );
#11469 = PCURVE('',#8808,#11470);
#11470 = DEFINITIONAL_REPRESENTATION('',(#11471),#11475);
#11471 = LINE('',#11472,#11473);
#11472 = CARTESIAN_POINT('',(8.,0.));
#11473 = VECTOR('',#11474,1.);
#11474 = DIRECTION('',(0.,1.));
#11475 = ( GEOMETRIC_REPRESENTATION_CONTEXT(2) 
PARAMETRIC_REPRESENTATION_CONTEXT() REPRESENTATION_CONTEXT('2D SPACE',''
  ) );
#11476 = ORIENTED_EDGE('',*,*,#9761,.F.);
#11477 = ORIENTED_EDGE('',*,*,#10966,.T.);
#11478 = ORIENTED_EDGE('',*,*,#8819,.T.);
#11479 = ADVANCED_FACE('',(#11480),#8808,.T.);
#11480 = FACE_BOUND('',#11481,.T.);
#11481 = EDGE_LOOP('',(#11482,#11503,#11504,#11505));
#11482 = ORIENTED_EDGE('',*,*,#11483,.F.);
#11483 = EDGE_CURVE('',#9718,#8766,#11484,.T.);
#11484 = SURFACE_CURVE('',#11485,(#11489,#11496),.PCURVE_S1.);
#11485 = LINE('',#11486,#11487);
#11486 = CARTESIAN_POINT('',(91.25,37.5,3.2));
#11487 = VECTOR('',#11488,1.);
#11488 = DIRECTION('',(1.,0.,0.));
#11489 = PCURVE('',#8808,#11490);
#11490 = DEFINITIONAL_REPRESENTATION('',(#11491),#11495);
#11491 = LINE('',#11492,#11493);
#11492 = CARTESIAN_POINT('',(0.,0.));
#11493 = VECTOR('',#11494,1.);
#11494 = DIRECTION('',(0.,1.));
#11495 = ( GEOMETRIC_REPRESENTATION_CONTEXT(2) 
PARAMETRIC_REPRESENTATION_CONTEXT() REPRESENTATION_CONTEXT('2D SPACE',''
  ) );
#11496 = PCURVE('',#8781,#11497);
#11497 = DEFINITIONAL_REPRESENTATION('',(#11498),#11502);
#11498 = LINE('',#11499,#11500);
#11499 = CARTESIAN_POINT('',(88.05,34.3));
#11500 = VECTOR('',#11501,1.);
#11501 = DIRECTION('',(1.,0.));
#11502 = ( GEOMETRIC_REPRESENTATION_CONTEXT(2) 
PARAMETRIC_REPRESENTATION_CONTEXT() REPRESENTATION_CONTEXT('2D SPACE',''
  ) );
#11503 = ORIENTED_EDGE('',*,*,#9740,.F.);
#11504 = ORIENTED_EDGE('',*,*,#11456,.T.);
#11505 = ORIENTED_EDGE('',*,*,#8793,.T.);
#11506 = ADVANCED_FACE('',(#11507),#8781,.T.);
#11507 = FACE_BOUND('',#11508,.T.);
#11508 = EDGE_LOOP('',(#11509,#11510,#11511,#11512));
#11509 = ORIENTED_EDGE('',*,*,#9717,.F.);
#11510 = ORIENTED_EDGE('',*,*,#11483,.T.);
#11511 = ORIENTED_EDGE('',*,*,#8765,.T.);
#11512 = ORIENTED_EDGE('',*,*,#11513,.F.);
#11513 = EDGE_CURVE('',#9697,#8740,#11514,.T.);
#11514 = SURFACE_CURVE('',#11515,(#11519,#11526),.PCURVE_S1.);
#11515 = LINE('',#11516,#11517);
#11516 = CARTESIAN_POINT('',(91.25,63.5,3.2));
#11517 = VECTOR('',#11518,1.);
#11518 = DIRECTION('',(1.,0.,0.));
#11519 = PCURVE('',#8781,#11520);
#11520 = DEFINITIONAL_REPRESENTATION('',(#11521),#11525);
#11521 = LINE('',#11522,#11523);
#11522 = CARTESIAN_POINT('',(88.05,60.3));
#11523 = VECTOR('',#11524,1.);
#11524 = DIRECTION('',(1.,0.));
#11525 = ( GEOMETRIC_REPRESENTATION_CONTEXT(2) 
PARAMETRIC_REPRESENTATION_CONTEXT() REPRESENTATION_CONTEXT('2D SPACE',''
  ) );
#11526 = PCURVE('',#8754,#11527);
#11527 = DEFINITIONAL_REPRESENTATION('',(#11528),#11532);
#11528 = LINE('',#11529,#11530);
#11529 = CARTESIAN_POINT('',(0.,0.));
#11530 = VECTOR('',#11531,1.);
#11531 = DIRECTION('',(0.,1.));
#11532 = ( GEOMETRIC_REPRESENTATION_CONTEXT(2) 
PARAMETRIC_REPRESENTATION_CONTEXT() REPRESENTATION_CONTEXT('2D SPACE',''
  ) );
#11533 = ADVANCED_FACE('',(#11534),#8754,.F.);
#11534 = FACE_BOUND('',#11535,.F.);
#11535 = EDGE_LOOP('',(#11536,#11537,#11538,#11559));
#11536 = ORIENTED_EDGE('',*,*,#11513,.F.);
#11537 = ORIENTED_EDGE('',*,*,#9696,.F.);
#11538 = ORIENTED_EDGE('',*,*,#11539,.T.);
#11539 = EDGE_CURVE('',#9676,#8714,#11540,.T.);
#11540 = SURFACE_CURVE('',#11541,(#11545,#11552),.PCURVE_S1.);
#11541 = LINE('',#11542,#11543);
#11542 = CARTESIAN_POINT('',(91.25,63.5,11.2));
#11543 = VECTOR('',#11544,1.);
#11544 = DIRECTION('',(1.,0.,0.));
#11545 = PCURVE('',#8754,#11546);
#11546 = DEFINITIONAL_REPRESENTATION('',(#11547),#11551);
#11547 = LINE('',#11548,#11549);
#11548 = CARTESIAN_POINT('',(8.,0.));
#11549 = VECTOR('',#11550,1.);
#11550 = DIRECTION('',(0.,1.));
#11551 = ( GEOMETRIC_REPRESENTATION_CONTEXT(2) 
PARAMETRIC_REPRESENTATION_CONTEXT() REPRESENTATION_CONTEXT('2D SPACE',''
  ) );
#11552 = PCURVE('',#8728,#11553);
#11553 = DEFINITIONAL_REPRESENTATION('',(#11554),#11558);
#11554 = LINE('',#11555,#11556);
#11555 = CARTESIAN_POINT('',(0.,0.));
#11556 = VECTOR('',#11557,1.);
#11557 = DIRECTION('',(1.,0.));
#11558 = ( GEOMETRIC_REPRESENTATION_CONTEXT(2) 
PARAMETRIC_REPRESENTATION_CONTEXT() REPRESENTATION_CONTEXT('2D SPACE',''
  ) );
#11559 = ORIENTED_EDGE('',*,*,#8739,.T.);
#11560 = ADVANCED_FACE('',(#11561),#8728,.T.);
#11561 = FACE_BOUND('',#11562,.T.);
#11562 = EDGE_LOOP('',(#11563,#11584,#11585,#11586));
#11563 = ORIENTED_EDGE('',*,*,#11564,.F.);
#11564 = EDGE_CURVE('',#9655,#8688,#11565,.T.);
#11565 = SURFACE_CURVE('',#11566,(#11570,#11577),.PCURVE_S1.);
#11566 = LINE('',#11567,#11568);
#11567 = CARTESIAN_POINT('',(91.25,68.5,11.2));
#11568 = VECTOR('',#11569,1.);
#11569 = DIRECTION('',(1.,0.,0.));
#11570 = PCURVE('',#8728,#11571);
#11571 = DEFINITIONAL_REPRESENTATION('',(#11572),#11576);
#11572 = LINE('',#11573,#11574);
#11573 = CARTESIAN_POINT('',(0.,5.));
#11574 = VECTOR('',#11575,1.);
#11575 = DIRECTION('',(1.,0.));
#11576 = ( GEOMETRIC_REPRESENTATION_CONTEXT(2) 
PARAMETRIC_REPRESENTATION_CONTEXT() REPRESENTATION_CONTEXT('2D SPACE',''
  ) );
#11577 = PCURVE('',#8702,#11578);
#11578 = DEFINITIONAL_REPRESENTATION('',(#11579),#11583);
#11579 = LINE('',#11580,#11581);
#11580 = CARTESIAN_POINT('',(8.,0.));
#11581 = VECTOR('',#11582,1.);
#11582 = DIRECTION('',(0.,1.));
#11583 = ( GEOMETRIC_REPRESENTATION_CONTEXT(2) 
PARAMETRIC_REPRESENTATION_CONTEXT() REPRESENTATION_CONTEXT('2D SPACE',''
  ) );
#11584 = ORIENTED_EDGE('',*,*,#9675,.F.);
#11585 = ORIENTED_EDGE('',*,*,#11539,.T.);
#11586 = ORIENTED_EDGE('',*,*,#8713,.T.);
#11587 = ADVANCED_FACE('',(#11588),#8702,.T.);
#11588 = FACE_BOUND('',#11589,.T.);
#11589 = EDGE_LOOP('',(#11590,#11611,#11612,#11613));
#11590 = ORIENTED_EDGE('',*,*,#11591,.F.);
#11591 = EDGE_CURVE('',#9632,#8660,#11592,.T.);
#11592 = SURFACE_CURVE('',#11593,(#11597,#11604),.PCURVE_S1.);
#11593 = LINE('',#11594,#11595);
#11594 = CARTESIAN_POINT('',(91.25,68.5,3.2));
#11595 = VECTOR('',#11596,1.);
#11596 = DIRECTION('',(1.,0.,0.));
#11597 = PCURVE('',#8702,#11598);
#11598 = DEFINITIONAL_REPRESENTATION('',(#11599),#11603);
#11599 = LINE('',#11600,#11601);
#11600 = CARTESIAN_POINT('',(0.,0.));
#11601 = VECTOR('',#11602,1.);
#11602 = DIRECTION('',(0.,1.));
#11603 = ( GEOMETRIC_REPRESENTATION_CONTEXT(2) 
PARAMETRIC_REPRESENTATION_CONTEXT() REPRESENTATION_CONTEXT('2D SPACE',''
  ) );
#11604 = PCURVE('',#8675,#11605);
#11605 = DEFINITIONAL_REPRESENTATION('',(#11606),#11610);
#11606 = LINE('',#11607,#11608);
#11607 = CARTESIAN_POINT('',(88.05,65.3));
#11608 = VECTOR('',#11609,1.);
#11609 = DIRECTION('',(1.,0.));
#11610 = ( GEOMETRIC_REPRESENTATION_CONTEXT(2) 
PARAMETRIC_REPRESENTATION_CONTEXT() REPRESENTATION_CONTEXT('2D SPACE',''
  ) );
#11611 = ORIENTED_EDGE('',*,*,#9654,.F.);
#11612 = ORIENTED_EDGE('',*,*,#11564,.T.);
#11613 = ORIENTED_EDGE('',*,*,#8687,.T.);
#11614 = ADVANCED_FACE('',(#11615),#8675,.T.);
#11615 = FACE_BOUND('',#11616,.T.);
#11616 = EDGE_LOOP('',(#11617,#11618,#11619,#11620));
#11617 = ORIENTED_EDGE('',*,*,#9631,.F.);
#11618 = ORIENTED_EDGE('',*,*,#11591,.T.);
#11619 = ORIENTED_EDGE('',*,*,#8659,.T.);
#11620 = ORIENTED_EDGE('',*,*,#11621,.F.);
#11621 = EDGE_CURVE('',#9611,#8634,#11622,.T.);
#11622 = SURFACE_CURVE('',#11623,(#11627,#11634),.PCURVE_S1.);
#11623 = LINE('',#11624,#11625);
#11624 = CARTESIAN_POINT('',(91.25,105.5,3.2));
#11625 = VECTOR('',#11626,1.);
#11626 = DIRECTION('',(1.,0.,0.));
#11627 = PCURVE('',#8675,#11628);
#11628 = DEFINITIONAL_REPRESENTATION('',(#11629),#11633);
#11629 = LINE('',#11630,#11631);
#11630 = CARTESIAN_POINT('',(88.05,102.3));
#11631 = VECTOR('',#11632,1.);
#11632 = DIRECTION('',(1.,0.));
#11633 = ( GEOMETRIC_REPRESENTATION_CONTEXT(2) 
PARAMETRIC_REPRESENTATION_CONTEXT() REPRESENTATION_CONTEXT('2D SPACE',''
  ) );
#11634 = PCURVE('',#8648,#11635);
#11635 = DEFINITIONAL_REPRESENTATION('',(#11636),#11640);
#11636 = LINE('',#11637,#11638);
#11637 = CARTESIAN_POINT('',(0.,0.));
#11638 = VECTOR('',#11639,1.);
#11639 = DIRECTION('',(0.,1.));
#11640 = ( GEOMETRIC_REPRESENTATION_CONTEXT(2) 
PARAMETRIC_REPRESENTATION_CONTEXT() REPRESENTATION_CONTEXT('2D SPACE',''
  ) );
#11641 = ADVANCED_FACE('',(#11642),#8648,.F.);
#11642 = FACE_BOUND('',#11643,.F.);
#11643 = EDGE_LOOP('',(#11644,#11645,#11646,#11667));
#11644 = ORIENTED_EDGE('',*,*,#11621,.F.);
#11645 = ORIENTED_EDGE('',*,*,#9610,.F.);
#11646 = ORIENTED_EDGE('',*,*,#11647,.T.);
#11647 = EDGE_CURVE('',#9590,#8608,#11648,.T.);
#11648 = SURFACE_CURVE('',#11649,(#11653,#11660),.PCURVE_S1.);
#11649 = LINE('',#11650,#11651);
#11650 = CARTESIAN_POINT('',(91.25,105.5,11.2));
#11651 = VECTOR('',#11652,1.);
#11652 = DIRECTION('',(1.,0.,0.));
#11653 = PCURVE('',#8648,#11654);
#11654 = DEFINITIONAL_REPRESENTATION('',(#11655),#11659);
#11655 = LINE('',#11656,#11657);
#11656 = CARTESIAN_POINT('',(8.,0.));
#11657 = VECTOR('',#11658,1.);
#11658 = DIRECTION('',(0.,1.));
#11659 = ( GEOMETRIC_REPRESENTATION_CONTEXT(2) 
PARAMETRIC_REPRESENTATION_CONTEXT() REPRESENTATION_CONTEXT('2D SPACE',''
  ) );
#11660 = PCURVE('',#8622,#11661);
#11661 = DEFINITIONAL_REPRESENTATION('',(#11662),#11666);
#11662 = LINE('',#11663,#11664);
#11663 = CARTESIAN_POINT('',(0.,0.));
#11664 = VECTOR('',#11665,1.);
#11665 = DIRECTION('',(1.,0.));
#11666 = ( GEOMETRIC_REPRESENTATION_CONTEXT(2) 
PARAMETRIC_REPRESENTATION_CONTEXT() REPRESENTATION_CONTEXT('2D SPACE',''
  ) );
#11667 = ORIENTED_EDGE('',*,*,#8633,.T.);
#11668 = ADVANCED_FACE('',(#11669),#8622,.T.);
#11669 = FACE_BOUND('',#11670,.T.);
#11670 = EDGE_LOOP('',(#11671,#11692,#11693,#11694));
#11671 = ORIENTED_EDGE('',*,*,#11672,.F.);
#11672 = EDGE_CURVE('',#9569,#8582,#11673,.T.);
#11673 = SURFACE_CURVE('',#11674,(#11678,#11685),.PCURVE_S1.);
#11674 = LINE('',#11675,#11676);
#11675 = CARTESIAN_POINT('',(91.25,110.5,11.2));
#11676 = VECTOR('',#11677,1.);
#11677 = DIRECTION('',(1.,0.,0.));
#11678 = PCURVE('',#8622,#11679);
#11679 = DEFINITIONAL_REPRESENTATION('',(#11680),#11684);
#11680 = LINE('',#11681,#11682);
#11681 = CARTESIAN_POINT('',(0.,5.));
#11682 = VECTOR('',#11683,1.);
#11683 = DIRECTION('',(1.,0.));
#11684 = ( GEOMETRIC_REPRESENTATION_CONTEXT(2) 
PARAMETRIC_REPRESENTATION_CONTEXT() REPRESENTATION_CONTEXT('2D SPACE',''
  ) );
#11685 = PCURVE('',#8596,#11686);
#11686 = DEFINITIONAL_REPRESENTATION('',(#11687),#11691);
#11687 = LINE('',#11688,#11689);
#11688 = CARTESIAN_POINT('',(8.,0.));
#11689 = VECTOR('',#11690,1.);
#11690 = DIRECTION('',(0.,1.));
#11691 = ( GEOMETRIC_REPRESENTATION_CONTEXT(2) 
PARAMETRIC_REPRESENTATION_CONTEXT() REPRESENTATION_CONTEXT('2D SPACE',''
  ) );
#11692 = ORIENTED_EDGE('',*,*,#9589,.F.);
#11693 = ORIENTED_EDGE('',*,*,#11647,.T.);
#11694 = ORIENTED_EDGE('',*,*,#8607,.T.);
#11695 = ADVANCED_FACE('',(#11696),#8596,.T.);
#11696 = FACE_BOUND('',#11697,.T.);
#11697 = EDGE_LOOP('',(#11698,#11699,#11700,#11701));
#11698 = ORIENTED_EDGE('',*,*,#8892,.F.);
#11699 = ORIENTED_EDGE('',*,*,#9568,.F.);
#11700 = ORIENTED_EDGE('',*,*,#11672,.T.);
#11701 = ORIENTED_EDGE('',*,*,#8581,.T.);
#11702 = ADVANCED_FACE('',(#11703),#9338,.T.);
#11703 = FACE_BOUND('',#11704,.T.);
#11704 = EDGE_LOOP('',(#11705,#11706,#11707,#11708));
#11705 = ORIENTED_EDGE('',*,*,#9396,.F.);
#11706 = ORIENTED_EDGE('',*,*,#9322,.T.);
#11707 = ORIENTED_EDGE('',*,*,#9518,.T.);
#11708 = ORIENTED_EDGE('',*,*,#11709,.T.);
#11709 = EDGE_CURVE('',#9519,#9397,#11710,.T.);
#11710 = SURFACE_CURVE('',#11711,(#11715,#11721),.PCURVE_S1.);
#11711 = LINE('',#11712,#11713);
#11712 = CARTESIAN_POINT('',(13.5,-156.4475088119,-29.9165552924));
#11713 = VECTOR('',#11714,1.);
#11714 = DIRECTION('',(0.,-0.976302648363,-0.216409655053));
#11715 = PCURVE('',#9338,#11716);
#11716 = DEFINITIONAL_REPRESENTATION('',(#11717),#11720);
#11717 = B_SPLINE_CURVE_WITH_KNOTS('',1,(#11718,#11719),.UNSPECIFIED.,
  .F.,.F.,(2,2),(-308.7644075507,-296.4731369902),
  .PIECEWISE_BEZIER_KNOTS.);
#11718 = CARTESIAN_POINT('',(33.703043638207,-12.));
#11719 = CARTESIAN_POINT('',(31.043094016041,-1.963327596884E-14));
#11720 = ( GEOMETRIC_REPRESENTATION_CONTEXT(2) 
PARAMETRIC_REPRESENTATION_CONTEXT() REPRESENTATION_CONTEXT('2D SPACE',''
  ) );
#11721 = PCURVE('',#9457,#11722);
#11722 = DEFINITIONAL_REPRESENTATION('',(#11723),#11726);
#11723 = B_SPLINE_CURVE_WITH_KNOTS('',1,(#11724,#11725),.UNSPECIFIED.,
  .F.,.F.,(2,2),(-308.7644075507,-296.4731369902),
  .PIECEWISE_BEZIER_KNOTS.);
#11724 = CARTESIAN_POINT('',(463.5,598.51951927322));
#11725 = CARTESIAN_POINT('',(463.5,586.22824871268));
#11726 = ( GEOMETRIC_REPRESENTATION_CONTEXT(2) 
PARAMETRIC_REPRESENTATION_CONTEXT() REPRESENTATION_CONTEXT('2D SPACE',''
  ) );
#11727 = ADVANCED_FACE('',(#11728,#11734),#9457,.T.);
#11728 = FACE_BOUND('',#11729,.T.);
#11729 = EDGE_LOOP('',(#11730,#11731,#11732,#11733));
#11730 = ORIENTED_EDGE('',*,*,#9544,.F.);
#11731 = ORIENTED_EDGE('',*,*,#9496,.T.);
#11732 = ORIENTED_EDGE('',*,*,#9444,.T.);
#11733 = ORIENTED_EDGE('',*,*,#11709,.F.);
#11734 = FACE_BOUND('',#11735,.T.);
#11735 = EDGE_LOOP('',(#11736));
#11736 = ORIENTED_EDGE('',*,*,#11737,.F.);
#11737 = EDGE_CURVE('',#11738,#11738,#11740,.T.);
#11738 = VERTEX_POINT('',#11739);
#11739 = CARTESIAN_POINT('',(10.3,139.,35.573068827124));
#11740 = SURFACE_CURVE('',#11741,(#11746,#11753),.PCURVE_S1.);
#11741 = ELLIPSE('',#11742,1.843690584081,1.8);
#11742 = AXIS2_PLACEMENT_3D('',#11743,#11744,#11745);
#11743 = CARTESIAN_POINT('',(8.5,139.,35.573068827124));
#11744 = DIRECTION('',(0.,-0.216409655053,0.976302648363));
#11745 = DIRECTION('',(0.,-0.976302648363,-0.216409655053));
#11746 = PCURVE('',#9457,#11747);
#11747 = DEFINITIONAL_REPRESENTATION('',(#11748),#11752);
#11748 = ELLIPSE('',#11749,1.843690584081,1.8);
#11749 = AXIS2_PLACEMENT_2D('',#11750,#11751);
#11750 = CARTESIAN_POINT('',(458.5,592.37388399295));
#11751 = DIRECTION('',(0.,-1.));
#11752 = ( GEOMETRIC_REPRESENTATION_CONTEXT(2) 
PARAMETRIC_REPRESENTATION_CONTEXT() REPRESENTATION_CONTEXT('2D SPACE',''
  ) );
#11753 = PCURVE('',#10840,#11754);
#11754 = DEFINITIONAL_REPRESENTATION('',(#11755),#11772);
#11755 = B_SPLINE_CURVE_WITH_KNOTS('',8,(#11756,#11757,#11758,#11759,
    #11760,#11761,#11762,#11763,#11764,#11765,#11766,#11767,#11768,
    #11769,#11770,#11771),.UNSPECIFIED.,.F.,.F.,(9,7,9),(1.570796326795,
    4.712388980385,7.853981633974),.UNSPECIFIED.);
#11756 = CARTESIAN_POINT('',(0.,-40.57306882712));
#11757 = CARTESIAN_POINT('',(-0.392699081699,-40.72975279322));
#11758 = CARTESIAN_POINT('',(-0.785398163398,-40.8864380086));
#11759 = CARTESIAN_POINT('',(-1.178097245092,-41.0062905636));
#11760 = CARTESIAN_POINT('',(-1.570796326795,-41.05257736534));
#11761 = CARTESIAN_POINT('',(-1.963495408493,-41.00629056366));
#11762 = CARTESIAN_POINT('',(-2.356194490192,-40.8864380086));
#11763 = CARTESIAN_POINT('',(-2.748893571891,-40.72975279322));
#11764 = CARTESIAN_POINT('',(-3.534291735289,-40.41638486102));
#11765 = CARTESIAN_POINT('',(-3.926990816987,-40.25969964563));
#11766 = CARTESIAN_POINT('',(-4.319689898675,-40.13984709051));
#11767 = CARTESIAN_POINT('',(-4.71238898038,-40.09356028885));
#11768 = CARTESIAN_POINT('',(-5.105088062069,-40.13984709052));
#11769 = CARTESIAN_POINT('',(-5.497787143782,-40.25969964562));
#11770 = CARTESIAN_POINT('',(-5.890486225481,-40.41638486102));
#11771 = CARTESIAN_POINT('',(-6.28318530718,-40.57306882712));
#11772 = ( GEOMETRIC_REPRESENTATION_CONTEXT(2) 
PARAMETRIC_REPRESENTATION_CONTEXT() REPRESENTATION_CONTEXT('2D SPACE',''
  ) );
#11773 = ADVANCED_FACE('',(#11774),#10242,.T.);
#11774 = FACE_BOUND('',#11775,.T.);
#11775 = EDGE_LOOP('',(#11776,#11799,#11827,#11848));
#11776 = ORIENTED_EDGE('',*,*,#11777,.F.);
#11777 = EDGE_CURVE('',#11778,#10225,#11780,.T.);
#11778 = VERTEX_POINT('',#11779);
#11779 = CARTESIAN_POINT('',(79.68,14.403026483627,15.233443998149));
#11780 = SURFACE_CURVE('',#11781,(#11785,#11792),.PCURVE_S1.);
#11781 = LINE('',#11782,#11783);
#11782 = CARTESIAN_POINT('',(79.68,14.403026483627,15.233443998149));
#11783 = VECTOR('',#11784,1.);
#11784 = DIRECTION('',(0.,0.,1.));
#11785 = PCURVE('',#10242,#11786);
#11786 = DEFINITIONAL_REPRESENTATION('',(#11787),#11791);
#11787 = LINE('',#11788,#11789);
#11788 = CARTESIAN_POINT('',(0.,0.));
#11789 = VECTOR('',#11790,1.);
#11790 = DIRECTION('',(1.,0.));
#11791 = ( GEOMETRIC_REPRESENTATION_CONTEXT(2) 
PARAMETRIC_REPRESENTATION_CONTEXT() REPRESENTATION_CONTEXT('2D SPACE',''
  ) );
#11792 = PCURVE('',#10324,#11793);
#11793 = DEFINITIONAL_REPRESENTATION('',(#11794),#11798);
#11794 = LINE('',#11795,#11796);
#11795 = CARTESIAN_POINT('',(0.,0.));
#11796 = VECTOR('',#11797,1.);
#11797 = DIRECTION('',(1.,0.));
#11798 = ( GEOMETRIC_REPRESENTATION_CONTEXT(2) 
PARAMETRIC_REPRESENTATION_CONTEXT() REPRESENTATION_CONTEXT('2D SPACE',''
  ) );
#11799 = ORIENTED_EDGE('',*,*,#11800,.T.);
#11800 = EDGE_CURVE('',#11778,#11801,#11803,.T.);
#11801 = VERTEX_POINT('',#11802);
#11802 = CARTESIAN_POINT('',(14.47,14.403026483627,15.233443998149));
#11803 = SURFACE_CURVE('',#11804,(#11808,#11815),.PCURVE_S1.);
#11804 = LINE('',#11805,#11806);
#11805 = CARTESIAN_POINT('',(79.68,14.403026483627,15.233443998149));
#11806 = VECTOR('',#11807,1.);
#11807 = DIRECTION('',(-1.,1.110223024625E-16,0.));
#11808 = PCURVE('',#10242,#11809);
#11809 = DEFINITIONAL_REPRESENTATION('',(#11810),#11814);
#11810 = LINE('',#11811,#11812);
#11811 = CARTESIAN_POINT('',(0.,0.));
#11812 = VECTOR('',#11813,1.);
#11813 = DIRECTION('',(0.,-1.));
#11814 = ( GEOMETRIC_REPRESENTATION_CONTEXT(2) 
PARAMETRIC_REPRESENTATION_CONTEXT() REPRESENTATION_CONTEXT('2D SPACE',''
  ) );
#11815 = PCURVE('',#11816,#11821);
#11816 = PLANE('',#11817);
#11817 = AXIS2_PLACEMENT_3D('',#11818,#11819,#11820);
#11818 = CARTESIAN_POINT('',(79.68,14.403026483627,15.233443998149));
#11819 = DIRECTION('',(0.,0.,1.));
#11820 = DIRECTION('',(1.110223024625E-16,1.,0.));
#11821 = DEFINITIONAL_REPRESENTATION('',(#11822),#11826);
#11822 = LINE('',#11823,#11824);
#11823 = CARTESIAN_POINT('',(0.,0.));
#11824 = VECTOR('',#11825,1.);
#11825 = DIRECTION('',(0.,1.));
#11826 = ( GEOMETRIC_REPRESENTATION_CONTEXT(2) 
PARAMETRIC_REPRESENTATION_CONTEXT() REPRESENTATION_CONTEXT('2D SPACE',''
  ) );
#11827 = ORIENTED_EDGE('',*,*,#11828,.T.);
#11828 = EDGE_CURVE('',#11801,#10227,#11829,.T.);
#11829 = SURFACE_CURVE('',#11830,(#11834,#11841),.PCURVE_S1.);
#11830 = LINE('',#11831,#11832);
#11831 = CARTESIAN_POINT('',(14.47,14.403026483627,15.233443998149));
#11832 = VECTOR('',#11833,1.);
#11833 = DIRECTION('',(0.,0.,1.));
#11834 = PCURVE('',#10242,#11835);
#11835 = DEFINITIONAL_REPRESENTATION('',(#11836),#11840);
#11836 = LINE('',#11837,#11838);
#11837 = CARTESIAN_POINT('',(0.,-65.21));
#11838 = VECTOR('',#11839,1.);
#11839 = DIRECTION('',(1.,0.));
#11840 = ( GEOMETRIC_REPRESENTATION_CONTEXT(2) 
PARAMETRIC_REPRESENTATION_CONTEXT() REPRESENTATION_CONTEXT('2D SPACE',''
  ) );
#11841 = PCURVE('',#10270,#11842);
#11842 = DEFINITIONAL_REPRESENTATION('',(#11843),#11847);
#11843 = LINE('',#11844,#11845);
#11844 = CARTESIAN_POINT('',(0.,0.));
#11845 = VECTOR('',#11846,1.);
#11846 = DIRECTION('',(1.,0.));
#11847 = ( GEOMETRIC_REPRESENTATION_CONTEXT(2) 
PARAMETRIC_REPRESENTATION_CONTEXT() REPRESENTATION_CONTEXT('2D SPACE',''
  ) );
#11848 = ORIENTED_EDGE('',*,*,#10224,.F.);
#11849 = ADVANCED_FACE('',(#11850),#10270,.F.);
#11850 = FACE_BOUND('',#11851,.F.);
#11851 = EDGE_LOOP('',(#11852,#11875,#11876,#11877));
#11852 = ORIENTED_EDGE('',*,*,#11853,.F.);
#11853 = EDGE_CURVE('',#11801,#11854,#11856,.T.);
#11854 = VERTEX_POINT('',#11855);
#11855 = CARTESIAN_POINT('',(14.47,105.00302648362,15.233443998149));
#11856 = SURFACE_CURVE('',#11857,(#11861,#11868),.PCURVE_S1.);
#11857 = LINE('',#11858,#11859);
#11858 = CARTESIAN_POINT('',(14.47,14.403026483627,15.233443998149));
#11859 = VECTOR('',#11860,1.);
#11860 = DIRECTION('',(1.110223024625E-16,1.,0.));
#11861 = PCURVE('',#10270,#11862);
#11862 = DEFINITIONAL_REPRESENTATION('',(#11863),#11867);
#11863 = LINE('',#11864,#11865);
#11864 = CARTESIAN_POINT('',(0.,0.));
#11865 = VECTOR('',#11866,1.);
#11866 = DIRECTION('',(0.,1.));
#11867 = ( GEOMETRIC_REPRESENTATION_CONTEXT(2) 
PARAMETRIC_REPRESENTATION_CONTEXT() REPRESENTATION_CONTEXT('2D SPACE',''
  ) );
#11868 = PCURVE('',#11816,#11869);
#11869 = DEFINITIONAL_REPRESENTATION('',(#11870),#11874);
#11870 = LINE('',#11871,#11872);
#11871 = CARTESIAN_POINT('',(6.971090371621E-15,65.21));
#11872 = VECTOR('',#11873,1.);
#11873 = DIRECTION('',(1.,0.));
#11874 = ( GEOMETRIC_REPRESENTATION_CONTEXT(2) 
PARAMETRIC_REPRESENTATION_CONTEXT() REPRESENTATION_CONTEXT('2D SPACE',''
  ) );
#11875 = ORIENTED_EDGE('',*,*,#11828,.T.);
#11876 = ORIENTED_EDGE('',*,*,#10254,.T.);
#11877 = ORIENTED_EDGE('',*,*,#11878,.F.);
#11878 = EDGE_CURVE('',#11854,#10255,#11879,.T.);
#11879 = SURFACE_CURVE('',#11880,(#11884,#11891),.PCURVE_S1.);
#11880 = LINE('',#11881,#11882);
#11881 = CARTESIAN_POINT('',(14.47,105.00302648362,15.233443998149));
#11882 = VECTOR('',#11883,1.);
#11883 = DIRECTION('',(0.,0.,1.));
#11884 = PCURVE('',#10270,#11885);
#11885 = DEFINITIONAL_REPRESENTATION('',(#11886),#11890);
#11886 = LINE('',#11887,#11888);
#11887 = CARTESIAN_POINT('',(0.,90.6));
#11888 = VECTOR('',#11889,1.);
#11889 = DIRECTION('',(1.,0.));
#11890 = ( GEOMETRIC_REPRESENTATION_CONTEXT(2) 
PARAMETRIC_REPRESENTATION_CONTEXT() REPRESENTATION_CONTEXT('2D SPACE',''
  ) );
#11891 = PCURVE('',#10298,#11892);
#11892 = DEFINITIONAL_REPRESENTATION('',(#11893),#11897);
#11893 = LINE('',#11894,#11895);
#11894 = CARTESIAN_POINT('',(0.,-65.21));
#11895 = VECTOR('',#11896,1.);
#11896 = DIRECTION('',(1.,0.));
#11897 = ( GEOMETRIC_REPRESENTATION_CONTEXT(2) 
PARAMETRIC_REPRESENTATION_CONTEXT() REPRESENTATION_CONTEXT('2D SPACE',''
  ) );
#11898 = ADVANCED_FACE('',(#11899),#10324,.T.);
#11899 = FACE_BOUND('',#11900,.T.);
#11900 = EDGE_LOOP('',(#11901,#11924,#11925,#11926));
#11901 = ORIENTED_EDGE('',*,*,#11902,.F.);
#11902 = EDGE_CURVE('',#11778,#11903,#11905,.T.);
#11903 = VERTEX_POINT('',#11904);
#11904 = CARTESIAN_POINT('',(79.68,105.00302648362,15.233443998149));
#11905 = SURFACE_CURVE('',#11906,(#11910,#11917),.PCURVE_S1.);
#11906 = LINE('',#11907,#11908);
#11907 = CARTESIAN_POINT('',(79.68,14.403026483627,15.233443998149));
#11908 = VECTOR('',#11909,1.);
#11909 = DIRECTION('',(1.110223024625E-16,1.,0.));
#11910 = PCURVE('',#10324,#11911);
#11911 = DEFINITIONAL_REPRESENTATION('',(#11912),#11916);
#11912 = LINE('',#11913,#11914);
#11913 = CARTESIAN_POINT('',(0.,0.));
#11914 = VECTOR('',#11915,1.);
#11915 = DIRECTION('',(0.,1.));
#11916 = ( GEOMETRIC_REPRESENTATION_CONTEXT(2) 
PARAMETRIC_REPRESENTATION_CONTEXT() REPRESENTATION_CONTEXT('2D SPACE',''
  ) );
#11917 = PCURVE('',#11816,#11918);
#11918 = DEFINITIONAL_REPRESENTATION('',(#11919),#11923);
#11919 = LINE('',#11920,#11921);
#11920 = CARTESIAN_POINT('',(0.,0.));
#11921 = VECTOR('',#11922,1.);
#11922 = DIRECTION('',(1.,0.));
#11923 = ( GEOMETRIC_REPRESENTATION_CONTEXT(2) 
PARAMETRIC_REPRESENTATION_CONTEXT() REPRESENTATION_CONTEXT('2D SPACE',''
  ) );
#11924 = ORIENTED_EDGE('',*,*,#11777,.T.);
#11925 = ORIENTED_EDGE('',*,*,#10310,.T.);
#11926 = ORIENTED_EDGE('',*,*,#11927,.F.);
#11927 = EDGE_CURVE('',#11903,#10283,#11928,.T.);
#11928 = SURFACE_CURVE('',#11929,(#11933,#11940),.PCURVE_S1.);
#11929 = LINE('',#11930,#11931);
#11930 = CARTESIAN_POINT('',(79.68,105.00302648362,15.233443998149));
#11931 = VECTOR('',#11932,1.);
#11932 = DIRECTION('',(0.,0.,1.));
#11933 = PCURVE('',#10324,#11934);
#11934 = DEFINITIONAL_REPRESENTATION('',(#11935),#11939);
#11935 = LINE('',#11936,#11937);
#11936 = CARTESIAN_POINT('',(0.,90.6));
#11937 = VECTOR('',#11938,1.);
#11938 = DIRECTION('',(1.,0.));
#11939 = ( GEOMETRIC_REPRESENTATION_CONTEXT(2) 
PARAMETRIC_REPRESENTATION_CONTEXT() REPRESENTATION_CONTEXT('2D SPACE',''
  ) );
#11940 = PCURVE('',#10298,#11941);
#11941 = DEFINITIONAL_REPRESENTATION('',(#11942),#11946);
#11942 = LINE('',#11943,#11944);
#11943 = CARTESIAN_POINT('',(0.,0.));
#11944 = VECTOR('',#11945,1.);
#11945 = DIRECTION('',(1.,0.));
#11946 = ( GEOMETRIC_REPRESENTATION_CONTEXT(2) 
PARAMETRIC_REPRESENTATION_CONTEXT() REPRESENTATION_CONTEXT('2D SPACE',''
  ) );
#11947 = ADVANCED_FACE('',(#11948),#10298,.F.);
#11948 = FACE_BOUND('',#11949,.F.);
#11949 = EDGE_LOOP('',(#11950,#11951,#11972,#11973));
#11950 = ORIENTED_EDGE('',*,*,#11927,.F.);
#11951 = ORIENTED_EDGE('',*,*,#11952,.T.);
#11952 = EDGE_CURVE('',#11903,#11854,#11953,.T.);
#11953 = SURFACE_CURVE('',#11954,(#11958,#11965),.PCURVE_S1.);
#11954 = LINE('',#11955,#11956);
#11955 = CARTESIAN_POINT('',(79.68,105.00302648362,15.233443998149));
#11956 = VECTOR('',#11957,1.);
#11957 = DIRECTION('',(-1.,1.110223024625E-16,0.));
#11958 = PCURVE('',#10298,#11959);
#11959 = DEFINITIONAL_REPRESENTATION('',(#11960),#11964);
#11960 = LINE('',#11961,#11962);
#11961 = CARTESIAN_POINT('',(0.,0.));
#11962 = VECTOR('',#11963,1.);
#11963 = DIRECTION('',(0.,-1.));
#11964 = ( GEOMETRIC_REPRESENTATION_CONTEXT(2) 
PARAMETRIC_REPRESENTATION_CONTEXT() REPRESENTATION_CONTEXT('2D SPACE',''
  ) );
#11965 = PCURVE('',#11816,#11966);
#11966 = DEFINITIONAL_REPRESENTATION('',(#11967),#11971);
#11967 = LINE('',#11968,#11969);
#11968 = CARTESIAN_POINT('',(90.6,-4.152234112098E-15));
#11969 = VECTOR('',#11970,1.);
#11970 = DIRECTION('',(0.,1.));
#11971 = ( GEOMETRIC_REPRESENTATION_CONTEXT(2) 
PARAMETRIC_REPRESENTATION_CONTEXT() REPRESENTATION_CONTEXT('2D SPACE',''
  ) );
#11972 = ORIENTED_EDGE('',*,*,#11878,.T.);
#11973 = ORIENTED_EDGE('',*,*,#10282,.F.);
#11974 = ADVANCED_FACE('',(#11975),#10727,.T.);
#11975 = FACE_BOUND('',#11976,.F.);
#11976 = EDGE_LOOP('',(#11977,#12000,#12001,#12002));
#11977 = ORIENTED_EDGE('',*,*,#11978,.T.);
#11978 = EDGE_CURVE('',#11979,#10711,#11981,.T.);
#11979 = VERTEX_POINT('',#11980);
#11980 = CARTESIAN_POINT('',(19.8,15.,0.));
#11981 = SEAM_CURVE('',#11982,(#11986,#11993),.PCURVE_S1.);
#11982 = LINE('',#11983,#11984);
#11983 = CARTESIAN_POINT('',(19.8,15.,0.));
#11984 = VECTOR('',#11985,1.);
#11985 = DIRECTION('',(0.,0.,1.));
#11986 = PCURVE('',#10727,#11987);
#11987 = DEFINITIONAL_REPRESENTATION('',(#11988),#11992);
#11988 = LINE('',#11989,#11990);
#11989 = CARTESIAN_POINT('',(-0.,0.));
#11990 = VECTOR('',#11991,1.);
#11991 = DIRECTION('',(-0.,-1.));
#11992 = ( GEOMETRIC_REPRESENTATION_CONTEXT(2) 
PARAMETRIC_REPRESENTATION_CONTEXT() REPRESENTATION_CONTEXT('2D SPACE',''
  ) );
#11993 = PCURVE('',#10727,#11994);
#11994 = DEFINITIONAL_REPRESENTATION('',(#11995),#11999);
#11995 = LINE('',#11996,#11997);
#11996 = CARTESIAN_POINT('',(-6.28318530718,0.));
#11997 = VECTOR('',#11998,1.);
#11998 = DIRECTION('',(-0.,-1.));
#11999 = ( GEOMETRIC_REPRESENTATION_CONTEXT(2) 
PARAMETRIC_REPRESENTATION_CONTEXT() REPRESENTATION_CONTEXT('2D SPACE',''
  ) );
#12000 = ORIENTED_EDGE('',*,*,#10710,.T.);
#12001 = ORIENTED_EDGE('',*,*,#11978,.F.);
#12002 = ORIENTED_EDGE('',*,*,#12003,.F.);
#12003 = EDGE_CURVE('',#11979,#11979,#12004,.T.);
#12004 = SURFACE_CURVE('',#12005,(#12010,#12017),.PCURVE_S1.);
#12005 = CIRCLE('',#12006,4.8);
#12006 = AXIS2_PLACEMENT_3D('',#12007,#12008,#12009);
#12007 = CARTESIAN_POINT('',(15.,15.,0.));
#12008 = DIRECTION('',(0.,0.,1.));
#12009 = DIRECTION('',(1.,0.,0.));
#12010 = PCURVE('',#10727,#12011);
#12011 = DEFINITIONAL_REPRESENTATION('',(#12012),#12016);
#12012 = LINE('',#12013,#12014);
#12013 = CARTESIAN_POINT('',(-0.,0.));
#12014 = VECTOR('',#12015,1.);
#12015 = DIRECTION('',(-1.,0.));
#12016 = ( GEOMETRIC_REPRESENTATION_CONTEXT(2) 
PARAMETRIC_REPRESENTATION_CONTEXT() REPRESENTATION_CONTEXT('2D SPACE',''
  ) );
#12017 = PCURVE('',#12018,#12023);
#12018 = PLANE('',#12019);
#12019 = AXIS2_PLACEMENT_3D('',#12020,#12021,#12022);
#12020 = CARTESIAN_POINT('',(0.,0.,0.));
#12021 = DIRECTION('',(0.,0.,1.));
#12022 = DIRECTION('',(1.,0.,0.));
#12023 = DEFINITIONAL_REPRESENTATION('',(#12024),#12028);
#12024 = CIRCLE('',#12025,4.8);
#12025 = AXIS2_PLACEMENT_2D('',#12026,#12027);
#12026 = CARTESIAN_POINT('',(15.,15.));
#12027 = DIRECTION('',(1.,0.));
#12028 = ( GEOMETRIC_REPRESENTATION_CONTEXT(2) 
PARAMETRIC_REPRESENTATION_CONTEXT() REPRESENTATION_CONTEXT('2D SPACE',''
  ) );
#12029 = ADVANCED_FACE('',(#12030),#10766,.F.);
#12030 = FACE_BOUND('',#12031,.T.);
#12031 = EDGE_LOOP('',(#12032,#12033,#12056,#12091));
#12032 = ORIENTED_EDGE('',*,*,#10745,.T.);
#12033 = ORIENTED_EDGE('',*,*,#12034,.T.);
#12034 = EDGE_CURVE('',#10746,#12035,#12037,.T.);
#12035 = VERTEX_POINT('',#12036);
#12036 = CARTESIAN_POINT('',(99.446428571429,20.,9.195235073975));
#12037 = SEAM_CURVE('',#12038,(#12042,#12049),.PCURVE_S1.);
#12038 = LINE('',#12039,#12040);
#12039 = CARTESIAN_POINT('',(99.446428571429,20.,-5.));
#12040 = VECTOR('',#12041,1.);
#12041 = DIRECTION('',(0.,0.,1.));
#12042 = PCURVE('',#10766,#12043);
#12043 = DEFINITIONAL_REPRESENTATION('',(#12044),#12048);
#12044 = LINE('',#12045,#12046);
#12045 = CARTESIAN_POINT('',(-6.28318530718,0.));
#12046 = VECTOR('',#12047,1.);
#12047 = DIRECTION('',(-0.,-1.));
#12048 = ( GEOMETRIC_REPRESENTATION_CONTEXT(2) 
PARAMETRIC_REPRESENTATION_CONTEXT() REPRESENTATION_CONTEXT('2D SPACE',''
  ) );
#12049 = PCURVE('',#10766,#12050);
#12050 = DEFINITIONAL_REPRESENTATION('',(#12051),#12055);
#12051 = LINE('',#12052,#12053);
#12052 = CARTESIAN_POINT('',(-0.,0.));
#12053 = VECTOR('',#12054,1.);
#12054 = DIRECTION('',(-0.,-1.));
#12055 = ( GEOMETRIC_REPRESENTATION_CONTEXT(2) 
PARAMETRIC_REPRESENTATION_CONTEXT() REPRESENTATION_CONTEXT('2D SPACE',''
  ) );
#12056 = ORIENTED_EDGE('',*,*,#12057,.T.);
#12057 = EDGE_CURVE('',#12035,#12035,#12058,.T.);
#12058 = SURFACE_CURVE('',#12059,(#12064,#12084),.PCURVE_S1.);
#12059 = ELLIPSE('',#12060,1.843690584081,1.8);
#12060 = AXIS2_PLACEMENT_3D('',#12061,#12062,#12063);
#12061 = CARTESIAN_POINT('',(97.646428571429,20.,9.195235073975));
#12062 = DIRECTION('',(0.,-0.216409655053,0.976302648363));
#12063 = DIRECTION('',(0.,-0.976302648363,-0.216409655053));
#12064 = PCURVE('',#10766,#12065);
#12065 = DEFINITIONAL_REPRESENTATION('',(#12066),#12083);
#12066 = B_SPLINE_CURVE_WITH_KNOTS('',8,(#12067,#12068,#12069,#12070,
    #12071,#12072,#12073,#12074,#12075,#12076,#12077,#12078,#12079,
    #12080,#12081,#12082),.UNSPECIFIED.,.F.,.F.,(9,7,9),(1.570796326795,
    4.712388980385,7.853981633974),.UNSPECIFIED.);
#12067 = CARTESIAN_POINT('',(0.,-14.19523507397));
#12068 = CARTESIAN_POINT('',(-0.392699081699,-14.35191904007));
#12069 = CARTESIAN_POINT('',(-0.785398163397,-14.5086042555));
#12070 = CARTESIAN_POINT('',(-1.178097245095,-14.62845681039));
#12071 = CARTESIAN_POINT('',(-1.570796326793,-14.67474361239));
#12072 = CARTESIAN_POINT('',(-1.963495408495,-14.62845681038));
#12073 = CARTESIAN_POINT('',(-2.356194490191,-14.50860425549));
#12074 = CARTESIAN_POINT('',(-2.748893571891,-14.35191904007));
#12075 = CARTESIAN_POINT('',(-3.534291735289,-14.03855110787));
#12076 = CARTESIAN_POINT('',(-3.926990816985,-13.88186589245));
#12077 = CARTESIAN_POINT('',(-4.319689898685,-13.76201333746));
#12078 = CARTESIAN_POINT('',(-4.712388980379,-13.71572653563));
#12079 = CARTESIAN_POINT('',(-5.10508806208,-13.76201333746));
#12080 = CARTESIAN_POINT('',(-5.497787143781,-13.88186589246));
#12081 = CARTESIAN_POINT('',(-5.890486225481,-14.03855110787));
#12082 = CARTESIAN_POINT('',(-6.28318530718,-14.19523507397));
#12083 = ( GEOMETRIC_REPRESENTATION_CONTEXT(2) 
PARAMETRIC_REPRESENTATION_CONTEXT() REPRESENTATION_CONTEXT('2D SPACE',''
  ) );
#12084 = PCURVE('',#11051,#12085);
#12085 = DEFINITIONAL_REPRESENTATION('',(#12086),#12090);
#12086 = ELLIPSE('',#12087,1.843690584081,1.8);
#12087 = AXIS2_PLACEMENT_2D('',#12088,#12089);
#12088 = CARTESIAN_POINT('',(547.64642857142,470.48545093423));
#12089 = DIRECTION('',(0.,-1.));
#12090 = ( GEOMETRIC_REPRESENTATION_CONTEXT(2) 
PARAMETRIC_REPRESENTATION_CONTEXT() REPRESENTATION_CONTEXT('2D SPACE',''
  ) );
#12091 = ORIENTED_EDGE('',*,*,#12034,.F.);
#12092 = ADVANCED_FACE('',(#12093),#10801,.T.);
#12093 = FACE_BOUND('',#12094,.F.);
#12094 = EDGE_LOOP('',(#12095,#12118,#12119,#12120));
#12095 = ORIENTED_EDGE('',*,*,#12096,.T.);
#12096 = EDGE_CURVE('',#12097,#10785,#12099,.T.);
#12097 = VERTEX_POINT('',#12098);
#12098 = CARTESIAN_POINT('',(185.09285714285,15.,0.));
#12099 = SEAM_CURVE('',#12100,(#12104,#12111),.PCURVE_S1.);
#12100 = LINE('',#12101,#12102);
#12101 = CARTESIAN_POINT('',(185.09285714285,15.,0.));
#12102 = VECTOR('',#12103,1.);
#12103 = DIRECTION('',(0.,0.,1.));
#12104 = PCURVE('',#10801,#12105);
#12105 = DEFINITIONAL_REPRESENTATION('',(#12106),#12110);
#12106 = LINE('',#12107,#12108);
#12107 = CARTESIAN_POINT('',(-0.,0.));
#12108 = VECTOR('',#12109,1.);
#12109 = DIRECTION('',(-0.,-1.));
#12110 = ( GEOMETRIC_REPRESENTATION_CONTEXT(2) 
PARAMETRIC_REPRESENTATION_CONTEXT() REPRESENTATION_CONTEXT('2D SPACE',''
  ) );
#12111 = PCURVE('',#10801,#12112);
#12112 = DEFINITIONAL_REPRESENTATION('',(#12113),#12117);
#12113 = LINE('',#12114,#12115);
#12114 = CARTESIAN_POINT('',(-6.28318530718,0.));
#12115 = VECTOR('',#12116,1.);
#12116 = DIRECTION('',(-0.,-1.));
#12117 = ( GEOMETRIC_REPRESENTATION_CONTEXT(2) 
PARAMETRIC_REPRESENTATION_CONTEXT() REPRESENTATION_CONTEXT('2D SPACE',''
  ) );
#12118 = ORIENTED_EDGE('',*,*,#10784,.T.);
#12119 = ORIENTED_EDGE('',*,*,#12096,.F.);
#12120 = ORIENTED_EDGE('',*,*,#12121,.F.);
#12121 = EDGE_CURVE('',#12097,#12097,#12122,.T.);
#12122 = SURFACE_CURVE('',#12123,(#12128,#12135),.PCURVE_S1.);
#12123 = CIRCLE('',#12124,4.8);
#12124 = AXIS2_PLACEMENT_3D('',#12125,#12126,#12127);
#12125 = CARTESIAN_POINT('',(180.29285714285,15.,0.));
#12126 = DIRECTION('',(0.,0.,1.));
#12127 = DIRECTION('',(1.,0.,0.));
#12128 = PCURVE('',#10801,#12129);
#12129 = DEFINITIONAL_REPRESENTATION('',(#12130),#12134);
#12130 = LINE('',#12131,#12132);
#12131 = CARTESIAN_POINT('',(-0.,0.));
#12132 = VECTOR('',#12133,1.);
#12133 = DIRECTION('',(-1.,0.));
#12134 = ( GEOMETRIC_REPRESENTATION_CONTEXT(2) 
PARAMETRIC_REPRESENTATION_CONTEXT() REPRESENTATION_CONTEXT('2D SPACE',''
  ) );
#12135 = PCURVE('',#12136,#12141);
#12136 = PLANE('',#12137);
#12137 = AXIS2_PLACEMENT_3D('',#12138,#12139,#12140);
#12138 = CARTESIAN_POINT('',(0.,0.,0.));
#12139 = DIRECTION('',(0.,0.,1.));
#12140 = DIRECTION('',(1.,0.,0.));
#12141 = DEFINITIONAL_REPRESENTATION('',(#12142),#12146);
#12142 = CIRCLE('',#12143,4.8);
#12143 = AXIS2_PLACEMENT_2D('',#12144,#12145);
#12144 = CARTESIAN_POINT('',(180.29285714285,15.));
#12145 = DIRECTION('',(1.,0.));
#12146 = ( GEOMETRIC_REPRESENTATION_CONTEXT(2) 
PARAMETRIC_REPRESENTATION_CONTEXT() REPRESENTATION_CONTEXT('2D SPACE',''
  ) );
#12147 = ADVANCED_FACE('',(#12148),#10840,.F.);
#12148 = FACE_BOUND('',#12149,.T.);
#12149 = EDGE_LOOP('',(#12150,#12151,#12172,#12173));
#12150 = ORIENTED_EDGE('',*,*,#10819,.T.);
#12151 = ORIENTED_EDGE('',*,*,#12152,.T.);
#12152 = EDGE_CURVE('',#10820,#11738,#12153,.T.);
#12153 = SEAM_CURVE('',#12154,(#12158,#12165),.PCURVE_S1.);
#12154 = LINE('',#12155,#12156);
#12155 = CARTESIAN_POINT('',(10.3,139.,-5.));
#12156 = VECTOR('',#12157,1.);
#12157 = DIRECTION('',(0.,0.,1.));
#12158 = PCURVE('',#10840,#12159);
#12159 = DEFINITIONAL_REPRESENTATION('',(#12160),#12164);
#12160 = LINE('',#12161,#12162);
#12161 = CARTESIAN_POINT('',(-6.28318530718,0.));
#12162 = VECTOR('',#12163,1.);
#12163 = DIRECTION('',(-0.,-1.));
#12164 = ( GEOMETRIC_REPRESENTATION_CONTEXT(2) 
PARAMETRIC_REPRESENTATION_CONTEXT() REPRESENTATION_CONTEXT('2D SPACE',''
  ) );
#12165 = PCURVE('',#10840,#12166);
#12166 = DEFINITIONAL_REPRESENTATION('',(#12167),#12171);
#12167 = LINE('',#12168,#12169);
#12168 = CARTESIAN_POINT('',(-0.,0.));
#12169 = VECTOR('',#12170,1.);
#12170 = DIRECTION('',(-0.,-1.));
#12171 = ( GEOMETRIC_REPRESENTATION_CONTEXT(2) 
PARAMETRIC_REPRESENTATION_CONTEXT() REPRESENTATION_CONTEXT('2D SPACE',''
  ) );
#12172 = ORIENTED_EDGE('',*,*,#11737,.T.);
#12173 = ORIENTED_EDGE('',*,*,#12152,.F.);
#12174 = ADVANCED_FACE('',(#12175),#10875,.T.);
#12175 = FACE_BOUND('',#12176,.F.);
#12176 = EDGE_LOOP('',(#12177,#12200,#12201,#12202));
#12177 = ORIENTED_EDGE('',*,*,#12178,.T.);
#12178 = EDGE_CURVE('',#12179,#10859,#12181,.T.);
#12179 = VERTEX_POINT('',#12180);
#12180 = CARTESIAN_POINT('',(34.8,142.20842373802,0.));
#12181 = SEAM_CURVE('',#12182,(#12186,#12193),.PCURVE_S1.);
#12182 = LINE('',#12183,#12184);
#12183 = CARTESIAN_POINT('',(34.8,142.20842373802,0.));
#12184 = VECTOR('',#12185,1.);
#12185 = DIRECTION('',(0.,0.,1.));
#12186 = PCURVE('',#10875,#12187);
#12187 = DEFINITIONAL_REPRESENTATION('',(#12188),#12192);
#12188 = LINE('',#12189,#12190);
#12189 = CARTESIAN_POINT('',(-0.,0.));
#12190 = VECTOR('',#12191,1.);
#12191 = DIRECTION('',(-0.,-1.));
#12192 = ( GEOMETRIC_REPRESENTATION_CONTEXT(2) 
PARAMETRIC_REPRESENTATION_CONTEXT() REPRESENTATION_CONTEXT('2D SPACE',''
  ) );
#12193 = PCURVE('',#10875,#12194);
#12194 = DEFINITIONAL_REPRESENTATION('',(#12195),#12199);
#12195 = LINE('',#12196,#12197);
#12196 = CARTESIAN_POINT('',(-6.28318530718,0.));
#12197 = VECTOR('',#12198,1.);
#12198 = DIRECTION('',(-0.,-1.));
#12199 = ( GEOMETRIC_REPRESENTATION_CONTEXT(2) 
PARAMETRIC_REPRESENTATION_CONTEXT() REPRESENTATION_CONTEXT('2D SPACE',''
  ) );
#12200 = ORIENTED_EDGE('',*,*,#10858,.T.);
#12201 = ORIENTED_EDGE('',*,*,#12178,.F.);
#12202 = ORIENTED_EDGE('',*,*,#12203,.F.);
#12203 = EDGE_CURVE('',#12179,#12179,#12204,.T.);
#12204 = SURFACE_CURVE('',#12205,(#12210,#12217),.PCURVE_S1.);
#12205 = CIRCLE('',#12206,4.8);
#12206 = AXIS2_PLACEMENT_3D('',#12207,#12208,#12209);
#12207 = CARTESIAN_POINT('',(30.,142.20842373802,0.));
#12208 = DIRECTION('',(0.,0.,1.));
#12209 = DIRECTION('',(1.,0.,0.));
#12210 = PCURVE('',#10875,#12211);
#12211 = DEFINITIONAL_REPRESENTATION('',(#12212),#12216);
#12212 = LINE('',#12213,#12214);
#12213 = CARTESIAN_POINT('',(-0.,0.));
#12214 = VECTOR('',#12215,1.);
#12215 = DIRECTION('',(-1.,0.));
#12216 = ( GEOMETRIC_REPRESENTATION_CONTEXT(2) 
PARAMETRIC_REPRESENTATION_CONTEXT() REPRESENTATION_CONTEXT('2D SPACE',''
  ) );
#12217 = PCURVE('',#12218,#12223);
#12218 = PLANE('',#12219);
#12219 = AXIS2_PLACEMENT_3D('',#12220,#12221,#12222);
#12220 = CARTESIAN_POINT('',(0.,0.,0.));
#12221 = DIRECTION('',(0.,0.,1.));
#12222 = DIRECTION('',(1.,0.,0.));
#12223 = DEFINITIONAL_REPRESENTATION('',(#12224),#12228);
#12224 = CIRCLE('',#12225,4.8);
#12225 = AXIS2_PLACEMENT_2D('',#12226,#12227);
#12226 = CARTESIAN_POINT('',(30.,142.20842373802));
#12227 = DIRECTION('',(1.,0.));
#12228 = ( GEOMETRIC_REPRESENTATION_CONTEXT(2) 
PARAMETRIC_REPRESENTATION_CONTEXT() REPRESENTATION_CONTEXT('2D SPACE',''
  ) );
#12229 = ADVANCED_FACE('',(#12230),#10910,.T.);
#12230 = FACE_BOUND('',#12231,.F.);
#12231 = EDGE_LOOP('',(#12232,#12255,#12256,#12257));
#12232 = ORIENTED_EDGE('',*,*,#12233,.T.);
#12233 = EDGE_CURVE('',#12234,#10894,#12236,.T.);
#12234 = VERTEX_POINT('',#12235);
#12235 = CARTESIAN_POINT('',(170.09285714285,142.20842373802,0.));
#12236 = SEAM_CURVE('',#12237,(#12241,#12248),.PCURVE_S1.);
#12237 = LINE('',#12238,#12239);
#12238 = CARTESIAN_POINT('',(170.09285714285,142.20842373802,0.));
#12239 = VECTOR('',#12240,1.);
#12240 = DIRECTION('',(0.,0.,1.));
#12241 = PCURVE('',#10910,#12242);
#12242 = DEFINITIONAL_REPRESENTATION('',(#12243),#12247);
#12243 = LINE('',#12244,#12245);
#12244 = CARTESIAN_POINT('',(-0.,0.));
#12245 = VECTOR('',#12246,1.);
#12246 = DIRECTION('',(-0.,-1.));
#12247 = ( GEOMETRIC_REPRESENTATION_CONTEXT(2) 
PARAMETRIC_REPRESENTATION_CONTEXT() REPRESENTATION_CONTEXT('2D SPACE',''
  ) );
#12248 = PCURVE('',#10910,#12249);
#12249 = DEFINITIONAL_REPRESENTATION('',(#12250),#12254);
#12250 = LINE('',#12251,#12252);
#12251 = CARTESIAN_POINT('',(-6.28318530718,0.));
#12252 = VECTOR('',#12253,1.);
#12253 = DIRECTION('',(-0.,-1.));
#12254 = ( GEOMETRIC_REPRESENTATION_CONTEXT(2) 
PARAMETRIC_REPRESENTATION_CONTEXT() REPRESENTATION_CONTEXT('2D SPACE',''
  ) );
#12255 = ORIENTED_EDGE('',*,*,#10893,.T.);
#12256 = ORIENTED_EDGE('',*,*,#12233,.F.);
#12257 = ORIENTED_EDGE('',*,*,#12258,.F.);
#12258 = EDGE_CURVE('',#12234,#12234,#12259,.T.);
#12259 = SURFACE_CURVE('',#12260,(#12265,#12272),.PCURVE_S1.);
#12260 = CIRCLE('',#12261,4.8);
#12261 = AXIS2_PLACEMENT_3D('',#12262,#12263,#12264);
#12262 = CARTESIAN_POINT('',(165.29285714285,142.20842373802,0.));
#12263 = DIRECTION('',(0.,0.,1.));
#12264 = DIRECTION('',(1.,0.,0.));
#12265 = PCURVE('',#10910,#12266);
#12266 = DEFINITIONAL_REPRESENTATION('',(#12267),#12271);
#12267 = LINE('',#12268,#12269);
#12268 = CARTESIAN_POINT('',(-0.,0.));
#12269 = VECTOR('',#12270,1.);
#12270 = DIRECTION('',(-1.,0.));
#12271 = ( GEOMETRIC_REPRESENTATION_CONTEXT(2) 
PARAMETRIC_REPRESENTATION_CONTEXT() REPRESENTATION_CONTEXT('2D SPACE',''
  ) );
#12272 = PCURVE('',#12273,#12278);
#12273 = PLANE('',#12274);
#12274 = AXIS2_PLACEMENT_3D('',#12275,#12276,#12277);
#12275 = CARTESIAN_POINT('',(0.,0.,0.));
#12276 = DIRECTION('',(0.,0.,1.));
#12277 = DIRECTION('',(1.,0.,0.));
#12278 = DEFINITIONAL_REPRESENTATION('',(#12279),#12283);
#12279 = CIRCLE('',#12280,4.8);
#12280 = AXIS2_PLACEMENT_2D('',#12281,#12282);
#12281 = CARTESIAN_POINT('',(165.29285714285,142.20842373802));
#12282 = DIRECTION('',(1.,0.));
#12283 = ( GEOMETRIC_REPRESENTATION_CONTEXT(2) 
PARAMETRIC_REPRESENTATION_CONTEXT() REPRESENTATION_CONTEXT('2D SPACE',''
  ) );
#12284 = ADVANCED_FACE('',(#12285),#10949,.F.);
#12285 = FACE_BOUND('',#12286,.T.);
#12286 = EDGE_LOOP('',(#12287,#12288,#12309,#12310));
#12287 = ORIENTED_EDGE('',*,*,#10928,.T.);
#12288 = ORIENTED_EDGE('',*,*,#12289,.T.);
#12289 = EDGE_CURVE('',#10929,#11216,#12290,.T.);
#12290 = SEAM_CURVE('',#12291,(#12295,#12302),.PCURVE_S1.);
#12291 = LINE('',#12292,#12293);
#12292 = CARTESIAN_POINT('',(188.59285714285,139.,-5.));
#12293 = VECTOR('',#12294,1.);
#12294 = DIRECTION('',(0.,0.,1.));
#12295 = PCURVE('',#10949,#12296);
#12296 = DEFINITIONAL_REPRESENTATION('',(#12297),#12301);
#12297 = LINE('',#12298,#12299);
#12298 = CARTESIAN_POINT('',(-6.28318530718,0.));
#12299 = VECTOR('',#12300,1.);
#12300 = DIRECTION('',(-0.,-1.));
#12301 = ( GEOMETRIC_REPRESENTATION_CONTEXT(2) 
PARAMETRIC_REPRESENTATION_CONTEXT() REPRESENTATION_CONTEXT('2D SPACE',''
  ) );
#12302 = PCURVE('',#10949,#12303);
#12303 = DEFINITIONAL_REPRESENTATION('',(#12304),#12308);
#12304 = LINE('',#12305,#12306);
#12305 = CARTESIAN_POINT('',(-0.,0.));
#12306 = VECTOR('',#12307,1.);
#12307 = DIRECTION('',(-0.,-1.));
#12308 = ( GEOMETRIC_REPRESENTATION_CONTEXT(2) 
PARAMETRIC_REPRESENTATION_CONTEXT() REPRESENTATION_CONTEXT('2D SPACE',''
  ) );
#12309 = ORIENTED_EDGE('',*,*,#11215,.T.);
#12310 = ORIENTED_EDGE('',*,*,#12289,.F.);
#12311 = ADVANCED_FACE('',(#12312,#12318),#11051,.T.);
#12312 = FACE_BOUND('',#12313,.T.);
#12313 = EDGE_LOOP('',(#12314,#12315,#12316,#12317));
#12314 = ORIENTED_EDGE('',*,*,#11090,.F.);
#12315 = ORIENTED_EDGE('',*,*,#11038,.T.);
#12316 = ORIENTED_EDGE('',*,*,#11137,.T.);
#12317 = ORIENTED_EDGE('',*,*,#11162,.F.);
#12318 = FACE_BOUND('',#12319,.T.);
#12319 = EDGE_LOOP('',(#12320));
#12320 = ORIENTED_EDGE('',*,*,#12057,.F.);
#12321 = ADVANCED_FACE('',(#12322),#11294,.T.);
#12322 = FACE_BOUND('',#12323,.T.);
#12323 = EDGE_LOOP('',(#12324,#12325,#12326,#12327));
#12324 = ORIENTED_EDGE('',*,*,#11278,.F.);
#12325 = ORIENTED_EDGE('',*,*,#11380,.T.);
#12326 = ORIENTED_EDGE('',*,*,#11430,.T.);
#12327 = ORIENTED_EDGE('',*,*,#11331,.F.);
#12328 = ADVANCED_FACE('',(#12329),#11816,.T.);
#12329 = FACE_BOUND('',#12330,.T.);
#12330 = EDGE_LOOP('',(#12331,#12332,#12333,#12334));
#12331 = ORIENTED_EDGE('',*,*,#11800,.F.);
#12332 = ORIENTED_EDGE('',*,*,#11902,.T.);
#12333 = ORIENTED_EDGE('',*,*,#11952,.T.);
#12334 = ORIENTED_EDGE('',*,*,#11853,.F.);
#12335 = ADVANCED_FACE('',(#12336),#12018,.F.);
#12336 = FACE_BOUND('',#12337,.F.);
#12337 = EDGE_LOOP('',(#12338));
#12338 = ORIENTED_EDGE('',*,*,#12003,.T.);
#12339 = ADVANCED_FACE('',(#12340),#12136,.F.);
#12340 = FACE_BOUND('',#12341,.F.);
#12341 = EDGE_LOOP('',(#12342));
#12342 = ORIENTED_EDGE('',*,*,#12121,.T.);
#12343 = ADVANCED_FACE('',(#12344),#12218,.F.);
#12344 = FACE_BOUND('',#12345,.F.);
#12345 = EDGE_LOOP('',(#12346));
#12346 = ORIENTED_EDGE('',*,*,#12203,.T.);
#12347 = ADVANCED_FACE('',(#12348),#12273,.F.);
#12348 = FACE_BOUND('',#12349,.F.);
#12349 = EDGE_LOOP('',(#12350));
#12350 = ORIENTED_EDGE('',*,*,#12258,.T.);
#12351 = ( GEOMETRIC_REPRESENTATION_CONTEXT(3) 
GLOBAL_UNCERTAINTY_ASSIGNED_CONTEXT((#12355)) 
GLOBAL_UNIT_ASSIGNED_CONTEXT((#12352,#12353,#12354)) 
REPRESENTATION_CONTEXT('Context #1',
  '3D Context with UNIT and UNCERTAINTY') );
#12352 = ( LENGTH_UNIT() NAMED_UNIT(*) SI_UNIT(.MILLI.,.METRE.) );
#12353 = ( NAMED_UNIT(*) PLANE_ANGLE_UNIT() SI_UNIT($,.RADIAN.) );
#12354 = ( NAMED_UNIT(*) SI_UNIT($,.STERADIAN.) SOLID_ANGLE_UNIT() );
#12355 = UNCERTAINTY_MEASURE_WITH_UNIT(LENGTH_MEASURE(1.E-07),#12352,
  'distance_accuracy_value','confusion accuracy');
#12356 = PRODUCT_RELATED_PRODUCT_CATEGORY('part',$,(#7));
ENDSEC;
END-ISO-10303-21;
