ISO-10303-21;
HEADER;
FILE_DESCRIPTION(('Open CASCADE Model'),'2;1');
FILE_NAME('Open CASCADE Shape Model','2026-08-07T04:54:34',('Author'),(
    'Open CASCADE'),'Open CASCADE STEP processor 7.9','Open CASCADE 7.9'
  ,'Unknown');
FILE_SCHEMA(('AUTOMOTIVE_DESIGN { 1 0 10303 214 1 1 1 1 }'));
ENDSEC;
DATA;
#1 = APPLICATION_PROTOCOL_DEFINITION('international standard',
  'automotive_design',2000,#2);
#2 = APPLICATION_CONTEXT(
  'core data for automotive mechanical design processes');
#3 = SHAPE_DEFINITION_REPRESENTATION(#4,#10);
#4 = PRODUCT_DEFINITION_SHAPE('','',#5);
#5 = PRODUCT_DEFINITION('design','',#6,#9);
#6 = PRODUCT_DEFINITION_FORMATION('','',#7);
#7 = PRODUCT('Open CASCADE STEP translator 7.9 5',
  'Open CASCADE STEP translator 7.9 5','',(#8));
#8 = PRODUCT_CONTEXT('',#2,'mechanical');
#9 = PRODUCT_DEFINITION_CONTEXT('part definition',#2,'design');
#10 = SHAPE_REPRESENTATION('',(#11,#15,#19),#23);
#11 = AXIS2_PLACEMENT_3D('',#12,#13,#14);
#12 = CARTESIAN_POINT('',(0.,0.,0.));
#13 = DIRECTION('',(0.,0.,1.));
#14 = DIRECTION('',(1.,0.,-0.));
#15 = AXIS2_PLACEMENT_3D('',#16,#17,#18);
#16 = CARTESIAN_POINT('',(0.,0.,0.));
#17 = DIRECTION('',(0.,0.,1.));
#18 = DIRECTION('',(1.,0.,-0.));
#19 = AXIS2_PLACEMENT_3D('',#20,#21,#22);
#20 = CARTESIAN_POINT('',(0.,0.,0.));
#21 = DIRECTION('',(0.,0.,1.));
#22 = DIRECTION('',(1.,0.,-0.));
#23 = ( GEOMETRIC_REPRESENTATION_CONTEXT(3) 
GLOBAL_UNCERTAINTY_ASSIGNED_CONTEXT((#27)) GLOBAL_UNIT_ASSIGNED_CONTEXT(
(#24,#25,#26)) REPRESENTATION_CONTEXT('Context #1',
  '3D Context with UNIT and UNCERTAINTY') );
#24 = ( LENGTH_UNIT() NAMED_UNIT(*) SI_UNIT(.MILLI.,.METRE.) );
#25 = ( NAMED_UNIT(*) PLANE_ANGLE_UNIT() SI_UNIT($,.RADIAN.) );
#26 = ( NAMED_UNIT(*) SI_UNIT($,.STERADIAN.) SOLID_ANGLE_UNIT() );
#27 = UNCERTAINTY_MEASURE_WITH_UNIT(LENGTH_MEASURE(1.E-07),#24,
  'distance_accuracy_value','confusion accuracy');
#28 = PRODUCT_RELATED_PRODUCT_CATEGORY('part',$,(#7));
#29 = SHAPE_DEFINITION_REPRESENTATION(#30,#36);
#30 = PRODUCT_DEFINITION_SHAPE('','',#31);
#31 = PRODUCT_DEFINITION('design','',#32,#35);
#32 = PRODUCT_DEFINITION_FORMATION('','',#33);
#33 = PRODUCT('Open CASCADE STEP translator 7.9 5.1',
  'Open CASCADE STEP translator 7.9 5.1','',(#34));
#34 = PRODUCT_CONTEXT('',#2,'mechanical');
#35 = PRODUCT_DEFINITION_CONTEXT('part definition',#2,'design');
#36 = ADVANCED_BREP_SHAPE_REPRESENTATION('',(#11,#37),#12263);
#37 = MANIFOLD_SOLID_BREP('',#38);
#38 = CLOSED_SHELL('',(#39,#158,#246,#690,#745,#817,#871,#923,#978,#1032
    ,#1087,#1277,#1353,#1480,#1931,#1980,#2035,#2842,#2897,#3057,#3090,
    #3142,#3500,#3525,#3550,#3575,#3600,#3607,#3654,#3681,#3708,#3735,
    #3762,#3769,#3818,#4378,#4427,#4698,#4848,#4998,#5044,#5071,#5119,
    #5168,#5214,#5241,#5289,#5532,#5818,#5867,#6350,#6377,#6404,#6411,
    #6485,#6492,#6562,#6609,#6682,#6729,#6754,#6824,#6874,#6921,#7037,
    #7081,#7130,#7155,#7204,#7232,#7259,#7313,#7461,#7666,#8226,#8272,
    #8299,#8306,#8361,#8416,#8471,#8526,#8581,#8636,#8691,#8718,#8745,
    #8772,#8799,#8826,#8832,#8858,#8885,#8891,#8917,#8944,#8971,#8998,
    #9025,#9032,#9079,#9300,#9374,#9421,#9468,#9493,#9568,#9615,#9663,
    #9688,#9695,#9722,#9749,#9776,#9803,#9830,#9857,#9884,#9911,#9938,
    #9945,#10021,#10070,#10119,#10146,#10227,#10234,#10241,#10316,#10363
    ,#10411,#10460,#10943,#10970,#10997,#11024,#11051,#11078,#11105,
    #11111,#11137,#11164,#11170,#11196,#11223,#11250,#11277,#11304,
    #11311,#11346,#11385,#11420,#11459,#11494,#11529,#11568,#11614,
    #11660,#11667,#11692,#11738,#11814,#11863,#11912,#11939,#11994,
    #12021,#12076,#12103,#12158,#12213,#12240,#12247,#12251,#12255,
    #12259));
#39 = ADVANCED_FACE('',(#40),#54,.F.);
#40 = FACE_BOUND('',#41,.F.);
#41 = EDGE_LOOP('',(#42,#77,#105,#133));
#42 = ORIENTED_EDGE('',*,*,#43,.F.);
#43 = EDGE_CURVE('',#44,#46,#48,.T.);
#44 = VERTEX_POINT('',#45);
#45 = CARTESIAN_POINT('',(-5.551115123126E-17,6.,0.6));
#46 = VERTEX_POINT('',#47);
#47 = CARTESIAN_POINT('',(-8.881784197001E-16,6.,14.486140888476));
#48 = SURFACE_CURVE('',#49,(#53,#65),.PCURVE_S1.);
#49 = LINE('',#50,#51);
#50 = CARTESIAN_POINT('',(-8.881784197001E-16,6.,0.));
#51 = VECTOR('',#52,1.);
#52 = DIRECTION('',(0.,0.,1.));
#53 = PCURVE('',#54,#59);
#54 = PLANE('',#55);
#55 = AXIS2_PLACEMENT_3D('',#56,#57,#58);
#56 = CARTESIAN_POINT('',(0.,0.,0.));
#57 = DIRECTION('',(1.,0.,0.));
#58 = DIRECTION('',(0.,0.,1.));
#59 = DEFINITIONAL_REPRESENTATION('',(#60),#64);
#60 = LINE('',#61,#62);
#61 = CARTESIAN_POINT('',(0.,-6.));
#62 = VECTOR('',#63,1.);
#63 = DIRECTION('',(1.,0.));
#64 = ( GEOMETRIC_REPRESENTATION_CONTEXT(2) 
PARAMETRIC_REPRESENTATION_CONTEXT() REPRESENTATION_CONTEXT('2D SPACE',''
  ) );
#65 = PCURVE('',#66,#71);
#66 = CYLINDRICAL_SURFACE('',#67,6.);
#67 = AXIS2_PLACEMENT_3D('',#68,#69,#70);
#68 = CARTESIAN_POINT('',(6.,6.,0.));
#69 = DIRECTION('',(0.,0.,1.));
#70 = DIRECTION('',(-1.,-0.,0.));
#71 = DEFINITIONAL_REPRESENTATION('',(#72),#76);
#72 = LINE('',#73,#74);
#73 = CARTESIAN_POINT('',(0.,0.));
#74 = VECTOR('',#75,1.);
#75 = DIRECTION('',(0.,1.));
#76 = ( GEOMETRIC_REPRESENTATION_CONTEXT(2) 
PARAMETRIC_REPRESENTATION_CONTEXT() REPRESENTATION_CONTEXT('2D SPACE',''
  ) );
#77 = ORIENTED_EDGE('',*,*,#78,.T.);
#78 = EDGE_CURVE('',#44,#79,#81,.T.);
#79 = VERTEX_POINT('',#80);
#80 = CARTESIAN_POINT('',(-2.22044604925E-16,150.20842373802,0.6));
#81 = SURFACE_CURVE('',#82,(#86,#93),.PCURVE_S1.);
#82 = LINE('',#83,#84);
#83 = CARTESIAN_POINT('',(0.,6.,0.6));
#84 = VECTOR('',#85,1.);
#85 = DIRECTION('',(0.,1.,0.));
#86 = PCURVE('',#54,#87);
#87 = DEFINITIONAL_REPRESENTATION('',(#88),#92);
#88 = LINE('',#89,#90);
#89 = CARTESIAN_POINT('',(0.6,-6.));
#90 = VECTOR('',#91,1.);
#91 = DIRECTION('',(0.,-1.));
#92 = ( GEOMETRIC_REPRESENTATION_CONTEXT(2) 
PARAMETRIC_REPRESENTATION_CONTEXT() REPRESENTATION_CONTEXT('2D SPACE',''
  ) );
#93 = PCURVE('',#94,#99);
#94 = PLANE('',#95);
#95 = AXIS2_PLACEMENT_3D('',#96,#97,#98);
#96 = CARTESIAN_POINT('',(0.3,6.,0.3));
#97 = DIRECTION('',(-0.707106781187,-1.701458523382E-18,-0.707106781187)
  );
#98 = DIRECTION('',(-1.203112859791E-18,1.,-1.203112859791E-18));
#99 = DEFINITIONAL_REPRESENTATION('',(#100),#104);
#100 = LINE('',#101,#102);
#101 = CARTESIAN_POINT('',(0.,-0.424264068712));
#102 = VECTOR('',#103,1.);
#103 = DIRECTION('',(1.,0.));
#104 = ( GEOMETRIC_REPRESENTATION_CONTEXT(2) 
PARAMETRIC_REPRESENTATION_CONTEXT() REPRESENTATION_CONTEXT('2D SPACE',''
  ) );
#105 = ORIENTED_EDGE('',*,*,#106,.T.);
#106 = EDGE_CURVE('',#79,#107,#109,.T.);
#107 = VERTEX_POINT('',#108);
#108 = CARTESIAN_POINT('',(-8.881784197001E-16,150.20842373802,
    46.45173607474));
#109 = SURFACE_CURVE('',#110,(#114,#121),.PCURVE_S1.);
#110 = LINE('',#111,#112);
#111 = CARTESIAN_POINT('',(-8.881784197001E-16,150.20842373802,0.));
#112 = VECTOR('',#113,1.);
#113 = DIRECTION('',(0.,0.,1.));
#114 = PCURVE('',#54,#115);
#115 = DEFINITIONAL_REPRESENTATION('',(#116),#120);
#116 = LINE('',#117,#118);
#117 = CARTESIAN_POINT('',(0.,-150.208423738));
#118 = VECTOR('',#119,1.);
#119 = DIRECTION('',(1.,0.));
#120 = ( GEOMETRIC_REPRESENTATION_CONTEXT(2) 
PARAMETRIC_REPRESENTATION_CONTEXT() REPRESENTATION_CONTEXT('2D SPACE',''
  ) );
#121 = PCURVE('',#122,#127);
#122 = CYLINDRICAL_SURFACE('',#123,6.);
#123 = AXIS2_PLACEMENT_3D('',#124,#125,#126);
#124 = CARTESIAN_POINT('',(6.,150.20842373802,0.));
#125 = DIRECTION('',(0.,0.,1.));
#126 = DIRECTION('',(-1.,-0.,0.));
#127 = DEFINITIONAL_REPRESENTATION('',(#128),#132);
#128 = LINE('',#129,#130);
#129 = CARTESIAN_POINT('',(-0.,0.));
#130 = VECTOR('',#131,1.);
#131 = DIRECTION('',(-0.,1.));
#132 = ( GEOMETRIC_REPRESENTATION_CONTEXT(2) 
PARAMETRIC_REPRESENTATION_CONTEXT() REPRESENTATION_CONTEXT('2D SPACE',''
  ) );
#133 = ORIENTED_EDGE('',*,*,#134,.T.);
#134 = EDGE_CURVE('',#107,#46,#135,.T.);
#135 = SURFACE_CURVE('',#136,(#140,#146),.PCURVE_S1.);
#136 = LINE('',#137,#138);
#137 = CARTESIAN_POINT('',(0.,-221.0579219448,-35.84407858545));
#138 = VECTOR('',#139,1.);
#139 = DIRECTION('',(0.,-0.976302648363,-0.216409655053));
#140 = PCURVE('',#54,#141);
#141 = DEFINITIONAL_REPRESENTATION('',(#142),#145);
#142 = B_SPLINE_CURVE_WITH_KNOTS('',1,(#143,#144),.UNSPECIFIED.,.F.,.F.,
  (2,2),(-380.277925401,-232.5691959615),.PIECEWISE_BEZIER_KNOTS.);
#143 = CARTESIAN_POINT('',(46.45173607474,-150.208423738));
#144 = CARTESIAN_POINT('',(14.486140888476,-6.));
#145 = ( GEOMETRIC_REPRESENTATION_CONTEXT(2) 
PARAMETRIC_REPRESENTATION_CONTEXT() REPRESENTATION_CONTEXT('2D SPACE',''
  ) );
#146 = PCURVE('',#147,#152);
#147 = PLANE('',#148);
#148 = AXIS2_PLACEMENT_3D('',#149,#150,#151);
#149 = CARTESIAN_POINT('',(-450.,-439.3361917632,-84.22817869631));
#150 = DIRECTION('',(0.,-0.216409655053,0.976302648363));
#151 = DIRECTION('',(1.,0.,0.));
#152 = DEFINITIONAL_REPRESENTATION('',(#153),#157);
#153 = LINE('',#154,#155);
#154 = CARTESIAN_POINT('',(450.,223.57643931868));
#155 = VECTOR('',#156,1.);
#156 = DIRECTION('',(0.,-1.));
#157 = ( GEOMETRIC_REPRESENTATION_CONTEXT(2) 
PARAMETRIC_REPRESENTATION_CONTEXT() REPRESENTATION_CONTEXT('2D SPACE',''
  ) );
#158 = ADVANCED_FACE('',(#159),#66,.T.);
#159 = FACE_BOUND('',#160,.T.);
#160 = EDGE_LOOP('',(#161,#162,#191,#219));
#161 = ORIENTED_EDGE('',*,*,#43,.F.);
#162 = ORIENTED_EDGE('',*,*,#163,.F.);
#163 = EDGE_CURVE('',#164,#44,#166,.T.);
#164 = VERTEX_POINT('',#165);
#165 = CARTESIAN_POINT('',(6.,1.665334536938E-16,0.6));
#166 = SURFACE_CURVE('',#167,(#172,#179),.PCURVE_S1.);
#167 = CIRCLE('',#168,6.);
#168 = AXIS2_PLACEMENT_3D('',#169,#170,#171);
#169 = CARTESIAN_POINT('',(6.,6.,0.6));
#170 = DIRECTION('',(-0.,0.,-1.));
#171 = DIRECTION('',(-2.960594732334E-16,-1.,0.));
#172 = PCURVE('',#66,#173);
#173 = DEFINITIONAL_REPRESENTATION('',(#174),#178);
#174 = LINE('',#175,#176);
#175 = CARTESIAN_POINT('',(1.570796326795,0.6));
#176 = VECTOR('',#177,1.);
#177 = DIRECTION('',(-1.,-0.));
#178 = ( GEOMETRIC_REPRESENTATION_CONTEXT(2) 
PARAMETRIC_REPRESENTATION_CONTEXT() REPRESENTATION_CONTEXT('2D SPACE',''
  ) );
#179 = PCURVE('',#180,#185);
#180 = CONICAL_SURFACE('',#181,6.,0.785398163397);
#181 = AXIS2_PLACEMENT_3D('',#182,#183,#184);
#182 = CARTESIAN_POINT('',(6.,6.,0.6));
#183 = DIRECTION('',(0.,0.,1.));
#184 = DIRECTION('',(-2.960594732334E-16,-1.,0.));
#185 = DEFINITIONAL_REPRESENTATION('',(#186),#190);
#186 = LINE('',#187,#188);
#187 = CARTESIAN_POINT('',(-0.,-0.));
#188 = VECTOR('',#189,1.);
#189 = DIRECTION('',(-1.,-0.));
#190 = ( GEOMETRIC_REPRESENTATION_CONTEXT(2) 
PARAMETRIC_REPRESENTATION_CONTEXT() REPRESENTATION_CONTEXT('2D SPACE',''
  ) );
#191 = ORIENTED_EDGE('',*,*,#192,.T.);
#192 = EDGE_CURVE('',#164,#193,#195,.T.);
#193 = VERTEX_POINT('',#194);
#194 = CARTESIAN_POINT('',(6.,-8.881784197001E-16,13.156166077393));
#195 = SURFACE_CURVE('',#196,(#200,#207),.PCURVE_S1.);
#196 = LINE('',#197,#198);
#197 = CARTESIAN_POINT('',(6.,-8.881784197001E-16,0.));
#198 = VECTOR('',#199,1.);
#199 = DIRECTION('',(0.,0.,1.));
#200 = PCURVE('',#66,#201);
#201 = DEFINITIONAL_REPRESENTATION('',(#202),#206);
#202 = LINE('',#203,#204);
#203 = CARTESIAN_POINT('',(1.570796326795,0.));
#204 = VECTOR('',#205,1.);
#205 = DIRECTION('',(0.,1.));
#206 = ( GEOMETRIC_REPRESENTATION_CONTEXT(2) 
PARAMETRIC_REPRESENTATION_CONTEXT() REPRESENTATION_CONTEXT('2D SPACE',''
  ) );
#207 = PCURVE('',#208,#213);
#208 = PLANE('',#209);
#209 = AXIS2_PLACEMENT_3D('',#210,#211,#212);
#210 = CARTESIAN_POINT('',(0.,0.,0.));
#211 = DIRECTION('',(0.,1.,0.));
#212 = DIRECTION('',(0.,0.,1.));
#213 = DEFINITIONAL_REPRESENTATION('',(#214),#218);
#214 = LINE('',#215,#216);
#215 = CARTESIAN_POINT('',(0.,6.));
#216 = VECTOR('',#217,1.);
#217 = DIRECTION('',(1.,0.));
#218 = ( GEOMETRIC_REPRESENTATION_CONTEXT(2) 
PARAMETRIC_REPRESENTATION_CONTEXT() REPRESENTATION_CONTEXT('2D SPACE',''
  ) );
#219 = ORIENTED_EDGE('',*,*,#220,.F.);
#220 = EDGE_CURVE('',#46,#193,#221,.T.);
#221 = SURFACE_CURVE('',#222,(#227,#239),.PCURVE_S1.);
#222 = ELLIPSE('',#223,6.145635280271,6.);
#223 = AXIS2_PLACEMENT_3D('',#224,#225,#226);
#224 = CARTESIAN_POINT('',(6.,6.,14.486140888476));
#225 = DIRECTION('',(0.,-0.216409655053,0.976302648363));
#226 = DIRECTION('',(0.,0.976302648363,0.216409655053));
#227 = PCURVE('',#66,#228);
#228 = DEFINITIONAL_REPRESENTATION('',(#229),#238);
#229 = B_SPLINE_CURVE_WITH_KNOTS('',7,(#230,#231,#232,#233,#234,#235,
    #236,#237),.UNSPECIFIED.,.F.,.F.,(8,8),(1.570796326795,3.14159265359
    ),.PIECEWISE_BEZIER_KNOTS.);
#230 = CARTESIAN_POINT('',(0.,14.486140888476));
#231 = CARTESIAN_POINT('',(0.224399475256,14.187695238765));
#232 = CARTESIAN_POINT('',(0.448798950513,13.889250800919));
#233 = CARTESIAN_POINT('',(0.673198425769,13.615344102562));
#234 = CARTESIAN_POINT('',(0.897597901026,13.390557507012));
#235 = CARTESIAN_POINT('',(1.121997376282,13.23430033215));
#236 = CARTESIAN_POINT('',(1.346396851538,13.156166077393));
#237 = CARTESIAN_POINT('',(1.570796326795,13.156166077393));
#238 = ( GEOMETRIC_REPRESENTATION_CONTEXT(2) 
PARAMETRIC_REPRESENTATION_CONTEXT() REPRESENTATION_CONTEXT('2D SPACE',''
  ) );
#239 = PCURVE('',#147,#240);
#240 = DEFINITIONAL_REPRESENTATION('',(#241),#245);
#241 = ELLIPSE('',#242,6.145635280271,6.);
#242 = AXIS2_PLACEMENT_2D('',#243,#244);
#243 = CARTESIAN_POINT('',(456.,456.14563528027));
#244 = DIRECTION('',(0.,1.));
#245 = ( GEOMETRIC_REPRESENTATION_CONTEXT(2) 
PARAMETRIC_REPRESENTATION_CONTEXT() REPRESENTATION_CONTEXT('2D SPACE',''
  ) );
#246 = ADVANCED_FACE('',(#247,#422),#147,.T.);
#247 = FACE_BOUND('',#248,.T.);
#248 = EDGE_LOOP('',(#249,#278,#279,#280,#302,#336,#363,#397));
#249 = ORIENTED_EDGE('',*,*,#250,.T.);
#250 = EDGE_CURVE('',#251,#107,#253,.T.);
#251 = VERTEX_POINT('',#252);
#252 = CARTESIAN_POINT('',(6.,156.20842373802,47.781710885823));
#253 = SURFACE_CURVE('',#254,(#259,#266),.PCURVE_S1.);
#254 = ELLIPSE('',#255,6.145635280271,6.);
#255 = AXIS2_PLACEMENT_3D('',#256,#257,#258);
#256 = CARTESIAN_POINT('',(6.,150.20842373802,46.45173607474));
#257 = DIRECTION('',(0.,-0.216409655053,0.976302648363));
#258 = DIRECTION('',(0.,0.976302648363,0.216409655053));
#259 = PCURVE('',#147,#260);
#260 = DEFINITIONAL_REPRESENTATION('',(#261),#265);
#261 = ELLIPSE('',#262,6.145635280271,6.);
#262 = AXIS2_PLACEMENT_2D('',#263,#264);
#263 = CARTESIAN_POINT('',(456.,603.85436471972));
#264 = DIRECTION('',(0.,1.));
#265 = ( GEOMETRIC_REPRESENTATION_CONTEXT(2) 
PARAMETRIC_REPRESENTATION_CONTEXT() REPRESENTATION_CONTEXT('2D SPACE',''
  ) );
#266 = PCURVE('',#122,#267);
#267 = DEFINITIONAL_REPRESENTATION('',(#268),#277);
#268 = B_SPLINE_CURVE_WITH_KNOTS('',7,(#269,#270,#271,#272,#273,#274,
    #275,#276),.UNSPECIFIED.,.F.,.F.,(8,8),(1.057526724829E-17,
    1.570796326795),.PIECEWISE_BEZIER_KNOTS.);
#269 = CARTESIAN_POINT('',(-1.570796326795,47.781710885823));
#270 = CARTESIAN_POINT('',(-1.346396851538,47.781710885823));
#271 = CARTESIAN_POINT('',(-1.121997376282,47.70357663106));
#272 = CARTESIAN_POINT('',(-0.897597901026,47.547319456239));
#273 = CARTESIAN_POINT('',(-0.673198425769,47.322532860628));
#274 = CARTESIAN_POINT('',(-0.448798950513,47.048626162303));
#275 = CARTESIAN_POINT('',(-0.224399475256,46.750181724451));
#276 = CARTESIAN_POINT('',(0.,46.45173607474));
#277 = ( GEOMETRIC_REPRESENTATION_CONTEXT(2) 
PARAMETRIC_REPRESENTATION_CONTEXT() REPRESENTATION_CONTEXT('2D SPACE',''
  ) );
#278 = ORIENTED_EDGE('',*,*,#134,.T.);
#279 = ORIENTED_EDGE('',*,*,#220,.T.);
#280 = ORIENTED_EDGE('',*,*,#281,.T.);
#281 = EDGE_CURVE('',#193,#282,#284,.T.);
#282 = VERTEX_POINT('',#283);
#283 = CARTESIAN_POINT('',(192.775,-8.881784197001E-16,13.156166077393)
  );
#284 = SURFACE_CURVE('',#285,(#289,#296),.PCURVE_S1.);
#285 = LINE('',#286,#287);
#286 = CARTESIAN_POINT('',(-225.,-2.947951909747E-15,13.156166077393));
#287 = VECTOR('',#288,1.);
#288 = DIRECTION('',(1.,0.,-0.));
#289 = PCURVE('',#147,#290);
#290 = DEFINITIONAL_REPRESENTATION('',(#291),#295);
#291 = LINE('',#292,#293);
#292 = CARTESIAN_POINT('',(225.,450.));
#293 = VECTOR('',#294,1.);
#294 = DIRECTION('',(1.,0.));
#295 = ( GEOMETRIC_REPRESENTATION_CONTEXT(2) 
PARAMETRIC_REPRESENTATION_CONTEXT() REPRESENTATION_CONTEXT('2D SPACE',''
  ) );
#296 = PCURVE('',#208,#297);
#297 = DEFINITIONAL_REPRESENTATION('',(#298),#301);
#298 = B_SPLINE_CURVE_WITH_KNOTS('',1,(#299,#300),.UNSPECIFIED.,.F.,.F.,
  (2,2),(231.,417.775),.PIECEWISE_BEZIER_KNOTS.);
#299 = CARTESIAN_POINT('',(13.156166077393,6.));
#300 = CARTESIAN_POINT('',(13.156166077393,192.775));
#301 = ( GEOMETRIC_REPRESENTATION_CONTEXT(2) 
PARAMETRIC_REPRESENTATION_CONTEXT() REPRESENTATION_CONTEXT('2D SPACE',''
  ) );
#302 = ORIENTED_EDGE('',*,*,#303,.T.);
#303 = EDGE_CURVE('',#282,#304,#306,.T.);
#304 = VERTEX_POINT('',#305);
#305 = CARTESIAN_POINT('',(198.775,6.,14.486140888476));
#306 = SURFACE_CURVE('',#307,(#312,#319),.PCURVE_S1.);
#307 = ELLIPSE('',#308,6.145635280271,6.);
#308 = AXIS2_PLACEMENT_3D('',#309,#310,#311);
#309 = CARTESIAN_POINT('',(192.775,6.,14.486140888476));
#310 = DIRECTION('',(0.,-0.216409655053,0.976302648363));
#311 = DIRECTION('',(0.,0.976302648363,0.216409655053));
#312 = PCURVE('',#147,#313);
#313 = DEFINITIONAL_REPRESENTATION('',(#314),#318);
#314 = ELLIPSE('',#315,6.145635280271,6.);
#315 = AXIS2_PLACEMENT_2D('',#316,#317);
#316 = CARTESIAN_POINT('',(642.775,456.14563528027));
#317 = DIRECTION('',(0.,1.));
#318 = ( GEOMETRIC_REPRESENTATION_CONTEXT(2) 
PARAMETRIC_REPRESENTATION_CONTEXT() REPRESENTATION_CONTEXT('2D SPACE',''
  ) );
#319 = PCURVE('',#320,#325);
#320 = CYLINDRICAL_SURFACE('',#321,6.);
#321 = AXIS2_PLACEMENT_3D('',#322,#323,#324);
#322 = CARTESIAN_POINT('',(192.775,6.,0.));
#323 = DIRECTION('',(0.,0.,1.));
#324 = DIRECTION('',(1.,0.,-0.));
#325 = DEFINITIONAL_REPRESENTATION('',(#326),#335);
#326 = B_SPLINE_CURVE_WITH_KNOTS('',7,(#327,#328,#329,#330,#331,#332,
    #333,#334),.UNSPECIFIED.,.F.,.F.,(8,8),(3.14159265359,4.712388980385
    ),.PIECEWISE_BEZIER_KNOTS.);
#327 = CARTESIAN_POINT('',(-1.570796326795,13.156166077393));
#328 = CARTESIAN_POINT('',(-1.346396851538,13.156166077393));
#329 = CARTESIAN_POINT('',(-1.121997376282,13.234300332148));
#330 = CARTESIAN_POINT('',(-0.897597901026,13.390557507014));
#331 = CARTESIAN_POINT('',(-0.673198425769,13.615344102557));
#332 = CARTESIAN_POINT('',(-0.448798950513,13.88925080092));
#333 = CARTESIAN_POINT('',(-0.224399475256,14.187695238765));
#334 = CARTESIAN_POINT('',(-1.480297366167E-16,14.486140888476));
#335 = ( GEOMETRIC_REPRESENTATION_CONTEXT(2) 
PARAMETRIC_REPRESENTATION_CONTEXT() REPRESENTATION_CONTEXT('2D SPACE',''
  ) );
#336 = ORIENTED_EDGE('',*,*,#337,.F.);
#337 = EDGE_CURVE('',#338,#304,#340,.T.);
#338 = VERTEX_POINT('',#339);
#339 = CARTESIAN_POINT('',(198.775,150.20842373802,46.45173607474));
#340 = SURFACE_CURVE('',#341,(#345,#352),.PCURVE_S1.);
#341 = LINE('',#342,#343);
#342 = CARTESIAN_POINT('',(198.775,-221.0579219448,-35.84407858545));
#343 = VECTOR('',#344,1.);
#344 = DIRECTION('',(0.,-0.976302648363,-0.216409655053));
#345 = PCURVE('',#147,#346);
#346 = DEFINITIONAL_REPRESENTATION('',(#347),#351);
#347 = LINE('',#348,#349);
#348 = CARTESIAN_POINT('',(648.775,223.57643931868));
#349 = VECTOR('',#350,1.);
#350 = DIRECTION('',(0.,-1.));
#351 = ( GEOMETRIC_REPRESENTATION_CONTEXT(2) 
PARAMETRIC_REPRESENTATION_CONTEXT() REPRESENTATION_CONTEXT('2D SPACE',''
  ) );
#352 = PCURVE('',#353,#358);
#353 = PLANE('',#354);
#354 = AXIS2_PLACEMENT_3D('',#355,#356,#357);
#355 = CARTESIAN_POINT('',(198.775,0.,0.));
#356 = DIRECTION('',(1.,0.,0.));
#357 = DIRECTION('',(0.,0.,1.));
#358 = DEFINITIONAL_REPRESENTATION('',(#359),#362);
#359 = B_SPLINE_CURVE_WITH_KNOTS('',1,(#360,#361),.UNSPECIFIED.,.F.,.F.,
  (2,2),(-380.277925401,-232.5691959615),.PIECEWISE_BEZIER_KNOTS.);
#360 = CARTESIAN_POINT('',(46.45173607474,-150.208423738));
#361 = CARTESIAN_POINT('',(14.486140888476,-6.));
#362 = ( GEOMETRIC_REPRESENTATION_CONTEXT(2) 
PARAMETRIC_REPRESENTATION_CONTEXT() REPRESENTATION_CONTEXT('2D SPACE',''
  ) );
#363 = ORIENTED_EDGE('',*,*,#364,.T.);
#364 = EDGE_CURVE('',#338,#365,#367,.T.);
#365 = VERTEX_POINT('',#366);
#366 = CARTESIAN_POINT('',(192.775,156.20842373802,47.781710885823));
#367 = SURFACE_CURVE('',#368,(#373,#380),.PCURVE_S1.);
#368 = ELLIPSE('',#369,6.145635280271,6.);
#369 = AXIS2_PLACEMENT_3D('',#370,#371,#372);
#370 = CARTESIAN_POINT('',(192.775,150.20842373802,46.45173607474));
#371 = DIRECTION('',(0.,-0.216409655053,0.976302648363));
#372 = DIRECTION('',(0.,0.976302648363,0.216409655053));
#373 = PCURVE('',#147,#374);
#374 = DEFINITIONAL_REPRESENTATION('',(#375),#379);
#375 = ELLIPSE('',#376,6.145635280271,6.);
#376 = AXIS2_PLACEMENT_2D('',#377,#378);
#377 = CARTESIAN_POINT('',(642.775,603.85436471972));
#378 = DIRECTION('',(0.,1.));
#379 = ( GEOMETRIC_REPRESENTATION_CONTEXT(2) 
PARAMETRIC_REPRESENTATION_CONTEXT() REPRESENTATION_CONTEXT('2D SPACE',''
  ) );
#380 = PCURVE('',#381,#386);
#381 = CYLINDRICAL_SURFACE('',#382,6.);
#382 = AXIS2_PLACEMENT_3D('',#383,#384,#385);
#383 = CARTESIAN_POINT('',(192.775,150.20842373802,0.));
#384 = DIRECTION('',(0.,0.,1.));
#385 = DIRECTION('',(1.,0.,-0.));
#386 = DEFINITIONAL_REPRESENTATION('',(#387),#396);
#387 = B_SPLINE_CURVE_WITH_KNOTS('',7,(#388,#389,#390,#391,#392,#393,
    #394,#395),.UNSPECIFIED.,.F.,.F.,(8,8),(4.712388980385,6.28318530718
    ),.PIECEWISE_BEZIER_KNOTS.);
#388 = CARTESIAN_POINT('',(0.,46.45173607474));
#389 = CARTESIAN_POINT('',(0.224399475256,46.750181724451));
#390 = CARTESIAN_POINT('',(0.448798950513,47.0486261623));
#391 = CARTESIAN_POINT('',(0.673198425769,47.322532860646));
#392 = CARTESIAN_POINT('',(0.897597901026,47.547319456221));
#393 = CARTESIAN_POINT('',(1.121997376282,47.703576631063));
#394 = CARTESIAN_POINT('',(1.346396851538,47.781710885823));
#395 = CARTESIAN_POINT('',(1.570796326795,47.781710885823));
#396 = ( GEOMETRIC_REPRESENTATION_CONTEXT(2) 
PARAMETRIC_REPRESENTATION_CONTEXT() REPRESENTATION_CONTEXT('2D SPACE',''
  ) );
#397 = ORIENTED_EDGE('',*,*,#398,.F.);
#398 = EDGE_CURVE('',#251,#365,#399,.T.);
#399 = SURFACE_CURVE('',#400,(#404,#411),.PCURVE_S1.);
#400 = LINE('',#401,#402);
#401 = CARTESIAN_POINT('',(-225.,156.20842373802,47.781710885823));
#402 = VECTOR('',#403,1.);
#403 = DIRECTION('',(1.,0.,-0.));
#404 = PCURVE('',#147,#405);
#405 = DEFINITIONAL_REPRESENTATION('',(#406),#410);
#406 = LINE('',#407,#408);
#407 = CARTESIAN_POINT('',(225.,610.));
#408 = VECTOR('',#409,1.);
#409 = DIRECTION('',(1.,0.));
#410 = ( GEOMETRIC_REPRESENTATION_CONTEXT(2) 
PARAMETRIC_REPRESENTATION_CONTEXT() REPRESENTATION_CONTEXT('2D SPACE',''
  ) );
#411 = PCURVE('',#412,#417);
#412 = PLANE('',#413);
#413 = AXIS2_PLACEMENT_3D('',#414,#415,#416);
#414 = CARTESIAN_POINT('',(0.,156.20842373802,0.));
#415 = DIRECTION('',(0.,1.,0.));
#416 = DIRECTION('',(0.,0.,1.));
#417 = DEFINITIONAL_REPRESENTATION('',(#418),#421);
#418 = B_SPLINE_CURVE_WITH_KNOTS('',1,(#419,#420),.UNSPECIFIED.,.F.,.F.,
  (2,2),(231.,417.775),.PIECEWISE_BEZIER_KNOTS.);
#419 = CARTESIAN_POINT('',(47.781710885823,6.));
#420 = CARTESIAN_POINT('',(47.781710885823,192.775));
#421 = ( GEOMETRIC_REPRESENTATION_CONTEXT(2) 
PARAMETRIC_REPRESENTATION_CONTEXT() REPRESENTATION_CONTEXT('2D SPACE',''
  ) );
#422 = FACE_BOUND('',#423,.T.);
#423 = EDGE_LOOP('',(#424,#453,#480,#508,#535,#569,#597,#631,#658));
#424 = ORIENTED_EDGE('',*,*,#425,.T.);
#425 = EDGE_CURVE('',#426,#428,#430,.T.);
#426 = VERTEX_POINT('',#427);
#427 = CARTESIAN_POINT('',(192.775,3.2,13.865485976638));
#428 = VERTEX_POINT('',#429);
#429 = CARTESIAN_POINT('',(6.382142857143,3.2,13.865485976638));
#430 = SURFACE_CURVE('',#431,(#435,#442),.PCURVE_S1.);
#431 = LINE('',#432,#433);
#432 = CARTESIAN_POINT('',(-223.4,3.2,13.865485976638));
#433 = VECTOR('',#434,1.);
#434 = DIRECTION('',(-1.,0.,0.));
#435 = PCURVE('',#147,#436);
#436 = DEFINITIONAL_REPRESENTATION('',(#437),#441);
#437 = LINE('',#438,#439);
#438 = CARTESIAN_POINT('',(226.6,453.27767214947));
#439 = VECTOR('',#440,1.);
#440 = DIRECTION('',(-1.,0.));
#441 = ( GEOMETRIC_REPRESENTATION_CONTEXT(2) 
PARAMETRIC_REPRESENTATION_CONTEXT() REPRESENTATION_CONTEXT('2D SPACE',''
  ) );
#442 = PCURVE('',#443,#448);
#443 = PLANE('',#444);
#444 = AXIS2_PLACEMENT_3D('',#445,#446,#447);
#445 = CARTESIAN_POINT('',(3.2,3.2,3.2));
#446 = DIRECTION('',(0.,1.,0.));
#447 = DIRECTION('',(0.,0.,1.));
#448 = DEFINITIONAL_REPRESENTATION('',(#449),#452);
#449 = B_SPLINE_CURVE_WITH_KNOTS('',1,(#450,#451),.UNSPECIFIED.,.F.,.F.,
  (2,2),(-416.175,-229.4),.PIECEWISE_BEZIER_KNOTS.);
#450 = CARTESIAN_POINT('',(10.665485976638,189.575));
#451 = CARTESIAN_POINT('',(10.665485976638,2.8));
#452 = ( GEOMETRIC_REPRESENTATION_CONTEXT(2) 
PARAMETRIC_REPRESENTATION_CONTEXT() REPRESENTATION_CONTEXT('2D SPACE',''
  ) );
#453 = ORIENTED_EDGE('',*,*,#454,.F.);
#454 = EDGE_CURVE('',#455,#428,#457,.T.);
#455 = VERTEX_POINT('',#456);
#456 = CARTESIAN_POINT('',(6.382142857143,124.63302648362,
    40.782630386107));
#457 = SURFACE_CURVE('',#458,(#462,#469),.PCURVE_S1.);
#458 = LINE('',#459,#460);
#459 = CARTESIAN_POINT('',(6.382142857143,-219.1948048559,
    -35.43109545239));
#460 = VECTOR('',#461,1.);
#461 = DIRECTION('',(0.,-0.976302648363,-0.216409655053));
#462 = PCURVE('',#147,#463);
#463 = DEFINITIONAL_REPRESENTATION('',(#464),#468);
#464 = LINE('',#465,#466);
#465 = CARTESIAN_POINT('',(456.38214285714,225.48477900415));
#466 = VECTOR('',#467,1.);
#467 = DIRECTION('',(0.,-1.));
#468 = ( GEOMETRIC_REPRESENTATION_CONTEXT(2) 
PARAMETRIC_REPRESENTATION_CONTEXT() REPRESENTATION_CONTEXT('2D SPACE',''
  ) );
#469 = PCURVE('',#470,#475);
#470 = PLANE('',#471);
#471 = AXIS2_PLACEMENT_3D('',#472,#473,#474);
#472 = CARTESIAN_POINT('',(6.382142857143,3.2,3.2));
#473 = DIRECTION('',(1.,0.,0.));
#474 = DIRECTION('',(0.,0.,1.));
#475 = DEFINITIONAL_REPRESENTATION('',(#476),#479);
#476 = B_SPLINE_CURVE_WITH_KNOTS('',1,(#477,#478),.UNSPECIFIED.,.F.,.F.,
  (2,2),(-352.1734084366,-227.7928931453),.PIECEWISE_BEZIER_KNOTS.);
#477 = CARTESIAN_POINT('',(37.582630386107,-121.4330264836));
#478 = CARTESIAN_POINT('',(10.665485976638,-5.164183090129E-15));
#479 = ( GEOMETRIC_REPRESENTATION_CONTEXT(2) 
PARAMETRIC_REPRESENTATION_CONTEXT() REPRESENTATION_CONTEXT('2D SPACE',''
  ) );
#480 = ORIENTED_EDGE('',*,*,#481,.F.);
#481 = EDGE_CURVE('',#482,#455,#484,.T.);
#482 = VERTEX_POINT('',#483);
#483 = CARTESIAN_POINT('',(3.2,124.63302648362,40.782630386107));
#484 = SURFACE_CURVE('',#485,(#489,#496),.PCURVE_S1.);
#485 = LINE('',#486,#487);
#486 = CARTESIAN_POINT('',(-223.4,124.63302648362,40.782630386107));
#487 = VECTOR('',#488,1.);
#488 = DIRECTION('',(1.,0.,-0.));
#489 = PCURVE('',#147,#490);
#490 = DEFINITIONAL_REPRESENTATION('',(#491),#495);
#491 = LINE('',#492,#493);
#492 = CARTESIAN_POINT('',(226.6,577.65818744079));
#493 = VECTOR('',#494,1.);
#494 = DIRECTION('',(1.,0.));
#495 = ( GEOMETRIC_REPRESENTATION_CONTEXT(2) 
PARAMETRIC_REPRESENTATION_CONTEXT() REPRESENTATION_CONTEXT('2D SPACE',''
  ) );
#496 = PCURVE('',#497,#502);
#497 = PLANE('',#498);
#498 = AXIS2_PLACEMENT_3D('',#499,#500,#501);
#499 = CARTESIAN_POINT('',(3.2,124.63302648362,3.2));
#500 = DIRECTION('',(0.,1.,0.));
#501 = DIRECTION('',(0.,0.,1.));
#502 = DEFINITIONAL_REPRESENTATION('',(#503),#507);
#503 = LINE('',#504,#505);
#504 = CARTESIAN_POINT('',(37.582630386107,-226.6));
#505 = VECTOR('',#506,1.);
#506 = DIRECTION('',(0.,1.));
#507 = ( GEOMETRIC_REPRESENTATION_CONTEXT(2) 
PARAMETRIC_REPRESENTATION_CONTEXT() REPRESENTATION_CONTEXT('2D SPACE',''
  ) );
#508 = ORIENTED_EDGE('',*,*,#509,.T.);
#509 = EDGE_CURVE('',#482,#510,#512,.T.);
#510 = VERTEX_POINT('',#511);
#511 = CARTESIAN_POINT('',(3.2,150.20842373802,46.45173607474));
#512 = SURFACE_CURVE('',#513,(#517,#524),.PCURVE_S1.);
#513 = LINE('',#514,#515);
#514 = CARTESIAN_POINT('',(3.2,-219.1948048559,-35.43109545239));
#515 = VECTOR('',#516,1.);
#516 = DIRECTION('',(-0.,0.976302648363,0.216409655053));
#517 = PCURVE('',#147,#518);
#518 = DEFINITIONAL_REPRESENTATION('',(#519),#523);
#519 = LINE('',#520,#521);
#520 = CARTESIAN_POINT('',(453.2,225.48477900415));
#521 = VECTOR('',#522,1.);
#522 = DIRECTION('',(0.,1.));
#523 = ( GEOMETRIC_REPRESENTATION_CONTEXT(2) 
PARAMETRIC_REPRESENTATION_CONTEXT() REPRESENTATION_CONTEXT('2D SPACE',''
  ) );
#524 = PCURVE('',#525,#530);
#525 = PLANE('',#526);
#526 = AXIS2_PLACEMENT_3D('',#527,#528,#529);
#527 = CARTESIAN_POINT('',(3.2,3.2,3.2));
#528 = DIRECTION('',(1.,0.,0.));
#529 = DIRECTION('',(0.,0.,1.));
#530 = DEFINITIONAL_REPRESENTATION('',(#531),#534);
#531 = B_SPLINE_CURVE_WITH_KNOTS('',1,(#532,#533),.UNSPECIFIED.,.F.,.F.,
  (2,2),(230.66085627611,378.36958571557),.PIECEWISE_BEZIER_KNOTS.);
#532 = CARTESIAN_POINT('',(11.286140888476,-2.8));
#533 = CARTESIAN_POINT('',(43.25173607474,-147.008423738));
#534 = ( GEOMETRIC_REPRESENTATION_CONTEXT(2) 
PARAMETRIC_REPRESENTATION_CONTEXT() REPRESENTATION_CONTEXT('2D SPACE',''
  ) );
#535 = ORIENTED_EDGE('',*,*,#536,.F.);
#536 = EDGE_CURVE('',#537,#510,#539,.T.);
#537 = VERTEX_POINT('',#538);
#538 = CARTESIAN_POINT('',(6.,153.00842373802,47.072390986578));
#539 = SURFACE_CURVE('',#540,(#545,#552),.PCURVE_S1.);
#540 = ELLIPSE('',#541,2.867963130793,2.8);
#541 = AXIS2_PLACEMENT_3D('',#542,#543,#544);
#542 = CARTESIAN_POINT('',(6.,150.20842373802,46.45173607474));
#543 = DIRECTION('',(0.,-0.216409655053,0.976302648363));
#544 = DIRECTION('',(0.,0.976302648363,0.216409655053));
#545 = PCURVE('',#147,#546);
#546 = DEFINITIONAL_REPRESENTATION('',(#547),#551);
#547 = ELLIPSE('',#548,2.867963130793,2.8);
#548 = AXIS2_PLACEMENT_2D('',#549,#550);
#549 = CARTESIAN_POINT('',(456.,603.85436471972));
#550 = DIRECTION('',(0.,1.));
#551 = ( GEOMETRIC_REPRESENTATION_CONTEXT(2) 
PARAMETRIC_REPRESENTATION_CONTEXT() REPRESENTATION_CONTEXT('2D SPACE',''
  ) );
#552 = PCURVE('',#553,#558);
#553 = CYLINDRICAL_SURFACE('',#554,2.8);
#554 = AXIS2_PLACEMENT_3D('',#555,#556,#557);
#555 = CARTESIAN_POINT('',(6.,150.20842373802,3.2));
#556 = DIRECTION('',(0.,0.,1.));
#557 = DIRECTION('',(-1.,-0.,0.));
#558 = DEFINITIONAL_REPRESENTATION('',(#559),#568);
#559 = B_SPLINE_CURVE_WITH_KNOTS('',7,(#560,#561,#562,#563,#564,#565,
    #566,#567),.UNSPECIFIED.,.F.,.F.,(8,8),(1.057526724829E-17,
    1.570796326795),.PIECEWISE_BEZIER_KNOTS.);
#560 = CARTESIAN_POINT('',(-1.570796326795,43.872390986578));
#561 = CARTESIAN_POINT('',(-1.346396851538,43.872390986578));
#562 = CARTESIAN_POINT('',(-1.121997376282,43.835928334356));
#563 = CARTESIAN_POINT('',(-0.897597901025,43.763008319432));
#564 = CARTESIAN_POINT('',(-0.67319842577,43.658107908167));
#565 = CARTESIAN_POINT('',(-0.448798950513,43.530284782271));
#566 = CARTESIAN_POINT('',(-0.224399475256,43.391010711272));
#567 = CARTESIAN_POINT('',(0.,43.25173607474));
#568 = ( GEOMETRIC_REPRESENTATION_CONTEXT(2) 
PARAMETRIC_REPRESENTATION_CONTEXT() REPRESENTATION_CONTEXT('2D SPACE',''
  ) );
#569 = ORIENTED_EDGE('',*,*,#570,.F.);
#570 = EDGE_CURVE('',#571,#537,#573,.T.);
#571 = VERTEX_POINT('',#572);
#572 = CARTESIAN_POINT('',(192.775,153.00842373802,47.072390986578));
#573 = SURFACE_CURVE('',#574,(#578,#585),.PCURVE_S1.);
#574 = LINE('',#575,#576);
#575 = CARTESIAN_POINT('',(-223.4,153.00842373802,47.072390986578));
#576 = VECTOR('',#577,1.);
#577 = DIRECTION('',(-1.,0.,0.));
#578 = PCURVE('',#147,#579);
#579 = DEFINITIONAL_REPRESENTATION('',(#580),#584);
#580 = LINE('',#581,#582);
#581 = CARTESIAN_POINT('',(226.6,606.72232785052));
#582 = VECTOR('',#583,1.);
#583 = DIRECTION('',(-1.,0.));
#584 = ( GEOMETRIC_REPRESENTATION_CONTEXT(2) 
PARAMETRIC_REPRESENTATION_CONTEXT() REPRESENTATION_CONTEXT('2D SPACE',''
  ) );
#585 = PCURVE('',#586,#591);
#586 = PLANE('',#587);
#587 = AXIS2_PLACEMENT_3D('',#588,#589,#590);
#588 = CARTESIAN_POINT('',(3.2,153.00842373802,3.2));
#589 = DIRECTION('',(0.,1.,0.));
#590 = DIRECTION('',(0.,0.,1.));
#591 = DEFINITIONAL_REPRESENTATION('',(#592),#596);
#592 = LINE('',#593,#594);
#593 = CARTESIAN_POINT('',(43.872390986578,-226.6));
#594 = VECTOR('',#595,1.);
#595 = DIRECTION('',(0.,-1.));
#596 = ( GEOMETRIC_REPRESENTATION_CONTEXT(2) 
PARAMETRIC_REPRESENTATION_CONTEXT() REPRESENTATION_CONTEXT('2D SPACE',''
  ) );
#597 = ORIENTED_EDGE('',*,*,#598,.F.);
#598 = EDGE_CURVE('',#599,#571,#601,.T.);
#599 = VERTEX_POINT('',#600);
#600 = CARTESIAN_POINT('',(195.575,150.20842373802,46.45173607474));
#601 = SURFACE_CURVE('',#602,(#607,#614),.PCURVE_S1.);
#602 = ELLIPSE('',#603,2.867963130793,2.8);
#603 = AXIS2_PLACEMENT_3D('',#604,#605,#606);
#604 = CARTESIAN_POINT('',(192.775,150.20842373802,46.45173607474));
#605 = DIRECTION('',(0.,-0.216409655053,0.976302648363));
#606 = DIRECTION('',(0.,0.976302648363,0.216409655053));
#607 = PCURVE('',#147,#608);
#608 = DEFINITIONAL_REPRESENTATION('',(#609),#613);
#609 = ELLIPSE('',#610,2.867963130793,2.8);
#610 = AXIS2_PLACEMENT_2D('',#611,#612);
#611 = CARTESIAN_POINT('',(642.775,603.85436471972));
#612 = DIRECTION('',(0.,1.));
#613 = ( GEOMETRIC_REPRESENTATION_CONTEXT(2) 
PARAMETRIC_REPRESENTATION_CONTEXT() REPRESENTATION_CONTEXT('2D SPACE',''
  ) );
#614 = PCURVE('',#615,#620);
#615 = CYLINDRICAL_SURFACE('',#616,2.8);
#616 = AXIS2_PLACEMENT_3D('',#617,#618,#619);
#617 = CARTESIAN_POINT('',(192.775,150.20842373802,3.2));
#618 = DIRECTION('',(0.,0.,1.));
#619 = DIRECTION('',(1.,0.,-0.));
#620 = DEFINITIONAL_REPRESENTATION('',(#621),#630);
#621 = B_SPLINE_CURVE_WITH_KNOTS('',7,(#622,#623,#624,#625,#626,#627,
    #628,#629),.UNSPECIFIED.,.F.,.F.,(8,8),(4.712388980385,6.28318530718
    ),.PIECEWISE_BEZIER_KNOTS.);
#622 = CARTESIAN_POINT('',(0.,43.25173607474));
#623 = CARTESIAN_POINT('',(0.224399475256,43.391010711272));
#624 = CARTESIAN_POINT('',(0.448798950513,43.530284782267));
#625 = CARTESIAN_POINT('',(0.673198425769,43.658107908181));
#626 = CARTESIAN_POINT('',(0.897597901025,43.763008319423));
#627 = CARTESIAN_POINT('',(1.121997376282,43.835928334362));
#628 = CARTESIAN_POINT('',(1.346396851538,43.872390986578));
#629 = CARTESIAN_POINT('',(1.570796326795,43.872390986578));
#630 = ( GEOMETRIC_REPRESENTATION_CONTEXT(2) 
PARAMETRIC_REPRESENTATION_CONTEXT() REPRESENTATION_CONTEXT('2D SPACE',''
  ) );
#631 = ORIENTED_EDGE('',*,*,#632,.F.);
#632 = EDGE_CURVE('',#633,#599,#635,.T.);
#633 = VERTEX_POINT('',#634);
#634 = CARTESIAN_POINT('',(195.575,6.,14.486140888476));
#635 = SURFACE_CURVE('',#636,(#640,#647),.PCURVE_S1.);
#636 = LINE('',#637,#638);
#637 = CARTESIAN_POINT('',(195.575,-219.1948048559,-35.43109545239));
#638 = VECTOR('',#639,1.);
#639 = DIRECTION('',(-0.,0.976302648363,0.216409655053));
#640 = PCURVE('',#147,#641);
#641 = DEFINITIONAL_REPRESENTATION('',(#642),#646);
#642 = LINE('',#643,#644);
#643 = CARTESIAN_POINT('',(645.575,225.48477900415));
#644 = VECTOR('',#645,1.);
#645 = DIRECTION('',(0.,1.));
#646 = ( GEOMETRIC_REPRESENTATION_CONTEXT(2) 
PARAMETRIC_REPRESENTATION_CONTEXT() REPRESENTATION_CONTEXT('2D SPACE',''
  ) );
#647 = PCURVE('',#648,#653);
#648 = PLANE('',#649);
#649 = AXIS2_PLACEMENT_3D('',#650,#651,#652);
#650 = CARTESIAN_POINT('',(195.575,3.2,3.2));
#651 = DIRECTION('',(1.,0.,0.));
#652 = DIRECTION('',(0.,0.,1.));
#653 = DEFINITIONAL_REPRESENTATION('',(#654),#657);
#654 = B_SPLINE_CURVE_WITH_KNOTS('',1,(#655,#656),.UNSPECIFIED.,.F.,.F.,
  (2,2),(230.66085627611,378.36958571557),.PIECEWISE_BEZIER_KNOTS.);
#655 = CARTESIAN_POINT('',(11.286140888476,-2.8));
#656 = CARTESIAN_POINT('',(43.25173607474,-147.008423738));
#657 = ( GEOMETRIC_REPRESENTATION_CONTEXT(2) 
PARAMETRIC_REPRESENTATION_CONTEXT() REPRESENTATION_CONTEXT('2D SPACE',''
  ) );
#658 = ORIENTED_EDGE('',*,*,#659,.F.);
#659 = EDGE_CURVE('',#426,#633,#660,.T.);
#660 = SURFACE_CURVE('',#661,(#666,#673),.PCURVE_S1.);
#661 = ELLIPSE('',#662,2.867963130793,2.8);
#662 = AXIS2_PLACEMENT_3D('',#663,#664,#665);
#663 = CARTESIAN_POINT('',(192.775,6.,14.486140888476));
#664 = DIRECTION('',(0.,-0.216409655053,0.976302648363));
#665 = DIRECTION('',(0.,0.976302648363,0.216409655053));
#666 = PCURVE('',#147,#667);
#667 = DEFINITIONAL_REPRESENTATION('',(#668),#672);
#668 = ELLIPSE('',#669,2.867963130793,2.8);
#669 = AXIS2_PLACEMENT_2D('',#670,#671);
#670 = CARTESIAN_POINT('',(642.775,456.14563528027));
#671 = DIRECTION('',(0.,1.));
#672 = ( GEOMETRIC_REPRESENTATION_CONTEXT(2) 
PARAMETRIC_REPRESENTATION_CONTEXT() REPRESENTATION_CONTEXT('2D SPACE',''
  ) );
#673 = PCURVE('',#674,#679);
#674 = CYLINDRICAL_SURFACE('',#675,2.8);
#675 = AXIS2_PLACEMENT_3D('',#676,#677,#678);
#676 = CARTESIAN_POINT('',(192.775,6.,3.2));
#677 = DIRECTION('',(0.,0.,1.));
#678 = DIRECTION('',(1.,0.,-0.));
#679 = DEFINITIONAL_REPRESENTATION('',(#680),#689);
#680 = B_SPLINE_CURVE_WITH_KNOTS('',7,(#681,#682,#683,#684,#685,#686,
    #687,#688),.UNSPECIFIED.,.F.,.F.,(8,8),(3.14159265359,4.712388980385
    ),.PIECEWISE_BEZIER_KNOTS.);
#681 = CARTESIAN_POINT('',(-1.570796326795,10.665485976638));
#682 = CARTESIAN_POINT('',(-1.346396851538,10.665485976638));
#683 = CARTESIAN_POINT('',(-1.121997376282,10.701948628858));
#684 = CARTESIAN_POINT('',(-0.897597901026,10.774868643791));
#685 = CARTESIAN_POINT('',(-0.673198425769,10.879769055051));
#686 = CARTESIAN_POINT('',(-0.448798950513,11.007592180949));
#687 = CARTESIAN_POINT('',(-0.224399475256,11.146866251945));
#688 = CARTESIAN_POINT('',(-3.172065784643E-16,11.286140888476));
#689 = ( GEOMETRIC_REPRESENTATION_CONTEXT(2) 
PARAMETRIC_REPRESENTATION_CONTEXT() REPRESENTATION_CONTEXT('2D SPACE',''
  ) );
#690 = ADVANCED_FACE('',(#691),#122,.T.);
#691 = FACE_BOUND('',#692,.F.);
#692 = EDGE_LOOP('',(#693,#694,#723,#744));
#693 = ORIENTED_EDGE('',*,*,#106,.F.);
#694 = ORIENTED_EDGE('',*,*,#695,.T.);
#695 = EDGE_CURVE('',#79,#696,#698,.T.);
#696 = VERTEX_POINT('',#697);
#697 = CARTESIAN_POINT('',(6.,156.20842373802,0.6));
#698 = SURFACE_CURVE('',#699,(#704,#711),.PCURVE_S1.);
#699 = CIRCLE('',#700,6.);
#700 = AXIS2_PLACEMENT_3D('',#701,#702,#703);
#701 = CARTESIAN_POINT('',(6.,150.20842373802,0.6));
#702 = DIRECTION('',(-0.,0.,-1.));
#703 = DIRECTION('',(-1.,0.,0.));
#704 = PCURVE('',#122,#705);
#705 = DEFINITIONAL_REPRESENTATION('',(#706),#710);
#706 = LINE('',#707,#708);
#707 = CARTESIAN_POINT('',(-0.,0.6));
#708 = VECTOR('',#709,1.);
#709 = DIRECTION('',(-1.,0.));
#710 = ( GEOMETRIC_REPRESENTATION_CONTEXT(2) 
PARAMETRIC_REPRESENTATION_CONTEXT() REPRESENTATION_CONTEXT('2D SPACE',''
  ) );
#711 = PCURVE('',#712,#717);
#712 = CONICAL_SURFACE('',#713,6.,0.785398163397);
#713 = AXIS2_PLACEMENT_3D('',#714,#715,#716);
#714 = CARTESIAN_POINT('',(6.,150.20842373802,0.6));
#715 = DIRECTION('',(0.,0.,1.));
#716 = DIRECTION('',(-1.,0.,0.));
#717 = DEFINITIONAL_REPRESENTATION('',(#718),#722);
#718 = LINE('',#719,#720);
#719 = CARTESIAN_POINT('',(-0.,-0.));
#720 = VECTOR('',#721,1.);
#721 = DIRECTION('',(-1.,-0.));
#722 = ( GEOMETRIC_REPRESENTATION_CONTEXT(2) 
PARAMETRIC_REPRESENTATION_CONTEXT() REPRESENTATION_CONTEXT('2D SPACE',''
  ) );
#723 = ORIENTED_EDGE('',*,*,#724,.T.);
#724 = EDGE_CURVE('',#696,#251,#725,.T.);
#725 = SURFACE_CURVE('',#726,(#730,#737),.PCURVE_S1.);
#726 = LINE('',#727,#728);
#727 = CARTESIAN_POINT('',(6.,156.20842373802,0.));
#728 = VECTOR('',#729,1.);
#729 = DIRECTION('',(0.,0.,1.));
#730 = PCURVE('',#122,#731);
#731 = DEFINITIONAL_REPRESENTATION('',(#732),#736);
#732 = LINE('',#733,#734);
#733 = CARTESIAN_POINT('',(-1.570796326795,0.));
#734 = VECTOR('',#735,1.);
#735 = DIRECTION('',(-0.,1.));
#736 = ( GEOMETRIC_REPRESENTATION_CONTEXT(2) 
PARAMETRIC_REPRESENTATION_CONTEXT() REPRESENTATION_CONTEXT('2D SPACE',''
  ) );
#737 = PCURVE('',#412,#738);
#738 = DEFINITIONAL_REPRESENTATION('',(#739),#743);
#739 = LINE('',#740,#741);
#740 = CARTESIAN_POINT('',(0.,6.));
#741 = VECTOR('',#742,1.);
#742 = DIRECTION('',(1.,0.));
#743 = ( GEOMETRIC_REPRESENTATION_CONTEXT(2) 
PARAMETRIC_REPRESENTATION_CONTEXT() REPRESENTATION_CONTEXT('2D SPACE',''
  ) );
#744 = ORIENTED_EDGE('',*,*,#250,.T.);
#745 = ADVANCED_FACE('',(#746),#94,.T.);
#746 = FACE_BOUND('',#747,.T.);
#747 = EDGE_LOOP('',(#748,#769,#770,#791));
#748 = ORIENTED_EDGE('',*,*,#749,.F.);
#749 = EDGE_CURVE('',#44,#750,#752,.T.);
#750 = VERTEX_POINT('',#751);
#751 = CARTESIAN_POINT('',(0.6,6.,-5.551115123126E-17));
#752 = SURFACE_CURVE('',#753,(#757,#763),.PCURVE_S1.);
#753 = LINE('',#754,#755);
#754 = CARTESIAN_POINT('',(0.3,6.,0.3));
#755 = VECTOR('',#756,1.);
#756 = DIRECTION('',(0.707106781187,-9.091735351839E-36,-0.707106781187)
  );
#757 = PCURVE('',#94,#758);
#758 = DEFINITIONAL_REPRESENTATION('',(#759),#762);
#759 = B_SPLINE_CURVE_WITH_KNOTS('',1,(#760,#761),.UNSPECIFIED.,.F.,.F.,
  (2,2),(-0.424264068712,0.424264068712),.PIECEWISE_BEZIER_KNOTS.);
#760 = CARTESIAN_POINT('',(0.,-0.424264068712));
#761 = CARTESIAN_POINT('',(0.,0.424264068712));
#762 = ( GEOMETRIC_REPRESENTATION_CONTEXT(2) 
PARAMETRIC_REPRESENTATION_CONTEXT() REPRESENTATION_CONTEXT('2D SPACE',''
  ) );
#763 = PCURVE('',#180,#764);
#764 = DEFINITIONAL_REPRESENTATION('',(#765),#768);
#765 = B_SPLINE_CURVE_WITH_KNOTS('',1,(#766,#767),.UNSPECIFIED.,.F.,.F.,
  (2,2),(-0.424264068712,0.424264068712),.PIECEWISE_BEZIER_KNOTS.);
#766 = CARTESIAN_POINT('',(-1.570796326795,0.));
#767 = CARTESIAN_POINT('',(-1.570796326795,-0.6));
#768 = ( GEOMETRIC_REPRESENTATION_CONTEXT(2) 
PARAMETRIC_REPRESENTATION_CONTEXT() REPRESENTATION_CONTEXT('2D SPACE',''
  ) );
#769 = ORIENTED_EDGE('',*,*,#78,.T.);
#770 = ORIENTED_EDGE('',*,*,#771,.T.);
#771 = EDGE_CURVE('',#79,#772,#774,.T.);
#772 = VERTEX_POINT('',#773);
#773 = CARTESIAN_POINT('',(0.6,150.20842373802,-2.22044604925E-16));
#774 = SURFACE_CURVE('',#775,(#779,#785),.PCURVE_S1.);
#775 = LINE('',#776,#777);
#776 = CARTESIAN_POINT('',(0.3,150.20842373802,0.3));
#777 = VECTOR('',#778,1.);
#778 = DIRECTION('',(0.707106781187,-9.091735351839E-36,-0.707106781187)
  );
#779 = PCURVE('',#94,#780);
#780 = DEFINITIONAL_REPRESENTATION('',(#781),#784);
#781 = B_SPLINE_CURVE_WITH_KNOTS('',1,(#782,#783),.UNSPECIFIED.,.F.,.F.,
  (2,2),(-0.424264068712,0.424264068712),.PIECEWISE_BEZIER_KNOTS.);
#782 = CARTESIAN_POINT('',(144.20842373802,-0.424264068712));
#783 = CARTESIAN_POINT('',(144.20842373802,0.424264068712));
#784 = ( GEOMETRIC_REPRESENTATION_CONTEXT(2) 
PARAMETRIC_REPRESENTATION_CONTEXT() REPRESENTATION_CONTEXT('2D SPACE',''
  ) );
#785 = PCURVE('',#712,#786);
#786 = DEFINITIONAL_REPRESENTATION('',(#787),#790);
#787 = B_SPLINE_CURVE_WITH_KNOTS('',1,(#788,#789),.UNSPECIFIED.,.F.,.F.,
  (2,2),(-0.424264068712,0.424264068712),.PIECEWISE_BEZIER_KNOTS.);
#788 = CARTESIAN_POINT('',(0.,0.));
#789 = CARTESIAN_POINT('',(0.,-0.6));
#790 = ( GEOMETRIC_REPRESENTATION_CONTEXT(2) 
PARAMETRIC_REPRESENTATION_CONTEXT() REPRESENTATION_CONTEXT('2D SPACE',''
  ) );
#791 = ORIENTED_EDGE('',*,*,#792,.F.);
#792 = EDGE_CURVE('',#750,#772,#793,.T.);
#793 = SURFACE_CURVE('',#794,(#798,#805),.PCURVE_S1.);
#794 = LINE('',#795,#796);
#795 = CARTESIAN_POINT('',(0.6,6.,0.));
#796 = VECTOR('',#797,1.);
#797 = DIRECTION('',(0.,1.,0.));
#798 = PCURVE('',#94,#799);
#799 = DEFINITIONAL_REPRESENTATION('',(#800),#804);
#800 = LINE('',#801,#802);
#801 = CARTESIAN_POINT('',(0.,0.424264068712));
#802 = VECTOR('',#803,1.);
#803 = DIRECTION('',(1.,0.));
#804 = ( GEOMETRIC_REPRESENTATION_CONTEXT(2) 
PARAMETRIC_REPRESENTATION_CONTEXT() REPRESENTATION_CONTEXT('2D SPACE',''
  ) );
#805 = PCURVE('',#806,#811);
#806 = PLANE('',#807);
#807 = AXIS2_PLACEMENT_3D('',#808,#809,#810);
#808 = CARTESIAN_POINT('',(0.,0.,0.));
#809 = DIRECTION('',(0.,0.,1.));
#810 = DIRECTION('',(1.,0.,0.));
#811 = DEFINITIONAL_REPRESENTATION('',(#812),#816);
#812 = LINE('',#813,#814);
#813 = CARTESIAN_POINT('',(0.6,6.));
#814 = VECTOR('',#815,1.);
#815 = DIRECTION('',(0.,1.));
#816 = ( GEOMETRIC_REPRESENTATION_CONTEXT(2) 
PARAMETRIC_REPRESENTATION_CONTEXT() REPRESENTATION_CONTEXT('2D SPACE',''
  ) );
#817 = ADVANCED_FACE('',(#818),#208,.F.);
#818 = FACE_BOUND('',#819,.F.);
#819 = EDGE_LOOP('',(#820,#848,#849,#850));
#820 = ORIENTED_EDGE('',*,*,#821,.T.);
#821 = EDGE_CURVE('',#822,#164,#824,.T.);
#822 = VERTEX_POINT('',#823);
#823 = CARTESIAN_POINT('',(192.775,-8.881784197001E-16,0.6));
#824 = SURFACE_CURVE('',#825,(#829,#836),.PCURVE_S1.);
#825 = LINE('',#826,#827);
#826 = CARTESIAN_POINT('',(192.775,0.,0.6));
#827 = VECTOR('',#828,1.);
#828 = DIRECTION('',(-1.,-0.,-0.));
#829 = PCURVE('',#208,#830);
#830 = DEFINITIONAL_REPRESENTATION('',(#831),#835);
#831 = LINE('',#832,#833);
#832 = CARTESIAN_POINT('',(0.6,192.775));
#833 = VECTOR('',#834,1.);
#834 = DIRECTION('',(-0.,-1.));
#835 = ( GEOMETRIC_REPRESENTATION_CONTEXT(2) 
PARAMETRIC_REPRESENTATION_CONTEXT() REPRESENTATION_CONTEXT('2D SPACE',''
  ) );
#836 = PCURVE('',#837,#842);
#837 = PLANE('',#838);
#838 = AXIS2_PLACEMENT_3D('',#839,#840,#841);
#839 = CARTESIAN_POINT('',(192.775,0.3,0.3));
#840 = DIRECTION('',(-1.701458523382E-18,-0.707106781187,-0.707106781187
    ));
#841 = DIRECTION('',(-1.,1.203112859791E-18,1.203112859791E-18));
#842 = DEFINITIONAL_REPRESENTATION('',(#843),#847);
#843 = LINE('',#844,#845);
#844 = CARTESIAN_POINT('',(0.,-0.424264068712));
#845 = VECTOR('',#846,1.);
#846 = DIRECTION('',(1.,0.));
#847 = ( GEOMETRIC_REPRESENTATION_CONTEXT(2) 
PARAMETRIC_REPRESENTATION_CONTEXT() REPRESENTATION_CONTEXT('2D SPACE',''
  ) );
#848 = ORIENTED_EDGE('',*,*,#192,.T.);
#849 = ORIENTED_EDGE('',*,*,#281,.T.);
#850 = ORIENTED_EDGE('',*,*,#851,.F.);
#851 = EDGE_CURVE('',#822,#282,#852,.T.);
#852 = SURFACE_CURVE('',#853,(#857,#864),.PCURVE_S1.);
#853 = LINE('',#854,#855);
#854 = CARTESIAN_POINT('',(192.775,-8.881784197001E-16,0.));
#855 = VECTOR('',#856,1.);
#856 = DIRECTION('',(0.,0.,1.));
#857 = PCURVE('',#208,#858);
#858 = DEFINITIONAL_REPRESENTATION('',(#859),#863);
#859 = LINE('',#860,#861);
#860 = CARTESIAN_POINT('',(0.,192.775));
#861 = VECTOR('',#862,1.);
#862 = DIRECTION('',(1.,0.));
#863 = ( GEOMETRIC_REPRESENTATION_CONTEXT(2) 
PARAMETRIC_REPRESENTATION_CONTEXT() REPRESENTATION_CONTEXT('2D SPACE',''
  ) );
#864 = PCURVE('',#320,#865);
#865 = DEFINITIONAL_REPRESENTATION('',(#866),#870);
#866 = LINE('',#867,#868);
#867 = CARTESIAN_POINT('',(-1.570796326795,0.));
#868 = VECTOR('',#869,1.);
#869 = DIRECTION('',(-0.,1.));
#870 = ( GEOMETRIC_REPRESENTATION_CONTEXT(2) 
PARAMETRIC_REPRESENTATION_CONTEXT() REPRESENTATION_CONTEXT('2D SPACE',''
  ) );
#871 = ADVANCED_FACE('',(#872),#180,.T.);
#872 = FACE_BOUND('',#873,.T.);
#873 = EDGE_LOOP('',(#874,#895,#896,#897));
#874 = ORIENTED_EDGE('',*,*,#875,.F.);
#875 = EDGE_CURVE('',#164,#876,#878,.T.);
#876 = VERTEX_POINT('',#877);
#877 = CARTESIAN_POINT('',(6.,0.6,1.665334536938E-16));
#878 = SURFACE_CURVE('',#879,(#883,#889),.PCURVE_S1.);
#879 = LINE('',#880,#881);
#880 = CARTESIAN_POINT('',(6.,0.3,0.3));
#881 = VECTOR('',#882,1.);
#882 = DIRECTION('',(9.091735351839E-36,0.707106781187,-0.707106781187)
  );
#883 = PCURVE('',#180,#884);
#884 = DEFINITIONAL_REPRESENTATION('',(#885),#888);
#885 = B_SPLINE_CURVE_WITH_KNOTS('',1,(#886,#887),.UNSPECIFIED.,.F.,.F.,
  (2,2),(-0.424264068712,0.424264068712),.PIECEWISE_BEZIER_KNOTS.);
#886 = CARTESIAN_POINT('',(2.22044604925E-16,0.));
#887 = CARTESIAN_POINT('',(2.22044604925E-16,-0.6));
#888 = ( GEOMETRIC_REPRESENTATION_CONTEXT(2) 
PARAMETRIC_REPRESENTATION_CONTEXT() REPRESENTATION_CONTEXT('2D SPACE',''
  ) );
#889 = PCURVE('',#837,#890);
#890 = DEFINITIONAL_REPRESENTATION('',(#891),#894);
#891 = B_SPLINE_CURVE_WITH_KNOTS('',1,(#892,#893),.UNSPECIFIED.,.F.,.F.,
  (2,2),(-0.424264068712,0.424264068712),.PIECEWISE_BEZIER_KNOTS.);
#892 = CARTESIAN_POINT('',(186.775,-0.424264068712));
#893 = CARTESIAN_POINT('',(186.775,0.424264068712));
#894 = ( GEOMETRIC_REPRESENTATION_CONTEXT(2) 
PARAMETRIC_REPRESENTATION_CONTEXT() REPRESENTATION_CONTEXT('2D SPACE',''
  ) );
#895 = ORIENTED_EDGE('',*,*,#163,.T.);
#896 = ORIENTED_EDGE('',*,*,#749,.T.);
#897 = ORIENTED_EDGE('',*,*,#898,.F.);
#898 = EDGE_CURVE('',#876,#750,#899,.T.);
#899 = SURFACE_CURVE('',#900,(#905,#912),.PCURVE_S1.);
#900 = CIRCLE('',#901,5.4);
#901 = AXIS2_PLACEMENT_3D('',#902,#903,#904);
#902 = CARTESIAN_POINT('',(6.,6.,0.));
#903 = DIRECTION('',(-0.,0.,-1.));
#904 = DIRECTION('',(-2.960594732334E-16,-1.,0.));
#905 = PCURVE('',#180,#906);
#906 = DEFINITIONAL_REPRESENTATION('',(#907),#911);
#907 = LINE('',#908,#909);
#908 = CARTESIAN_POINT('',(-0.,-0.6));
#909 = VECTOR('',#910,1.);
#910 = DIRECTION('',(-1.,-0.));
#911 = ( GEOMETRIC_REPRESENTATION_CONTEXT(2) 
PARAMETRIC_REPRESENTATION_CONTEXT() REPRESENTATION_CONTEXT('2D SPACE',''
  ) );
#912 = PCURVE('',#806,#913);
#913 = DEFINITIONAL_REPRESENTATION('',(#914),#922);
#914 = ( BOUNDED_CURVE() B_SPLINE_CURVE(2,(#915,#916,#917,#918,#919,#920
,#921),.UNSPECIFIED.,.T.,.F.) B_SPLINE_CURVE_WITH_KNOTS((1,2,2,2,2,1),(
    -2.094395102393,0.,2.094395102393,4.188790204786,6.28318530718,
8.377580409573),.UNSPECIFIED.) CURVE() GEOMETRIC_REPRESENTATION_ITEM() 
RATIONAL_B_SPLINE_CURVE((1.,0.5,1.,0.5,1.,0.5,1.)) REPRESENTATION_ITEM(
  '') );
#915 = CARTESIAN_POINT('',(6.,0.6));
#916 = CARTESIAN_POINT('',(-3.353074360872,0.6));
#917 = CARTESIAN_POINT('',(1.323462819564,8.7));
#918 = CARTESIAN_POINT('',(6.,16.8));
#919 = CARTESIAN_POINT('',(10.676537180436,8.7));
#920 = CARTESIAN_POINT('',(15.353074360872,0.6));
#921 = CARTESIAN_POINT('',(6.,0.6));
#922 = ( GEOMETRIC_REPRESENTATION_CONTEXT(2) 
PARAMETRIC_REPRESENTATION_CONTEXT() REPRESENTATION_CONTEXT('2D SPACE',''
  ) );
#923 = ADVANCED_FACE('',(#924),#320,.T.);
#924 = FACE_BOUND('',#925,.F.);
#925 = EDGE_LOOP('',(#926,#949,#976,#977));
#926 = ORIENTED_EDGE('',*,*,#927,.F.);
#927 = EDGE_CURVE('',#928,#304,#930,.T.);
#928 = VERTEX_POINT('',#929);
#929 = CARTESIAN_POINT('',(198.775,6.,0.6));
#930 = SURFACE_CURVE('',#931,(#935,#942),.PCURVE_S1.);
#931 = LINE('',#932,#933);
#932 = CARTESIAN_POINT('',(198.775,6.,0.));
#933 = VECTOR('',#934,1.);
#934 = DIRECTION('',(0.,0.,1.));
#935 = PCURVE('',#320,#936);
#936 = DEFINITIONAL_REPRESENTATION('',(#937),#941);
#937 = LINE('',#938,#939);
#938 = CARTESIAN_POINT('',(-0.,0.));
#939 = VECTOR('',#940,1.);
#940 = DIRECTION('',(-0.,1.));
#941 = ( GEOMETRIC_REPRESENTATION_CONTEXT(2) 
PARAMETRIC_REPRESENTATION_CONTEXT() REPRESENTATION_CONTEXT('2D SPACE',''
  ) );
#942 = PCURVE('',#353,#943);
#943 = DEFINITIONAL_REPRESENTATION('',(#944),#948);
#944 = LINE('',#945,#946);
#945 = CARTESIAN_POINT('',(0.,-6.));
#946 = VECTOR('',#947,1.);
#947 = DIRECTION('',(1.,0.));
#948 = ( GEOMETRIC_REPRESENTATION_CONTEXT(2) 
PARAMETRIC_REPRESENTATION_CONTEXT() REPRESENTATION_CONTEXT('2D SPACE',''
  ) );
#949 = ORIENTED_EDGE('',*,*,#950,.T.);
#950 = EDGE_CURVE('',#928,#822,#951,.T.);
#951 = SURFACE_CURVE('',#952,(#957,#964),.PCURVE_S1.);
#952 = CIRCLE('',#953,6.);
#953 = AXIS2_PLACEMENT_3D('',#954,#955,#956);
#954 = CARTESIAN_POINT('',(192.775,6.,0.6));
#955 = DIRECTION('',(0.,-0.,-1.));
#956 = DIRECTION('',(1.,1.480297366167E-16,-0.));
#957 = PCURVE('',#320,#958);
#958 = DEFINITIONAL_REPRESENTATION('',(#959),#963);
#959 = LINE('',#960,#961);
#960 = CARTESIAN_POINT('',(-0.,0.6));
#961 = VECTOR('',#962,1.);
#962 = DIRECTION('',(-1.,0.));
#963 = ( GEOMETRIC_REPRESENTATION_CONTEXT(2) 
PARAMETRIC_REPRESENTATION_CONTEXT() REPRESENTATION_CONTEXT('2D SPACE',''
  ) );
#964 = PCURVE('',#965,#970);
#965 = CONICAL_SURFACE('',#966,6.,0.785398163397);
#966 = AXIS2_PLACEMENT_3D('',#967,#968,#969);
#967 = CARTESIAN_POINT('',(192.775,6.,0.6));
#968 = DIRECTION('',(0.,0.,1.));
#969 = DIRECTION('',(1.,1.480297366167E-16,-0.));
#970 = DEFINITIONAL_REPRESENTATION('',(#971),#975);
#971 = LINE('',#972,#973);
#972 = CARTESIAN_POINT('',(-0.,-0.));
#973 = VECTOR('',#974,1.);
#974 = DIRECTION('',(-1.,-0.));
#975 = ( GEOMETRIC_REPRESENTATION_CONTEXT(2) 
PARAMETRIC_REPRESENTATION_CONTEXT() REPRESENTATION_CONTEXT('2D SPACE',''
  ) );
#976 = ORIENTED_EDGE('',*,*,#851,.T.);
#977 = ORIENTED_EDGE('',*,*,#303,.T.);
#978 = ADVANCED_FACE('',(#979),#353,.T.);
#979 = FACE_BOUND('',#980,.T.);
#980 = EDGE_LOOP('',(#981,#982,#1010,#1031));
#981 = ORIENTED_EDGE('',*,*,#927,.F.);
#982 = ORIENTED_EDGE('',*,*,#983,.F.);
#983 = EDGE_CURVE('',#984,#928,#986,.T.);
#984 = VERTEX_POINT('',#985);
#985 = CARTESIAN_POINT('',(198.775,150.20842373802,0.6));
#986 = SURFACE_CURVE('',#987,(#991,#998),.PCURVE_S1.);
#987 = LINE('',#988,#989);
#988 = CARTESIAN_POINT('',(198.775,150.20842373802,0.6));
#989 = VECTOR('',#990,1.);
#990 = DIRECTION('',(-0.,-1.,-0.));
#991 = PCURVE('',#353,#992);
#992 = DEFINITIONAL_REPRESENTATION('',(#993),#997);
#993 = LINE('',#994,#995);
#994 = CARTESIAN_POINT('',(0.6,-150.208423738));
#995 = VECTOR('',#996,1.);
#996 = DIRECTION('',(-0.,1.));
#997 = ( GEOMETRIC_REPRESENTATION_CONTEXT(2) 
PARAMETRIC_REPRESENTATION_CONTEXT() REPRESENTATION_CONTEXT('2D SPACE',''
  ) );
#998 = PCURVE('',#999,#1004);
#999 = PLANE('',#1000);
#1000 = AXIS2_PLACEMENT_3D('',#1001,#1002,#1003);
#1001 = CARTESIAN_POINT('',(198.475,150.20842373802,0.3));
#1002 = DIRECTION('',(-0.707106781187,-2.631506924206E-18,0.707106781187
    ));
#1003 = DIRECTION('',(-1.860756390846E-18,1.,1.860756390846E-18));
#1004 = DEFINITIONAL_REPRESENTATION('',(#1005),#1009);
#1005 = LINE('',#1006,#1007);
#1006 = CARTESIAN_POINT('',(-0.,-0.424264068712));
#1007 = VECTOR('',#1008,1.);
#1008 = DIRECTION('',(-1.,0.));
#1009 = ( GEOMETRIC_REPRESENTATION_CONTEXT(2) 
PARAMETRIC_REPRESENTATION_CONTEXT() REPRESENTATION_CONTEXT('2D SPACE',''
  ) );
#1010 = ORIENTED_EDGE('',*,*,#1011,.T.);
#1011 = EDGE_CURVE('',#984,#338,#1012,.T.);
#1012 = SURFACE_CURVE('',#1013,(#1017,#1024),.PCURVE_S1.);
#1013 = LINE('',#1014,#1015);
#1014 = CARTESIAN_POINT('',(198.775,150.20842373802,0.));
#1015 = VECTOR('',#1016,1.);
#1016 = DIRECTION('',(0.,0.,1.));
#1017 = PCURVE('',#353,#1018);
#1018 = DEFINITIONAL_REPRESENTATION('',(#1019),#1023);
#1019 = LINE('',#1020,#1021);
#1020 = CARTESIAN_POINT('',(0.,-150.208423738));
#1021 = VECTOR('',#1022,1.);
#1022 = DIRECTION('',(1.,0.));
#1023 = ( GEOMETRIC_REPRESENTATION_CONTEXT(2) 
PARAMETRIC_REPRESENTATION_CONTEXT() REPRESENTATION_CONTEXT('2D SPACE',''
  ) );
#1024 = PCURVE('',#381,#1025);
#1025 = DEFINITIONAL_REPRESENTATION('',(#1026),#1030);
#1026 = LINE('',#1027,#1028);
#1027 = CARTESIAN_POINT('',(0.,0.));
#1028 = VECTOR('',#1029,1.);
#1029 = DIRECTION('',(0.,1.));
#1030 = ( GEOMETRIC_REPRESENTATION_CONTEXT(2) 
PARAMETRIC_REPRESENTATION_CONTEXT() REPRESENTATION_CONTEXT('2D SPACE',''
  ) );
#1031 = ORIENTED_EDGE('',*,*,#337,.T.);
#1032 = ADVANCED_FACE('',(#1033),#381,.T.);
#1033 = FACE_BOUND('',#1034,.T.);
#1034 = EDGE_LOOP('',(#1035,#1036,#1065,#1086));
#1035 = ORIENTED_EDGE('',*,*,#1011,.F.);
#1036 = ORIENTED_EDGE('',*,*,#1037,.F.);
#1037 = EDGE_CURVE('',#1038,#984,#1040,.T.);
#1038 = VERTEX_POINT('',#1039);
#1039 = CARTESIAN_POINT('',(192.775,156.20842373802,0.6));
#1040 = SURFACE_CURVE('',#1041,(#1046,#1053),.PCURVE_S1.);
#1041 = CIRCLE('',#1042,6.);
#1042 = AXIS2_PLACEMENT_3D('',#1043,#1044,#1045);
#1043 = CARTESIAN_POINT('',(192.775,150.20842373802,0.6));
#1044 = DIRECTION('',(0.,-0.,-1.));
#1045 = DIRECTION('',(0.,1.,-0.));
#1046 = PCURVE('',#381,#1047);
#1047 = DEFINITIONAL_REPRESENTATION('',(#1048),#1052);
#1048 = LINE('',#1049,#1050);
#1049 = CARTESIAN_POINT('',(1.570796326795,0.6));
#1050 = VECTOR('',#1051,1.);
#1051 = DIRECTION('',(-1.,-0.));
#1052 = ( GEOMETRIC_REPRESENTATION_CONTEXT(2) 
PARAMETRIC_REPRESENTATION_CONTEXT() REPRESENTATION_CONTEXT('2D SPACE',''
  ) );
#1053 = PCURVE('',#1054,#1059);
#1054 = CONICAL_SURFACE('',#1055,6.,0.785398163397);
#1055 = AXIS2_PLACEMENT_3D('',#1056,#1057,#1058);
#1056 = CARTESIAN_POINT('',(192.775,150.20842373802,0.6));
#1057 = DIRECTION('',(0.,0.,1.));
#1058 = DIRECTION('',(0.,1.,0.));
#1059 = DEFINITIONAL_REPRESENTATION('',(#1060),#1064);
#1060 = LINE('',#1061,#1062);
#1061 = CARTESIAN_POINT('',(-0.,-0.));
#1062 = VECTOR('',#1063,1.);
#1063 = DIRECTION('',(-1.,-0.));
#1064 = ( GEOMETRIC_REPRESENTATION_CONTEXT(2) 
PARAMETRIC_REPRESENTATION_CONTEXT() REPRESENTATION_CONTEXT('2D SPACE',''
  ) );
#1065 = ORIENTED_EDGE('',*,*,#1066,.T.);
#1066 = EDGE_CURVE('',#1038,#365,#1067,.T.);
#1067 = SURFACE_CURVE('',#1068,(#1072,#1079),.PCURVE_S1.);
#1068 = LINE('',#1069,#1070);
#1069 = CARTESIAN_POINT('',(192.775,156.20842373802,0.));
#1070 = VECTOR('',#1071,1.);
#1071 = DIRECTION('',(0.,0.,1.));
#1072 = PCURVE('',#381,#1073);
#1073 = DEFINITIONAL_REPRESENTATION('',(#1074),#1078);
#1074 = LINE('',#1075,#1076);
#1075 = CARTESIAN_POINT('',(1.570796326795,0.));
#1076 = VECTOR('',#1077,1.);
#1077 = DIRECTION('',(0.,1.));
#1078 = ( GEOMETRIC_REPRESENTATION_CONTEXT(2) 
PARAMETRIC_REPRESENTATION_CONTEXT() REPRESENTATION_CONTEXT('2D SPACE',''
  ) );
#1079 = PCURVE('',#412,#1080);
#1080 = DEFINITIONAL_REPRESENTATION('',(#1081),#1085);
#1081 = LINE('',#1082,#1083);
#1082 = CARTESIAN_POINT('',(0.,192.775));
#1083 = VECTOR('',#1084,1.);
#1084 = DIRECTION('',(1.,0.));
#1085 = ( GEOMETRIC_REPRESENTATION_CONTEXT(2) 
PARAMETRIC_REPRESENTATION_CONTEXT() REPRESENTATION_CONTEXT('2D SPACE',''
  ) );
#1086 = ORIENTED_EDGE('',*,*,#364,.F.);
#1087 = ADVANCED_FACE('',(#1088,#1119),#412,.T.);
#1088 = FACE_BOUND('',#1089,.T.);
#1089 = EDGE_LOOP('',(#1090,#1116,#1117,#1118));
#1090 = ORIENTED_EDGE('',*,*,#1091,.F.);
#1091 = EDGE_CURVE('',#696,#1038,#1092,.T.);
#1092 = SURFACE_CURVE('',#1093,(#1097,#1104),.PCURVE_S1.);
#1093 = LINE('',#1094,#1095);
#1094 = CARTESIAN_POINT('',(6.,156.20842373802,0.6));
#1095 = VECTOR('',#1096,1.);
#1096 = DIRECTION('',(1.,0.,0.));
#1097 = PCURVE('',#412,#1098);
#1098 = DEFINITIONAL_REPRESENTATION('',(#1099),#1103);
#1099 = LINE('',#1100,#1101);
#1100 = CARTESIAN_POINT('',(0.6,6.));
#1101 = VECTOR('',#1102,1.);
#1102 = DIRECTION('',(0.,1.));
#1103 = ( GEOMETRIC_REPRESENTATION_CONTEXT(2) 
PARAMETRIC_REPRESENTATION_CONTEXT() REPRESENTATION_CONTEXT('2D SPACE',''
  ) );
#1104 = PCURVE('',#1105,#1110);
#1105 = PLANE('',#1106);
#1106 = AXIS2_PLACEMENT_3D('',#1107,#1108,#1109);
#1107 = CARTESIAN_POINT('',(6.,155.90842373802,0.3));
#1108 = DIRECTION('',(-3.453961546382E-18,-0.707106781187,0.707106781187
    ));
#1109 = DIRECTION('',(-1.,2.442319631405E-18,-2.442319631405E-18));
#1110 = DEFINITIONAL_REPRESENTATION('',(#1111),#1115);
#1111 = LINE('',#1112,#1113);
#1112 = CARTESIAN_POINT('',(-0.,-0.424264068712));
#1113 = VECTOR('',#1114,1.);
#1114 = DIRECTION('',(-1.,0.));
#1115 = ( GEOMETRIC_REPRESENTATION_CONTEXT(2) 
PARAMETRIC_REPRESENTATION_CONTEXT() REPRESENTATION_CONTEXT('2D SPACE',''
  ) );
#1116 = ORIENTED_EDGE('',*,*,#724,.T.);
#1117 = ORIENTED_EDGE('',*,*,#398,.T.);
#1118 = ORIENTED_EDGE('',*,*,#1066,.F.);
#1119 = FACE_BOUND('',#1120,.T.);
#1120 = EDGE_LOOP('',(#1121,#1149,#1175,#1201,#1227,#1253));
#1121 = ORIENTED_EDGE('',*,*,#1122,.T.);
#1122 = EDGE_CURVE('',#1123,#1125,#1127,.T.);
#1123 = VERTEX_POINT('',#1124);
#1124 = CARTESIAN_POINT('',(99.128571428571,156.20842373802,
    15.567014370377));
#1125 = VERTEX_POINT('',#1126);
#1126 = CARTESIAN_POINT('',(95.128571428571,156.20842373802,10.8));
#1127 = SURFACE_CURVE('',#1128,(#1132,#1138),.PCURVE_S1.);
#1128 = LINE('',#1129,#1130);
#1129 = CARTESIAN_POINT('',(74.817173406453,156.20842373802,
    -13.40618156347));
#1130 = VECTOR('',#1131,1.);
#1131 = DIRECTION('',(-0.642787609687,0.,-0.766044443119));
#1132 = PCURVE('',#412,#1133);
#1133 = DEFINITIONAL_REPRESENTATION('',(#1134),#1137);
#1134 = B_SPLINE_CURVE_WITH_KNOTS('',1,(#1135,#1136),.UNSPECIFIED.,.F.,
  .F.,(2,2),(-37.82182116729,-31.59892585985),.PIECEWISE_BEZIER_KNOTS.);
#1135 = CARTESIAN_POINT('',(15.567014370377,99.128571428572));
#1136 = CARTESIAN_POINT('',(10.8,95.128571428572));
#1137 = ( GEOMETRIC_REPRESENTATION_CONTEXT(2) 
PARAMETRIC_REPRESENTATION_CONTEXT() REPRESENTATION_CONTEXT('2D SPACE',''
  ) );
#1138 = PCURVE('',#1139,#1144);
#1139 = PLANE('',#1140);
#1140 = AXIS2_PLACEMENT_3D('',#1141,#1142,#1143);
#1141 = CARTESIAN_POINT('',(99.128571428571,157.20842373802,
    15.567014370377));
#1142 = DIRECTION('',(0.766044443119,0.,-0.642787609687));
#1143 = DIRECTION('',(-0.642787609687,0.,-0.766044443119));
#1144 = DEFINITIONAL_REPRESENTATION('',(#1145),#1148);
#1145 = B_SPLINE_CURVE_WITH_KNOTS('',1,(#1146,#1147),.UNSPECIFIED.,.F.,
  .F.,(2,2),(-37.82182116729,-31.59892585985),.PIECEWISE_BEZIER_KNOTS.);
#1146 = CARTESIAN_POINT('',(0.,-1.));
#1147 = CARTESIAN_POINT('',(6.222895307442,-1.));
#1148 = ( GEOMETRIC_REPRESENTATION_CONTEXT(2) 
PARAMETRIC_REPRESENTATION_CONTEXT() REPRESENTATION_CONTEXT('2D SPACE',''
  ) );
#1149 = ORIENTED_EDGE('',*,*,#1150,.T.);
#1150 = EDGE_CURVE('',#1125,#1151,#1153,.T.);
#1151 = VERTEX_POINT('',#1152);
#1152 = CARTESIAN_POINT('',(95.128571428571,156.20842373802,5.8));
#1153 = SURFACE_CURVE('',#1154,(#1158,#1164),.PCURVE_S1.);
#1154 = LINE('',#1155,#1156);
#1155 = CARTESIAN_POINT('',(95.128571428571,156.20842373802,2.9));
#1156 = VECTOR('',#1157,1.);
#1157 = DIRECTION('',(0.,0.,-1.));
#1158 = PCURVE('',#412,#1159);
#1159 = DEFINITIONAL_REPRESENTATION('',(#1160),#1163);
#1160 = B_SPLINE_CURVE_WITH_KNOTS('',1,(#1161,#1162),.UNSPECIFIED.,.F.,
  .F.,(2,2),(-7.9,-2.9),.PIECEWISE_BEZIER_KNOTS.);
#1161 = CARTESIAN_POINT('',(10.8,95.128571428571));
#1162 = CARTESIAN_POINT('',(5.8,95.128571428571));
#1163 = ( GEOMETRIC_REPRESENTATION_CONTEXT(2) 
PARAMETRIC_REPRESENTATION_CONTEXT() REPRESENTATION_CONTEXT('2D SPACE',''
  ) );
#1164 = PCURVE('',#1165,#1170);
#1165 = PLANE('',#1166);
#1166 = AXIS2_PLACEMENT_3D('',#1167,#1168,#1169);
#1167 = CARTESIAN_POINT('',(95.128571428571,152.00842373802,5.8));
#1168 = DIRECTION('',(1.,0.,0.));
#1169 = DIRECTION('',(0.,0.,1.));
#1170 = DEFINITIONAL_REPRESENTATION('',(#1171),#1174);
#1171 = B_SPLINE_CURVE_WITH_KNOTS('',1,(#1172,#1173),.UNSPECIFIED.,.F.,
  .F.,(2,2),(-7.9,-2.9),.PIECEWISE_BEZIER_KNOTS.);
#1172 = CARTESIAN_POINT('',(5.,-4.2));
#1173 = CARTESIAN_POINT('',(0.,-4.2));
#1174 = ( GEOMETRIC_REPRESENTATION_CONTEXT(2) 
PARAMETRIC_REPRESENTATION_CONTEXT() REPRESENTATION_CONTEXT('2D SPACE',''
  ) );
#1175 = ORIENTED_EDGE('',*,*,#1176,.T.);
#1176 = EDGE_CURVE('',#1151,#1177,#1179,.T.);
#1177 = VERTEX_POINT('',#1178);
#1178 = CARTESIAN_POINT('',(107.12857142857,156.20842373802,5.8));
#1179 = SURFACE_CURVE('',#1180,(#1184,#1190),.PCURVE_S1.);
#1180 = LINE('',#1181,#1182);
#1181 = CARTESIAN_POINT('',(47.564285714286,156.20842373802,5.8));
#1182 = VECTOR('',#1183,1.);
#1183 = DIRECTION('',(1.,0.,0.));
#1184 = PCURVE('',#412,#1185);
#1185 = DEFINITIONAL_REPRESENTATION('',(#1186),#1189);
#1186 = B_SPLINE_CURVE_WITH_KNOTS('',1,(#1187,#1188),.UNSPECIFIED.,.F.,
  .F.,(2,2),(47.564285714286,59.564285714286),.PIECEWISE_BEZIER_KNOTS.);
#1187 = CARTESIAN_POINT('',(5.8,95.128571428571));
#1188 = CARTESIAN_POINT('',(5.8,107.12857142857));
#1189 = ( GEOMETRIC_REPRESENTATION_CONTEXT(2) 
PARAMETRIC_REPRESENTATION_CONTEXT() REPRESENTATION_CONTEXT('2D SPACE',''
  ) );
#1190 = PCURVE('',#1191,#1196);
#1191 = PLANE('',#1192);
#1192 = AXIS2_PLACEMENT_3D('',#1193,#1194,#1195);
#1193 = CARTESIAN_POINT('',(95.128571428571,152.00842373802,5.8));
#1194 = DIRECTION('',(0.,0.,1.));
#1195 = DIRECTION('',(1.,0.,0.));
#1196 = DEFINITIONAL_REPRESENTATION('',(#1197),#1200);
#1197 = B_SPLINE_CURVE_WITH_KNOTS('',1,(#1198,#1199),.UNSPECIFIED.,.F.,
  .F.,(2,2),(47.564285714286,59.564285714286),.PIECEWISE_BEZIER_KNOTS.);
#1198 = CARTESIAN_POINT('',(0.,4.2));
#1199 = CARTESIAN_POINT('',(12.,4.2));
#1200 = ( GEOMETRIC_REPRESENTATION_CONTEXT(2) 
PARAMETRIC_REPRESENTATION_CONTEXT() REPRESENTATION_CONTEXT('2D SPACE',''
  ) );
#1201 = ORIENTED_EDGE('',*,*,#1202,.F.);
#1202 = EDGE_CURVE('',#1203,#1177,#1205,.T.);
#1203 = VERTEX_POINT('',#1204);
#1204 = CARTESIAN_POINT('',(107.12857142857,156.20842373802,10.8));
#1205 = SURFACE_CURVE('',#1206,(#1210,#1216),.PCURVE_S1.);
#1206 = LINE('',#1207,#1208);
#1207 = CARTESIAN_POINT('',(107.12857142857,156.20842373802,2.9));
#1208 = VECTOR('',#1209,1.);
#1209 = DIRECTION('',(0.,0.,-1.));
#1210 = PCURVE('',#412,#1211);
#1211 = DEFINITIONAL_REPRESENTATION('',(#1212),#1215);
#1212 = B_SPLINE_CURVE_WITH_KNOTS('',1,(#1213,#1214),.UNSPECIFIED.,.F.,
  .F.,(2,2),(-7.9,-2.9),.PIECEWISE_BEZIER_KNOTS.);
#1213 = CARTESIAN_POINT('',(10.8,107.12857142857));
#1214 = CARTESIAN_POINT('',(5.8,107.12857142857));
#1215 = ( GEOMETRIC_REPRESENTATION_CONTEXT(2) 
PARAMETRIC_REPRESENTATION_CONTEXT() REPRESENTATION_CONTEXT('2D SPACE',''
  ) );
#1216 = PCURVE('',#1217,#1222);
#1217 = PLANE('',#1218);
#1218 = AXIS2_PLACEMENT_3D('',#1219,#1220,#1221);
#1219 = CARTESIAN_POINT('',(107.12857142857,152.00842373802,5.8));
#1220 = DIRECTION('',(1.,0.,0.));
#1221 = DIRECTION('',(0.,0.,1.));
#1222 = DEFINITIONAL_REPRESENTATION('',(#1223),#1226);
#1223 = B_SPLINE_CURVE_WITH_KNOTS('',1,(#1224,#1225),.UNSPECIFIED.,.F.,
  .F.,(2,2),(-7.9,-2.9),.PIECEWISE_BEZIER_KNOTS.);
#1224 = CARTESIAN_POINT('',(5.,-4.2));
#1225 = CARTESIAN_POINT('',(0.,-4.2));
#1226 = ( GEOMETRIC_REPRESENTATION_CONTEXT(2) 
PARAMETRIC_REPRESENTATION_CONTEXT() REPRESENTATION_CONTEXT('2D SPACE',''
  ) );
#1227 = ORIENTED_EDGE('',*,*,#1228,.T.);
#1228 = EDGE_CURVE('',#1203,#1229,#1231,.T.);
#1229 = VERTEX_POINT('',#1230);
#1230 = CARTESIAN_POINT('',(103.12857142857,156.20842373802,
    15.567014370377));
#1231 = SURFACE_CURVE('',#1232,(#1236,#1242),.PCURVE_S1.);
#1232 = LINE('',#1233,#1234);
#1233 = CARTESIAN_POINT('',(87.65607980572,156.20842373802,
    34.006411848294));
#1234 = VECTOR('',#1235,1.);
#1235 = DIRECTION('',(-0.642787609687,0.,0.766044443119));
#1236 = PCURVE('',#412,#1237);
#1237 = DEFINITIONAL_REPRESENTATION('',(#1238),#1241);
#1238 = B_SPLINE_CURVE_WITH_KNOTS('',1,(#1239,#1240),.UNSPECIFIED.,.F.,
  .F.,(2,2),(-30.29381918601,-24.07092387856),.PIECEWISE_BEZIER_KNOTS.);
#1239 = CARTESIAN_POINT('',(10.8,107.12857142857));
#1240 = CARTESIAN_POINT('',(15.567014370377,103.12857142857));
#1241 = ( GEOMETRIC_REPRESENTATION_CONTEXT(2) 
PARAMETRIC_REPRESENTATION_CONTEXT() REPRESENTATION_CONTEXT('2D SPACE',''
  ) );
#1242 = PCURVE('',#1243,#1248);
#1243 = PLANE('',#1244);
#1244 = AXIS2_PLACEMENT_3D('',#1245,#1246,#1247);
#1245 = CARTESIAN_POINT('',(107.12857142857,157.20842373802,10.8));
#1246 = DIRECTION('',(-0.766044443119,-0.,-0.642787609687));
#1247 = DIRECTION('',(-0.642787609687,0.,0.766044443119));
#1248 = DEFINITIONAL_REPRESENTATION('',(#1249),#1252);
#1249 = B_SPLINE_CURVE_WITH_KNOTS('',1,(#1250,#1251),.UNSPECIFIED.,.F.,
  .F.,(2,2),(-30.29381918601,-24.07092387856),.PIECEWISE_BEZIER_KNOTS.);
#1250 = CARTESIAN_POINT('',(0.,-1.));
#1251 = CARTESIAN_POINT('',(6.222895307442,-1.));
#1252 = ( GEOMETRIC_REPRESENTATION_CONTEXT(2) 
PARAMETRIC_REPRESENTATION_CONTEXT() REPRESENTATION_CONTEXT('2D SPACE',''
  ) );
#1253 = ORIENTED_EDGE('',*,*,#1254,.T.);
#1254 = EDGE_CURVE('',#1229,#1123,#1255,.T.);
#1255 = SURFACE_CURVE('',#1256,(#1260,#1266),.PCURVE_S1.);
#1256 = LINE('',#1257,#1258);
#1257 = CARTESIAN_POINT('',(51.564285714286,156.20842373802,
    15.567014370377));
#1258 = VECTOR('',#1259,1.);
#1259 = DIRECTION('',(-1.,0.,0.));
#1260 = PCURVE('',#412,#1261);
#1261 = DEFINITIONAL_REPRESENTATION('',(#1262),#1265);
#1262 = B_SPLINE_CURVE_WITH_KNOTS('',1,(#1263,#1264),.UNSPECIFIED.,.F.,
  .F.,(2,2),(-51.56428571428,-47.56428571428),.PIECEWISE_BEZIER_KNOTS.);
#1263 = CARTESIAN_POINT('',(15.567014370377,103.12857142857));
#1264 = CARTESIAN_POINT('',(15.567014370377,99.128571428571));
#1265 = ( GEOMETRIC_REPRESENTATION_CONTEXT(2) 
PARAMETRIC_REPRESENTATION_CONTEXT() REPRESENTATION_CONTEXT('2D SPACE',''
  ) );
#1266 = PCURVE('',#1267,#1272);
#1267 = PLANE('',#1268);
#1268 = AXIS2_PLACEMENT_3D('',#1269,#1270,#1271);
#1269 = CARTESIAN_POINT('',(103.12857142857,157.20842373802,
    15.567014370377));
#1270 = DIRECTION('',(-0.,-0.,-1.));
#1271 = DIRECTION('',(-1.,0.,0.));
#1272 = DEFINITIONAL_REPRESENTATION('',(#1273),#1276);
#1273 = B_SPLINE_CURVE_WITH_KNOTS('',1,(#1274,#1275),.UNSPECIFIED.,.F.,
  .F.,(2,2),(-51.56428571428,-47.56428571428),.PIECEWISE_BEZIER_KNOTS.);
#1274 = CARTESIAN_POINT('',(0.,-1.));
#1275 = CARTESIAN_POINT('',(4.,-1.));
#1276 = ( GEOMETRIC_REPRESENTATION_CONTEXT(2) 
PARAMETRIC_REPRESENTATION_CONTEXT() REPRESENTATION_CONTEXT('2D SPACE',''
  ) );
#1277 = ADVANCED_FACE('',(#1278),#443,.T.);
#1278 = FACE_BOUND('',#1279,.T.);
#1279 = EDGE_LOOP('',(#1280,#1303,#1331,#1352));
#1280 = ORIENTED_EDGE('',*,*,#1281,.F.);
#1281 = EDGE_CURVE('',#1282,#426,#1284,.T.);
#1282 = VERTEX_POINT('',#1283);
#1283 = CARTESIAN_POINT('',(192.775,3.2,5.7));
#1284 = SURFACE_CURVE('',#1285,(#1289,#1296),.PCURVE_S1.);
#1285 = LINE('',#1286,#1287);
#1286 = CARTESIAN_POINT('',(192.775,3.2,3.2));
#1287 = VECTOR('',#1288,1.);
#1288 = DIRECTION('',(0.,0.,1.));
#1289 = PCURVE('',#443,#1290);
#1290 = DEFINITIONAL_REPRESENTATION('',(#1291),#1295);
#1291 = LINE('',#1292,#1293);
#1292 = CARTESIAN_POINT('',(0.,189.575));
#1293 = VECTOR('',#1294,1.);
#1294 = DIRECTION('',(1.,0.));
#1295 = ( GEOMETRIC_REPRESENTATION_CONTEXT(2) 
PARAMETRIC_REPRESENTATION_CONTEXT() REPRESENTATION_CONTEXT('2D SPACE',''
  ) );
#1296 = PCURVE('',#674,#1297);
#1297 = DEFINITIONAL_REPRESENTATION('',(#1298),#1302);
#1298 = LINE('',#1299,#1300);
#1299 = CARTESIAN_POINT('',(-1.570796326795,0.));
#1300 = VECTOR('',#1301,1.);
#1301 = DIRECTION('',(-0.,1.));
#1302 = ( GEOMETRIC_REPRESENTATION_CONTEXT(2) 
PARAMETRIC_REPRESENTATION_CONTEXT() REPRESENTATION_CONTEXT('2D SPACE',''
  ) );
#1303 = ORIENTED_EDGE('',*,*,#1304,.T.);
#1304 = EDGE_CURVE('',#1282,#1305,#1307,.T.);
#1305 = VERTEX_POINT('',#1306);
#1306 = CARTESIAN_POINT('',(6.382142857143,3.2,5.7));
#1307 = SURFACE_CURVE('',#1308,(#1312,#1319),.PCURVE_S1.);
#1308 = LINE('',#1309,#1310);
#1309 = CARTESIAN_POINT('',(192.775,3.2,5.7));
#1310 = VECTOR('',#1311,1.);
#1311 = DIRECTION('',(-1.,-0.,-0.));
#1312 = PCURVE('',#443,#1313);
#1313 = DEFINITIONAL_REPRESENTATION('',(#1314),#1318);
#1314 = LINE('',#1315,#1316);
#1315 = CARTESIAN_POINT('',(2.5,189.575));
#1316 = VECTOR('',#1317,1.);
#1317 = DIRECTION('',(0.,-1.));
#1318 = ( GEOMETRIC_REPRESENTATION_CONTEXT(2) 
PARAMETRIC_REPRESENTATION_CONTEXT() REPRESENTATION_CONTEXT('2D SPACE',''
  ) );
#1319 = PCURVE('',#1320,#1325);
#1320 = PLANE('',#1321);
#1321 = AXIS2_PLACEMENT_3D('',#1322,#1323,#1324);
#1322 = CARTESIAN_POINT('',(192.775,4.45,4.45));
#1323 = DIRECTION('',(7.652052273037E-18,-0.707106781187,-0.707106781187
    ));
#1324 = DIRECTION('',(-1.,-5.410818052259E-18,-5.410818052259E-18));
#1325 = DEFINITIONAL_REPRESENTATION('',(#1326),#1330);
#1326 = LINE('',#1327,#1328);
#1327 = CARTESIAN_POINT('',(-1.925929944387E-34,-1.767766952966));
#1328 = VECTOR('',#1329,1.);
#1329 = DIRECTION('',(1.,-2.803368887165E-34));
#1330 = ( GEOMETRIC_REPRESENTATION_CONTEXT(2) 
PARAMETRIC_REPRESENTATION_CONTEXT() REPRESENTATION_CONTEXT('2D SPACE',''
  ) );
#1331 = ORIENTED_EDGE('',*,*,#1332,.T.);
#1332 = EDGE_CURVE('',#1305,#428,#1333,.T.);
#1333 = SURFACE_CURVE('',#1334,(#1338,#1345),.PCURVE_S1.);
#1334 = LINE('',#1335,#1336);
#1335 = CARTESIAN_POINT('',(6.382142857143,3.2,3.2));
#1336 = VECTOR('',#1337,1.);
#1337 = DIRECTION('',(0.,0.,1.));
#1338 = PCURVE('',#443,#1339);
#1339 = DEFINITIONAL_REPRESENTATION('',(#1340),#1344);
#1340 = LINE('',#1341,#1342);
#1341 = CARTESIAN_POINT('',(0.,3.182142857143));
#1342 = VECTOR('',#1343,1.);
#1343 = DIRECTION('',(1.,0.));
#1344 = ( GEOMETRIC_REPRESENTATION_CONTEXT(2) 
PARAMETRIC_REPRESENTATION_CONTEXT() REPRESENTATION_CONTEXT('2D SPACE',''
  ) );
#1345 = PCURVE('',#470,#1346);
#1346 = DEFINITIONAL_REPRESENTATION('',(#1347),#1351);
#1347 = LINE('',#1348,#1349);
#1348 = CARTESIAN_POINT('',(0.,0.));
#1349 = VECTOR('',#1350,1.);
#1350 = DIRECTION('',(1.,0.));
#1351 = ( GEOMETRIC_REPRESENTATION_CONTEXT(2) 
PARAMETRIC_REPRESENTATION_CONTEXT() REPRESENTATION_CONTEXT('2D SPACE',''
  ) );
#1352 = ORIENTED_EDGE('',*,*,#425,.F.);
#1353 = ADVANCED_FACE('',(#1354),#470,.T.);
#1354 = FACE_BOUND('',#1355,.T.);
#1355 = EDGE_LOOP('',(#1356,#1357,#1378,#1406,#1432,#1458,#1479));
#1356 = ORIENTED_EDGE('',*,*,#1332,.F.);
#1357 = ORIENTED_EDGE('',*,*,#1358,.F.);
#1358 = EDGE_CURVE('',#1359,#1305,#1361,.T.);
#1359 = VERTEX_POINT('',#1360);
#1360 = CARTESIAN_POINT('',(6.382142857143,5.7,3.2));
#1361 = SURFACE_CURVE('',#1362,(#1366,#1372),.PCURVE_S1.);
#1362 = LINE('',#1363,#1364);
#1363 = CARTESIAN_POINT('',(6.382142857143,4.45,4.45));
#1364 = VECTOR('',#1365,1.);
#1365 = DIRECTION('',(0.,-0.707106781187,0.707106781187));
#1366 = PCURVE('',#470,#1367);
#1367 = DEFINITIONAL_REPRESENTATION('',(#1368),#1371);
#1368 = B_SPLINE_CURVE_WITH_KNOTS('',1,(#1369,#1370),.UNSPECIFIED.,.F.,
  .F.,(2,2),(-1.767766952966,1.767766952966),.PIECEWISE_BEZIER_KNOTS.);
#1369 = CARTESIAN_POINT('',(-2.347750953327E-16,-2.5));
#1370 = CARTESIAN_POINT('',(2.5,2.347750953327E-16));
#1371 = ( GEOMETRIC_REPRESENTATION_CONTEXT(2) 
PARAMETRIC_REPRESENTATION_CONTEXT() REPRESENTATION_CONTEXT('2D SPACE',''
  ) );
#1372 = PCURVE('',#1320,#1373);
#1373 = DEFINITIONAL_REPRESENTATION('',(#1374),#1377);
#1374 = B_SPLINE_CURVE_WITH_KNOTS('',1,(#1375,#1376),.UNSPECIFIED.,.F.,
  .F.,(2,2),(-1.767766952966,1.767766952966),.PIECEWISE_BEZIER_KNOTS.);
#1375 = CARTESIAN_POINT('',(186.39285714285,1.767766952966));
#1376 = CARTESIAN_POINT('',(186.39285714285,-1.767766952966));
#1377 = ( GEOMETRIC_REPRESENTATION_CONTEXT(2) 
PARAMETRIC_REPRESENTATION_CONTEXT() REPRESENTATION_CONTEXT('2D SPACE',''
  ) );
#1378 = ORIENTED_EDGE('',*,*,#1379,.T.);
#1379 = EDGE_CURVE('',#1359,#1380,#1382,.T.);
#1380 = VERTEX_POINT('',#1381);
#1381 = CARTESIAN_POINT('',(6.382142857143,7.763026483627,3.2));
#1382 = SURFACE_CURVE('',#1383,(#1387,#1394),.PCURVE_S1.);
#1383 = LINE('',#1384,#1385);
#1384 = CARTESIAN_POINT('',(6.382142857143,3.2,3.2));
#1385 = VECTOR('',#1386,1.);
#1386 = DIRECTION('',(0.,1.,0.));
#1387 = PCURVE('',#470,#1388);
#1388 = DEFINITIONAL_REPRESENTATION('',(#1389),#1393);
#1389 = LINE('',#1390,#1391);
#1390 = CARTESIAN_POINT('',(0.,0.));
#1391 = VECTOR('',#1392,1.);
#1392 = DIRECTION('',(0.,-1.));
#1393 = ( GEOMETRIC_REPRESENTATION_CONTEXT(2) 
PARAMETRIC_REPRESENTATION_CONTEXT() REPRESENTATION_CONTEXT('2D SPACE',''
  ) );
#1394 = PCURVE('',#1395,#1400);
#1395 = PLANE('',#1396);
#1396 = AXIS2_PLACEMENT_3D('',#1397,#1398,#1399);
#1397 = CARTESIAN_POINT('',(3.2,3.2,3.2));
#1398 = DIRECTION('',(0.,0.,1.));
#1399 = DIRECTION('',(1.,0.,0.));
#1400 = DEFINITIONAL_REPRESENTATION('',(#1401),#1405);
#1401 = LINE('',#1402,#1403);
#1402 = CARTESIAN_POINT('',(3.182142857143,0.));
#1403 = VECTOR('',#1404,1.);
#1404 = DIRECTION('',(0.,1.));
#1405 = ( GEOMETRIC_REPRESENTATION_CONTEXT(2) 
PARAMETRIC_REPRESENTATION_CONTEXT() REPRESENTATION_CONTEXT('2D SPACE',''
  ) );
#1406 = ORIENTED_EDGE('',*,*,#1407,.F.);
#1407 = EDGE_CURVE('',#1408,#1380,#1410,.T.);
#1408 = VERTEX_POINT('',#1409);
#1409 = CARTESIAN_POINT('',(6.382142857143,7.763026483627,
    14.576937690892));
#1410 = SURFACE_CURVE('',#1411,(#1415,#1421),.PCURVE_S1.);
#1411 = LINE('',#1412,#1413);
#1412 = CARTESIAN_POINT('',(6.382142857143,7.763026483627,3.2));
#1413 = VECTOR('',#1414,1.);
#1414 = DIRECTION('',(0.,0.,-1.));
#1415 = PCURVE('',#470,#1416);
#1416 = DEFINITIONAL_REPRESENTATION('',(#1417),#1420);
#1417 = B_SPLINE_CURVE_WITH_KNOTS('',1,(#1418,#1419),.UNSPECIFIED.,.F.,
  .F.,(2,2),(-11.37693769089,0.),.PIECEWISE_BEZIER_KNOTS.);
#1418 = CARTESIAN_POINT('',(11.376937690892,-4.563026483627));
#1419 = CARTESIAN_POINT('',(0.,-4.563026483627));
#1420 = ( GEOMETRIC_REPRESENTATION_CONTEXT(2) 
PARAMETRIC_REPRESENTATION_CONTEXT() REPRESENTATION_CONTEXT('2D SPACE',''
  ) );
#1421 = PCURVE('',#1422,#1427);
#1422 = PLANE('',#1423);
#1423 = AXIS2_PLACEMENT_3D('',#1424,#1425,#1426);
#1424 = CARTESIAN_POINT('',(94.932142857143,7.763026483627,3.2));
#1425 = DIRECTION('',(1.110223024625E-16,1.,0.));
#1426 = DIRECTION('',(0.,0.,1.));
#1427 = DEFINITIONAL_REPRESENTATION('',(#1428),#1431);
#1428 = B_SPLINE_CURVE_WITH_KNOTS('',1,(#1429,#1430),.UNSPECIFIED.,.F.,
  .F.,(2,2),(-11.37693769089,0.),.PIECEWISE_BEZIER_KNOTS.);
#1429 = CARTESIAN_POINT('',(11.376937690892,-88.55));
#1430 = CARTESIAN_POINT('',(0.,-88.55));
#1431 = ( GEOMETRIC_REPRESENTATION_CONTEXT(2) 
PARAMETRIC_REPRESENTATION_CONTEXT() REPRESENTATION_CONTEXT('2D SPACE',''
  ) );
#1432 = ORIENTED_EDGE('',*,*,#1433,.T.);
#1433 = EDGE_CURVE('',#1408,#1434,#1436,.T.);
#1434 = VERTEX_POINT('',#1435);
#1435 = CARTESIAN_POINT('',(6.382142857143,124.63302648362,
    40.482630386107));
#1436 = SURFACE_CURVE('',#1437,(#1441,#1447),.PCURVE_S1.);
#1437 = LINE('',#1438,#1439);
#1438 = CARTESIAN_POINT('',(6.382142857143,-64.02626837092,
    -1.336054619437));
#1439 = VECTOR('',#1440,1.);
#1440 = DIRECTION('',(-0.,0.976302648363,0.216409655053));
#1441 = PCURVE('',#470,#1442);
#1442 = DEFINITIONAL_REPRESENTATION('',(#1443),#1446);
#1443 = B_SPLINE_CURVE_WITH_KNOTS('',1,(#1444,#1445),.UNSPECIFIED.,.F.,
  .F.,(2,2),(73.531803867323,193.23853640154),.PIECEWISE_BEZIER_KNOTS.);
#1444 = CARTESIAN_POINT('',(11.376937690892,-4.563026483627));
#1445 = CARTESIAN_POINT('',(37.282630386107,-121.4330264836));
#1446 = ( GEOMETRIC_REPRESENTATION_CONTEXT(2) 
PARAMETRIC_REPRESENTATION_CONTEXT() REPRESENTATION_CONTEXT('2D SPACE',''
  ) );
#1447 = PCURVE('',#1448,#1453);
#1448 = PLANE('',#1449);
#1449 = AXIS2_PLACEMENT_3D('',#1450,#1451,#1452);
#1450 = CARTESIAN_POINT('',(250.55714285714,-129.0625031889,
    -15.75214697203));
#1451 = DIRECTION('',(-2.402629817907E-17,-0.216409655053,0.976302648363
    ));
#1452 = DIRECTION('',(1.083913679215E-16,0.976302648363,0.216409655053)
  );
#1453 = DEFINITIONAL_REPRESENTATION('',(#1454),#1457);
#1454 = B_SPLINE_CURVE_WITH_KNOTS('',1,(#1455,#1456),.UNSPECIFIED.,.F.,
  .F.,(2,2),(73.531803867323,193.23853640154),.PIECEWISE_BEZIER_KNOTS.);
#1455 = CARTESIAN_POINT('',(140.14663373289,244.175));
#1456 = CARTESIAN_POINT('',(259.8533662671,244.175));
#1457 = ( GEOMETRIC_REPRESENTATION_CONTEXT(2) 
PARAMETRIC_REPRESENTATION_CONTEXT() REPRESENTATION_CONTEXT('2D SPACE',''
  ) );
#1458 = ORIENTED_EDGE('',*,*,#1459,.T.);
#1459 = EDGE_CURVE('',#1434,#455,#1460,.T.);
#1460 = SURFACE_CURVE('',#1461,(#1465,#1472),.PCURVE_S1.);
#1461 = LINE('',#1462,#1463);
#1462 = CARTESIAN_POINT('',(6.382142857143,124.63302648362,3.2));
#1463 = VECTOR('',#1464,1.);
#1464 = DIRECTION('',(0.,0.,1.));
#1465 = PCURVE('',#470,#1466);
#1466 = DEFINITIONAL_REPRESENTATION('',(#1467),#1471);
#1467 = LINE('',#1468,#1469);
#1468 = CARTESIAN_POINT('',(0.,-121.4330264836));
#1469 = VECTOR('',#1470,1.);
#1470 = DIRECTION('',(1.,0.));
#1471 = ( GEOMETRIC_REPRESENTATION_CONTEXT(2) 
PARAMETRIC_REPRESENTATION_CONTEXT() REPRESENTATION_CONTEXT('2D SPACE',''
  ) );
#1472 = PCURVE('',#497,#1473);
#1473 = DEFINITIONAL_REPRESENTATION('',(#1474),#1478);
#1474 = LINE('',#1475,#1476);
#1475 = CARTESIAN_POINT('',(0.,3.182142857143));
#1476 = VECTOR('',#1477,1.);
#1477 = DIRECTION('',(1.,0.));
#1478 = ( GEOMETRIC_REPRESENTATION_CONTEXT(2) 
PARAMETRIC_REPRESENTATION_CONTEXT() REPRESENTATION_CONTEXT('2D SPACE',''
  ) );
#1479 = ORIENTED_EDGE('',*,*,#454,.T.);
#1480 = ADVANCED_FACE('',(#1481),#497,.T.);
#1481 = FACE_BOUND('',#1482,.T.);
#1482 = EDGE_LOOP('',(#1483,#1484,#1507,#1535,#1563,#1591,#1614,#1642,
    #1670,#1696,#1722,#1748,#1776,#1802,#1828,#1854,#1882,#1909,#1930));
#1483 = ORIENTED_EDGE('',*,*,#1459,.F.);
#1484 = ORIENTED_EDGE('',*,*,#1485,.T.);
#1485 = EDGE_CURVE('',#1434,#1486,#1488,.T.);
#1486 = VERTEX_POINT('',#1487);
#1487 = CARTESIAN_POINT('',(44.557142857143,124.63302648362,
    40.482630386107));
#1488 = SURFACE_CURVE('',#1489,(#1493,#1500),.PCURVE_S1.);
#1489 = LINE('',#1490,#1491);
#1490 = CARTESIAN_POINT('',(172.74464285714,124.63302648362,
    40.482630386107));
#1491 = VECTOR('',#1492,1.);
#1492 = DIRECTION('',(1.,-1.110223024625E-16,0.));
#1493 = PCURVE('',#497,#1494);
#1494 = DEFINITIONAL_REPRESENTATION('',(#1495),#1499);
#1495 = LINE('',#1496,#1497);
#1496 = CARTESIAN_POINT('',(37.282630386107,169.54464285714));
#1497 = VECTOR('',#1498,1.);
#1498 = DIRECTION('',(0.,1.));
#1499 = ( GEOMETRIC_REPRESENTATION_CONTEXT(2) 
PARAMETRIC_REPRESENTATION_CONTEXT() REPRESENTATION_CONTEXT('2D SPACE',''
  ) );
#1500 = PCURVE('',#1448,#1501);
#1501 = DEFINITIONAL_REPRESENTATION('',(#1502),#1506);
#1502 = LINE('',#1503,#1504);
#1503 = CARTESIAN_POINT('',(259.8533662671,77.8125));
#1504 = VECTOR('',#1505,1.);
#1505 = DIRECTION('',(0.,-1.));
#1506 = ( GEOMETRIC_REPRESENTATION_CONTEXT(2) 
PARAMETRIC_REPRESENTATION_CONTEXT() REPRESENTATION_CONTEXT('2D SPACE',''
  ) );
#1507 = ORIENTED_EDGE('',*,*,#1508,.F.);
#1508 = EDGE_CURVE('',#1509,#1486,#1511,.T.);
#1509 = VERTEX_POINT('',#1510);
#1510 = CARTESIAN_POINT('',(44.557142857143,124.63302648362,
    16.433443998149));
#1511 = SURFACE_CURVE('',#1512,(#1516,#1523),.PCURVE_S1.);
#1512 = LINE('',#1513,#1514);
#1513 = CARTESIAN_POINT('',(44.557142857143,124.63302648362,
    16.433443998149));
#1514 = VECTOR('',#1515,1.);
#1515 = DIRECTION('',(0.,0.,1.));
#1516 = PCURVE('',#497,#1517);
#1517 = DEFINITIONAL_REPRESENTATION('',(#1518),#1522);
#1518 = LINE('',#1519,#1520);
#1519 = CARTESIAN_POINT('',(13.233443998149,41.357142857143));
#1520 = VECTOR('',#1521,1.);
#1521 = DIRECTION('',(1.,0.));
#1522 = ( GEOMETRIC_REPRESENTATION_CONTEXT(2) 
PARAMETRIC_REPRESENTATION_CONTEXT() REPRESENTATION_CONTEXT('2D SPACE',''
  ) );
#1523 = PCURVE('',#1524,#1529);
#1524 = PLANE('',#1525);
#1525 = AXIS2_PLACEMENT_3D('',#1526,#1527,#1528);
#1526 = CARTESIAN_POINT('',(44.557142857143,121.13302648362,
    16.433443998149));
#1527 = DIRECTION('',(-1.,1.110223024625E-16,0.));
#1528 = DIRECTION('',(0.,0.,1.));
#1529 = DEFINITIONAL_REPRESENTATION('',(#1530),#1534);
#1530 = LINE('',#1531,#1532);
#1531 = CARTESIAN_POINT('',(0.,3.5));
#1532 = VECTOR('',#1533,1.);
#1533 = DIRECTION('',(1.,0.));
#1534 = ( GEOMETRIC_REPRESENTATION_CONTEXT(2) 
PARAMETRIC_REPRESENTATION_CONTEXT() REPRESENTATION_CONTEXT('2D SPACE',''
  ) );
#1535 = ORIENTED_EDGE('',*,*,#1536,.F.);
#1536 = EDGE_CURVE('',#1537,#1509,#1539,.T.);
#1537 = VERTEX_POINT('',#1538);
#1538 = CARTESIAN_POINT('',(56.557142857143,124.63302648362,
    16.433443998149));
#1539 = SURFACE_CURVE('',#1540,(#1544,#1551),.PCURVE_S1.);
#1540 = LINE('',#1541,#1542);
#1541 = CARTESIAN_POINT('',(94.932142857143,124.63302648362,
    16.433443998149));
#1542 = VECTOR('',#1543,1.);
#1543 = DIRECTION('',(-1.,1.110223024625E-16,0.));
#1544 = PCURVE('',#497,#1545);
#1545 = DEFINITIONAL_REPRESENTATION('',(#1546),#1550);
#1546 = LINE('',#1547,#1548);
#1547 = CARTESIAN_POINT('',(13.233443998149,91.732142857143));
#1548 = VECTOR('',#1549,1.);
#1549 = DIRECTION('',(0.,-1.));
#1550 = ( GEOMETRIC_REPRESENTATION_CONTEXT(2) 
PARAMETRIC_REPRESENTATION_CONTEXT() REPRESENTATION_CONTEXT('2D SPACE',''
  ) );
#1551 = PCURVE('',#1552,#1557);
#1552 = PLANE('',#1553);
#1553 = AXIS2_PLACEMENT_3D('',#1554,#1555,#1556);
#1554 = CARTESIAN_POINT('',(94.932142857143,7.763026483627,
    16.433443998149));
#1555 = DIRECTION('',(0.,0.,1.));
#1556 = DIRECTION('',(1.110223024625E-16,1.,0.));
#1557 = DEFINITIONAL_REPRESENTATION('',(#1558),#1562);
#1558 = LINE('',#1559,#1560);
#1559 = CARTESIAN_POINT('',(116.87,1.297517648879E-14));
#1560 = VECTOR('',#1561,1.);
#1561 = DIRECTION('',(0.,1.));
#1562 = ( GEOMETRIC_REPRESENTATION_CONTEXT(2) 
PARAMETRIC_REPRESENTATION_CONTEXT() REPRESENTATION_CONTEXT('2D SPACE',''
  ) );
#1563 = ORIENTED_EDGE('',*,*,#1564,.T.);
#1564 = EDGE_CURVE('',#1537,#1565,#1567,.T.);
#1565 = VERTEX_POINT('',#1566);
#1566 = CARTESIAN_POINT('',(56.557142857143,124.63302648362,
    40.482630386107));
#1567 = SURFACE_CURVE('',#1568,(#1572,#1579),.PCURVE_S1.);
#1568 = LINE('',#1569,#1570);
#1569 = CARTESIAN_POINT('',(56.557142857143,124.63302648362,
    16.433443998149));
#1570 = VECTOR('',#1571,1.);
#1571 = DIRECTION('',(0.,0.,1.));
#1572 = PCURVE('',#497,#1573);
#1573 = DEFINITIONAL_REPRESENTATION('',(#1574),#1578);
#1574 = LINE('',#1575,#1576);
#1575 = CARTESIAN_POINT('',(13.233443998149,53.357142857143));
#1576 = VECTOR('',#1577,1.);
#1577 = DIRECTION('',(1.,0.));
#1578 = ( GEOMETRIC_REPRESENTATION_CONTEXT(2) 
PARAMETRIC_REPRESENTATION_CONTEXT() REPRESENTATION_CONTEXT('2D SPACE',''
  ) );
#1579 = PCURVE('',#1580,#1585);
#1580 = PLANE('',#1581);
#1581 = AXIS2_PLACEMENT_3D('',#1582,#1583,#1584);
#1582 = CARTESIAN_POINT('',(56.557142857143,121.13302648362,
    16.433443998149));
#1583 = DIRECTION('',(-1.,1.110223024625E-16,0.));
#1584 = DIRECTION('',(0.,0.,1.));
#1585 = DEFINITIONAL_REPRESENTATION('',(#1586),#1590);
#1586 = LINE('',#1587,#1588);
#1587 = CARTESIAN_POINT('',(0.,3.5));
#1588 = VECTOR('',#1589,1.);
#1589 = DIRECTION('',(1.,0.));
#1590 = ( GEOMETRIC_REPRESENTATION_CONTEXT(2) 
PARAMETRIC_REPRESENTATION_CONTEXT() REPRESENTATION_CONTEXT('2D SPACE',''
  ) );
#1591 = ORIENTED_EDGE('',*,*,#1592,.T.);
#1592 = EDGE_CURVE('',#1565,#1593,#1595,.T.);
#1593 = VERTEX_POINT('',#1594);
#1594 = CARTESIAN_POINT('',(94.932142857143,124.63302648362,
    40.482630386107));
#1595 = SURFACE_CURVE('',#1596,(#1600,#1607),.PCURVE_S1.);
#1596 = LINE('',#1597,#1598);
#1597 = CARTESIAN_POINT('',(172.74464285714,124.63302648362,
    40.482630386107));
#1598 = VECTOR('',#1599,1.);
#1599 = DIRECTION('',(1.,-1.110223024625E-16,0.));
#1600 = PCURVE('',#497,#1601);
#1601 = DEFINITIONAL_REPRESENTATION('',(#1602),#1606);
#1602 = LINE('',#1603,#1604);
#1603 = CARTESIAN_POINT('',(37.282630386107,169.54464285714));
#1604 = VECTOR('',#1605,1.);
#1605 = DIRECTION('',(0.,1.));
#1606 = ( GEOMETRIC_REPRESENTATION_CONTEXT(2) 
PARAMETRIC_REPRESENTATION_CONTEXT() REPRESENTATION_CONTEXT('2D SPACE',''
  ) );
#1607 = PCURVE('',#1448,#1608);
#1608 = DEFINITIONAL_REPRESENTATION('',(#1609),#1613);
#1609 = LINE('',#1610,#1611);
#1610 = CARTESIAN_POINT('',(259.8533662671,77.8125));
#1611 = VECTOR('',#1612,1.);
#1612 = DIRECTION('',(0.,-1.));
#1613 = ( GEOMETRIC_REPRESENTATION_CONTEXT(2) 
PARAMETRIC_REPRESENTATION_CONTEXT() REPRESENTATION_CONTEXT('2D SPACE',''
  ) );
#1614 = ORIENTED_EDGE('',*,*,#1615,.F.);
#1615 = EDGE_CURVE('',#1616,#1593,#1618,.T.);
#1616 = VERTEX_POINT('',#1617);
#1617 = CARTESIAN_POINT('',(94.932142857143,124.63302648362,3.2));
#1618 = SURFACE_CURVE('',#1619,(#1623,#1630),.PCURVE_S1.);
#1619 = LINE('',#1620,#1621);
#1620 = CARTESIAN_POINT('',(94.932142857143,124.63302648362,3.2));
#1621 = VECTOR('',#1622,1.);
#1622 = DIRECTION('',(0.,0.,1.));
#1623 = PCURVE('',#497,#1624);
#1624 = DEFINITIONAL_REPRESENTATION('',(#1625),#1629);
#1625 = LINE('',#1626,#1627);
#1626 = CARTESIAN_POINT('',(0.,91.732142857143));
#1627 = VECTOR('',#1628,1.);
#1628 = DIRECTION('',(1.,0.));
#1629 = ( GEOMETRIC_REPRESENTATION_CONTEXT(2) 
PARAMETRIC_REPRESENTATION_CONTEXT() REPRESENTATION_CONTEXT('2D SPACE',''
  ) );
#1630 = PCURVE('',#1631,#1636);
#1631 = PLANE('',#1632);
#1632 = AXIS2_PLACEMENT_3D('',#1633,#1634,#1635);
#1633 = CARTESIAN_POINT('',(94.932142857143,7.763026483627,3.2));
#1634 = DIRECTION('',(-1.,1.110223024625E-16,0.));
#1635 = DIRECTION('',(0.,0.,1.));
#1636 = DEFINITIONAL_REPRESENTATION('',(#1637),#1641);
#1637 = LINE('',#1638,#1639);
#1638 = CARTESIAN_POINT('',(0.,116.87));
#1639 = VECTOR('',#1640,1.);
#1640 = DIRECTION('',(1.,0.));
#1641 = ( GEOMETRIC_REPRESENTATION_CONTEXT(2) 
PARAMETRIC_REPRESENTATION_CONTEXT() REPRESENTATION_CONTEXT('2D SPACE',''
  ) );
#1642 = ORIENTED_EDGE('',*,*,#1643,.T.);
#1643 = EDGE_CURVE('',#1616,#1644,#1646,.T.);
#1644 = VERTEX_POINT('',#1645);
#1645 = CARTESIAN_POINT('',(72.,124.63302648362,3.2));
#1646 = SURFACE_CURVE('',#1647,(#1651,#1658),.PCURVE_S1.);
#1647 = LINE('',#1648,#1649);
#1648 = CARTESIAN_POINT('',(94.932142857143,124.63302648362,3.2));
#1649 = VECTOR('',#1650,1.);
#1650 = DIRECTION('',(-1.,1.592571270865E-16,0.));
#1651 = PCURVE('',#497,#1652);
#1652 = DEFINITIONAL_REPRESENTATION('',(#1653),#1657);
#1653 = LINE('',#1654,#1655);
#1654 = CARTESIAN_POINT('',(0.,91.732142857143));
#1655 = VECTOR('',#1656,1.);
#1656 = DIRECTION('',(0.,-1.));
#1657 = ( GEOMETRIC_REPRESENTATION_CONTEXT(2) 
PARAMETRIC_REPRESENTATION_CONTEXT() REPRESENTATION_CONTEXT('2D SPACE',''
  ) );
#1658 = PCURVE('',#1659,#1664);
#1659 = PLANE('',#1660);
#1660 = AXIS2_PLACEMENT_3D('',#1661,#1662,#1663);
#1661 = CARTESIAN_POINT('',(3.2,3.2,3.2));
#1662 = DIRECTION('',(0.,0.,1.));
#1663 = DIRECTION('',(1.,0.,0.));
#1664 = DEFINITIONAL_REPRESENTATION('',(#1665),#1669);
#1665 = LINE('',#1666,#1667);
#1666 = CARTESIAN_POINT('',(91.732142857143,121.43302648362));
#1667 = VECTOR('',#1668,1.);
#1668 = DIRECTION('',(-1.,1.592571270865E-16));
#1669 = ( GEOMETRIC_REPRESENTATION_CONTEXT(2) 
PARAMETRIC_REPRESENTATION_CONTEXT() REPRESENTATION_CONTEXT('2D SPACE',''
  ) );
#1670 = ORIENTED_EDGE('',*,*,#1671,.F.);
#1671 = EDGE_CURVE('',#1672,#1644,#1674,.T.);
#1672 = VERTEX_POINT('',#1673);
#1673 = CARTESIAN_POINT('',(72.,124.63302648362,11.2));
#1674 = SURFACE_CURVE('',#1675,(#1679,#1685),.PCURVE_S1.);
#1675 = LINE('',#1676,#1677);
#1676 = CARTESIAN_POINT('',(72.,124.63302648362,3.2));
#1677 = VECTOR('',#1678,1.);
#1678 = DIRECTION('',(0.,0.,-1.));
#1679 = PCURVE('',#497,#1680);
#1680 = DEFINITIONAL_REPRESENTATION('',(#1681),#1684);
#1681 = B_SPLINE_CURVE_WITH_KNOTS('',1,(#1682,#1683),.UNSPECIFIED.,.F.,
  .F.,(2,2),(-8.,0.),.PIECEWISE_BEZIER_KNOTS.);
#1682 = CARTESIAN_POINT('',(8.,68.8));
#1683 = CARTESIAN_POINT('',(0.,68.8));
#1684 = ( GEOMETRIC_REPRESENTATION_CONTEXT(2) 
PARAMETRIC_REPRESENTATION_CONTEXT() REPRESENTATION_CONTEXT('2D SPACE',''
  ) );
#1685 = PCURVE('',#1686,#1691);
#1686 = PLANE('',#1687);
#1687 = AXIS2_PLACEMENT_3D('',#1688,#1689,#1690);
#1688 = CARTESIAN_POINT('',(72.,124.43302648362,3.2));
#1689 = DIRECTION('',(1.,0.,0.));
#1690 = DIRECTION('',(0.,0.,1.));
#1691 = DEFINITIONAL_REPRESENTATION('',(#1692),#1695);
#1692 = B_SPLINE_CURVE_WITH_KNOTS('',1,(#1693,#1694),.UNSPECIFIED.,.F.,
  .F.,(2,2),(-8.,0.),.PIECEWISE_BEZIER_KNOTS.);
#1693 = CARTESIAN_POINT('',(8.,-0.2));
#1694 = CARTESIAN_POINT('',(0.,-0.2));
#1695 = ( GEOMETRIC_REPRESENTATION_CONTEXT(2) 
PARAMETRIC_REPRESENTATION_CONTEXT() REPRESENTATION_CONTEXT('2D SPACE',''
  ) );
#1696 = ORIENTED_EDGE('',*,*,#1697,.F.);
#1697 = EDGE_CURVE('',#1698,#1672,#1700,.T.);
#1698 = VERTEX_POINT('',#1699);
#1699 = CARTESIAN_POINT('',(68.,124.63302648362,11.2));
#1700 = SURFACE_CURVE('',#1701,(#1705,#1711),.PCURVE_S1.);
#1701 = LINE('',#1702,#1703);
#1702 = CARTESIAN_POINT('',(35.6,124.63302648362,11.2));
#1703 = VECTOR('',#1704,1.);
#1704 = DIRECTION('',(1.,0.,0.));
#1705 = PCURVE('',#497,#1706);
#1706 = DEFINITIONAL_REPRESENTATION('',(#1707),#1710);
#1707 = B_SPLINE_CURVE_WITH_KNOTS('',1,(#1708,#1709),.UNSPECIFIED.,.F.,
  .F.,(2,2),(32.4,36.4),.PIECEWISE_BEZIER_KNOTS.);
#1708 = CARTESIAN_POINT('',(8.,64.8));
#1709 = CARTESIAN_POINT('',(8.,68.8));
#1710 = ( GEOMETRIC_REPRESENTATION_CONTEXT(2) 
PARAMETRIC_REPRESENTATION_CONTEXT() REPRESENTATION_CONTEXT('2D SPACE',''
  ) );
#1711 = PCURVE('',#1712,#1717);
#1712 = PLANE('',#1713);
#1713 = AXIS2_PLACEMENT_3D('',#1714,#1715,#1716);
#1714 = CARTESIAN_POINT('',(68.,124.43302648362,11.2));
#1715 = DIRECTION('',(0.,0.,1.));
#1716 = DIRECTION('',(1.,0.,0.));
#1717 = DEFINITIONAL_REPRESENTATION('',(#1718),#1721);
#1718 = B_SPLINE_CURVE_WITH_KNOTS('',1,(#1719,#1720),.UNSPECIFIED.,.F.,
  .F.,(2,2),(32.4,36.4),.PIECEWISE_BEZIER_KNOTS.);
#1719 = CARTESIAN_POINT('',(0.,0.2));
#1720 = CARTESIAN_POINT('',(4.,0.2));
#1721 = ( GEOMETRIC_REPRESENTATION_CONTEXT(2) 
PARAMETRIC_REPRESENTATION_CONTEXT() REPRESENTATION_CONTEXT('2D SPACE',''
  ) );
#1722 = ORIENTED_EDGE('',*,*,#1723,.T.);
#1723 = EDGE_CURVE('',#1698,#1724,#1726,.T.);
#1724 = VERTEX_POINT('',#1725);
#1725 = CARTESIAN_POINT('',(68.,124.63302648362,3.2));
#1726 = SURFACE_CURVE('',#1727,(#1731,#1737),.PCURVE_S1.);
#1727 = LINE('',#1728,#1729);
#1728 = CARTESIAN_POINT('',(68.,124.63302648362,3.2));
#1729 = VECTOR('',#1730,1.);
#1730 = DIRECTION('',(0.,0.,-1.));
#1731 = PCURVE('',#497,#1732);
#1732 = DEFINITIONAL_REPRESENTATION('',(#1733),#1736);
#1733 = B_SPLINE_CURVE_WITH_KNOTS('',1,(#1734,#1735),.UNSPECIFIED.,.F.,
  .F.,(2,2),(-8.,0.),.PIECEWISE_BEZIER_KNOTS.);
#1734 = CARTESIAN_POINT('',(8.,64.8));
#1735 = CARTESIAN_POINT('',(0.,64.8));
#1736 = ( GEOMETRIC_REPRESENTATION_CONTEXT(2) 
PARAMETRIC_REPRESENTATION_CONTEXT() REPRESENTATION_CONTEXT('2D SPACE',''
  ) );
#1737 = PCURVE('',#1738,#1743);
#1738 = PLANE('',#1739);
#1739 = AXIS2_PLACEMENT_3D('',#1740,#1741,#1742);
#1740 = CARTESIAN_POINT('',(68.,124.43302648362,3.2));
#1741 = DIRECTION('',(1.,0.,0.));
#1742 = DIRECTION('',(0.,0.,1.));
#1743 = DEFINITIONAL_REPRESENTATION('',(#1744),#1747);
#1744 = B_SPLINE_CURVE_WITH_KNOTS('',1,(#1745,#1746),.UNSPECIFIED.,.F.,
  .F.,(2,2),(-8.,0.),.PIECEWISE_BEZIER_KNOTS.);
#1745 = CARTESIAN_POINT('',(8.,-0.2));
#1746 = CARTESIAN_POINT('',(0.,-0.2));
#1747 = ( GEOMETRIC_REPRESENTATION_CONTEXT(2) 
PARAMETRIC_REPRESENTATION_CONTEXT() REPRESENTATION_CONTEXT('2D SPACE',''
  ) );
#1748 = ORIENTED_EDGE('',*,*,#1749,.T.);
#1749 = EDGE_CURVE('',#1724,#1750,#1752,.T.);
#1750 = VERTEX_POINT('',#1751);
#1751 = CARTESIAN_POINT('',(32.,124.63302648362,3.2));
#1752 = SURFACE_CURVE('',#1753,(#1757,#1764),.PCURVE_S1.);
#1753 = LINE('',#1754,#1755);
#1754 = CARTESIAN_POINT('',(94.932142857143,124.63302648362,3.2));
#1755 = VECTOR('',#1756,1.);
#1756 = DIRECTION('',(-1.,1.592571270865E-16,0.));
#1757 = PCURVE('',#497,#1758);
#1758 = DEFINITIONAL_REPRESENTATION('',(#1759),#1763);
#1759 = LINE('',#1760,#1761);
#1760 = CARTESIAN_POINT('',(0.,91.732142857143));
#1761 = VECTOR('',#1762,1.);
#1762 = DIRECTION('',(0.,-1.));
#1763 = ( GEOMETRIC_REPRESENTATION_CONTEXT(2) 
PARAMETRIC_REPRESENTATION_CONTEXT() REPRESENTATION_CONTEXT('2D SPACE',''
  ) );
#1764 = PCURVE('',#1765,#1770);
#1765 = PLANE('',#1766);
#1766 = AXIS2_PLACEMENT_3D('',#1767,#1768,#1769);
#1767 = CARTESIAN_POINT('',(3.2,3.2,3.2));
#1768 = DIRECTION('',(0.,0.,1.));
#1769 = DIRECTION('',(1.,0.,0.));
#1770 = DEFINITIONAL_REPRESENTATION('',(#1771),#1775);
#1771 = LINE('',#1772,#1773);
#1772 = CARTESIAN_POINT('',(91.732142857143,121.43302648362));
#1773 = VECTOR('',#1774,1.);
#1774 = DIRECTION('',(-1.,1.592571270865E-16));
#1775 = ( GEOMETRIC_REPRESENTATION_CONTEXT(2) 
PARAMETRIC_REPRESENTATION_CONTEXT() REPRESENTATION_CONTEXT('2D SPACE',''
  ) );
#1776 = ORIENTED_EDGE('',*,*,#1777,.F.);
#1777 = EDGE_CURVE('',#1778,#1750,#1780,.T.);
#1778 = VERTEX_POINT('',#1779);
#1779 = CARTESIAN_POINT('',(32.,124.63302648362,11.2));
#1780 = SURFACE_CURVE('',#1781,(#1785,#1791),.PCURVE_S1.);
#1781 = LINE('',#1782,#1783);
#1782 = CARTESIAN_POINT('',(32.,124.63302648362,3.2));
#1783 = VECTOR('',#1784,1.);
#1784 = DIRECTION('',(0.,0.,-1.));
#1785 = PCURVE('',#497,#1786);
#1786 = DEFINITIONAL_REPRESENTATION('',(#1787),#1790);
#1787 = B_SPLINE_CURVE_WITH_KNOTS('',1,(#1788,#1789),.UNSPECIFIED.,.F.,
  .F.,(2,2),(-8.,0.),.PIECEWISE_BEZIER_KNOTS.);
#1788 = CARTESIAN_POINT('',(8.,28.8));
#1789 = CARTESIAN_POINT('',(0.,28.8));
#1790 = ( GEOMETRIC_REPRESENTATION_CONTEXT(2) 
PARAMETRIC_REPRESENTATION_CONTEXT() REPRESENTATION_CONTEXT('2D SPACE',''
  ) );
#1791 = PCURVE('',#1792,#1797);
#1792 = PLANE('',#1793);
#1793 = AXIS2_PLACEMENT_3D('',#1794,#1795,#1796);
#1794 = CARTESIAN_POINT('',(32.,124.43302648362,3.2));
#1795 = DIRECTION('',(1.,0.,0.));
#1796 = DIRECTION('',(0.,0.,1.));
#1797 = DEFINITIONAL_REPRESENTATION('',(#1798),#1801);
#1798 = B_SPLINE_CURVE_WITH_KNOTS('',1,(#1799,#1800),.UNSPECIFIED.,.F.,
  .F.,(2,2),(-8.,0.),.PIECEWISE_BEZIER_KNOTS.);
#1799 = CARTESIAN_POINT('',(8.,-0.2));
#1800 = CARTESIAN_POINT('',(0.,-0.2));
#1801 = ( GEOMETRIC_REPRESENTATION_CONTEXT(2) 
PARAMETRIC_REPRESENTATION_CONTEXT() REPRESENTATION_CONTEXT('2D SPACE',''
  ) );
#1802 = ORIENTED_EDGE('',*,*,#1803,.F.);
#1803 = EDGE_CURVE('',#1804,#1778,#1806,.T.);
#1804 = VERTEX_POINT('',#1805);
#1805 = CARTESIAN_POINT('',(28.,124.63302648362,11.2));
#1806 = SURFACE_CURVE('',#1807,(#1811,#1817),.PCURVE_S1.);
#1807 = LINE('',#1808,#1809);
#1808 = CARTESIAN_POINT('',(15.6,124.63302648362,11.2));
#1809 = VECTOR('',#1810,1.);
#1810 = DIRECTION('',(1.,0.,0.));
#1811 = PCURVE('',#497,#1812);
#1812 = DEFINITIONAL_REPRESENTATION('',(#1813),#1816);
#1813 = B_SPLINE_CURVE_WITH_KNOTS('',1,(#1814,#1815),.UNSPECIFIED.,.F.,
  .F.,(2,2),(12.4,16.4),.PIECEWISE_BEZIER_KNOTS.);
#1814 = CARTESIAN_POINT('',(8.,24.8));
#1815 = CARTESIAN_POINT('',(8.,28.8));
#1816 = ( GEOMETRIC_REPRESENTATION_CONTEXT(2) 
PARAMETRIC_REPRESENTATION_CONTEXT() REPRESENTATION_CONTEXT('2D SPACE',''
  ) );
#1817 = PCURVE('',#1818,#1823);
#1818 = PLANE('',#1819);
#1819 = AXIS2_PLACEMENT_3D('',#1820,#1821,#1822);
#1820 = CARTESIAN_POINT('',(28.,124.43302648362,11.2));
#1821 = DIRECTION('',(0.,0.,1.));
#1822 = DIRECTION('',(1.,0.,0.));
#1823 = DEFINITIONAL_REPRESENTATION('',(#1824),#1827);
#1824 = B_SPLINE_CURVE_WITH_KNOTS('',1,(#1825,#1826),.UNSPECIFIED.,.F.,
  .F.,(2,2),(12.4,16.4),.PIECEWISE_BEZIER_KNOTS.);
#1825 = CARTESIAN_POINT('',(0.,0.2));
#1826 = CARTESIAN_POINT('',(4.,0.2));
#1827 = ( GEOMETRIC_REPRESENTATION_CONTEXT(2) 
PARAMETRIC_REPRESENTATION_CONTEXT() REPRESENTATION_CONTEXT('2D SPACE',''
  ) );
#1828 = ORIENTED_EDGE('',*,*,#1829,.T.);
#1829 = EDGE_CURVE('',#1804,#1830,#1832,.T.);
#1830 = VERTEX_POINT('',#1831);
#1831 = CARTESIAN_POINT('',(28.,124.63302648362,3.2));
#1832 = SURFACE_CURVE('',#1833,(#1837,#1843),.PCURVE_S1.);
#1833 = LINE('',#1834,#1835);
#1834 = CARTESIAN_POINT('',(28.,124.63302648362,3.2));
#1835 = VECTOR('',#1836,1.);
#1836 = DIRECTION('',(0.,0.,-1.));
#1837 = PCURVE('',#497,#1838);
#1838 = DEFINITIONAL_REPRESENTATION('',(#1839),#1842);
#1839 = B_SPLINE_CURVE_WITH_KNOTS('',1,(#1840,#1841),.UNSPECIFIED.,.F.,
  .F.,(2,2),(-8.,0.),.PIECEWISE_BEZIER_KNOTS.);
#1840 = CARTESIAN_POINT('',(8.,24.8));
#1841 = CARTESIAN_POINT('',(0.,24.8));
#1842 = ( GEOMETRIC_REPRESENTATION_CONTEXT(2) 
PARAMETRIC_REPRESENTATION_CONTEXT() REPRESENTATION_CONTEXT('2D SPACE',''
  ) );
#1843 = PCURVE('',#1844,#1849);
#1844 = PLANE('',#1845);
#1845 = AXIS2_PLACEMENT_3D('',#1846,#1847,#1848);
#1846 = CARTESIAN_POINT('',(28.,124.43302648362,3.2));
#1847 = DIRECTION('',(1.,0.,0.));
#1848 = DIRECTION('',(0.,0.,1.));
#1849 = DEFINITIONAL_REPRESENTATION('',(#1850),#1853);
#1850 = B_SPLINE_CURVE_WITH_KNOTS('',1,(#1851,#1852),.UNSPECIFIED.,.F.,
  .F.,(2,2),(-8.,0.),.PIECEWISE_BEZIER_KNOTS.);
#1851 = CARTESIAN_POINT('',(8.,-0.2));
#1852 = CARTESIAN_POINT('',(0.,-0.2));
#1853 = ( GEOMETRIC_REPRESENTATION_CONTEXT(2) 
PARAMETRIC_REPRESENTATION_CONTEXT() REPRESENTATION_CONTEXT('2D SPACE',''
  ) );
#1854 = ORIENTED_EDGE('',*,*,#1855,.T.);
#1855 = EDGE_CURVE('',#1830,#1856,#1858,.T.);
#1856 = VERTEX_POINT('',#1857);
#1857 = CARTESIAN_POINT('',(5.7,124.63302648362,3.2));
#1858 = SURFACE_CURVE('',#1859,(#1863,#1870),.PCURVE_S1.);
#1859 = LINE('',#1860,#1861);
#1860 = CARTESIAN_POINT('',(94.932142857143,124.63302648362,3.2));
#1861 = VECTOR('',#1862,1.);
#1862 = DIRECTION('',(-1.,1.592571270865E-16,0.));
#1863 = PCURVE('',#497,#1864);
#1864 = DEFINITIONAL_REPRESENTATION('',(#1865),#1869);
#1865 = LINE('',#1866,#1867);
#1866 = CARTESIAN_POINT('',(0.,91.732142857143));
#1867 = VECTOR('',#1868,1.);
#1868 = DIRECTION('',(0.,-1.));
#1869 = ( GEOMETRIC_REPRESENTATION_CONTEXT(2) 
PARAMETRIC_REPRESENTATION_CONTEXT() REPRESENTATION_CONTEXT('2D SPACE',''
  ) );
#1870 = PCURVE('',#1871,#1876);
#1871 = PLANE('',#1872);
#1872 = AXIS2_PLACEMENT_3D('',#1873,#1874,#1875);
#1873 = CARTESIAN_POINT('',(3.2,3.2,3.2));
#1874 = DIRECTION('',(0.,0.,1.));
#1875 = DIRECTION('',(1.,0.,0.));
#1876 = DEFINITIONAL_REPRESENTATION('',(#1877),#1881);
#1877 = LINE('',#1878,#1879);
#1878 = CARTESIAN_POINT('',(91.732142857143,121.43302648362));
#1879 = VECTOR('',#1880,1.);
#1880 = DIRECTION('',(-1.,1.592571270865E-16));
#1881 = ( GEOMETRIC_REPRESENTATION_CONTEXT(2) 
PARAMETRIC_REPRESENTATION_CONTEXT() REPRESENTATION_CONTEXT('2D SPACE',''
  ) );
#1882 = ORIENTED_EDGE('',*,*,#1883,.F.);
#1883 = EDGE_CURVE('',#1884,#1856,#1886,.T.);
#1884 = VERTEX_POINT('',#1885);
#1885 = CARTESIAN_POINT('',(3.2,124.63302648362,5.7));
#1886 = SURFACE_CURVE('',#1887,(#1891,#1898),.PCURVE_S1.);
#1887 = LINE('',#1888,#1889);
#1888 = CARTESIAN_POINT('',(4.45,124.63302648362,4.45));
#1889 = VECTOR('',#1890,1.);
#1890 = DIRECTION('',(0.707106781187,0.,-0.707106781187));
#1891 = PCURVE('',#497,#1892);
#1892 = DEFINITIONAL_REPRESENTATION('',(#1893),#1897);
#1893 = LINE('',#1894,#1895);
#1894 = CARTESIAN_POINT('',(1.25,1.25));
#1895 = VECTOR('',#1896,1.);
#1896 = DIRECTION('',(-0.707106781187,0.707106781187));
#1897 = ( GEOMETRIC_REPRESENTATION_CONTEXT(2) 
PARAMETRIC_REPRESENTATION_CONTEXT() REPRESENTATION_CONTEXT('2D SPACE',''
  ) );
#1898 = PCURVE('',#1899,#1904);
#1899 = PLANE('',#1900);
#1900 = AXIS2_PLACEMENT_3D('',#1901,#1902,#1903);
#1901 = CARTESIAN_POINT('',(4.45,6.,4.45));
#1902 = DIRECTION('',(-0.707106781187,7.652052273037E-18,-0.707106781187
    ));
#1903 = DIRECTION('',(5.410818052259E-18,1.,5.410818052259E-18));
#1904 = DEFINITIONAL_REPRESENTATION('',(#1905),#1908);
#1905 = B_SPLINE_CURVE_WITH_KNOTS('',1,(#1906,#1907),.UNSPECIFIED.,.F.,
  .F.,(2,2),(-1.767766952966,1.767766952966),.PIECEWISE_BEZIER_KNOTS.);
#1906 = CARTESIAN_POINT('',(118.63302648362,-1.767766952966));
#1907 = CARTESIAN_POINT('',(118.63302648362,1.767766952966));
#1908 = ( GEOMETRIC_REPRESENTATION_CONTEXT(2) 
PARAMETRIC_REPRESENTATION_CONTEXT() REPRESENTATION_CONTEXT('2D SPACE',''
  ) );
#1909 = ORIENTED_EDGE('',*,*,#1910,.T.);
#1910 = EDGE_CURVE('',#1884,#482,#1911,.T.);
#1911 = SURFACE_CURVE('',#1912,(#1916,#1923),.PCURVE_S1.);
#1912 = LINE('',#1913,#1914);
#1913 = CARTESIAN_POINT('',(3.2,124.63302648362,3.2));
#1914 = VECTOR('',#1915,1.);
#1915 = DIRECTION('',(0.,0.,1.));
#1916 = PCURVE('',#497,#1917);
#1917 = DEFINITIONAL_REPRESENTATION('',(#1918),#1922);
#1918 = LINE('',#1919,#1920);
#1919 = CARTESIAN_POINT('',(0.,0.));
#1920 = VECTOR('',#1921,1.);
#1921 = DIRECTION('',(1.,0.));
#1922 = ( GEOMETRIC_REPRESENTATION_CONTEXT(2) 
PARAMETRIC_REPRESENTATION_CONTEXT() REPRESENTATION_CONTEXT('2D SPACE',''
  ) );
#1923 = PCURVE('',#525,#1924);
#1924 = DEFINITIONAL_REPRESENTATION('',(#1925),#1929);
#1925 = LINE('',#1926,#1927);
#1926 = CARTESIAN_POINT('',(0.,-121.4330264836));
#1927 = VECTOR('',#1928,1.);
#1928 = DIRECTION('',(1.,0.));
#1929 = ( GEOMETRIC_REPRESENTATION_CONTEXT(2) 
PARAMETRIC_REPRESENTATION_CONTEXT() REPRESENTATION_CONTEXT('2D SPACE',''
  ) );
#1930 = ORIENTED_EDGE('',*,*,#481,.T.);
#1931 = ADVANCED_FACE('',(#1932),#525,.T.);
#1932 = FACE_BOUND('',#1933,.T.);
#1933 = EDGE_LOOP('',(#1934,#1935,#1958,#1979));
#1934 = ORIENTED_EDGE('',*,*,#1910,.F.);
#1935 = ORIENTED_EDGE('',*,*,#1936,.T.);
#1936 = EDGE_CURVE('',#1884,#1937,#1939,.T.);
#1937 = VERTEX_POINT('',#1938);
#1938 = CARTESIAN_POINT('',(3.2,150.20842373802,5.7));
#1939 = SURFACE_CURVE('',#1940,(#1944,#1951),.PCURVE_S1.);
#1940 = LINE('',#1941,#1942);
#1941 = CARTESIAN_POINT('',(3.2,6.,5.7));
#1942 = VECTOR('',#1943,1.);
#1943 = DIRECTION('',(0.,1.,0.));
#1944 = PCURVE('',#525,#1945);
#1945 = DEFINITIONAL_REPRESENTATION('',(#1946),#1950);
#1946 = LINE('',#1947,#1948);
#1947 = CARTESIAN_POINT('',(2.5,-2.8));
#1948 = VECTOR('',#1949,1.);
#1949 = DIRECTION('',(0.,-1.));
#1950 = ( GEOMETRIC_REPRESENTATION_CONTEXT(2) 
PARAMETRIC_REPRESENTATION_CONTEXT() REPRESENTATION_CONTEXT('2D SPACE',''
  ) );
#1951 = PCURVE('',#1899,#1952);
#1952 = DEFINITIONAL_REPRESENTATION('',(#1953),#1957);
#1953 = LINE('',#1954,#1955);
#1954 = CARTESIAN_POINT('',(1.925929944387E-34,-1.767766952966));
#1955 = VECTOR('',#1956,1.);
#1956 = DIRECTION('',(1.,-4.900350890384E-34));
#1957 = ( GEOMETRIC_REPRESENTATION_CONTEXT(2) 
PARAMETRIC_REPRESENTATION_CONTEXT() REPRESENTATION_CONTEXT('2D SPACE',''
  ) );
#1958 = ORIENTED_EDGE('',*,*,#1959,.T.);
#1959 = EDGE_CURVE('',#1937,#510,#1960,.T.);
#1960 = SURFACE_CURVE('',#1961,(#1965,#1972),.PCURVE_S1.);
#1961 = LINE('',#1962,#1963);
#1962 = CARTESIAN_POINT('',(3.2,150.20842373802,3.2));
#1963 = VECTOR('',#1964,1.);
#1964 = DIRECTION('',(0.,0.,1.));
#1965 = PCURVE('',#525,#1966);
#1966 = DEFINITIONAL_REPRESENTATION('',(#1967),#1971);
#1967 = LINE('',#1968,#1969);
#1968 = CARTESIAN_POINT('',(0.,-147.008423738));
#1969 = VECTOR('',#1970,1.);
#1970 = DIRECTION('',(1.,0.));
#1971 = ( GEOMETRIC_REPRESENTATION_CONTEXT(2) 
PARAMETRIC_REPRESENTATION_CONTEXT() REPRESENTATION_CONTEXT('2D SPACE',''
  ) );
#1972 = PCURVE('',#553,#1973);
#1973 = DEFINITIONAL_REPRESENTATION('',(#1974),#1978);
#1974 = LINE('',#1975,#1976);
#1975 = CARTESIAN_POINT('',(-0.,0.));
#1976 = VECTOR('',#1977,1.);
#1977 = DIRECTION('',(-0.,1.));
#1978 = ( GEOMETRIC_REPRESENTATION_CONTEXT(2) 
PARAMETRIC_REPRESENTATION_CONTEXT() REPRESENTATION_CONTEXT('2D SPACE',''
  ) );
#1979 = ORIENTED_EDGE('',*,*,#509,.F.);
#1980 = ADVANCED_FACE('',(#1981),#553,.F.);
#1981 = FACE_BOUND('',#1982,.T.);
#1982 = EDGE_LOOP('',(#1983,#1984,#2013,#2034));
#1983 = ORIENTED_EDGE('',*,*,#1959,.F.);
#1984 = ORIENTED_EDGE('',*,*,#1985,.T.);
#1985 = EDGE_CURVE('',#1937,#1986,#1988,.T.);
#1986 = VERTEX_POINT('',#1987);
#1987 = CARTESIAN_POINT('',(6.,153.00842373802,5.7));
#1988 = SURFACE_CURVE('',#1989,(#1994,#2001),.PCURVE_S1.);
#1989 = CIRCLE('',#1990,2.8);
#1990 = AXIS2_PLACEMENT_3D('',#1991,#1992,#1993);
#1991 = CARTESIAN_POINT('',(6.,150.20842373802,5.7));
#1992 = DIRECTION('',(-0.,0.,-1.));
#1993 = DIRECTION('',(-1.,0.,0.));
#1994 = PCURVE('',#553,#1995);
#1995 = DEFINITIONAL_REPRESENTATION('',(#1996),#2000);
#1996 = LINE('',#1997,#1998);
#1997 = CARTESIAN_POINT('',(-0.,2.5));
#1998 = VECTOR('',#1999,1.);
#1999 = DIRECTION('',(-1.,0.));
#2000 = ( GEOMETRIC_REPRESENTATION_CONTEXT(2) 
PARAMETRIC_REPRESENTATION_CONTEXT() REPRESENTATION_CONTEXT('2D SPACE',''
  ) );
#2001 = PCURVE('',#2002,#2007);
#2002 = CONICAL_SURFACE('',#2003,2.8,0.785398163397);
#2003 = AXIS2_PLACEMENT_3D('',#2004,#2005,#2006);
#2004 = CARTESIAN_POINT('',(6.,150.20842373802,5.7));
#2005 = DIRECTION('',(0.,0.,1.));
#2006 = DIRECTION('',(-1.,0.,0.));
#2007 = DEFINITIONAL_REPRESENTATION('',(#2008),#2012);
#2008 = LINE('',#2009,#2010);
#2009 = CARTESIAN_POINT('',(-0.,-0.));
#2010 = VECTOR('',#2011,1.);
#2011 = DIRECTION('',(-1.,-0.));
#2012 = ( GEOMETRIC_REPRESENTATION_CONTEXT(2) 
PARAMETRIC_REPRESENTATION_CONTEXT() REPRESENTATION_CONTEXT('2D SPACE',''
  ) );
#2013 = ORIENTED_EDGE('',*,*,#2014,.T.);
#2014 = EDGE_CURVE('',#1986,#537,#2015,.T.);
#2015 = SURFACE_CURVE('',#2016,(#2020,#2027),.PCURVE_S1.);
#2016 = LINE('',#2017,#2018);
#2017 = CARTESIAN_POINT('',(6.,153.00842373802,3.2));
#2018 = VECTOR('',#2019,1.);
#2019 = DIRECTION('',(0.,0.,1.));
#2020 = PCURVE('',#553,#2021);
#2021 = DEFINITIONAL_REPRESENTATION('',(#2022),#2026);
#2022 = LINE('',#2023,#2024);
#2023 = CARTESIAN_POINT('',(-1.570796326795,0.));
#2024 = VECTOR('',#2025,1.);
#2025 = DIRECTION('',(-0.,1.));
#2026 = ( GEOMETRIC_REPRESENTATION_CONTEXT(2) 
PARAMETRIC_REPRESENTATION_CONTEXT() REPRESENTATION_CONTEXT('2D SPACE',''
  ) );
#2027 = PCURVE('',#586,#2028);
#2028 = DEFINITIONAL_REPRESENTATION('',(#2029),#2033);
#2029 = LINE('',#2030,#2031);
#2030 = CARTESIAN_POINT('',(0.,2.8));
#2031 = VECTOR('',#2032,1.);
#2032 = DIRECTION('',(1.,0.));
#2033 = ( GEOMETRIC_REPRESENTATION_CONTEXT(2) 
PARAMETRIC_REPRESENTATION_CONTEXT() REPRESENTATION_CONTEXT('2D SPACE',''
  ) );
#2034 = ORIENTED_EDGE('',*,*,#536,.T.);
#2035 = ADVANCED_FACE('',(#2036,#2714),#586,.F.);
#2036 = FACE_BOUND('',#2037,.F.);
#2037 = EDGE_LOOP('',(#2038,#2066,#2067,#2068,#2091,#2119,#2146,#2173,
    #2200,#2228,#2255,#2282,#2309,#2337,#2365,#2393,#2421,#2449,#2477,
    #2500,#2528,#2556,#2578,#2600,#2622,#2650,#2672,#2694));
#2038 = ORIENTED_EDGE('',*,*,#2039,.F.);
#2039 = EDGE_CURVE('',#1986,#2040,#2042,.T.);
#2040 = VERTEX_POINT('',#2041);
#2041 = CARTESIAN_POINT('',(28.,153.00842373802,5.7));
#2042 = SURFACE_CURVE('',#2043,(#2047,#2054),.PCURVE_S1.);
#2043 = LINE('',#2044,#2045);
#2044 = CARTESIAN_POINT('',(6.,153.00842373802,5.7));
#2045 = VECTOR('',#2046,1.);
#2046 = DIRECTION('',(1.,0.,0.));
#2047 = PCURVE('',#586,#2048);
#2048 = DEFINITIONAL_REPRESENTATION('',(#2049),#2053);
#2049 = LINE('',#2050,#2051);
#2050 = CARTESIAN_POINT('',(2.5,2.8));
#2051 = VECTOR('',#2052,1.);
#2052 = DIRECTION('',(0.,1.));
#2053 = ( GEOMETRIC_REPRESENTATION_CONTEXT(2) 
PARAMETRIC_REPRESENTATION_CONTEXT() REPRESENTATION_CONTEXT('2D SPACE',''
  ) );
#2054 = PCURVE('',#2055,#2060);
#2055 = PLANE('',#2056);
#2056 = AXIS2_PLACEMENT_3D('',#2057,#2058,#2059);
#2057 = CARTESIAN_POINT('',(6.,151.75842373802,4.45));
#2058 = DIRECTION('',(-7.652052273037E-18,-0.707106781187,0.707106781187
    ));
#2059 = DIRECTION('',(-1.,5.410818052259E-18,-5.410818052259E-18));
#2060 = DEFINITIONAL_REPRESENTATION('',(#2061),#2065);
#2061 = LINE('',#2062,#2063);
#2062 = CARTESIAN_POINT('',(-1.925929944387E-34,-1.767766952966));
#2063 = VECTOR('',#2064,1.);
#2064 = DIRECTION('',(-1.,2.803368887165E-34));
#2065 = ( GEOMETRIC_REPRESENTATION_CONTEXT(2) 
PARAMETRIC_REPRESENTATION_CONTEXT() REPRESENTATION_CONTEXT('2D SPACE',''
  ) );
#2066 = ORIENTED_EDGE('',*,*,#2014,.T.);
#2067 = ORIENTED_EDGE('',*,*,#570,.F.);
#2068 = ORIENTED_EDGE('',*,*,#2069,.F.);
#2069 = EDGE_CURVE('',#2070,#571,#2072,.T.);
#2070 = VERTEX_POINT('',#2071);
#2071 = CARTESIAN_POINT('',(192.775,153.00842373802,5.7));
#2072 = SURFACE_CURVE('',#2073,(#2077,#2084),.PCURVE_S1.);
#2073 = LINE('',#2074,#2075);
#2074 = CARTESIAN_POINT('',(192.775,153.00842373802,3.2));
#2075 = VECTOR('',#2076,1.);
#2076 = DIRECTION('',(0.,0.,1.));
#2077 = PCURVE('',#586,#2078);
#2078 = DEFINITIONAL_REPRESENTATION('',(#2079),#2083);
#2079 = LINE('',#2080,#2081);
#2080 = CARTESIAN_POINT('',(0.,189.575));
#2081 = VECTOR('',#2082,1.);
#2082 = DIRECTION('',(1.,0.));
#2083 = ( GEOMETRIC_REPRESENTATION_CONTEXT(2) 
PARAMETRIC_REPRESENTATION_CONTEXT() REPRESENTATION_CONTEXT('2D SPACE',''
  ) );
#2084 = PCURVE('',#615,#2085);
#2085 = DEFINITIONAL_REPRESENTATION('',(#2086),#2090);
#2086 = LINE('',#2087,#2088);
#2087 = CARTESIAN_POINT('',(1.570796326795,0.));
#2088 = VECTOR('',#2089,1.);
#2089 = DIRECTION('',(0.,1.));
#2090 = ( GEOMETRIC_REPRESENTATION_CONTEXT(2) 
PARAMETRIC_REPRESENTATION_CONTEXT() REPRESENTATION_CONTEXT('2D SPACE',''
  ) );
#2091 = ORIENTED_EDGE('',*,*,#2092,.F.);
#2092 = EDGE_CURVE('',#2093,#2070,#2095,.T.);
#2093 = VERTEX_POINT('',#2094);
#2094 = CARTESIAN_POINT('',(172.,153.00842373802,5.7));
#2095 = SURFACE_CURVE('',#2096,(#2100,#2107),.PCURVE_S1.);
#2096 = LINE('',#2097,#2098);
#2097 = CARTESIAN_POINT('',(6.,153.00842373802,5.7));
#2098 = VECTOR('',#2099,1.);
#2099 = DIRECTION('',(1.,0.,0.));
#2100 = PCURVE('',#586,#2101);
#2101 = DEFINITIONAL_REPRESENTATION('',(#2102),#2106);
#2102 = LINE('',#2103,#2104);
#2103 = CARTESIAN_POINT('',(2.5,2.8));
#2104 = VECTOR('',#2105,1.);
#2105 = DIRECTION('',(0.,1.));
#2106 = ( GEOMETRIC_REPRESENTATION_CONTEXT(2) 
PARAMETRIC_REPRESENTATION_CONTEXT() REPRESENTATION_CONTEXT('2D SPACE',''
  ) );
#2107 = PCURVE('',#2108,#2113);
#2108 = PLANE('',#2109);
#2109 = AXIS2_PLACEMENT_3D('',#2110,#2111,#2112);
#2110 = CARTESIAN_POINT('',(6.,151.75842373802,4.45));
#2111 = DIRECTION('',(-7.652052273037E-18,-0.707106781187,0.707106781187
    ));
#2112 = DIRECTION('',(-1.,5.410818052259E-18,-5.410818052259E-18));
#2113 = DEFINITIONAL_REPRESENTATION('',(#2114),#2118);
#2114 = LINE('',#2115,#2116);
#2115 = CARTESIAN_POINT('',(-1.925929944387E-34,-1.767766952966));
#2116 = VECTOR('',#2117,1.);
#2117 = DIRECTION('',(-1.,2.803368887165E-34));
#2118 = ( GEOMETRIC_REPRESENTATION_CONTEXT(2) 
PARAMETRIC_REPRESENTATION_CONTEXT() REPRESENTATION_CONTEXT('2D SPACE',''
  ) );
#2119 = ORIENTED_EDGE('',*,*,#2120,.F.);
#2120 = EDGE_CURVE('',#2121,#2093,#2123,.T.);
#2121 = VERTEX_POINT('',#2122);
#2122 = CARTESIAN_POINT('',(172.,153.00842373802,11.2));
#2123 = SURFACE_CURVE('',#2124,(#2128,#2135),.PCURVE_S1.);
#2124 = LINE('',#2125,#2126);
#2125 = CARTESIAN_POINT('',(172.,153.00842373802,3.2));
#2126 = VECTOR('',#2127,1.);
#2127 = DIRECTION('',(0.,0.,-1.));
#2128 = PCURVE('',#586,#2129);
#2129 = DEFINITIONAL_REPRESENTATION('',(#2130),#2134);
#2130 = LINE('',#2131,#2132);
#2131 = CARTESIAN_POINT('',(0.,168.8));
#2132 = VECTOR('',#2133,1.);
#2133 = DIRECTION('',(-1.,0.));
#2134 = ( GEOMETRIC_REPRESENTATION_CONTEXT(2) 
PARAMETRIC_REPRESENTATION_CONTEXT() REPRESENTATION_CONTEXT('2D SPACE',''
  ) );
#2135 = PCURVE('',#2136,#2141);
#2136 = PLANE('',#2137);
#2137 = AXIS2_PLACEMENT_3D('',#2138,#2139,#2140);
#2138 = CARTESIAN_POINT('',(172.,124.43302648362,3.2));
#2139 = DIRECTION('',(1.,0.,0.));
#2140 = DIRECTION('',(0.,0.,1.));
#2141 = DEFINITIONAL_REPRESENTATION('',(#2142),#2145);
#2142 = B_SPLINE_CURVE_WITH_KNOTS('',1,(#2143,#2144),.UNSPECIFIED.,.F.,
  .F.,(2,2),(-8.,-2.5),.PIECEWISE_BEZIER_KNOTS.);
#2143 = CARTESIAN_POINT('',(8.,-28.5753972544));
#2144 = CARTESIAN_POINT('',(2.5,-28.5753972544));
#2145 = ( GEOMETRIC_REPRESENTATION_CONTEXT(2) 
PARAMETRIC_REPRESENTATION_CONTEXT() REPRESENTATION_CONTEXT('2D SPACE',''
  ) );
#2146 = ORIENTED_EDGE('',*,*,#2147,.F.);
#2147 = EDGE_CURVE('',#2148,#2121,#2150,.T.);
#2148 = VERTEX_POINT('',#2149);
#2149 = CARTESIAN_POINT('',(168.,153.00842373802,11.2));
#2150 = SURFACE_CURVE('',#2151,(#2155,#2162),.PCURVE_S1.);
#2151 = LINE('',#2152,#2153);
#2152 = CARTESIAN_POINT('',(85.6,153.00842373802,11.2));
#2153 = VECTOR('',#2154,1.);
#2154 = DIRECTION('',(1.,0.,0.));
#2155 = PCURVE('',#586,#2156);
#2156 = DEFINITIONAL_REPRESENTATION('',(#2157),#2161);
#2157 = LINE('',#2158,#2159);
#2158 = CARTESIAN_POINT('',(8.,82.4));
#2159 = VECTOR('',#2160,1.);
#2160 = DIRECTION('',(0.,1.));
#2161 = ( GEOMETRIC_REPRESENTATION_CONTEXT(2) 
PARAMETRIC_REPRESENTATION_CONTEXT() REPRESENTATION_CONTEXT('2D SPACE',''
  ) );
#2162 = PCURVE('',#2163,#2168);
#2163 = PLANE('',#2164);
#2164 = AXIS2_PLACEMENT_3D('',#2165,#2166,#2167);
#2165 = CARTESIAN_POINT('',(168.,124.43302648362,11.2));
#2166 = DIRECTION('',(0.,0.,1.));
#2167 = DIRECTION('',(1.,0.,0.));
#2168 = DEFINITIONAL_REPRESENTATION('',(#2169),#2172);
#2169 = B_SPLINE_CURVE_WITH_KNOTS('',1,(#2170,#2171),.UNSPECIFIED.,.F.,
  .F.,(2,2),(82.4,86.4),.PIECEWISE_BEZIER_KNOTS.);
#2170 = CARTESIAN_POINT('',(0.,28.575397254402));
#2171 = CARTESIAN_POINT('',(4.,28.575397254402));
#2172 = ( GEOMETRIC_REPRESENTATION_CONTEXT(2) 
PARAMETRIC_REPRESENTATION_CONTEXT() REPRESENTATION_CONTEXT('2D SPACE',''
  ) );
#2173 = ORIENTED_EDGE('',*,*,#2174,.T.);
#2174 = EDGE_CURVE('',#2148,#2175,#2177,.T.);
#2175 = VERTEX_POINT('',#2176);
#2176 = CARTESIAN_POINT('',(168.,153.00842373802,5.7));
#2177 = SURFACE_CURVE('',#2178,(#2182,#2189),.PCURVE_S1.);
#2178 = LINE('',#2179,#2180);
#2179 = CARTESIAN_POINT('',(168.,153.00842373802,3.2));
#2180 = VECTOR('',#2181,1.);
#2181 = DIRECTION('',(0.,0.,-1.));
#2182 = PCURVE('',#586,#2183);
#2183 = DEFINITIONAL_REPRESENTATION('',(#2184),#2188);
#2184 = LINE('',#2185,#2186);
#2185 = CARTESIAN_POINT('',(0.,164.8));
#2186 = VECTOR('',#2187,1.);
#2187 = DIRECTION('',(-1.,0.));
#2188 = ( GEOMETRIC_REPRESENTATION_CONTEXT(2) 
PARAMETRIC_REPRESENTATION_CONTEXT() REPRESENTATION_CONTEXT('2D SPACE',''
  ) );
#2189 = PCURVE('',#2190,#2195);
#2190 = PLANE('',#2191);
#2191 = AXIS2_PLACEMENT_3D('',#2192,#2193,#2194);
#2192 = CARTESIAN_POINT('',(168.,124.43302648362,3.2));
#2193 = DIRECTION('',(1.,0.,0.));
#2194 = DIRECTION('',(0.,0.,1.));
#2195 = DEFINITIONAL_REPRESENTATION('',(#2196),#2199);
#2196 = B_SPLINE_CURVE_WITH_KNOTS('',1,(#2197,#2198),.UNSPECIFIED.,.F.,
  .F.,(2,2),(-8.,-2.5),.PIECEWISE_BEZIER_KNOTS.);
#2197 = CARTESIAN_POINT('',(8.,-28.5753972544));
#2198 = CARTESIAN_POINT('',(2.5,-28.5753972544));
#2199 = ( GEOMETRIC_REPRESENTATION_CONTEXT(2) 
PARAMETRIC_REPRESENTATION_CONTEXT() REPRESENTATION_CONTEXT('2D SPACE',''
  ) );
#2200 = ORIENTED_EDGE('',*,*,#2201,.F.);
#2201 = EDGE_CURVE('',#2202,#2175,#2204,.T.);
#2202 = VERTEX_POINT('',#2203);
#2203 = CARTESIAN_POINT('',(137.,153.00842373802,5.7));
#2204 = SURFACE_CURVE('',#2205,(#2209,#2216),.PCURVE_S1.);
#2205 = LINE('',#2206,#2207);
#2206 = CARTESIAN_POINT('',(6.,153.00842373802,5.7));
#2207 = VECTOR('',#2208,1.);
#2208 = DIRECTION('',(1.,0.,0.));
#2209 = PCURVE('',#586,#2210);
#2210 = DEFINITIONAL_REPRESENTATION('',(#2211),#2215);
#2211 = LINE('',#2212,#2213);
#2212 = CARTESIAN_POINT('',(2.5,2.8));
#2213 = VECTOR('',#2214,1.);
#2214 = DIRECTION('',(0.,1.));
#2215 = ( GEOMETRIC_REPRESENTATION_CONTEXT(2) 
PARAMETRIC_REPRESENTATION_CONTEXT() REPRESENTATION_CONTEXT('2D SPACE',''
  ) );
#2216 = PCURVE('',#2217,#2222);
#2217 = PLANE('',#2218);
#2218 = AXIS2_PLACEMENT_3D('',#2219,#2220,#2221);
#2219 = CARTESIAN_POINT('',(6.,151.75842373802,4.45));
#2220 = DIRECTION('',(-7.652052273037E-18,-0.707106781187,0.707106781187
    ));
#2221 = DIRECTION('',(-1.,5.410818052259E-18,-5.410818052259E-18));
#2222 = DEFINITIONAL_REPRESENTATION('',(#2223),#2227);
#2223 = LINE('',#2224,#2225);
#2224 = CARTESIAN_POINT('',(-1.925929944387E-34,-1.767766952966));
#2225 = VECTOR('',#2226,1.);
#2226 = DIRECTION('',(-1.,2.803368887165E-34));
#2227 = ( GEOMETRIC_REPRESENTATION_CONTEXT(2) 
PARAMETRIC_REPRESENTATION_CONTEXT() REPRESENTATION_CONTEXT('2D SPACE',''
  ) );
#2228 = ORIENTED_EDGE('',*,*,#2229,.F.);
#2229 = EDGE_CURVE('',#2230,#2202,#2232,.T.);
#2230 = VERTEX_POINT('',#2231);
#2231 = CARTESIAN_POINT('',(137.,153.00842373802,11.2));
#2232 = SURFACE_CURVE('',#2233,(#2237,#2244),.PCURVE_S1.);
#2233 = LINE('',#2234,#2235);
#2234 = CARTESIAN_POINT('',(137.,153.00842373802,3.2));
#2235 = VECTOR('',#2236,1.);
#2236 = DIRECTION('',(0.,0.,-1.));
#2237 = PCURVE('',#586,#2238);
#2238 = DEFINITIONAL_REPRESENTATION('',(#2239),#2243);
#2239 = LINE('',#2240,#2241);
#2240 = CARTESIAN_POINT('',(0.,133.8));
#2241 = VECTOR('',#2242,1.);
#2242 = DIRECTION('',(-1.,0.));
#2243 = ( GEOMETRIC_REPRESENTATION_CONTEXT(2) 
PARAMETRIC_REPRESENTATION_CONTEXT() REPRESENTATION_CONTEXT('2D SPACE',''
  ) );
#2244 = PCURVE('',#2245,#2250);
#2245 = PLANE('',#2246);
#2246 = AXIS2_PLACEMENT_3D('',#2247,#2248,#2249);
#2247 = CARTESIAN_POINT('',(137.,124.43302648362,3.2));
#2248 = DIRECTION('',(1.,0.,0.));
#2249 = DIRECTION('',(0.,0.,1.));
#2250 = DEFINITIONAL_REPRESENTATION('',(#2251),#2254);
#2251 = B_SPLINE_CURVE_WITH_KNOTS('',1,(#2252,#2253),.UNSPECIFIED.,.F.,
  .F.,(2,2),(-8.,-2.5),.PIECEWISE_BEZIER_KNOTS.);
#2252 = CARTESIAN_POINT('',(8.,-28.5753972544));
#2253 = CARTESIAN_POINT('',(2.5,-28.5753972544));
#2254 = ( GEOMETRIC_REPRESENTATION_CONTEXT(2) 
PARAMETRIC_REPRESENTATION_CONTEXT() REPRESENTATION_CONTEXT('2D SPACE',''
  ) );
#2255 = ORIENTED_EDGE('',*,*,#2256,.F.);
#2256 = EDGE_CURVE('',#2257,#2230,#2259,.T.);
#2257 = VERTEX_POINT('',#2258);
#2258 = CARTESIAN_POINT('',(133.,153.00842373802,11.2));
#2259 = SURFACE_CURVE('',#2260,(#2264,#2271),.PCURVE_S1.);
#2260 = LINE('',#2261,#2262);
#2261 = CARTESIAN_POINT('',(68.1,153.00842373802,11.2));
#2262 = VECTOR('',#2263,1.);
#2263 = DIRECTION('',(1.,0.,0.));
#2264 = PCURVE('',#586,#2265);
#2265 = DEFINITIONAL_REPRESENTATION('',(#2266),#2270);
#2266 = LINE('',#2267,#2268);
#2267 = CARTESIAN_POINT('',(8.,64.9));
#2268 = VECTOR('',#2269,1.);
#2269 = DIRECTION('',(0.,1.));
#2270 = ( GEOMETRIC_REPRESENTATION_CONTEXT(2) 
PARAMETRIC_REPRESENTATION_CONTEXT() REPRESENTATION_CONTEXT('2D SPACE',''
  ) );
#2271 = PCURVE('',#2272,#2277);
#2272 = PLANE('',#2273);
#2273 = AXIS2_PLACEMENT_3D('',#2274,#2275,#2276);
#2274 = CARTESIAN_POINT('',(133.,124.43302648362,11.2));
#2275 = DIRECTION('',(0.,0.,1.));
#2276 = DIRECTION('',(1.,0.,0.));
#2277 = DEFINITIONAL_REPRESENTATION('',(#2278),#2281);
#2278 = B_SPLINE_CURVE_WITH_KNOTS('',1,(#2279,#2280),.UNSPECIFIED.,.F.,
  .F.,(2,2),(64.9,68.9),.PIECEWISE_BEZIER_KNOTS.);
#2279 = CARTESIAN_POINT('',(0.,28.575397254402));
#2280 = CARTESIAN_POINT('',(4.,28.575397254402));
#2281 = ( GEOMETRIC_REPRESENTATION_CONTEXT(2) 
PARAMETRIC_REPRESENTATION_CONTEXT() REPRESENTATION_CONTEXT('2D SPACE',''
  ) );
#2282 = ORIENTED_EDGE('',*,*,#2283,.T.);
#2283 = EDGE_CURVE('',#2257,#2284,#2286,.T.);
#2284 = VERTEX_POINT('',#2285);
#2285 = CARTESIAN_POINT('',(133.,153.00842373802,5.7));
#2286 = SURFACE_CURVE('',#2287,(#2291,#2298),.PCURVE_S1.);
#2287 = LINE('',#2288,#2289);
#2288 = CARTESIAN_POINT('',(133.,153.00842373802,3.2));
#2289 = VECTOR('',#2290,1.);
#2290 = DIRECTION('',(0.,0.,-1.));
#2291 = PCURVE('',#586,#2292);
#2292 = DEFINITIONAL_REPRESENTATION('',(#2293),#2297);
#2293 = LINE('',#2294,#2295);
#2294 = CARTESIAN_POINT('',(0.,129.8));
#2295 = VECTOR('',#2296,1.);
#2296 = DIRECTION('',(-1.,0.));
#2297 = ( GEOMETRIC_REPRESENTATION_CONTEXT(2) 
PARAMETRIC_REPRESENTATION_CONTEXT() REPRESENTATION_CONTEXT('2D SPACE',''
  ) );
#2298 = PCURVE('',#2299,#2304);
#2299 = PLANE('',#2300);
#2300 = AXIS2_PLACEMENT_3D('',#2301,#2302,#2303);
#2301 = CARTESIAN_POINT('',(133.,124.43302648362,3.2));
#2302 = DIRECTION('',(1.,0.,0.));
#2303 = DIRECTION('',(0.,0.,1.));
#2304 = DEFINITIONAL_REPRESENTATION('',(#2305),#2308);
#2305 = B_SPLINE_CURVE_WITH_KNOTS('',1,(#2306,#2307),.UNSPECIFIED.,.F.,
  .F.,(2,2),(-8.,-2.5),.PIECEWISE_BEZIER_KNOTS.);
#2306 = CARTESIAN_POINT('',(8.,-28.5753972544));
#2307 = CARTESIAN_POINT('',(2.5,-28.5753972544));
#2308 = ( GEOMETRIC_REPRESENTATION_CONTEXT(2) 
PARAMETRIC_REPRESENTATION_CONTEXT() REPRESENTATION_CONTEXT('2D SPACE',''
  ) );
#2309 = ORIENTED_EDGE('',*,*,#2310,.F.);
#2310 = EDGE_CURVE('',#2311,#2284,#2313,.T.);
#2311 = VERTEX_POINT('',#2312);
#2312 = CARTESIAN_POINT('',(122.22857142857,153.00842373802,5.7));
#2313 = SURFACE_CURVE('',#2314,(#2318,#2325),.PCURVE_S1.);
#2314 = LINE('',#2315,#2316);
#2315 = CARTESIAN_POINT('',(6.,153.00842373802,5.7));
#2316 = VECTOR('',#2317,1.);
#2317 = DIRECTION('',(1.,0.,0.));
#2318 = PCURVE('',#586,#2319);
#2319 = DEFINITIONAL_REPRESENTATION('',(#2320),#2324);
#2320 = LINE('',#2321,#2322);
#2321 = CARTESIAN_POINT('',(2.5,2.8));
#2322 = VECTOR('',#2323,1.);
#2323 = DIRECTION('',(0.,1.));
#2324 = ( GEOMETRIC_REPRESENTATION_CONTEXT(2) 
PARAMETRIC_REPRESENTATION_CONTEXT() REPRESENTATION_CONTEXT('2D SPACE',''
  ) );
#2325 = PCURVE('',#2326,#2331);
#2326 = PLANE('',#2327);
#2327 = AXIS2_PLACEMENT_3D('',#2328,#2329,#2330);
#2328 = CARTESIAN_POINT('',(6.,151.75842373802,4.45));
#2329 = DIRECTION('',(-7.652052273037E-18,-0.707106781187,0.707106781187
    ));
#2330 = DIRECTION('',(-1.,5.410818052259E-18,-5.410818052259E-18));
#2331 = DEFINITIONAL_REPRESENTATION('',(#2332),#2336);
#2332 = LINE('',#2333,#2334);
#2333 = CARTESIAN_POINT('',(-1.925929944387E-34,-1.767766952966));
#2334 = VECTOR('',#2335,1.);
#2335 = DIRECTION('',(-1.,2.803368887165E-34));
#2336 = ( GEOMETRIC_REPRESENTATION_CONTEXT(2) 
PARAMETRIC_REPRESENTATION_CONTEXT() REPRESENTATION_CONTEXT('2D SPACE',''
  ) );
#2337 = ORIENTED_EDGE('',*,*,#2338,.T.);
#2338 = EDGE_CURVE('',#2311,#2339,#2341,.T.);
#2339 = VERTEX_POINT('',#2340);
#2340 = CARTESIAN_POINT('',(122.22857142857,153.00842373802,7.2));
#2341 = SURFACE_CURVE('',#2342,(#2346,#2353),.PCURVE_S1.);
#2342 = LINE('',#2343,#2344);
#2343 = CARTESIAN_POINT('',(122.22857142857,153.00842373802,3.2));
#2344 = VECTOR('',#2345,1.);
#2345 = DIRECTION('',(0.,0.,1.));
#2346 = PCURVE('',#586,#2347);
#2347 = DEFINITIONAL_REPRESENTATION('',(#2348),#2352);
#2348 = LINE('',#2349,#2350);
#2349 = CARTESIAN_POINT('',(0.,119.02857142857));
#2350 = VECTOR('',#2351,1.);
#2351 = DIRECTION('',(1.,0.));
#2352 = ( GEOMETRIC_REPRESENTATION_CONTEXT(2) 
PARAMETRIC_REPRESENTATION_CONTEXT() REPRESENTATION_CONTEXT('2D SPACE',''
  ) );
#2353 = PCURVE('',#2354,#2359);
#2354 = PLANE('',#2355);
#2355 = AXIS2_PLACEMENT_3D('',#2356,#2357,#2358);
#2356 = CARTESIAN_POINT('',(122.22857142857,130.20842373802,3.2));
#2357 = DIRECTION('',(1.,0.,0.));
#2358 = DIRECTION('',(0.,0.,1.));
#2359 = DEFINITIONAL_REPRESENTATION('',(#2360),#2364);
#2360 = LINE('',#2361,#2362);
#2361 = CARTESIAN_POINT('',(0.,-22.8));
#2362 = VECTOR('',#2363,1.);
#2363 = DIRECTION('',(1.,0.));
#2364 = ( GEOMETRIC_REPRESENTATION_CONTEXT(2) 
PARAMETRIC_REPRESENTATION_CONTEXT() REPRESENTATION_CONTEXT('2D SPACE',''
  ) );
#2365 = ORIENTED_EDGE('',*,*,#2366,.F.);
#2366 = EDGE_CURVE('',#2367,#2339,#2369,.T.);
#2367 = VERTEX_POINT('',#2368);
#2368 = CARTESIAN_POINT('',(118.22857142857,153.00842373802,7.2));
#2369 = SURFACE_CURVE('',#2370,(#2374,#2381),.PCURVE_S1.);
#2370 = LINE('',#2371,#2372);
#2371 = CARTESIAN_POINT('',(80.028571428571,153.00842373802,7.2));
#2372 = VECTOR('',#2373,1.);
#2373 = DIRECTION('',(1.,0.,0.));
#2374 = PCURVE('',#586,#2375);
#2375 = DEFINITIONAL_REPRESENTATION('',(#2376),#2380);
#2376 = LINE('',#2377,#2378);
#2377 = CARTESIAN_POINT('',(4.,76.828571428571));
#2378 = VECTOR('',#2379,1.);
#2379 = DIRECTION('',(0.,1.));
#2380 = ( GEOMETRIC_REPRESENTATION_CONTEXT(2) 
PARAMETRIC_REPRESENTATION_CONTEXT() REPRESENTATION_CONTEXT('2D SPACE',''
  ) );
#2381 = PCURVE('',#2382,#2387);
#2382 = PLANE('',#2383);
#2383 = AXIS2_PLACEMENT_3D('',#2384,#2385,#2386);
#2384 = CARTESIAN_POINT('',(80.028571428571,130.20842373802,7.2));
#2385 = DIRECTION('',(0.,0.,1.));
#2386 = DIRECTION('',(1.,0.,0.));
#2387 = DEFINITIONAL_REPRESENTATION('',(#2388),#2392);
#2388 = LINE('',#2389,#2390);
#2389 = CARTESIAN_POINT('',(0.,22.8));
#2390 = VECTOR('',#2391,1.);
#2391 = DIRECTION('',(1.,0.));
#2392 = ( GEOMETRIC_REPRESENTATION_CONTEXT(2) 
PARAMETRIC_REPRESENTATION_CONTEXT() REPRESENTATION_CONTEXT('2D SPACE',''
  ) );
#2393 = ORIENTED_EDGE('',*,*,#2394,.F.);
#2394 = EDGE_CURVE('',#2395,#2367,#2397,.T.);
#2395 = VERTEX_POINT('',#2396);
#2396 = CARTESIAN_POINT('',(118.22857142857,153.00842373802,5.));
#2397 = SURFACE_CURVE('',#2398,(#2402,#2409),.PCURVE_S1.);
#2398 = LINE('',#2399,#2400);
#2399 = CARTESIAN_POINT('',(118.22857142857,153.00842373802,5.));
#2400 = VECTOR('',#2401,1.);
#2401 = DIRECTION('',(0.,0.,1.));
#2402 = PCURVE('',#586,#2403);
#2403 = DEFINITIONAL_REPRESENTATION('',(#2404),#2408);
#2404 = LINE('',#2405,#2406);
#2405 = CARTESIAN_POINT('',(1.8,115.02857142857));
#2406 = VECTOR('',#2407,1.);
#2407 = DIRECTION('',(1.,0.));
#2408 = ( GEOMETRIC_REPRESENTATION_CONTEXT(2) 
PARAMETRIC_REPRESENTATION_CONTEXT() REPRESENTATION_CONTEXT('2D SPACE',''
  ) );
#2409 = PCURVE('',#2410,#2415);
#2410 = PLANE('',#2411);
#2411 = AXIS2_PLACEMENT_3D('',#2412,#2413,#2414);
#2412 = CARTESIAN_POINT('',(118.22857142857,134.20842373802,5.));
#2413 = DIRECTION('',(1.,0.,0.));
#2414 = DIRECTION('',(0.,0.,1.));
#2415 = DEFINITIONAL_REPRESENTATION('',(#2416),#2420);
#2416 = LINE('',#2417,#2418);
#2417 = CARTESIAN_POINT('',(0.,-18.8));
#2418 = VECTOR('',#2419,1.);
#2419 = DIRECTION('',(1.,0.));
#2420 = ( GEOMETRIC_REPRESENTATION_CONTEXT(2) 
PARAMETRIC_REPRESENTATION_CONTEXT() REPRESENTATION_CONTEXT('2D SPACE',''
  ) );
#2421 = ORIENTED_EDGE('',*,*,#2422,.F.);
#2422 = EDGE_CURVE('',#2423,#2395,#2425,.T.);
#2423 = VERTEX_POINT('',#2424);
#2424 = CARTESIAN_POINT('',(84.028571428571,153.00842373802,5.));
#2425 = SURFACE_CURVE('',#2426,(#2430,#2437),.PCURVE_S1.);
#2426 = LINE('',#2427,#2428);
#2427 = CARTESIAN_POINT('',(84.028571428571,153.00842373802,5.));
#2428 = VECTOR('',#2429,1.);
#2429 = DIRECTION('',(1.,0.,0.));
#2430 = PCURVE('',#586,#2431);
#2431 = DEFINITIONAL_REPRESENTATION('',(#2432),#2436);
#2432 = LINE('',#2433,#2434);
#2433 = CARTESIAN_POINT('',(1.8,80.828571428571));
#2434 = VECTOR('',#2435,1.);
#2435 = DIRECTION('',(0.,1.));
#2436 = ( GEOMETRIC_REPRESENTATION_CONTEXT(2) 
PARAMETRIC_REPRESENTATION_CONTEXT() REPRESENTATION_CONTEXT('2D SPACE',''
  ) );
#2437 = PCURVE('',#2438,#2443);
#2438 = PLANE('',#2439);
#2439 = AXIS2_PLACEMENT_3D('',#2440,#2441,#2442);
#2440 = CARTESIAN_POINT('',(84.028571428571,134.20842373802,5.));
#2441 = DIRECTION('',(0.,0.,1.));
#2442 = DIRECTION('',(1.,0.,0.));
#2443 = DEFINITIONAL_REPRESENTATION('',(#2444),#2448);
#2444 = LINE('',#2445,#2446);
#2445 = CARTESIAN_POINT('',(0.,18.8));
#2446 = VECTOR('',#2447,1.);
#2447 = DIRECTION('',(1.,0.));
#2448 = ( GEOMETRIC_REPRESENTATION_CONTEXT(2) 
PARAMETRIC_REPRESENTATION_CONTEXT() REPRESENTATION_CONTEXT('2D SPACE',''
  ) );
#2449 = ORIENTED_EDGE('',*,*,#2450,.T.);
#2450 = EDGE_CURVE('',#2423,#2451,#2453,.T.);
#2451 = VERTEX_POINT('',#2452);
#2452 = CARTESIAN_POINT('',(84.028571428571,153.00842373802,7.2));
#2453 = SURFACE_CURVE('',#2454,(#2458,#2465),.PCURVE_S1.);
#2454 = LINE('',#2455,#2456);
#2455 = CARTESIAN_POINT('',(84.028571428571,153.00842373802,5.));
#2456 = VECTOR('',#2457,1.);
#2457 = DIRECTION('',(0.,0.,1.));
#2458 = PCURVE('',#586,#2459);
#2459 = DEFINITIONAL_REPRESENTATION('',(#2460),#2464);
#2460 = LINE('',#2461,#2462);
#2461 = CARTESIAN_POINT('',(1.8,80.828571428571));
#2462 = VECTOR('',#2463,1.);
#2463 = DIRECTION('',(1.,0.));
#2464 = ( GEOMETRIC_REPRESENTATION_CONTEXT(2) 
PARAMETRIC_REPRESENTATION_CONTEXT() REPRESENTATION_CONTEXT('2D SPACE',''
  ) );
#2465 = PCURVE('',#2466,#2471);
#2466 = PLANE('',#2467);
#2467 = AXIS2_PLACEMENT_3D('',#2468,#2469,#2470);
#2468 = CARTESIAN_POINT('',(84.028571428571,134.20842373802,5.));
#2469 = DIRECTION('',(1.,0.,0.));
#2470 = DIRECTION('',(0.,0.,1.));
#2471 = DEFINITIONAL_REPRESENTATION('',(#2472),#2476);
#2472 = LINE('',#2473,#2474);
#2473 = CARTESIAN_POINT('',(0.,-18.8));
#2474 = VECTOR('',#2475,1.);
#2475 = DIRECTION('',(1.,0.));
#2476 = ( GEOMETRIC_REPRESENTATION_CONTEXT(2) 
PARAMETRIC_REPRESENTATION_CONTEXT() REPRESENTATION_CONTEXT('2D SPACE',''
  ) );
#2477 = ORIENTED_EDGE('',*,*,#2478,.F.);
#2478 = EDGE_CURVE('',#2479,#2451,#2481,.T.);
#2479 = VERTEX_POINT('',#2480);
#2480 = CARTESIAN_POINT('',(80.028571428571,153.00842373802,7.2));
#2481 = SURFACE_CURVE('',#2482,(#2486,#2493),.PCURVE_S1.);
#2482 = LINE('',#2483,#2484);
#2483 = CARTESIAN_POINT('',(80.028571428571,153.00842373802,7.2));
#2484 = VECTOR('',#2485,1.);
#2485 = DIRECTION('',(1.,0.,0.));
#2486 = PCURVE('',#586,#2487);
#2487 = DEFINITIONAL_REPRESENTATION('',(#2488),#2492);
#2488 = LINE('',#2489,#2490);
#2489 = CARTESIAN_POINT('',(4.,76.828571428571));
#2490 = VECTOR('',#2491,1.);
#2491 = DIRECTION('',(0.,1.));
#2492 = ( GEOMETRIC_REPRESENTATION_CONTEXT(2) 
PARAMETRIC_REPRESENTATION_CONTEXT() REPRESENTATION_CONTEXT('2D SPACE',''
  ) );
#2493 = PCURVE('',#2382,#2494);
#2494 = DEFINITIONAL_REPRESENTATION('',(#2495),#2499);
#2495 = LINE('',#2496,#2497);
#2496 = CARTESIAN_POINT('',(0.,22.8));
#2497 = VECTOR('',#2498,1.);
#2498 = DIRECTION('',(1.,0.));
#2499 = ( GEOMETRIC_REPRESENTATION_CONTEXT(2) 
PARAMETRIC_REPRESENTATION_CONTEXT() REPRESENTATION_CONTEXT('2D SPACE',''
  ) );
#2500 = ORIENTED_EDGE('',*,*,#2501,.F.);
#2501 = EDGE_CURVE('',#2502,#2479,#2504,.T.);
#2502 = VERTEX_POINT('',#2503);
#2503 = CARTESIAN_POINT('',(80.028571428571,153.00842373802,5.7));
#2504 = SURFACE_CURVE('',#2505,(#2509,#2516),.PCURVE_S1.);
#2505 = LINE('',#2506,#2507);
#2506 = CARTESIAN_POINT('',(80.028571428571,153.00842373802,3.2));
#2507 = VECTOR('',#2508,1.);
#2508 = DIRECTION('',(0.,0.,1.));
#2509 = PCURVE('',#586,#2510);
#2510 = DEFINITIONAL_REPRESENTATION('',(#2511),#2515);
#2511 = LINE('',#2512,#2513);
#2512 = CARTESIAN_POINT('',(0.,76.828571428571));
#2513 = VECTOR('',#2514,1.);
#2514 = DIRECTION('',(1.,0.));
#2515 = ( GEOMETRIC_REPRESENTATION_CONTEXT(2) 
PARAMETRIC_REPRESENTATION_CONTEXT() REPRESENTATION_CONTEXT('2D SPACE',''
  ) );
#2516 = PCURVE('',#2517,#2522);
#2517 = PLANE('',#2518);
#2518 = AXIS2_PLACEMENT_3D('',#2519,#2520,#2521);
#2519 = CARTESIAN_POINT('',(80.028571428571,130.20842373802,3.2));
#2520 = DIRECTION('',(1.,0.,0.));
#2521 = DIRECTION('',(0.,0.,1.));
#2522 = DEFINITIONAL_REPRESENTATION('',(#2523),#2527);
#2523 = LINE('',#2524,#2525);
#2524 = CARTESIAN_POINT('',(0.,-22.8));
#2525 = VECTOR('',#2526,1.);
#2526 = DIRECTION('',(1.,0.));
#2527 = ( GEOMETRIC_REPRESENTATION_CONTEXT(2) 
PARAMETRIC_REPRESENTATION_CONTEXT() REPRESENTATION_CONTEXT('2D SPACE',''
  ) );
#2528 = ORIENTED_EDGE('',*,*,#2529,.F.);
#2529 = EDGE_CURVE('',#2530,#2502,#2532,.T.);
#2530 = VERTEX_POINT('',#2531);
#2531 = CARTESIAN_POINT('',(72.,153.00842373802,5.7));
#2532 = SURFACE_CURVE('',#2533,(#2537,#2544),.PCURVE_S1.);
#2533 = LINE('',#2534,#2535);
#2534 = CARTESIAN_POINT('',(6.,153.00842373802,5.7));
#2535 = VECTOR('',#2536,1.);
#2536 = DIRECTION('',(1.,0.,0.));
#2537 = PCURVE('',#586,#2538);
#2538 = DEFINITIONAL_REPRESENTATION('',(#2539),#2543);
#2539 = LINE('',#2540,#2541);
#2540 = CARTESIAN_POINT('',(2.5,2.8));
#2541 = VECTOR('',#2542,1.);
#2542 = DIRECTION('',(0.,1.));
#2543 = ( GEOMETRIC_REPRESENTATION_CONTEXT(2) 
PARAMETRIC_REPRESENTATION_CONTEXT() REPRESENTATION_CONTEXT('2D SPACE',''
  ) );
#2544 = PCURVE('',#2545,#2550);
#2545 = PLANE('',#2546);
#2546 = AXIS2_PLACEMENT_3D('',#2547,#2548,#2549);
#2547 = CARTESIAN_POINT('',(6.,151.75842373802,4.45));
#2548 = DIRECTION('',(-7.652052273037E-18,-0.707106781187,0.707106781187
    ));
#2549 = DIRECTION('',(-1.,5.410818052259E-18,-5.410818052259E-18));
#2550 = DEFINITIONAL_REPRESENTATION('',(#2551),#2555);
#2551 = LINE('',#2552,#2553);
#2552 = CARTESIAN_POINT('',(-1.925929944387E-34,-1.767766952966));
#2553 = VECTOR('',#2554,1.);
#2554 = DIRECTION('',(-1.,2.803368887165E-34));
#2555 = ( GEOMETRIC_REPRESENTATION_CONTEXT(2) 
PARAMETRIC_REPRESENTATION_CONTEXT() REPRESENTATION_CONTEXT('2D SPACE',''
  ) );
#2556 = ORIENTED_EDGE('',*,*,#2557,.F.);
#2557 = EDGE_CURVE('',#2558,#2530,#2560,.T.);
#2558 = VERTEX_POINT('',#2559);
#2559 = CARTESIAN_POINT('',(72.,153.00842373802,11.2));
#2560 = SURFACE_CURVE('',#2561,(#2565,#2572),.PCURVE_S1.);
#2561 = LINE('',#2562,#2563);
#2562 = CARTESIAN_POINT('',(72.,153.00842373802,3.2));
#2563 = VECTOR('',#2564,1.);
#2564 = DIRECTION('',(0.,0.,-1.));
#2565 = PCURVE('',#586,#2566);
#2566 = DEFINITIONAL_REPRESENTATION('',(#2567),#2571);
#2567 = LINE('',#2568,#2569);
#2568 = CARTESIAN_POINT('',(0.,68.8));
#2569 = VECTOR('',#2570,1.);
#2570 = DIRECTION('',(-1.,0.));
#2571 = ( GEOMETRIC_REPRESENTATION_CONTEXT(2) 
PARAMETRIC_REPRESENTATION_CONTEXT() REPRESENTATION_CONTEXT('2D SPACE',''
  ) );
#2572 = PCURVE('',#1686,#2573);
#2573 = DEFINITIONAL_REPRESENTATION('',(#2574),#2577);
#2574 = B_SPLINE_CURVE_WITH_KNOTS('',1,(#2575,#2576),.UNSPECIFIED.,.F.,
  .F.,(2,2),(-8.,-2.5),.PIECEWISE_BEZIER_KNOTS.);
#2575 = CARTESIAN_POINT('',(8.,-28.5753972544));
#2576 = CARTESIAN_POINT('',(2.5,-28.5753972544));
#2577 = ( GEOMETRIC_REPRESENTATION_CONTEXT(2) 
PARAMETRIC_REPRESENTATION_CONTEXT() REPRESENTATION_CONTEXT('2D SPACE',''
  ) );
#2578 = ORIENTED_EDGE('',*,*,#2579,.F.);
#2579 = EDGE_CURVE('',#2580,#2558,#2582,.T.);
#2580 = VERTEX_POINT('',#2581);
#2581 = CARTESIAN_POINT('',(68.,153.00842373802,11.2));
#2582 = SURFACE_CURVE('',#2583,(#2587,#2594),.PCURVE_S1.);
#2583 = LINE('',#2584,#2585);
#2584 = CARTESIAN_POINT('',(35.6,153.00842373802,11.2));
#2585 = VECTOR('',#2586,1.);
#2586 = DIRECTION('',(1.,0.,0.));
#2587 = PCURVE('',#586,#2588);
#2588 = DEFINITIONAL_REPRESENTATION('',(#2589),#2593);
#2589 = LINE('',#2590,#2591);
#2590 = CARTESIAN_POINT('',(8.,32.4));
#2591 = VECTOR('',#2592,1.);
#2592 = DIRECTION('',(0.,1.));
#2593 = ( GEOMETRIC_REPRESENTATION_CONTEXT(2) 
PARAMETRIC_REPRESENTATION_CONTEXT() REPRESENTATION_CONTEXT('2D SPACE',''
  ) );
#2594 = PCURVE('',#1712,#2595);
#2595 = DEFINITIONAL_REPRESENTATION('',(#2596),#2599);
#2596 = B_SPLINE_CURVE_WITH_KNOTS('',1,(#2597,#2598),.UNSPECIFIED.,.F.,
  .F.,(2,2),(32.4,36.4),.PIECEWISE_BEZIER_KNOTS.);
#2597 = CARTESIAN_POINT('',(0.,28.575397254402));
#2598 = CARTESIAN_POINT('',(4.,28.575397254402));
#2599 = ( GEOMETRIC_REPRESENTATION_CONTEXT(2) 
PARAMETRIC_REPRESENTATION_CONTEXT() REPRESENTATION_CONTEXT('2D SPACE',''
  ) );
#2600 = ORIENTED_EDGE('',*,*,#2601,.T.);
#2601 = EDGE_CURVE('',#2580,#2602,#2604,.T.);
#2602 = VERTEX_POINT('',#2603);
#2603 = CARTESIAN_POINT('',(68.,153.00842373802,5.7));
#2604 = SURFACE_CURVE('',#2605,(#2609,#2616),.PCURVE_S1.);
#2605 = LINE('',#2606,#2607);
#2606 = CARTESIAN_POINT('',(68.,153.00842373802,3.2));
#2607 = VECTOR('',#2608,1.);
#2608 = DIRECTION('',(0.,0.,-1.));
#2609 = PCURVE('',#586,#2610);
#2610 = DEFINITIONAL_REPRESENTATION('',(#2611),#2615);
#2611 = LINE('',#2612,#2613);
#2612 = CARTESIAN_POINT('',(0.,64.8));
#2613 = VECTOR('',#2614,1.);
#2614 = DIRECTION('',(-1.,0.));
#2615 = ( GEOMETRIC_REPRESENTATION_CONTEXT(2) 
PARAMETRIC_REPRESENTATION_CONTEXT() REPRESENTATION_CONTEXT('2D SPACE',''
  ) );
#2616 = PCURVE('',#1738,#2617);
#2617 = DEFINITIONAL_REPRESENTATION('',(#2618),#2621);
#2618 = B_SPLINE_CURVE_WITH_KNOTS('',1,(#2619,#2620),.UNSPECIFIED.,.F.,
  .F.,(2,2),(-8.,-2.5),.PIECEWISE_BEZIER_KNOTS.);
#2619 = CARTESIAN_POINT('',(8.,-28.5753972544));
#2620 = CARTESIAN_POINT('',(2.5,-28.5753972544));
#2621 = ( GEOMETRIC_REPRESENTATION_CONTEXT(2) 
PARAMETRIC_REPRESENTATION_CONTEXT() REPRESENTATION_CONTEXT('2D SPACE',''
  ) );
#2622 = ORIENTED_EDGE('',*,*,#2623,.F.);
#2623 = EDGE_CURVE('',#2624,#2602,#2626,.T.);
#2624 = VERTEX_POINT('',#2625);
#2625 = CARTESIAN_POINT('',(32.,153.00842373802,5.7));
#2626 = SURFACE_CURVE('',#2627,(#2631,#2638),.PCURVE_S1.);
#2627 = LINE('',#2628,#2629);
#2628 = CARTESIAN_POINT('',(6.,153.00842373802,5.7));
#2629 = VECTOR('',#2630,1.);
#2630 = DIRECTION('',(1.,0.,0.));
#2631 = PCURVE('',#586,#2632);
#2632 = DEFINITIONAL_REPRESENTATION('',(#2633),#2637);
#2633 = LINE('',#2634,#2635);
#2634 = CARTESIAN_POINT('',(2.5,2.8));
#2635 = VECTOR('',#2636,1.);
#2636 = DIRECTION('',(0.,1.));
#2637 = ( GEOMETRIC_REPRESENTATION_CONTEXT(2) 
PARAMETRIC_REPRESENTATION_CONTEXT() REPRESENTATION_CONTEXT('2D SPACE',''
  ) );
#2638 = PCURVE('',#2639,#2644);
#2639 = PLANE('',#2640);
#2640 = AXIS2_PLACEMENT_3D('',#2641,#2642,#2643);
#2641 = CARTESIAN_POINT('',(6.,151.75842373802,4.45));
#2642 = DIRECTION('',(-7.652052273037E-18,-0.707106781187,0.707106781187
    ));
#2643 = DIRECTION('',(-1.,5.410818052259E-18,-5.410818052259E-18));
#2644 = DEFINITIONAL_REPRESENTATION('',(#2645),#2649);
#2645 = LINE('',#2646,#2647);
#2646 = CARTESIAN_POINT('',(-1.925929944387E-34,-1.767766952966));
#2647 = VECTOR('',#2648,1.);
#2648 = DIRECTION('',(-1.,2.803368887165E-34));
#2649 = ( GEOMETRIC_REPRESENTATION_CONTEXT(2) 
PARAMETRIC_REPRESENTATION_CONTEXT() REPRESENTATION_CONTEXT('2D SPACE',''
  ) );
#2650 = ORIENTED_EDGE('',*,*,#2651,.F.);
#2651 = EDGE_CURVE('',#2652,#2624,#2654,.T.);
#2652 = VERTEX_POINT('',#2653);
#2653 = CARTESIAN_POINT('',(32.,153.00842373802,11.2));
#2654 = SURFACE_CURVE('',#2655,(#2659,#2666),.PCURVE_S1.);
#2655 = LINE('',#2656,#2657);
#2656 = CARTESIAN_POINT('',(32.,153.00842373802,3.2));
#2657 = VECTOR('',#2658,1.);
#2658 = DIRECTION('',(0.,0.,-1.));
#2659 = PCURVE('',#586,#2660);
#2660 = DEFINITIONAL_REPRESENTATION('',(#2661),#2665);
#2661 = LINE('',#2662,#2663);
#2662 = CARTESIAN_POINT('',(0.,28.8));
#2663 = VECTOR('',#2664,1.);
#2664 = DIRECTION('',(-1.,0.));
#2665 = ( GEOMETRIC_REPRESENTATION_CONTEXT(2) 
PARAMETRIC_REPRESENTATION_CONTEXT() REPRESENTATION_CONTEXT('2D SPACE',''
  ) );
#2666 = PCURVE('',#1792,#2667);
#2667 = DEFINITIONAL_REPRESENTATION('',(#2668),#2671);
#2668 = B_SPLINE_CURVE_WITH_KNOTS('',1,(#2669,#2670),.UNSPECIFIED.,.F.,
  .F.,(2,2),(-8.,-2.5),.PIECEWISE_BEZIER_KNOTS.);
#2669 = CARTESIAN_POINT('',(8.,-28.5753972544));
#2670 = CARTESIAN_POINT('',(2.5,-28.5753972544));
#2671 = ( GEOMETRIC_REPRESENTATION_CONTEXT(2) 
PARAMETRIC_REPRESENTATION_CONTEXT() REPRESENTATION_CONTEXT('2D SPACE',''
  ) );
#2672 = ORIENTED_EDGE('',*,*,#2673,.F.);
#2673 = EDGE_CURVE('',#2674,#2652,#2676,.T.);
#2674 = VERTEX_POINT('',#2675);
#2675 = CARTESIAN_POINT('',(28.,153.00842373802,11.2));
#2676 = SURFACE_CURVE('',#2677,(#2681,#2688),.PCURVE_S1.);
#2677 = LINE('',#2678,#2679);
#2678 = CARTESIAN_POINT('',(15.6,153.00842373802,11.2));
#2679 = VECTOR('',#2680,1.);
#2680 = DIRECTION('',(1.,0.,0.));
#2681 = PCURVE('',#586,#2682);
#2682 = DEFINITIONAL_REPRESENTATION('',(#2683),#2687);
#2683 = LINE('',#2684,#2685);
#2684 = CARTESIAN_POINT('',(8.,12.4));
#2685 = VECTOR('',#2686,1.);
#2686 = DIRECTION('',(0.,1.));
#2687 = ( GEOMETRIC_REPRESENTATION_CONTEXT(2) 
PARAMETRIC_REPRESENTATION_CONTEXT() REPRESENTATION_CONTEXT('2D SPACE',''
  ) );
#2688 = PCURVE('',#1818,#2689);
#2689 = DEFINITIONAL_REPRESENTATION('',(#2690),#2693);
#2690 = B_SPLINE_CURVE_WITH_KNOTS('',1,(#2691,#2692),.UNSPECIFIED.,.F.,
  .F.,(2,2),(12.4,16.4),.PIECEWISE_BEZIER_KNOTS.);
#2691 = CARTESIAN_POINT('',(0.,28.575397254402));
#2692 = CARTESIAN_POINT('',(4.,28.575397254402));
#2693 = ( GEOMETRIC_REPRESENTATION_CONTEXT(2) 
PARAMETRIC_REPRESENTATION_CONTEXT() REPRESENTATION_CONTEXT('2D SPACE',''
  ) );
#2694 = ORIENTED_EDGE('',*,*,#2695,.T.);
#2695 = EDGE_CURVE('',#2674,#2040,#2696,.T.);
#2696 = SURFACE_CURVE('',#2697,(#2701,#2708),.PCURVE_S1.);
#2697 = LINE('',#2698,#2699);
#2698 = CARTESIAN_POINT('',(28.,153.00842373802,3.2));
#2699 = VECTOR('',#2700,1.);
#2700 = DIRECTION('',(0.,0.,-1.));
#2701 = PCURVE('',#586,#2702);
#2702 = DEFINITIONAL_REPRESENTATION('',(#2703),#2707);
#2703 = LINE('',#2704,#2705);
#2704 = CARTESIAN_POINT('',(0.,24.8));
#2705 = VECTOR('',#2706,1.);
#2706 = DIRECTION('',(-1.,0.));
#2707 = ( GEOMETRIC_REPRESENTATION_CONTEXT(2) 
PARAMETRIC_REPRESENTATION_CONTEXT() REPRESENTATION_CONTEXT('2D SPACE',''
  ) );
#2708 = PCURVE('',#1844,#2709);
#2709 = DEFINITIONAL_REPRESENTATION('',(#2710),#2713);
#2710 = B_SPLINE_CURVE_WITH_KNOTS('',1,(#2711,#2712),.UNSPECIFIED.,.F.,
  .F.,(2,2),(-8.,-2.5),.PIECEWISE_BEZIER_KNOTS.);
#2711 = CARTESIAN_POINT('',(8.,-28.5753972544));
#2712 = CARTESIAN_POINT('',(2.5,-28.5753972544));
#2713 = ( GEOMETRIC_REPRESENTATION_CONTEXT(2) 
PARAMETRIC_REPRESENTATION_CONTEXT() REPRESENTATION_CONTEXT('2D SPACE',''
  ) );
#2714 = FACE_BOUND('',#2715,.F.);
#2715 = EDGE_LOOP('',(#2716,#2739,#2760,#2781,#2802,#2823));
#2716 = ORIENTED_EDGE('',*,*,#2717,.T.);
#2717 = EDGE_CURVE('',#2718,#2720,#2722,.T.);
#2718 = VERTEX_POINT('',#2719);
#2719 = CARTESIAN_POINT('',(99.128571428571,153.00842373802,
    15.567014370377));
#2720 = VERTEX_POINT('',#2721);
#2721 = CARTESIAN_POINT('',(95.128571428571,153.00842373802,10.8));
#2722 = SURFACE_CURVE('',#2723,(#2727,#2733),.PCURVE_S1.);
#2723 = LINE('',#2724,#2725);
#2724 = CARTESIAN_POINT('',(76.266101066729,153.00842373802,
    -11.67941681892));
#2725 = VECTOR('',#2726,1.);
#2726 = DIRECTION('',(-0.642787609687,0.,-0.766044443119));
#2727 = PCURVE('',#586,#2728);
#2728 = DEFINITIONAL_REPRESENTATION('',(#2729),#2732);
#2729 = B_SPLINE_CURVE_WITH_KNOTS('',1,(#2730,#2731),.UNSPECIFIED.,.F.,
  .F.,(2,2),(-35.5676898828,-29.34479457536),.PIECEWISE_BEZIER_KNOTS.);
#2730 = CARTESIAN_POINT('',(12.367014370377,95.928571428571));
#2731 = CARTESIAN_POINT('',(7.6,91.928571428571));
#2732 = ( GEOMETRIC_REPRESENTATION_CONTEXT(2) 
PARAMETRIC_REPRESENTATION_CONTEXT() REPRESENTATION_CONTEXT('2D SPACE',''
  ) );
#2733 = PCURVE('',#1139,#2734);
#2734 = DEFINITIONAL_REPRESENTATION('',(#2735),#2738);
#2735 = B_SPLINE_CURVE_WITH_KNOTS('',1,(#2736,#2737),.UNSPECIFIED.,.F.,
  .F.,(2,2),(-35.5676898828,-29.34479457536),.PIECEWISE_BEZIER_KNOTS.);
#2736 = CARTESIAN_POINT('',(0.,-4.2));
#2737 = CARTESIAN_POINT('',(6.222895307442,-4.2));
#2738 = ( GEOMETRIC_REPRESENTATION_CONTEXT(2) 
PARAMETRIC_REPRESENTATION_CONTEXT() REPRESENTATION_CONTEXT('2D SPACE',''
  ) );
#2739 = ORIENTED_EDGE('',*,*,#2740,.T.);
#2740 = EDGE_CURVE('',#2720,#2741,#2743,.T.);
#2741 = VERTEX_POINT('',#2742);
#2742 = CARTESIAN_POINT('',(95.128571428571,153.00842373802,5.8));
#2743 = SURFACE_CURVE('',#2744,(#2748,#2754),.PCURVE_S1.);
#2744 = LINE('',#2745,#2746);
#2745 = CARTESIAN_POINT('',(95.128571428571,153.00842373802,4.5));
#2746 = VECTOR('',#2747,1.);
#2747 = DIRECTION('',(0.,0.,-1.));
#2748 = PCURVE('',#586,#2749);
#2749 = DEFINITIONAL_REPRESENTATION('',(#2750),#2753);
#2750 = B_SPLINE_CURVE_WITH_KNOTS('',1,(#2751,#2752),.UNSPECIFIED.,.F.,
  .F.,(2,2),(-6.3,-1.3),.PIECEWISE_BEZIER_KNOTS.);
#2751 = CARTESIAN_POINT('',(7.6,91.928571428571));
#2752 = CARTESIAN_POINT('',(2.6,91.928571428571));
#2753 = ( GEOMETRIC_REPRESENTATION_CONTEXT(2) 
PARAMETRIC_REPRESENTATION_CONTEXT() REPRESENTATION_CONTEXT('2D SPACE',''
  ) );
#2754 = PCURVE('',#1165,#2755);
#2755 = DEFINITIONAL_REPRESENTATION('',(#2756),#2759);
#2756 = B_SPLINE_CURVE_WITH_KNOTS('',1,(#2757,#2758),.UNSPECIFIED.,.F.,
  .F.,(2,2),(-6.3,-1.3),.PIECEWISE_BEZIER_KNOTS.);
#2757 = CARTESIAN_POINT('',(5.,-1.));
#2758 = CARTESIAN_POINT('',(0.,-1.));
#2759 = ( GEOMETRIC_REPRESENTATION_CONTEXT(2) 
PARAMETRIC_REPRESENTATION_CONTEXT() REPRESENTATION_CONTEXT('2D SPACE',''
  ) );
#2760 = ORIENTED_EDGE('',*,*,#2761,.T.);
#2761 = EDGE_CURVE('',#2741,#2762,#2764,.T.);
#2762 = VERTEX_POINT('',#2763);
#2763 = CARTESIAN_POINT('',(107.12857142857,153.00842373802,5.8));
#2764 = SURFACE_CURVE('',#2765,(#2769,#2775),.PCURVE_S1.);
#2765 = LINE('',#2766,#2767);
#2766 = CARTESIAN_POINT('',(49.164285714286,153.00842373802,5.8));
#2767 = VECTOR('',#2768,1.);
#2768 = DIRECTION('',(1.,0.,0.));
#2769 = PCURVE('',#586,#2770);
#2770 = DEFINITIONAL_REPRESENTATION('',(#2771),#2774);
#2771 = B_SPLINE_CURVE_WITH_KNOTS('',1,(#2772,#2773),.UNSPECIFIED.,.F.,
  .F.,(2,2),(45.964285714286,57.964285714286),.PIECEWISE_BEZIER_KNOTS.);
#2772 = CARTESIAN_POINT('',(2.6,91.928571428571));
#2773 = CARTESIAN_POINT('',(2.6,103.92857142857));
#2774 = ( GEOMETRIC_REPRESENTATION_CONTEXT(2) 
PARAMETRIC_REPRESENTATION_CONTEXT() REPRESENTATION_CONTEXT('2D SPACE',''
  ) );
#2775 = PCURVE('',#1191,#2776);
#2776 = DEFINITIONAL_REPRESENTATION('',(#2777),#2780);
#2777 = B_SPLINE_CURVE_WITH_KNOTS('',1,(#2778,#2779),.UNSPECIFIED.,.F.,
  .F.,(2,2),(45.964285714286,57.964285714286),.PIECEWISE_BEZIER_KNOTS.);
#2778 = CARTESIAN_POINT('',(0.,1.));
#2779 = CARTESIAN_POINT('',(12.,1.));
#2780 = ( GEOMETRIC_REPRESENTATION_CONTEXT(2) 
PARAMETRIC_REPRESENTATION_CONTEXT() REPRESENTATION_CONTEXT('2D SPACE',''
  ) );
#2781 = ORIENTED_EDGE('',*,*,#2782,.F.);
#2782 = EDGE_CURVE('',#2783,#2762,#2785,.T.);
#2783 = VERTEX_POINT('',#2784);
#2784 = CARTESIAN_POINT('',(107.12857142857,153.00842373802,10.8));
#2785 = SURFACE_CURVE('',#2786,(#2790,#2796),.PCURVE_S1.);
#2786 = LINE('',#2787,#2788);
#2787 = CARTESIAN_POINT('',(107.12857142857,153.00842373802,4.5));
#2788 = VECTOR('',#2789,1.);
#2789 = DIRECTION('',(0.,0.,-1.));
#2790 = PCURVE('',#586,#2791);
#2791 = DEFINITIONAL_REPRESENTATION('',(#2792),#2795);
#2792 = B_SPLINE_CURVE_WITH_KNOTS('',1,(#2793,#2794),.UNSPECIFIED.,.F.,
  .F.,(2,2),(-6.3,-1.3),.PIECEWISE_BEZIER_KNOTS.);
#2793 = CARTESIAN_POINT('',(7.6,103.92857142857));
#2794 = CARTESIAN_POINT('',(2.6,103.92857142857));
#2795 = ( GEOMETRIC_REPRESENTATION_CONTEXT(2) 
PARAMETRIC_REPRESENTATION_CONTEXT() REPRESENTATION_CONTEXT('2D SPACE',''
  ) );
#2796 = PCURVE('',#1217,#2797);
#2797 = DEFINITIONAL_REPRESENTATION('',(#2798),#2801);
#2798 = B_SPLINE_CURVE_WITH_KNOTS('',1,(#2799,#2800),.UNSPECIFIED.,.F.,
  .F.,(2,2),(-6.3,-1.3),.PIECEWISE_BEZIER_KNOTS.);
#2799 = CARTESIAN_POINT('',(5.,-1.));
#2800 = CARTESIAN_POINT('',(0.,-1.));
#2801 = ( GEOMETRIC_REPRESENTATION_CONTEXT(2) 
PARAMETRIC_REPRESENTATION_CONTEXT() REPRESENTATION_CONTEXT('2D SPACE',''
  ) );
#2802 = ORIENTED_EDGE('',*,*,#2803,.T.);
#2803 = EDGE_CURVE('',#2783,#2804,#2806,.T.);
#2804 = VERTEX_POINT('',#2805);
#2805 = CARTESIAN_POINT('',(103.12857142857,153.00842373802,
    15.567014370377));
#2806 = SURFACE_CURVE('',#2807,(#2811,#2817),.PCURVE_S1.);
#2807 = LINE('',#2808,#2809);
#2808 = CARTESIAN_POINT('',(87.529315061177,153.00842373802,
    34.157484188018));
#2809 = VECTOR('',#2810,1.);
#2810 = DIRECTION('',(-0.642787609687,0.,0.766044443119));
#2811 = PCURVE('',#586,#2812);
#2812 = DEFINITIONAL_REPRESENTATION('',(#2813),#2816);
#2813 = B_SPLINE_CURVE_WITH_KNOTS('',1,(#2814,#2815),.UNSPECIFIED.,.F.,
  .F.,(2,2),(-30.4910301195,-24.26813481206),.PIECEWISE_BEZIER_KNOTS.);
#2814 = CARTESIAN_POINT('',(7.6,103.92857142857));
#2815 = CARTESIAN_POINT('',(12.367014370377,99.928571428571));
#2816 = ( GEOMETRIC_REPRESENTATION_CONTEXT(2) 
PARAMETRIC_REPRESENTATION_CONTEXT() REPRESENTATION_CONTEXT('2D SPACE',''
  ) );
#2817 = PCURVE('',#1243,#2818);
#2818 = DEFINITIONAL_REPRESENTATION('',(#2819),#2822);
#2819 = B_SPLINE_CURVE_WITH_KNOTS('',1,(#2820,#2821),.UNSPECIFIED.,.F.,
  .F.,(2,2),(-30.4910301195,-24.26813481206),.PIECEWISE_BEZIER_KNOTS.);
#2820 = CARTESIAN_POINT('',(0.,-4.2));
#2821 = CARTESIAN_POINT('',(6.222895307442,-4.2));
#2822 = ( GEOMETRIC_REPRESENTATION_CONTEXT(2) 
PARAMETRIC_REPRESENTATION_CONTEXT() REPRESENTATION_CONTEXT('2D SPACE',''
  ) );
#2823 = ORIENTED_EDGE('',*,*,#2824,.T.);
#2824 = EDGE_CURVE('',#2804,#2718,#2825,.T.);
#2825 = SURFACE_CURVE('',#2826,(#2830,#2836),.PCURVE_S1.);
#2826 = LINE('',#2827,#2828);
#2827 = CARTESIAN_POINT('',(53.164285714286,153.00842373802,
    15.567014370377));
#2828 = VECTOR('',#2829,1.);
#2829 = DIRECTION('',(-1.,0.,0.));
#2830 = PCURVE('',#586,#2831);
#2831 = DEFINITIONAL_REPRESENTATION('',(#2832),#2835);
#2832 = B_SPLINE_CURVE_WITH_KNOTS('',1,(#2833,#2834),.UNSPECIFIED.,.F.,
  .F.,(2,2),(-49.96428571428,-45.96428571428),.PIECEWISE_BEZIER_KNOTS.);
#2833 = CARTESIAN_POINT('',(12.367014370377,99.928571428571));
#2834 = CARTESIAN_POINT('',(12.367014370377,95.928571428571));
#2835 = ( GEOMETRIC_REPRESENTATION_CONTEXT(2) 
PARAMETRIC_REPRESENTATION_CONTEXT() REPRESENTATION_CONTEXT('2D SPACE',''
  ) );
#2836 = PCURVE('',#1267,#2837);
#2837 = DEFINITIONAL_REPRESENTATION('',(#2838),#2841);
#2838 = B_SPLINE_CURVE_WITH_KNOTS('',1,(#2839,#2840),.UNSPECIFIED.,.F.,
  .F.,(2,2),(-49.96428571428,-45.96428571428),.PIECEWISE_BEZIER_KNOTS.);
#2839 = CARTESIAN_POINT('',(0.,-4.2));
#2840 = CARTESIAN_POINT('',(4.,-4.2));
#2841 = ( GEOMETRIC_REPRESENTATION_CONTEXT(2) 
PARAMETRIC_REPRESENTATION_CONTEXT() REPRESENTATION_CONTEXT('2D SPACE',''
  ) );
#2842 = ADVANCED_FACE('',(#2843),#615,.F.);
#2843 = FACE_BOUND('',#2844,.F.);
#2844 = EDGE_LOOP('',(#2845,#2868,#2895,#2896));
#2845 = ORIENTED_EDGE('',*,*,#2846,.F.);
#2846 = EDGE_CURVE('',#2847,#599,#2849,.T.);
#2847 = VERTEX_POINT('',#2848);
#2848 = CARTESIAN_POINT('',(195.575,150.20842373802,5.7));
#2849 = SURFACE_CURVE('',#2850,(#2854,#2861),.PCURVE_S1.);
#2850 = LINE('',#2851,#2852);
#2851 = CARTESIAN_POINT('',(195.575,150.20842373802,3.2));
#2852 = VECTOR('',#2853,1.);
#2853 = DIRECTION('',(0.,0.,1.));
#2854 = PCURVE('',#615,#2855);
#2855 = DEFINITIONAL_REPRESENTATION('',(#2856),#2860);
#2856 = LINE('',#2857,#2858);
#2857 = CARTESIAN_POINT('',(0.,0.));
#2858 = VECTOR('',#2859,1.);
#2859 = DIRECTION('',(0.,1.));
#2860 = ( GEOMETRIC_REPRESENTATION_CONTEXT(2) 
PARAMETRIC_REPRESENTATION_CONTEXT() REPRESENTATION_CONTEXT('2D SPACE',''
  ) );
#2861 = PCURVE('',#648,#2862);
#2862 = DEFINITIONAL_REPRESENTATION('',(#2863),#2867);
#2863 = LINE('',#2864,#2865);
#2864 = CARTESIAN_POINT('',(0.,-147.008423738));
#2865 = VECTOR('',#2866,1.);
#2866 = DIRECTION('',(1.,0.));
#2867 = ( GEOMETRIC_REPRESENTATION_CONTEXT(2) 
PARAMETRIC_REPRESENTATION_CONTEXT() REPRESENTATION_CONTEXT('2D SPACE',''
  ) );
#2868 = ORIENTED_EDGE('',*,*,#2869,.F.);
#2869 = EDGE_CURVE('',#2070,#2847,#2870,.T.);
#2870 = SURFACE_CURVE('',#2871,(#2876,#2883),.PCURVE_S1.);
#2871 = CIRCLE('',#2872,2.8);
#2872 = AXIS2_PLACEMENT_3D('',#2873,#2874,#2875);
#2873 = CARTESIAN_POINT('',(192.775,150.20842373802,5.7));
#2874 = DIRECTION('',(0.,-0.,-1.));
#2875 = DIRECTION('',(0.,1.,-0.));
#2876 = PCURVE('',#615,#2877);
#2877 = DEFINITIONAL_REPRESENTATION('',(#2878),#2882);
#2878 = LINE('',#2879,#2880);
#2879 = CARTESIAN_POINT('',(1.570796326795,2.5));
#2880 = VECTOR('',#2881,1.);
#2881 = DIRECTION('',(-1.,-0.));
#2882 = ( GEOMETRIC_REPRESENTATION_CONTEXT(2) 
PARAMETRIC_REPRESENTATION_CONTEXT() REPRESENTATION_CONTEXT('2D SPACE',''
  ) );
#2883 = PCURVE('',#2884,#2889);
#2884 = CONICAL_SURFACE('',#2885,2.8,0.785398163397);
#2885 = AXIS2_PLACEMENT_3D('',#2886,#2887,#2888);
#2886 = CARTESIAN_POINT('',(192.775,150.20842373802,5.7));
#2887 = DIRECTION('',(0.,0.,1.));
#2888 = DIRECTION('',(0.,1.,0.));
#2889 = DEFINITIONAL_REPRESENTATION('',(#2890),#2894);
#2890 = LINE('',#2891,#2892);
#2891 = CARTESIAN_POINT('',(-0.,-0.));
#2892 = VECTOR('',#2893,1.);
#2893 = DIRECTION('',(-1.,-0.));
#2894 = ( GEOMETRIC_REPRESENTATION_CONTEXT(2) 
PARAMETRIC_REPRESENTATION_CONTEXT() REPRESENTATION_CONTEXT('2D SPACE',''
  ) );
#2895 = ORIENTED_EDGE('',*,*,#2069,.T.);
#2896 = ORIENTED_EDGE('',*,*,#598,.F.);
#2897 = ADVANCED_FACE('',(#2898),#648,.F.);
#2898 = FACE_BOUND('',#2899,.F.);
#2899 = EDGE_LOOP('',(#2900,#2923,#2951,#2977,#3003,#3029,#3055,#3056));
#2900 = ORIENTED_EDGE('',*,*,#2901,.F.);
#2901 = EDGE_CURVE('',#2902,#633,#2904,.T.);
#2902 = VERTEX_POINT('',#2903);
#2903 = CARTESIAN_POINT('',(195.575,6.,5.7));
#2904 = SURFACE_CURVE('',#2905,(#2909,#2916),.PCURVE_S1.);
#2905 = LINE('',#2906,#2907);
#2906 = CARTESIAN_POINT('',(195.575,6.,3.2));
#2907 = VECTOR('',#2908,1.);
#2908 = DIRECTION('',(0.,0.,1.));
#2909 = PCURVE('',#648,#2910);
#2910 = DEFINITIONAL_REPRESENTATION('',(#2911),#2915);
#2911 = LINE('',#2912,#2913);
#2912 = CARTESIAN_POINT('',(0.,-2.8));
#2913 = VECTOR('',#2914,1.);
#2914 = DIRECTION('',(1.,0.));
#2915 = ( GEOMETRIC_REPRESENTATION_CONTEXT(2) 
PARAMETRIC_REPRESENTATION_CONTEXT() REPRESENTATION_CONTEXT('2D SPACE',''
  ) );
#2916 = PCURVE('',#674,#2917);
#2917 = DEFINITIONAL_REPRESENTATION('',(#2918),#2922);
#2918 = LINE('',#2919,#2920);
#2919 = CARTESIAN_POINT('',(-0.,0.));
#2920 = VECTOR('',#2921,1.);
#2921 = DIRECTION('',(-0.,1.));
#2922 = ( GEOMETRIC_REPRESENTATION_CONTEXT(2) 
PARAMETRIC_REPRESENTATION_CONTEXT() REPRESENTATION_CONTEXT('2D SPACE',''
  ) );
#2923 = ORIENTED_EDGE('',*,*,#2924,.F.);
#2924 = EDGE_CURVE('',#2925,#2902,#2927,.T.);
#2925 = VERTEX_POINT('',#2926);
#2926 = CARTESIAN_POINT('',(195.575,7.763026483627,5.7));
#2927 = SURFACE_CURVE('',#2928,(#2932,#2939),.PCURVE_S1.);
#2928 = LINE('',#2929,#2930);
#2929 = CARTESIAN_POINT('',(195.575,150.20842373802,5.7));
#2930 = VECTOR('',#2931,1.);
#2931 = DIRECTION('',(-0.,-1.,-0.));
#2932 = PCURVE('',#648,#2933);
#2933 = DEFINITIONAL_REPRESENTATION('',(#2934),#2938);
#2934 = LINE('',#2935,#2936);
#2935 = CARTESIAN_POINT('',(2.5,-147.008423738));
#2936 = VECTOR('',#2937,1.);
#2937 = DIRECTION('',(0.,1.));
#2938 = ( GEOMETRIC_REPRESENTATION_CONTEXT(2) 
PARAMETRIC_REPRESENTATION_CONTEXT() REPRESENTATION_CONTEXT('2D SPACE',''
  ) );
#2939 = PCURVE('',#2940,#2945);
#2940 = PLANE('',#2941);
#2941 = AXIS2_PLACEMENT_3D('',#2942,#2943,#2944);
#2942 = CARTESIAN_POINT('',(194.325,150.20842373802,4.45));
#2943 = DIRECTION('',(-0.707106781187,-7.652052273037E-18,0.707106781187
    ));
#2944 = DIRECTION('',(-5.410818052259E-18,1.,5.410818052259E-18));
#2945 = DEFINITIONAL_REPRESENTATION('',(#2946),#2950);
#2946 = LINE('',#2947,#2948);
#2947 = CARTESIAN_POINT('',(1.925929944387E-34,-1.767766952966));
#2948 = VECTOR('',#2949,1.);
#2949 = DIRECTION('',(-1.,4.900350890384E-34));
#2950 = ( GEOMETRIC_REPRESENTATION_CONTEXT(2) 
PARAMETRIC_REPRESENTATION_CONTEXT() REPRESENTATION_CONTEXT('2D SPACE',''
  ) );
#2951 = ORIENTED_EDGE('',*,*,#2952,.T.);
#2952 = EDGE_CURVE('',#2925,#2953,#2955,.T.);
#2953 = VERTEX_POINT('',#2954);
#2954 = CARTESIAN_POINT('',(195.575,7.763026483627,14.576937690892));
#2955 = SURFACE_CURVE('',#2956,(#2960,#2966),.PCURVE_S1.);
#2956 = LINE('',#2957,#2958);
#2957 = CARTESIAN_POINT('',(195.575,7.763026483627,3.2));
#2958 = VECTOR('',#2959,1.);
#2959 = DIRECTION('',(0.,0.,1.));
#2960 = PCURVE('',#648,#2961);
#2961 = DEFINITIONAL_REPRESENTATION('',(#2962),#2965);
#2962 = B_SPLINE_CURVE_WITH_KNOTS('',1,(#2963,#2964),.UNSPECIFIED.,.F.,
  .F.,(2,2),(2.5,11.376937690892),.PIECEWISE_BEZIER_KNOTS.);
#2963 = CARTESIAN_POINT('',(2.5,-4.563026483627));
#2964 = CARTESIAN_POINT('',(11.376937690892,-4.563026483627));
#2965 = ( GEOMETRIC_REPRESENTATION_CONTEXT(2) 
PARAMETRIC_REPRESENTATION_CONTEXT() REPRESENTATION_CONTEXT('2D SPACE',''
  ) );
#2966 = PCURVE('',#2967,#2972);
#2967 = PLANE('',#2968);
#2968 = AXIS2_PLACEMENT_3D('',#2969,#2970,#2971);
#2969 = CARTESIAN_POINT('',(196.075,7.763026483627,3.2));
#2970 = DIRECTION('',(1.110223024625E-16,1.,0.));
#2971 = DIRECTION('',(0.,0.,1.));
#2972 = DEFINITIONAL_REPRESENTATION('',(#2973),#2976);
#2973 = B_SPLINE_CURVE_WITH_KNOTS('',1,(#2974,#2975),.UNSPECIFIED.,.F.,
  .F.,(2,2),(2.5,11.376937690892),.PIECEWISE_BEZIER_KNOTS.);
#2974 = CARTESIAN_POINT('',(2.5,-0.5));
#2975 = CARTESIAN_POINT('',(11.376937690892,-0.5));
#2976 = ( GEOMETRIC_REPRESENTATION_CONTEXT(2) 
PARAMETRIC_REPRESENTATION_CONTEXT() REPRESENTATION_CONTEXT('2D SPACE',''
  ) );
#2977 = ORIENTED_EDGE('',*,*,#2978,.F.);
#2978 = EDGE_CURVE('',#2979,#2953,#2981,.T.);
#2979 = VERTEX_POINT('',#2980);
#2980 = CARTESIAN_POINT('',(195.575,124.63302648362,40.482630386107));
#2981 = SURFACE_CURVE('',#2982,(#2986,#2992),.PCURVE_S1.);
#2982 = LINE('',#2983,#2984);
#2983 = CARTESIAN_POINT('',(195.575,-64.02626837092,-1.336054619437));
#2984 = VECTOR('',#2985,1.);
#2985 = DIRECTION('',(0.,-0.976302648363,-0.216409655053));
#2986 = PCURVE('',#648,#2987);
#2987 = DEFINITIONAL_REPRESENTATION('',(#2988),#2991);
#2988 = B_SPLINE_CURVE_WITH_KNOTS('',1,(#2989,#2990),.UNSPECIFIED.,.F.,
  .F.,(2,2),(-193.2385364015,-73.53180386732),.PIECEWISE_BEZIER_KNOTS.);
#2989 = CARTESIAN_POINT('',(37.282630386107,-121.4330264836));
#2990 = CARTESIAN_POINT('',(11.376937690892,-4.563026483627));
#2991 = ( GEOMETRIC_REPRESENTATION_CONTEXT(2) 
PARAMETRIC_REPRESENTATION_CONTEXT() REPRESENTATION_CONTEXT('2D SPACE',''
  ) );
#2992 = PCURVE('',#2993,#2998);
#2993 = PLANE('',#2994);
#2994 = AXIS2_PLACEMENT_3D('',#2995,#2996,#2997);
#2995 = CARTESIAN_POINT('',(351.7,-129.0625031889,-15.75214697203));
#2996 = DIRECTION('',(-2.402629817907E-17,-0.216409655053,0.976302648363
    ));
#2997 = DIRECTION('',(1.083913679215E-16,0.976302648363,0.216409655053)
  );
#2998 = DEFINITIONAL_REPRESENTATION('',(#2999),#3002);
#2999 = B_SPLINE_CURVE_WITH_KNOTS('',1,(#3000,#3001),.UNSPECIFIED.,.F.,
  .F.,(2,2),(-193.2385364015,-73.53180386732),.PIECEWISE_BEZIER_KNOTS.);
#3000 = CARTESIAN_POINT('',(259.8533662671,156.125));
#3001 = CARTESIAN_POINT('',(140.14663373289,156.125));
#3002 = ( GEOMETRIC_REPRESENTATION_CONTEXT(2) 
PARAMETRIC_REPRESENTATION_CONTEXT() REPRESENTATION_CONTEXT('2D SPACE',''
  ) );
#3003 = ORIENTED_EDGE('',*,*,#3004,.F.);
#3004 = EDGE_CURVE('',#3005,#2979,#3007,.T.);
#3005 = VERTEX_POINT('',#3006);
#3006 = CARTESIAN_POINT('',(195.575,124.63302648362,5.7));
#3007 = SURFACE_CURVE('',#3008,(#3012,#3018),.PCURVE_S1.);
#3008 = LINE('',#3009,#3010);
#3009 = CARTESIAN_POINT('',(195.575,124.63302648362,3.2));
#3010 = VECTOR('',#3011,1.);
#3011 = DIRECTION('',(0.,0.,1.));
#3012 = PCURVE('',#648,#3013);
#3013 = DEFINITIONAL_REPRESENTATION('',(#3014),#3017);
#3014 = B_SPLINE_CURVE_WITH_KNOTS('',1,(#3015,#3016),.UNSPECIFIED.,.F.,
  .F.,(2,2),(2.5,37.282630386107),.PIECEWISE_BEZIER_KNOTS.);
#3015 = CARTESIAN_POINT('',(2.5,-121.4330264836));
#3016 = CARTESIAN_POINT('',(37.282630386107,-121.4330264836));
#3017 = ( GEOMETRIC_REPRESENTATION_CONTEXT(2) 
PARAMETRIC_REPRESENTATION_CONTEXT() REPRESENTATION_CONTEXT('2D SPACE',''
  ) );
#3018 = PCURVE('',#3019,#3024);
#3019 = PLANE('',#3020);
#3020 = AXIS2_PLACEMENT_3D('',#3021,#3022,#3023);
#3021 = CARTESIAN_POINT('',(196.075,124.63302648362,3.2));
#3022 = DIRECTION('',(1.110223024625E-16,1.,0.));
#3023 = DIRECTION('',(0.,0.,1.));
#3024 = DEFINITIONAL_REPRESENTATION('',(#3025),#3028);
#3025 = B_SPLINE_CURVE_WITH_KNOTS('',1,(#3026,#3027),.UNSPECIFIED.,.F.,
  .F.,(2,2),(2.5,37.282630386107),.PIECEWISE_BEZIER_KNOTS.);
#3026 = CARTESIAN_POINT('',(2.5,-0.5));
#3027 = CARTESIAN_POINT('',(37.282630386107,-0.5));
#3028 = ( GEOMETRIC_REPRESENTATION_CONTEXT(2) 
PARAMETRIC_REPRESENTATION_CONTEXT() REPRESENTATION_CONTEXT('2D SPACE',''
  ) );
#3029 = ORIENTED_EDGE('',*,*,#3030,.F.);
#3030 = EDGE_CURVE('',#2847,#3005,#3031,.T.);
#3031 = SURFACE_CURVE('',#3032,(#3036,#3043),.PCURVE_S1.);
#3032 = LINE('',#3033,#3034);
#3033 = CARTESIAN_POINT('',(195.575,150.20842373802,5.7));
#3034 = VECTOR('',#3035,1.);
#3035 = DIRECTION('',(-0.,-1.,-0.));
#3036 = PCURVE('',#648,#3037);
#3037 = DEFINITIONAL_REPRESENTATION('',(#3038),#3042);
#3038 = LINE('',#3039,#3040);
#3039 = CARTESIAN_POINT('',(2.5,-147.008423738));
#3040 = VECTOR('',#3041,1.);
#3041 = DIRECTION('',(0.,1.));
#3042 = ( GEOMETRIC_REPRESENTATION_CONTEXT(2) 
PARAMETRIC_REPRESENTATION_CONTEXT() REPRESENTATION_CONTEXT('2D SPACE',''
  ) );
#3043 = PCURVE('',#3044,#3049);
#3044 = PLANE('',#3045);
#3045 = AXIS2_PLACEMENT_3D('',#3046,#3047,#3048);
#3046 = CARTESIAN_POINT('',(194.325,150.20842373802,4.45));
#3047 = DIRECTION('',(-0.707106781187,-7.652052273037E-18,0.707106781187
    ));
#3048 = DIRECTION('',(-5.410818052259E-18,1.,5.410818052259E-18));
#3049 = DEFINITIONAL_REPRESENTATION('',(#3050),#3054);
#3050 = LINE('',#3051,#3052);
#3051 = CARTESIAN_POINT('',(1.925929944387E-34,-1.767766952966));
#3052 = VECTOR('',#3053,1.);
#3053 = DIRECTION('',(-1.,4.900350890384E-34));
#3054 = ( GEOMETRIC_REPRESENTATION_CONTEXT(2) 
PARAMETRIC_REPRESENTATION_CONTEXT() REPRESENTATION_CONTEXT('2D SPACE',''
  ) );
#3055 = ORIENTED_EDGE('',*,*,#2846,.T.);
#3056 = ORIENTED_EDGE('',*,*,#632,.F.);
#3057 = ADVANCED_FACE('',(#3058),#674,.F.);
#3058 = FACE_BOUND('',#3059,.T.);
#3059 = EDGE_LOOP('',(#3060,#3061,#3088,#3089));
#3060 = ORIENTED_EDGE('',*,*,#2901,.F.);
#3061 = ORIENTED_EDGE('',*,*,#3062,.T.);
#3062 = EDGE_CURVE('',#2902,#1282,#3063,.T.);
#3063 = SURFACE_CURVE('',#3064,(#3069,#3076),.PCURVE_S1.);
#3064 = CIRCLE('',#3065,2.8);
#3065 = AXIS2_PLACEMENT_3D('',#3066,#3067,#3068);
#3066 = CARTESIAN_POINT('',(192.775,6.,5.7));
#3067 = DIRECTION('',(0.,-0.,-1.));
#3068 = DIRECTION('',(1.,1.586032892322E-16,-0.));
#3069 = PCURVE('',#674,#3070);
#3070 = DEFINITIONAL_REPRESENTATION('',(#3071),#3075);
#3071 = LINE('',#3072,#3073);
#3072 = CARTESIAN_POINT('',(-0.,2.5));
#3073 = VECTOR('',#3074,1.);
#3074 = DIRECTION('',(-1.,0.));
#3075 = ( GEOMETRIC_REPRESENTATION_CONTEXT(2) 
PARAMETRIC_REPRESENTATION_CONTEXT() REPRESENTATION_CONTEXT('2D SPACE',''
  ) );
#3076 = PCURVE('',#3077,#3082);
#3077 = CONICAL_SURFACE('',#3078,2.8,0.785398163397);
#3078 = AXIS2_PLACEMENT_3D('',#3079,#3080,#3081);
#3079 = CARTESIAN_POINT('',(192.775,6.,5.7));
#3080 = DIRECTION('',(0.,0.,1.));
#3081 = DIRECTION('',(1.,1.586032892322E-16,-0.));
#3082 = DEFINITIONAL_REPRESENTATION('',(#3083),#3087);
#3083 = LINE('',#3084,#3085);
#3084 = CARTESIAN_POINT('',(-0.,-0.));
#3085 = VECTOR('',#3086,1.);
#3086 = DIRECTION('',(-1.,-0.));
#3087 = ( GEOMETRIC_REPRESENTATION_CONTEXT(2) 
PARAMETRIC_REPRESENTATION_CONTEXT() REPRESENTATION_CONTEXT('2D SPACE',''
  ) );
#3088 = ORIENTED_EDGE('',*,*,#1281,.T.);
#3089 = ORIENTED_EDGE('',*,*,#659,.T.);
#3090 = ADVANCED_FACE('',(#3091),#712,.T.);
#3091 = FACE_BOUND('',#3092,.T.);
#3092 = EDGE_LOOP('',(#3093,#3094,#3095,#3116));
#3093 = ORIENTED_EDGE('',*,*,#771,.F.);
#3094 = ORIENTED_EDGE('',*,*,#695,.T.);
#3095 = ORIENTED_EDGE('',*,*,#3096,.T.);
#3096 = EDGE_CURVE('',#696,#3097,#3099,.T.);
#3097 = VERTEX_POINT('',#3098);
#3098 = CARTESIAN_POINT('',(6.,155.60842373802,-1.110223024625E-16));
#3099 = SURFACE_CURVE('',#3100,(#3104,#3110),.PCURVE_S1.);
#3100 = LINE('',#3101,#3102);
#3101 = CARTESIAN_POINT('',(6.,156.20842373802,0.6));
#3102 = VECTOR('',#3103,1.);
#3103 = DIRECTION('',(4.329780281177E-17,-0.707106781187,-0.707106781187
    ));
#3104 = PCURVE('',#712,#3105);
#3105 = DEFINITIONAL_REPRESENTATION('',(#3106),#3109);
#3106 = B_SPLINE_CURVE_WITH_KNOTS('',1,(#3107,#3108),.UNSPECIFIED.,.F.,
  .F.,(2,2),(0.,0.848528137424),.PIECEWISE_BEZIER_KNOTS.);
#3107 = CARTESIAN_POINT('',(-1.570796326795,0.));
#3108 = CARTESIAN_POINT('',(-1.570796326795,-0.6));
#3109 = ( GEOMETRIC_REPRESENTATION_CONTEXT(2) 
PARAMETRIC_REPRESENTATION_CONTEXT() REPRESENTATION_CONTEXT('2D SPACE',''
  ) );
#3110 = PCURVE('',#1105,#3111);
#3111 = DEFINITIONAL_REPRESENTATION('',(#3112),#3115);
#3112 = B_SPLINE_CURVE_WITH_KNOTS('',1,(#3113,#3114),.UNSPECIFIED.,.F.,
  .F.,(2,2),(0.,0.848528137424),.PIECEWISE_BEZIER_KNOTS.);
#3113 = CARTESIAN_POINT('',(0.,-0.424264068712));
#3114 = CARTESIAN_POINT('',(0.,0.424264068712));
#3115 = ( GEOMETRIC_REPRESENTATION_CONTEXT(2) 
PARAMETRIC_REPRESENTATION_CONTEXT() REPRESENTATION_CONTEXT('2D SPACE',''
  ) );
#3116 = ORIENTED_EDGE('',*,*,#3117,.F.);
#3117 = EDGE_CURVE('',#772,#3097,#3118,.T.);
#3118 = SURFACE_CURVE('',#3119,(#3124,#3131),.PCURVE_S1.);
#3119 = CIRCLE('',#3120,5.4);
#3120 = AXIS2_PLACEMENT_3D('',#3121,#3122,#3123);
#3121 = CARTESIAN_POINT('',(6.,150.20842373802,0.));
#3122 = DIRECTION('',(-0.,0.,-1.));
#3123 = DIRECTION('',(-1.,0.,0.));
#3124 = PCURVE('',#712,#3125);
#3125 = DEFINITIONAL_REPRESENTATION('',(#3126),#3130);
#3126 = LINE('',#3127,#3128);
#3127 = CARTESIAN_POINT('',(-0.,-0.6));
#3128 = VECTOR('',#3129,1.);
#3129 = DIRECTION('',(-1.,-0.));
#3130 = ( GEOMETRIC_REPRESENTATION_CONTEXT(2) 
PARAMETRIC_REPRESENTATION_CONTEXT() REPRESENTATION_CONTEXT('2D SPACE',''
  ) );
#3131 = PCURVE('',#806,#3132);
#3132 = DEFINITIONAL_REPRESENTATION('',(#3133),#3141);
#3133 = ( BOUNDED_CURVE() B_SPLINE_CURVE(2,(#3134,#3135,#3136,#3137,
#3138,#3139,#3140),.UNSPECIFIED.,.T.,.F.) B_SPLINE_CURVE_WITH_KNOTS((1,2
    ,2,2,2,1),(-2.094395102393,0.,2.094395102393,4.188790204786,
6.28318530718,8.377580409573),.UNSPECIFIED.) CURVE() 
GEOMETRIC_REPRESENTATION_ITEM() RATIONAL_B_SPLINE_CURVE((1.,0.5,1.,0.5,
1.,0.5,1.)) REPRESENTATION_ITEM('') );
#3134 = CARTESIAN_POINT('',(0.6,150.20842373802));
#3135 = CARTESIAN_POINT('',(0.6,159.5614980989));
#3136 = CARTESIAN_POINT('',(8.7,154.88496091846));
#3137 = CARTESIAN_POINT('',(16.8,150.20842373802));
#3138 = CARTESIAN_POINT('',(8.7,145.53188655759));
#3139 = CARTESIAN_POINT('',(0.6,140.85534937715));
#3140 = CARTESIAN_POINT('',(0.6,150.20842373802));
#3141 = ( GEOMETRIC_REPRESENTATION_CONTEXT(2) 
PARAMETRIC_REPRESENTATION_CONTEXT() REPRESENTATION_CONTEXT('2D SPACE',''
  ) );
#3142 = ADVANCED_FACE('',(#3143,#3271,#3302,#3337,#3368,#3403,#3434,
    #3465),#806,.F.);
#3143 = FACE_BOUND('',#3144,.F.);
#3144 = EDGE_LOOP('',(#3145,#3146,#3147,#3170,#3198,#3221,#3249,#3270));
#3145 = ORIENTED_EDGE('',*,*,#792,.F.);
#3146 = ORIENTED_EDGE('',*,*,#898,.F.);
#3147 = ORIENTED_EDGE('',*,*,#3148,.F.);
#3148 = EDGE_CURVE('',#3149,#876,#3151,.T.);
#3149 = VERTEX_POINT('',#3150);
#3150 = CARTESIAN_POINT('',(192.775,0.6,-2.775557561563E-15));
#3151 = SURFACE_CURVE('',#3152,(#3156,#3163),.PCURVE_S1.);
#3152 = LINE('',#3153,#3154);
#3153 = CARTESIAN_POINT('',(192.775,0.6,0.));
#3154 = VECTOR('',#3155,1.);
#3155 = DIRECTION('',(-1.,-0.,-0.));
#3156 = PCURVE('',#806,#3157);
#3157 = DEFINITIONAL_REPRESENTATION('',(#3158),#3162);
#3158 = LINE('',#3159,#3160);
#3159 = CARTESIAN_POINT('',(192.775,0.6));
#3160 = VECTOR('',#3161,1.);
#3161 = DIRECTION('',(-1.,-0.));
#3162 = ( GEOMETRIC_REPRESENTATION_CONTEXT(2) 
PARAMETRIC_REPRESENTATION_CONTEXT() REPRESENTATION_CONTEXT('2D SPACE',''
  ) );
#3163 = PCURVE('',#837,#3164);
#3164 = DEFINITIONAL_REPRESENTATION('',(#3165),#3169);
#3165 = LINE('',#3166,#3167);
#3166 = CARTESIAN_POINT('',(0.,0.424264068712));
#3167 = VECTOR('',#3168,1.);
#3168 = DIRECTION('',(1.,0.));
#3169 = ( GEOMETRIC_REPRESENTATION_CONTEXT(2) 
PARAMETRIC_REPRESENTATION_CONTEXT() REPRESENTATION_CONTEXT('2D SPACE',''
  ) );
#3170 = ORIENTED_EDGE('',*,*,#3171,.F.);
#3171 = EDGE_CURVE('',#3172,#3149,#3174,.T.);
#3172 = VERTEX_POINT('',#3173);
#3173 = CARTESIAN_POINT('',(198.175,6.,3.885780586188E-15));
#3174 = SURFACE_CURVE('',#3175,(#3180,#3191),.PCURVE_S1.);
#3175 = CIRCLE('',#3176,5.4);
#3176 = AXIS2_PLACEMENT_3D('',#3177,#3178,#3179);
#3177 = CARTESIAN_POINT('',(192.775,6.,0.));
#3178 = DIRECTION('',(0.,-0.,-1.));
#3179 = DIRECTION('',(1.,1.480297366167E-16,-0.));
#3180 = PCURVE('',#806,#3181);
#3181 = DEFINITIONAL_REPRESENTATION('',(#3182),#3190);
#3182 = ( BOUNDED_CURVE() B_SPLINE_CURVE(2,(#3183,#3184,#3185,#3186,
#3187,#3188,#3189),.UNSPECIFIED.,.T.,.F.) B_SPLINE_CURVE_WITH_KNOTS((1,2
    ,2,2,2,1),(-2.094395102393,0.,2.094395102393,4.188790204786,
6.28318530718,8.377580409573),.UNSPECIFIED.) CURVE() 
GEOMETRIC_REPRESENTATION_ITEM() RATIONAL_B_SPLINE_CURVE((1.,0.5,1.,0.5,
1.,0.5,1.)) REPRESENTATION_ITEM('') );
#3183 = CARTESIAN_POINT('',(198.175,6.));
#3184 = CARTESIAN_POINT('',(198.175,-3.353074360872));
#3185 = CARTESIAN_POINT('',(190.075,1.323462819564));
#3186 = CARTESIAN_POINT('',(181.975,6.));
#3187 = CARTESIAN_POINT('',(190.075,10.676537180436));
#3188 = CARTESIAN_POINT('',(198.175,15.353074360872));
#3189 = CARTESIAN_POINT('',(198.175,6.));
#3190 = ( GEOMETRIC_REPRESENTATION_CONTEXT(2) 
PARAMETRIC_REPRESENTATION_CONTEXT() REPRESENTATION_CONTEXT('2D SPACE',''
  ) );
#3191 = PCURVE('',#965,#3192);
#3192 = DEFINITIONAL_REPRESENTATION('',(#3193),#3197);
#3193 = LINE('',#3194,#3195);
#3194 = CARTESIAN_POINT('',(-0.,-0.6));
#3195 = VECTOR('',#3196,1.);
#3196 = DIRECTION('',(-1.,-0.));
#3197 = ( GEOMETRIC_REPRESENTATION_CONTEXT(2) 
PARAMETRIC_REPRESENTATION_CONTEXT() REPRESENTATION_CONTEXT('2D SPACE',''
  ) );
#3198 = ORIENTED_EDGE('',*,*,#3199,.F.);
#3199 = EDGE_CURVE('',#3200,#3172,#3202,.T.);
#3200 = VERTEX_POINT('',#3201);
#3201 = CARTESIAN_POINT('',(198.175,150.20842373802,-2.775557561563E-15)
  );
#3202 = SURFACE_CURVE('',#3203,(#3207,#3214),.PCURVE_S1.);
#3203 = LINE('',#3204,#3205);
#3204 = CARTESIAN_POINT('',(198.175,150.20842373802,0.));
#3205 = VECTOR('',#3206,1.);
#3206 = DIRECTION('',(-0.,-1.,-0.));
#3207 = PCURVE('',#806,#3208);
#3208 = DEFINITIONAL_REPRESENTATION('',(#3209),#3213);
#3209 = LINE('',#3210,#3211);
#3210 = CARTESIAN_POINT('',(198.175,150.20842373802));
#3211 = VECTOR('',#3212,1.);
#3212 = DIRECTION('',(-0.,-1.));
#3213 = ( GEOMETRIC_REPRESENTATION_CONTEXT(2) 
PARAMETRIC_REPRESENTATION_CONTEXT() REPRESENTATION_CONTEXT('2D SPACE',''
  ) );
#3214 = PCURVE('',#999,#3215);
#3215 = DEFINITIONAL_REPRESENTATION('',(#3216),#3220);
#3216 = LINE('',#3217,#3218);
#3217 = CARTESIAN_POINT('',(-0.,0.424264068712));
#3218 = VECTOR('',#3219,1.);
#3219 = DIRECTION('',(-1.,0.));
#3220 = ( GEOMETRIC_REPRESENTATION_CONTEXT(2) 
PARAMETRIC_REPRESENTATION_CONTEXT() REPRESENTATION_CONTEXT('2D SPACE',''
  ) );
#3221 = ORIENTED_EDGE('',*,*,#3222,.F.);
#3222 = EDGE_CURVE('',#3223,#3200,#3225,.T.);
#3223 = VERTEX_POINT('',#3224);
#3224 = CARTESIAN_POINT('',(192.775,155.60842373802,-5.440092820663E-15)
  );
#3225 = SURFACE_CURVE('',#3226,(#3231,#3242),.PCURVE_S1.);
#3226 = CIRCLE('',#3227,5.4);
#3227 = AXIS2_PLACEMENT_3D('',#3228,#3229,#3230);
#3228 = CARTESIAN_POINT('',(192.775,150.20842373802,0.));
#3229 = DIRECTION('',(0.,-0.,-1.));
#3230 = DIRECTION('',(0.,1.,-0.));
#3231 = PCURVE('',#806,#3232);
#3232 = DEFINITIONAL_REPRESENTATION('',(#3233),#3241);
#3233 = ( BOUNDED_CURVE() B_SPLINE_CURVE(2,(#3234,#3235,#3236,#3237,
#3238,#3239,#3240),.UNSPECIFIED.,.T.,.F.) B_SPLINE_CURVE_WITH_KNOTS((1,2
    ,2,2,2,1),(-2.094395102393,0.,2.094395102393,4.188790204786,
6.28318530718,8.377580409573),.UNSPECIFIED.) CURVE() 
GEOMETRIC_REPRESENTATION_ITEM() RATIONAL_B_SPLINE_CURVE((1.,0.5,1.,0.5,
1.,0.5,1.)) REPRESENTATION_ITEM('') );
#3234 = CARTESIAN_POINT('',(192.775,155.60842373802));
#3235 = CARTESIAN_POINT('',(202.12807436087,155.60842373802));
#3236 = CARTESIAN_POINT('',(197.45153718043,147.50842373802));
#3237 = CARTESIAN_POINT('',(192.775,139.40842373802));
#3238 = CARTESIAN_POINT('',(188.09846281956,147.50842373802));
#3239 = CARTESIAN_POINT('',(183.42192563912,155.60842373802));
#3240 = CARTESIAN_POINT('',(192.775,155.60842373802));
#3241 = ( GEOMETRIC_REPRESENTATION_CONTEXT(2) 
PARAMETRIC_REPRESENTATION_CONTEXT() REPRESENTATION_CONTEXT('2D SPACE',''
  ) );
#3242 = PCURVE('',#1054,#3243);
#3243 = DEFINITIONAL_REPRESENTATION('',(#3244),#3248);
#3244 = LINE('',#3245,#3246);
#3245 = CARTESIAN_POINT('',(-0.,-0.6));
#3246 = VECTOR('',#3247,1.);
#3247 = DIRECTION('',(-1.,-0.));
#3248 = ( GEOMETRIC_REPRESENTATION_CONTEXT(2) 
PARAMETRIC_REPRESENTATION_CONTEXT() REPRESENTATION_CONTEXT('2D SPACE',''
  ) );
#3249 = ORIENTED_EDGE('',*,*,#3250,.F.);
#3250 = EDGE_CURVE('',#3097,#3223,#3251,.T.);
#3251 = SURFACE_CURVE('',#3252,(#3256,#3263),.PCURVE_S1.);
#3252 = LINE('',#3253,#3254);
#3253 = CARTESIAN_POINT('',(6.,155.60842373802,0.));
#3254 = VECTOR('',#3255,1.);
#3255 = DIRECTION('',(1.,0.,0.));
#3256 = PCURVE('',#806,#3257);
#3257 = DEFINITIONAL_REPRESENTATION('',(#3258),#3262);
#3258 = LINE('',#3259,#3260);
#3259 = CARTESIAN_POINT('',(6.,155.60842373802));
#3260 = VECTOR('',#3261,1.);
#3261 = DIRECTION('',(1.,0.));
#3262 = ( GEOMETRIC_REPRESENTATION_CONTEXT(2) 
PARAMETRIC_REPRESENTATION_CONTEXT() REPRESENTATION_CONTEXT('2D SPACE',''
  ) );
#3263 = PCURVE('',#1105,#3264);
#3264 = DEFINITIONAL_REPRESENTATION('',(#3265),#3269);
#3265 = LINE('',#3266,#3267);
#3266 = CARTESIAN_POINT('',(-0.,0.424264068712));
#3267 = VECTOR('',#3268,1.);
#3268 = DIRECTION('',(-1.,0.));
#3269 = ( GEOMETRIC_REPRESENTATION_CONTEXT(2) 
PARAMETRIC_REPRESENTATION_CONTEXT() REPRESENTATION_CONTEXT('2D SPACE',''
  ) );
#3270 = ORIENTED_EDGE('',*,*,#3117,.F.);
#3271 = FACE_BOUND('',#3272,.F.);
#3272 = EDGE_LOOP('',(#3273));
#3273 = ORIENTED_EDGE('',*,*,#3274,.F.);
#3274 = EDGE_CURVE('',#3275,#3275,#3277,.T.);
#3275 = VERTEX_POINT('',#3276);
#3276 = CARTESIAN_POINT('',(21.,15.,0.));
#3277 = SURFACE_CURVE('',#3278,(#3283,#3290),.PCURVE_S1.);
#3278 = CIRCLE('',#3279,6.);
#3279 = AXIS2_PLACEMENT_3D('',#3280,#3281,#3282);
#3280 = CARTESIAN_POINT('',(15.,15.,0.));
#3281 = DIRECTION('',(0.,0.,1.));
#3282 = DIRECTION('',(1.,0.,0.));
#3283 = PCURVE('',#806,#3284);
#3284 = DEFINITIONAL_REPRESENTATION('',(#3285),#3289);
#3285 = CIRCLE('',#3286,6.);
#3286 = AXIS2_PLACEMENT_2D('',#3287,#3288);
#3287 = CARTESIAN_POINT('',(15.,15.));
#3288 = DIRECTION('',(1.,0.));
#3289 = ( GEOMETRIC_REPRESENTATION_CONTEXT(2) 
PARAMETRIC_REPRESENTATION_CONTEXT() REPRESENTATION_CONTEXT('2D SPACE',''
  ) );
#3290 = PCURVE('',#3291,#3296);
#3291 = CYLINDRICAL_SURFACE('',#3292,6.);
#3292 = AXIS2_PLACEMENT_3D('',#3293,#3294,#3295);
#3293 = CARTESIAN_POINT('',(15.,15.,0.));
#3294 = DIRECTION('',(-0.,-0.,-1.));
#3295 = DIRECTION('',(1.,0.,0.));
#3296 = DEFINITIONAL_REPRESENTATION('',(#3297),#3301);
#3297 = LINE('',#3298,#3299);
#3298 = CARTESIAN_POINT('',(-0.,0.));
#3299 = VECTOR('',#3300,1.);
#3300 = DIRECTION('',(-1.,0.));
#3301 = ( GEOMETRIC_REPRESENTATION_CONTEXT(2) 
PARAMETRIC_REPRESENTATION_CONTEXT() REPRESENTATION_CONTEXT('2D SPACE',''
  ) );
#3302 = FACE_BOUND('',#3303,.F.);
#3303 = EDGE_LOOP('',(#3304));
#3304 = ORIENTED_EDGE('',*,*,#3305,.T.);
#3305 = EDGE_CURVE('',#3306,#3306,#3308,.T.);
#3306 = VERTEX_POINT('',#3307);
#3307 = CARTESIAN_POINT('',(105.38,20.,0.));
#3308 = SURFACE_CURVE('',#3309,(#3314,#3325),.PCURVE_S1.);
#3309 = CIRCLE('',#3310,4.25);
#3310 = AXIS2_PLACEMENT_3D('',#3311,#3312,#3313);
#3311 = CARTESIAN_POINT('',(101.13,20.,0.));
#3312 = DIRECTION('',(0.,0.,-1.));
#3313 = DIRECTION('',(1.,0.,0.));
#3314 = PCURVE('',#806,#3315);
#3315 = DEFINITIONAL_REPRESENTATION('',(#3316),#3324);
#3316 = ( BOUNDED_CURVE() B_SPLINE_CURVE(2,(#3317,#3318,#3319,#3320,
#3321,#3322,#3323),.UNSPECIFIED.,.T.,.F.) B_SPLINE_CURVE_WITH_KNOTS((1,2
    ,2,2,2,1),(-2.094395102393,0.,2.094395102393,4.188790204786,
6.28318530718,8.377580409573),.UNSPECIFIED.) CURVE() 
GEOMETRIC_REPRESENTATION_ITEM() RATIONAL_B_SPLINE_CURVE((1.,0.5,1.,0.5,
1.,0.5,1.)) REPRESENTATION_ITEM('') );
#3317 = CARTESIAN_POINT('',(105.38,20.));
#3318 = CARTESIAN_POINT('',(105.38,12.638784067832));
#3319 = CARTESIAN_POINT('',(99.005,16.319392033916));
#3320 = CARTESIAN_POINT('',(92.63,20.));
#3321 = CARTESIAN_POINT('',(99.005,23.680607966084));
#3322 = CARTESIAN_POINT('',(105.38,27.361215932168));
#3323 = CARTESIAN_POINT('',(105.38,20.));
#3324 = ( GEOMETRIC_REPRESENTATION_CONTEXT(2) 
PARAMETRIC_REPRESENTATION_CONTEXT() REPRESENTATION_CONTEXT('2D SPACE',''
  ) );
#3325 = PCURVE('',#3326,#3331);
#3326 = CYLINDRICAL_SURFACE('',#3327,4.25);
#3327 = AXIS2_PLACEMENT_3D('',#3328,#3329,#3330);
#3328 = CARTESIAN_POINT('',(101.13,20.,-35.3));
#3329 = DIRECTION('',(-0.,-0.,-1.));
#3330 = DIRECTION('',(1.,0.,0.));
#3331 = DEFINITIONAL_REPRESENTATION('',(#3332),#3336);
#3332 = LINE('',#3333,#3334);
#3333 = CARTESIAN_POINT('',(-6.28318530718,-35.3));
#3334 = VECTOR('',#3335,1.);
#3335 = DIRECTION('',(1.,-0.));
#3336 = ( GEOMETRIC_REPRESENTATION_CONTEXT(2) 
PARAMETRIC_REPRESENTATION_CONTEXT() REPRESENTATION_CONTEXT('2D SPACE',''
  ) );
#3337 = FACE_BOUND('',#3338,.F.);
#3338 = EDGE_LOOP('',(#3339));
#3339 = ORIENTED_EDGE('',*,*,#3340,.F.);
#3340 = EDGE_CURVE('',#3341,#3341,#3343,.T.);
#3341 = VERTEX_POINT('',#3342);
#3342 = CARTESIAN_POINT('',(189.775,15.,0.));
#3343 = SURFACE_CURVE('',#3344,(#3349,#3356),.PCURVE_S1.);
#3344 = CIRCLE('',#3345,6.);
#3345 = AXIS2_PLACEMENT_3D('',#3346,#3347,#3348);
#3346 = CARTESIAN_POINT('',(183.775,15.,0.));
#3347 = DIRECTION('',(0.,0.,1.));
#3348 = DIRECTION('',(1.,0.,0.));
#3349 = PCURVE('',#806,#3350);
#3350 = DEFINITIONAL_REPRESENTATION('',(#3351),#3355);
#3351 = CIRCLE('',#3352,6.);
#3352 = AXIS2_PLACEMENT_2D('',#3353,#3354);
#3353 = CARTESIAN_POINT('',(183.775,15.));
#3354 = DIRECTION('',(1.,0.));
#3355 = ( GEOMETRIC_REPRESENTATION_CONTEXT(2) 
PARAMETRIC_REPRESENTATION_CONTEXT() REPRESENTATION_CONTEXT('2D SPACE',''
  ) );
#3356 = PCURVE('',#3357,#3362);
#3357 = CYLINDRICAL_SURFACE('',#3358,6.);
#3358 = AXIS2_PLACEMENT_3D('',#3359,#3360,#3361);
#3359 = CARTESIAN_POINT('',(183.775,15.,0.));
#3360 = DIRECTION('',(-0.,-0.,-1.));
#3361 = DIRECTION('',(1.,0.,0.));
#3362 = DEFINITIONAL_REPRESENTATION('',(#3363),#3367);
#3363 = LINE('',#3364,#3365);
#3364 = CARTESIAN_POINT('',(-0.,0.));
#3365 = VECTOR('',#3366,1.);
#3366 = DIRECTION('',(-1.,0.));
#3367 = ( GEOMETRIC_REPRESENTATION_CONTEXT(2) 
PARAMETRIC_REPRESENTATION_CONTEXT() REPRESENTATION_CONTEXT('2D SPACE',''
  ) );
#3368 = FACE_BOUND('',#3369,.F.);
#3369 = EDGE_LOOP('',(#3370));
#3370 = ORIENTED_EDGE('',*,*,#3371,.T.);
#3371 = EDGE_CURVE('',#3372,#3372,#3374,.T.);
#3372 = VERTEX_POINT('',#3373);
#3373 = CARTESIAN_POINT('',(12.75,139.,0.));
#3374 = SURFACE_CURVE('',#3375,(#3380,#3391),.PCURVE_S1.);
#3375 = CIRCLE('',#3376,4.25);
#3376 = AXIS2_PLACEMENT_3D('',#3377,#3378,#3379);
#3377 = CARTESIAN_POINT('',(8.5,139.,0.));
#3378 = DIRECTION('',(0.,0.,-1.));
#3379 = DIRECTION('',(1.,0.,0.));
#3380 = PCURVE('',#806,#3381);
#3381 = DEFINITIONAL_REPRESENTATION('',(#3382),#3390);
#3382 = ( BOUNDED_CURVE() B_SPLINE_CURVE(2,(#3383,#3384,#3385,#3386,
#3387,#3388,#3389),.UNSPECIFIED.,.T.,.F.) B_SPLINE_CURVE_WITH_KNOTS((1,2
    ,2,2,2,1),(-2.094395102393,0.,2.094395102393,4.188790204786,
6.28318530718,8.377580409573),.UNSPECIFIED.) CURVE() 
GEOMETRIC_REPRESENTATION_ITEM() RATIONAL_B_SPLINE_CURVE((1.,0.5,1.,0.5,
1.,0.5,1.)) REPRESENTATION_ITEM('') );
#3383 = CARTESIAN_POINT('',(12.75,139.));
#3384 = CARTESIAN_POINT('',(12.75,131.63878406783));
#3385 = CARTESIAN_POINT('',(6.375,135.31939203391));
#3386 = CARTESIAN_POINT('',(1.7763568394E-15,139.));
#3387 = CARTESIAN_POINT('',(6.375,142.68060796608));
#3388 = CARTESIAN_POINT('',(12.75,146.36121593216));
#3389 = CARTESIAN_POINT('',(12.75,139.));
#3390 = ( GEOMETRIC_REPRESENTATION_CONTEXT(2) 
PARAMETRIC_REPRESENTATION_CONTEXT() REPRESENTATION_CONTEXT('2D SPACE',''
  ) );
#3391 = PCURVE('',#3392,#3397);
#3392 = CYLINDRICAL_SURFACE('',#3393,4.25);
#3393 = AXIS2_PLACEMENT_3D('',#3394,#3395,#3396);
#3394 = CARTESIAN_POINT('',(8.5,139.,-35.3));
#3395 = DIRECTION('',(-0.,-0.,-1.));
#3396 = DIRECTION('',(1.,0.,0.));
#3397 = DEFINITIONAL_REPRESENTATION('',(#3398),#3402);
#3398 = LINE('',#3399,#3400);
#3399 = CARTESIAN_POINT('',(-6.28318530718,-35.3));
#3400 = VECTOR('',#3401,1.);
#3401 = DIRECTION('',(1.,-0.));
#3402 = ( GEOMETRIC_REPRESENTATION_CONTEXT(2) 
PARAMETRIC_REPRESENTATION_CONTEXT() REPRESENTATION_CONTEXT('2D SPACE',''
  ) );
#3403 = FACE_BOUND('',#3404,.F.);
#3404 = EDGE_LOOP('',(#3405));
#3405 = ORIENTED_EDGE('',*,*,#3406,.F.);
#3406 = EDGE_CURVE('',#3407,#3407,#3409,.T.);
#3407 = VERTEX_POINT('',#3408);
#3408 = CARTESIAN_POINT('',(36.,142.20842373802,0.));
#3409 = SURFACE_CURVE('',#3410,(#3415,#3422),.PCURVE_S1.);
#3410 = CIRCLE('',#3411,6.);
#3411 = AXIS2_PLACEMENT_3D('',#3412,#3413,#3414);
#3412 = CARTESIAN_POINT('',(30.,142.20842373802,0.));
#3413 = DIRECTION('',(0.,0.,1.));
#3414 = DIRECTION('',(1.,0.,0.));
#3415 = PCURVE('',#806,#3416);
#3416 = DEFINITIONAL_REPRESENTATION('',(#3417),#3421);
#3417 = CIRCLE('',#3418,6.);
#3418 = AXIS2_PLACEMENT_2D('',#3419,#3420);
#3419 = CARTESIAN_POINT('',(30.,142.20842373802));
#3420 = DIRECTION('',(1.,0.));
#3421 = ( GEOMETRIC_REPRESENTATION_CONTEXT(2) 
PARAMETRIC_REPRESENTATION_CONTEXT() REPRESENTATION_CONTEXT('2D SPACE',''
  ) );
#3422 = PCURVE('',#3423,#3428);
#3423 = CYLINDRICAL_SURFACE('',#3424,6.);
#3424 = AXIS2_PLACEMENT_3D('',#3425,#3426,#3427);
#3425 = CARTESIAN_POINT('',(30.,142.20842373802,0.));
#3426 = DIRECTION('',(-0.,-0.,-1.));
#3427 = DIRECTION('',(1.,0.,0.));
#3428 = DEFINITIONAL_REPRESENTATION('',(#3429),#3433);
#3429 = LINE('',#3430,#3431);
#3430 = CARTESIAN_POINT('',(-0.,0.));
#3431 = VECTOR('',#3432,1.);
#3432 = DIRECTION('',(-1.,0.));
#3433 = ( GEOMETRIC_REPRESENTATION_CONTEXT(2) 
PARAMETRIC_REPRESENTATION_CONTEXT() REPRESENTATION_CONTEXT('2D SPACE',''
  ) );
#3434 = FACE_BOUND('',#3435,.F.);
#3435 = EDGE_LOOP('',(#3436));
#3436 = ORIENTED_EDGE('',*,*,#3437,.F.);
#3437 = EDGE_CURVE('',#3438,#3438,#3440,.T.);
#3438 = VERTEX_POINT('',#3439);
#3439 = CARTESIAN_POINT('',(161.,142.20842373802,0.));
#3440 = SURFACE_CURVE('',#3441,(#3446,#3453),.PCURVE_S1.);
#3441 = CIRCLE('',#3442,6.);
#3442 = AXIS2_PLACEMENT_3D('',#3443,#3444,#3445);
#3443 = CARTESIAN_POINT('',(155.,142.20842373802,0.));
#3444 = DIRECTION('',(0.,0.,1.));
#3445 = DIRECTION('',(1.,0.,0.));
#3446 = PCURVE('',#806,#3447);
#3447 = DEFINITIONAL_REPRESENTATION('',(#3448),#3452);
#3448 = CIRCLE('',#3449,6.);
#3449 = AXIS2_PLACEMENT_2D('',#3450,#3451);
#3450 = CARTESIAN_POINT('',(155.,142.20842373802));
#3451 = DIRECTION('',(1.,0.));
#3452 = ( GEOMETRIC_REPRESENTATION_CONTEXT(2) 
PARAMETRIC_REPRESENTATION_CONTEXT() REPRESENTATION_CONTEXT('2D SPACE',''
  ) );
#3453 = PCURVE('',#3454,#3459);
#3454 = CYLINDRICAL_SURFACE('',#3455,6.);
#3455 = AXIS2_PLACEMENT_3D('',#3456,#3457,#3458);
#3456 = CARTESIAN_POINT('',(155.,142.20842373802,0.));
#3457 = DIRECTION('',(-0.,-0.,-1.));
#3458 = DIRECTION('',(1.,0.,0.));
#3459 = DEFINITIONAL_REPRESENTATION('',(#3460),#3464);
#3460 = LINE('',#3461,#3462);
#3461 = CARTESIAN_POINT('',(-0.,0.));
#3462 = VECTOR('',#3463,1.);
#3463 = DIRECTION('',(-1.,0.));
#3464 = ( GEOMETRIC_REPRESENTATION_CONTEXT(2) 
PARAMETRIC_REPRESENTATION_CONTEXT() REPRESENTATION_CONTEXT('2D SPACE',''
  ) );
#3465 = FACE_BOUND('',#3466,.F.);
#3466 = EDGE_LOOP('',(#3467));
#3467 = ORIENTED_EDGE('',*,*,#3468,.T.);
#3468 = EDGE_CURVE('',#3469,#3469,#3471,.T.);
#3469 = VERTEX_POINT('',#3470);
#3470 = CARTESIAN_POINT('',(194.65,139.,0.));
#3471 = SURFACE_CURVE('',#3472,(#3477,#3488),.PCURVE_S1.);
#3472 = CIRCLE('',#3473,4.25);
#3473 = AXIS2_PLACEMENT_3D('',#3474,#3475,#3476);
#3474 = CARTESIAN_POINT('',(190.4,139.,0.));
#3475 = DIRECTION('',(0.,0.,-1.));
#3476 = DIRECTION('',(1.,0.,0.));
#3477 = PCURVE('',#806,#3478);
#3478 = DEFINITIONAL_REPRESENTATION('',(#3479),#3487);
#3479 = ( BOUNDED_CURVE() B_SPLINE_CURVE(2,(#3480,#3481,#3482,#3483,
#3484,#3485,#3486),.UNSPECIFIED.,.T.,.F.) B_SPLINE_CURVE_WITH_KNOTS((1,2
    ,2,2,2,1),(-2.094395102393,0.,2.094395102393,4.188790204786,
6.28318530718,8.377580409573),.UNSPECIFIED.) CURVE() 
GEOMETRIC_REPRESENTATION_ITEM() RATIONAL_B_SPLINE_CURVE((1.,0.5,1.,0.5,
1.,0.5,1.)) REPRESENTATION_ITEM('') );
#3480 = CARTESIAN_POINT('',(194.65,139.));
#3481 = CARTESIAN_POINT('',(194.65,131.63878406783));
#3482 = CARTESIAN_POINT('',(188.275,135.31939203391));
#3483 = CARTESIAN_POINT('',(181.9,139.));
#3484 = CARTESIAN_POINT('',(188.275,142.68060796608));
#3485 = CARTESIAN_POINT('',(194.65,146.36121593216));
#3486 = CARTESIAN_POINT('',(194.65,139.));
#3487 = ( GEOMETRIC_REPRESENTATION_CONTEXT(2) 
PARAMETRIC_REPRESENTATION_CONTEXT() REPRESENTATION_CONTEXT('2D SPACE',''
  ) );
#3488 = PCURVE('',#3489,#3494);
#3489 = CYLINDRICAL_SURFACE('',#3490,4.25);
#3490 = AXIS2_PLACEMENT_3D('',#3491,#3492,#3493);
#3491 = CARTESIAN_POINT('',(190.4,139.,-35.3));
#3492 = DIRECTION('',(-0.,-0.,-1.));
#3493 = DIRECTION('',(1.,0.,0.));
#3494 = DEFINITIONAL_REPRESENTATION('',(#3495),#3499);
#3495 = LINE('',#3496,#3497);
#3496 = CARTESIAN_POINT('',(-6.28318530718,-35.3));
#3497 = VECTOR('',#3498,1.);
#3498 = DIRECTION('',(1.,-0.));
#3499 = ( GEOMETRIC_REPRESENTATION_CONTEXT(2) 
PARAMETRIC_REPRESENTATION_CONTEXT() REPRESENTATION_CONTEXT('2D SPACE',''
  ) );
#3500 = ADVANCED_FACE('',(#3501),#837,.T.);
#3501 = FACE_BOUND('',#3502,.T.);
#3502 = EDGE_LOOP('',(#3503,#3522,#3523,#3524));
#3503 = ORIENTED_EDGE('',*,*,#3504,.F.);
#3504 = EDGE_CURVE('',#822,#3149,#3505,.T.);
#3505 = SURFACE_CURVE('',#3506,(#3510,#3516),.PCURVE_S1.);
#3506 = LINE('',#3507,#3508);
#3507 = CARTESIAN_POINT('',(192.775,-8.881784197001E-16,0.6));
#3508 = VECTOR('',#3509,1.);
#3509 = DIRECTION('',(-1.479706333907E-16,0.707106781187,-0.707106781187
    ));
#3510 = PCURVE('',#837,#3511);
#3511 = DEFINITIONAL_REPRESENTATION('',(#3512),#3515);
#3512 = B_SPLINE_CURVE_WITH_KNOTS('',1,(#3513,#3514),.UNSPECIFIED.,.F.,
  .F.,(2,2),(0.,0.848528137424),.PIECEWISE_BEZIER_KNOTS.);
#3513 = CARTESIAN_POINT('',(0.,-0.424264068712));
#3514 = CARTESIAN_POINT('',(0.,0.424264068712));
#3515 = ( GEOMETRIC_REPRESENTATION_CONTEXT(2) 
PARAMETRIC_REPRESENTATION_CONTEXT() REPRESENTATION_CONTEXT('2D SPACE',''
  ) );
#3516 = PCURVE('',#965,#3517);
#3517 = DEFINITIONAL_REPRESENTATION('',(#3518),#3521);
#3518 = B_SPLINE_CURVE_WITH_KNOTS('',1,(#3519,#3520),.UNSPECIFIED.,.F.,
  .F.,(2,2),(0.,0.848528137424),.PIECEWISE_BEZIER_KNOTS.);
#3519 = CARTESIAN_POINT('',(-1.570796326795,0.));
#3520 = CARTESIAN_POINT('',(-1.570796326795,-0.6));
#3521 = ( GEOMETRIC_REPRESENTATION_CONTEXT(2) 
PARAMETRIC_REPRESENTATION_CONTEXT() REPRESENTATION_CONTEXT('2D SPACE',''
  ) );
#3522 = ORIENTED_EDGE('',*,*,#821,.T.);
#3523 = ORIENTED_EDGE('',*,*,#875,.T.);
#3524 = ORIENTED_EDGE('',*,*,#3148,.F.);
#3525 = ADVANCED_FACE('',(#3526),#965,.T.);
#3526 = FACE_BOUND('',#3527,.T.);
#3527 = EDGE_LOOP('',(#3528,#3547,#3548,#3549));
#3528 = ORIENTED_EDGE('',*,*,#3529,.F.);
#3529 = EDGE_CURVE('',#928,#3172,#3530,.T.);
#3530 = SURFACE_CURVE('',#3531,(#3535,#3541),.PCURVE_S1.);
#3531 = LINE('',#3532,#3533);
#3532 = CARTESIAN_POINT('',(198.475,6.,0.3));
#3533 = VECTOR('',#3534,1.);
#3534 = DIRECTION('',(-0.707106781187,-2.20414253933E-34,-0.707106781187
    ));
#3535 = PCURVE('',#965,#3536);
#3536 = DEFINITIONAL_REPRESENTATION('',(#3537),#3540);
#3537 = B_SPLINE_CURVE_WITH_KNOTS('',1,(#3538,#3539),.UNSPECIFIED.,.F.,
  .F.,(2,2),(-0.424264068712,0.424264068712),.PIECEWISE_BEZIER_KNOTS.);
#3538 = CARTESIAN_POINT('',(0.,0.));
#3539 = CARTESIAN_POINT('',(0.,-0.6));
#3540 = ( GEOMETRIC_REPRESENTATION_CONTEXT(2) 
PARAMETRIC_REPRESENTATION_CONTEXT() REPRESENTATION_CONTEXT('2D SPACE',''
  ) );
#3541 = PCURVE('',#999,#3542);
#3542 = DEFINITIONAL_REPRESENTATION('',(#3543),#3546);
#3543 = B_SPLINE_CURVE_WITH_KNOTS('',1,(#3544,#3545),.UNSPECIFIED.,.F.,
  .F.,(2,2),(-0.424264068712,0.424264068712),.PIECEWISE_BEZIER_KNOTS.);
#3544 = CARTESIAN_POINT('',(-144.208423738,-0.424264068712));
#3545 = CARTESIAN_POINT('',(-144.208423738,0.424264068712));
#3546 = ( GEOMETRIC_REPRESENTATION_CONTEXT(2) 
PARAMETRIC_REPRESENTATION_CONTEXT() REPRESENTATION_CONTEXT('2D SPACE',''
  ) );
#3547 = ORIENTED_EDGE('',*,*,#950,.T.);
#3548 = ORIENTED_EDGE('',*,*,#3504,.T.);
#3549 = ORIENTED_EDGE('',*,*,#3171,.F.);
#3550 = ADVANCED_FACE('',(#3551),#999,.F.);
#3551 = FACE_BOUND('',#3552,.T.);
#3552 = EDGE_LOOP('',(#3553,#3572,#3573,#3574));
#3553 = ORIENTED_EDGE('',*,*,#3554,.F.);
#3554 = EDGE_CURVE('',#984,#3200,#3555,.T.);
#3555 = SURFACE_CURVE('',#3556,(#3560,#3566),.PCURVE_S1.);
#3556 = LINE('',#3557,#3558);
#3557 = CARTESIAN_POINT('',(198.775,150.20842373802,0.6));
#3558 = VECTOR('',#3559,1.);
#3559 = DIRECTION('',(-0.707106781187,-4.329780281177E-17,
    -0.707106781187));
#3560 = PCURVE('',#999,#3561);
#3561 = DEFINITIONAL_REPRESENTATION('',(#3562),#3565);
#3562 = B_SPLINE_CURVE_WITH_KNOTS('',1,(#3563,#3564),.UNSPECIFIED.,.F.,
  .F.,(2,2),(0.,0.848528137424),.PIECEWISE_BEZIER_KNOTS.);
#3563 = CARTESIAN_POINT('',(0.,-0.424264068712));
#3564 = CARTESIAN_POINT('',(0.,0.424264068712));
#3565 = ( GEOMETRIC_REPRESENTATION_CONTEXT(2) 
PARAMETRIC_REPRESENTATION_CONTEXT() REPRESENTATION_CONTEXT('2D SPACE',''
  ) );
#3566 = PCURVE('',#1054,#3567);
#3567 = DEFINITIONAL_REPRESENTATION('',(#3568),#3571);
#3568 = B_SPLINE_CURVE_WITH_KNOTS('',1,(#3569,#3570),.UNSPECIFIED.,.F.,
  .F.,(2,2),(0.,0.848528137424),.PIECEWISE_BEZIER_KNOTS.);
#3569 = CARTESIAN_POINT('',(-1.570796326795,0.));
#3570 = CARTESIAN_POINT('',(-1.570796326795,-0.6));
#3571 = ( GEOMETRIC_REPRESENTATION_CONTEXT(2) 
PARAMETRIC_REPRESENTATION_CONTEXT() REPRESENTATION_CONTEXT('2D SPACE',''
  ) );
#3572 = ORIENTED_EDGE('',*,*,#983,.T.);
#3573 = ORIENTED_EDGE('',*,*,#3529,.T.);
#3574 = ORIENTED_EDGE('',*,*,#3199,.F.);
#3575 = ADVANCED_FACE('',(#3576),#1054,.T.);
#3576 = FACE_BOUND('',#3577,.T.);
#3577 = EDGE_LOOP('',(#3578,#3597,#3598,#3599));
#3578 = ORIENTED_EDGE('',*,*,#3579,.F.);
#3579 = EDGE_CURVE('',#1038,#3223,#3580,.T.);
#3580 = SURFACE_CURVE('',#3581,(#3585,#3591),.PCURVE_S1.);
#3581 = LINE('',#3582,#3583);
#3582 = CARTESIAN_POINT('',(192.775,155.90842373802,0.3));
#3583 = VECTOR('',#3584,1.);
#3584 = DIRECTION('',(2.381476017169E-34,-0.707106781187,-0.707106781187
    ));
#3585 = PCURVE('',#1054,#3586);
#3586 = DEFINITIONAL_REPRESENTATION('',(#3587),#3590);
#3587 = B_SPLINE_CURVE_WITH_KNOTS('',1,(#3588,#3589),.UNSPECIFIED.,.F.,
  .F.,(2,2),(-0.424264068712,0.424264068712),.PIECEWISE_BEZIER_KNOTS.);
#3588 = CARTESIAN_POINT('',(0.,0.));
#3589 = CARTESIAN_POINT('',(0.,-0.6));
#3590 = ( GEOMETRIC_REPRESENTATION_CONTEXT(2) 
PARAMETRIC_REPRESENTATION_CONTEXT() REPRESENTATION_CONTEXT('2D SPACE',''
  ) );
#3591 = PCURVE('',#1105,#3592);
#3592 = DEFINITIONAL_REPRESENTATION('',(#3593),#3596);
#3593 = B_SPLINE_CURVE_WITH_KNOTS('',1,(#3594,#3595),.UNSPECIFIED.,.F.,
  .F.,(2,2),(-0.424264068712,0.424264068712),.PIECEWISE_BEZIER_KNOTS.);
#3594 = CARTESIAN_POINT('',(-186.775,-0.424264068712));
#3595 = CARTESIAN_POINT('',(-186.775,0.424264068712));
#3596 = ( GEOMETRIC_REPRESENTATION_CONTEXT(2) 
PARAMETRIC_REPRESENTATION_CONTEXT() REPRESENTATION_CONTEXT('2D SPACE',''
  ) );
#3597 = ORIENTED_EDGE('',*,*,#1037,.T.);
#3598 = ORIENTED_EDGE('',*,*,#3554,.T.);
#3599 = ORIENTED_EDGE('',*,*,#3222,.F.);
#3600 = ADVANCED_FACE('',(#3601),#1105,.F.);
#3601 = FACE_BOUND('',#3602,.T.);
#3602 = EDGE_LOOP('',(#3603,#3604,#3605,#3606));
#3603 = ORIENTED_EDGE('',*,*,#3096,.F.);
#3604 = ORIENTED_EDGE('',*,*,#1091,.T.);
#3605 = ORIENTED_EDGE('',*,*,#3579,.T.);
#3606 = ORIENTED_EDGE('',*,*,#3250,.F.);
#3607 = ADVANCED_FACE('',(#3608),#1139,.T.);
#3608 = FACE_BOUND('',#3609,.T.);
#3609 = EDGE_LOOP('',(#3610,#3611,#3632,#3633));
#3610 = ORIENTED_EDGE('',*,*,#1122,.F.);
#3611 = ORIENTED_EDGE('',*,*,#3612,.T.);
#3612 = EDGE_CURVE('',#1123,#2718,#3613,.T.);
#3613 = SURFACE_CURVE('',#3614,(#3618,#3625),.PCURVE_S1.);
#3614 = LINE('',#3615,#3616);
#3615 = CARTESIAN_POINT('',(99.128571428571,157.20842373802,
    15.567014370377));
#3616 = VECTOR('',#3617,1.);
#3617 = DIRECTION('',(0.,-1.,0.));
#3618 = PCURVE('',#1139,#3619);
#3619 = DEFINITIONAL_REPRESENTATION('',(#3620),#3624);
#3620 = LINE('',#3621,#3622);
#3621 = CARTESIAN_POINT('',(0.,0.));
#3622 = VECTOR('',#3623,1.);
#3623 = DIRECTION('',(-0.,-1.));
#3624 = ( GEOMETRIC_REPRESENTATION_CONTEXT(2) 
PARAMETRIC_REPRESENTATION_CONTEXT() REPRESENTATION_CONTEXT('2D SPACE',''
  ) );
#3625 = PCURVE('',#1267,#3626);
#3626 = DEFINITIONAL_REPRESENTATION('',(#3627),#3631);
#3627 = LINE('',#3628,#3629);
#3628 = CARTESIAN_POINT('',(4.,0.));
#3629 = VECTOR('',#3630,1.);
#3630 = DIRECTION('',(0.,-1.));
#3631 = ( GEOMETRIC_REPRESENTATION_CONTEXT(2) 
PARAMETRIC_REPRESENTATION_CONTEXT() REPRESENTATION_CONTEXT('2D SPACE',''
  ) );
#3632 = ORIENTED_EDGE('',*,*,#2717,.T.);
#3633 = ORIENTED_EDGE('',*,*,#3634,.T.);
#3634 = EDGE_CURVE('',#2720,#1125,#3635,.T.);
#3635 = SURFACE_CURVE('',#3636,(#3640,#3647),.PCURVE_S1.);
#3636 = LINE('',#3637,#3638);
#3637 = CARTESIAN_POINT('',(95.128571428571,152.00842373802,10.8));
#3638 = VECTOR('',#3639,1.);
#3639 = DIRECTION('',(0.,1.,0.));
#3640 = PCURVE('',#1139,#3641);
#3641 = DEFINITIONAL_REPRESENTATION('',(#3642),#3646);
#3642 = LINE('',#3643,#3644);
#3643 = CARTESIAN_POINT('',(6.222895307442,-5.2));
#3644 = VECTOR('',#3645,1.);
#3645 = DIRECTION('',(0.,1.));
#3646 = ( GEOMETRIC_REPRESENTATION_CONTEXT(2) 
PARAMETRIC_REPRESENTATION_CONTEXT() REPRESENTATION_CONTEXT('2D SPACE',''
  ) );
#3647 = PCURVE('',#1165,#3648);
#3648 = DEFINITIONAL_REPRESENTATION('',(#3649),#3653);
#3649 = LINE('',#3650,#3651);
#3650 = CARTESIAN_POINT('',(5.,0.));
#3651 = VECTOR('',#3652,1.);
#3652 = DIRECTION('',(0.,-1.));
#3653 = ( GEOMETRIC_REPRESENTATION_CONTEXT(2) 
PARAMETRIC_REPRESENTATION_CONTEXT() REPRESENTATION_CONTEXT('2D SPACE',''
  ) );
#3654 = ADVANCED_FACE('',(#3655),#1267,.T.);
#3655 = FACE_BOUND('',#3656,.T.);
#3656 = EDGE_LOOP('',(#3657,#3658,#3679,#3680));
#3657 = ORIENTED_EDGE('',*,*,#1254,.F.);
#3658 = ORIENTED_EDGE('',*,*,#3659,.T.);
#3659 = EDGE_CURVE('',#1229,#2804,#3660,.T.);
#3660 = SURFACE_CURVE('',#3661,(#3665,#3672),.PCURVE_S1.);
#3661 = LINE('',#3662,#3663);
#3662 = CARTESIAN_POINT('',(103.12857142857,157.20842373802,
    15.567014370377));
#3663 = VECTOR('',#3664,1.);
#3664 = DIRECTION('',(0.,-1.,0.));
#3665 = PCURVE('',#1267,#3666);
#3666 = DEFINITIONAL_REPRESENTATION('',(#3667),#3671);
#3667 = LINE('',#3668,#3669);
#3668 = CARTESIAN_POINT('',(0.,0.));
#3669 = VECTOR('',#3670,1.);
#3670 = DIRECTION('',(0.,-1.));
#3671 = ( GEOMETRIC_REPRESENTATION_CONTEXT(2) 
PARAMETRIC_REPRESENTATION_CONTEXT() REPRESENTATION_CONTEXT('2D SPACE',''
  ) );
#3672 = PCURVE('',#1243,#3673);
#3673 = DEFINITIONAL_REPRESENTATION('',(#3674),#3678);
#3674 = LINE('',#3675,#3676);
#3675 = CARTESIAN_POINT('',(6.222895307442,0.));
#3676 = VECTOR('',#3677,1.);
#3677 = DIRECTION('',(0.,-1.));
#3678 = ( GEOMETRIC_REPRESENTATION_CONTEXT(2) 
PARAMETRIC_REPRESENTATION_CONTEXT() REPRESENTATION_CONTEXT('2D SPACE',''
  ) );
#3679 = ORIENTED_EDGE('',*,*,#2824,.T.);
#3680 = ORIENTED_EDGE('',*,*,#3612,.F.);
#3681 = ADVANCED_FACE('',(#3682),#1243,.T.);
#3682 = FACE_BOUND('',#3683,.T.);
#3683 = EDGE_LOOP('',(#3684,#3685,#3706,#3707));
#3684 = ORIENTED_EDGE('',*,*,#1228,.F.);
#3685 = ORIENTED_EDGE('',*,*,#3686,.F.);
#3686 = EDGE_CURVE('',#2783,#1203,#3687,.T.);
#3687 = SURFACE_CURVE('',#3688,(#3692,#3699),.PCURVE_S1.);
#3688 = LINE('',#3689,#3690);
#3689 = CARTESIAN_POINT('',(107.12857142857,152.00842373802,10.8));
#3690 = VECTOR('',#3691,1.);
#3691 = DIRECTION('',(0.,1.,0.));
#3692 = PCURVE('',#1243,#3693);
#3693 = DEFINITIONAL_REPRESENTATION('',(#3694),#3698);
#3694 = LINE('',#3695,#3696);
#3695 = CARTESIAN_POINT('',(0.,-5.2));
#3696 = VECTOR('',#3697,1.);
#3697 = DIRECTION('',(0.,1.));
#3698 = ( GEOMETRIC_REPRESENTATION_CONTEXT(2) 
PARAMETRIC_REPRESENTATION_CONTEXT() REPRESENTATION_CONTEXT('2D SPACE',''
  ) );
#3699 = PCURVE('',#1217,#3700);
#3700 = DEFINITIONAL_REPRESENTATION('',(#3701),#3705);
#3701 = LINE('',#3702,#3703);
#3702 = CARTESIAN_POINT('',(5.,0.));
#3703 = VECTOR('',#3704,1.);
#3704 = DIRECTION('',(0.,-1.));
#3705 = ( GEOMETRIC_REPRESENTATION_CONTEXT(2) 
PARAMETRIC_REPRESENTATION_CONTEXT() REPRESENTATION_CONTEXT('2D SPACE',''
  ) );
#3706 = ORIENTED_EDGE('',*,*,#2803,.T.);
#3707 = ORIENTED_EDGE('',*,*,#3659,.F.);
#3708 = ADVANCED_FACE('',(#3709),#1217,.F.);
#3709 = FACE_BOUND('',#3710,.F.);
#3710 = EDGE_LOOP('',(#3711,#3712,#3713,#3734));
#3711 = ORIENTED_EDGE('',*,*,#3686,.F.);
#3712 = ORIENTED_EDGE('',*,*,#2782,.T.);
#3713 = ORIENTED_EDGE('',*,*,#3714,.T.);
#3714 = EDGE_CURVE('',#2762,#1177,#3715,.T.);
#3715 = SURFACE_CURVE('',#3716,(#3720,#3727),.PCURVE_S1.);
#3716 = LINE('',#3717,#3718);
#3717 = CARTESIAN_POINT('',(107.12857142857,152.00842373802,5.8));
#3718 = VECTOR('',#3719,1.);
#3719 = DIRECTION('',(0.,1.,0.));
#3720 = PCURVE('',#1217,#3721);
#3721 = DEFINITIONAL_REPRESENTATION('',(#3722),#3726);
#3722 = LINE('',#3723,#3724);
#3723 = CARTESIAN_POINT('',(0.,0.));
#3724 = VECTOR('',#3725,1.);
#3725 = DIRECTION('',(0.,-1.));
#3726 = ( GEOMETRIC_REPRESENTATION_CONTEXT(2) 
PARAMETRIC_REPRESENTATION_CONTEXT() REPRESENTATION_CONTEXT('2D SPACE',''
  ) );
#3727 = PCURVE('',#1191,#3728);
#3728 = DEFINITIONAL_REPRESENTATION('',(#3729),#3733);
#3729 = LINE('',#3730,#3731);
#3730 = CARTESIAN_POINT('',(12.,0.));
#3731 = VECTOR('',#3732,1.);
#3732 = DIRECTION('',(0.,1.));
#3733 = ( GEOMETRIC_REPRESENTATION_CONTEXT(2) 
PARAMETRIC_REPRESENTATION_CONTEXT() REPRESENTATION_CONTEXT('2D SPACE',''
  ) );
#3734 = ORIENTED_EDGE('',*,*,#1202,.F.);
#3735 = ADVANCED_FACE('',(#3736),#1191,.T.);
#3736 = FACE_BOUND('',#3737,.T.);
#3737 = EDGE_LOOP('',(#3738,#3759,#3760,#3761));
#3738 = ORIENTED_EDGE('',*,*,#3739,.F.);
#3739 = EDGE_CURVE('',#2741,#1151,#3740,.T.);
#3740 = SURFACE_CURVE('',#3741,(#3745,#3752),.PCURVE_S1.);
#3741 = LINE('',#3742,#3743);
#3742 = CARTESIAN_POINT('',(95.128571428571,152.00842373802,5.8));
#3743 = VECTOR('',#3744,1.);
#3744 = DIRECTION('',(0.,1.,0.));
#3745 = PCURVE('',#1191,#3746);
#3746 = DEFINITIONAL_REPRESENTATION('',(#3747),#3751);
#3747 = LINE('',#3748,#3749);
#3748 = CARTESIAN_POINT('',(0.,0.));
#3749 = VECTOR('',#3750,1.);
#3750 = DIRECTION('',(0.,1.));
#3751 = ( GEOMETRIC_REPRESENTATION_CONTEXT(2) 
PARAMETRIC_REPRESENTATION_CONTEXT() REPRESENTATION_CONTEXT('2D SPACE',''
  ) );
#3752 = PCURVE('',#1165,#3753);
#3753 = DEFINITIONAL_REPRESENTATION('',(#3754),#3758);
#3754 = LINE('',#3755,#3756);
#3755 = CARTESIAN_POINT('',(0.,0.));
#3756 = VECTOR('',#3757,1.);
#3757 = DIRECTION('',(0.,-1.));
#3758 = ( GEOMETRIC_REPRESENTATION_CONTEXT(2) 
PARAMETRIC_REPRESENTATION_CONTEXT() REPRESENTATION_CONTEXT('2D SPACE',''
  ) );
#3759 = ORIENTED_EDGE('',*,*,#2761,.T.);
#3760 = ORIENTED_EDGE('',*,*,#3714,.T.);
#3761 = ORIENTED_EDGE('',*,*,#1176,.F.);
#3762 = ADVANCED_FACE('',(#3763),#1165,.T.);
#3763 = FACE_BOUND('',#3764,.T.);
#3764 = EDGE_LOOP('',(#3765,#3766,#3767,#3768));
#3765 = ORIENTED_EDGE('',*,*,#3634,.F.);
#3766 = ORIENTED_EDGE('',*,*,#2740,.T.);
#3767 = ORIENTED_EDGE('',*,*,#3739,.T.);
#3768 = ORIENTED_EDGE('',*,*,#1150,.F.);
#3769 = ADVANCED_FACE('',(#3770),#1320,.F.);
#3770 = FACE_BOUND('',#3771,.F.);
#3771 = EDGE_LOOP('',(#3772,#3795,#3796,#3797));
#3772 = ORIENTED_EDGE('',*,*,#3773,.F.);
#3773 = EDGE_CURVE('',#1282,#3774,#3776,.T.);
#3774 = VERTEX_POINT('',#3775);
#3775 = CARTESIAN_POINT('',(192.775,5.7,3.2));
#3776 = SURFACE_CURVE('',#3777,(#3781,#3788),.PCURVE_S1.);
#3777 = LINE('',#3778,#3779);
#3778 = CARTESIAN_POINT('',(192.775,3.2,5.7));
#3779 = VECTOR('',#3780,1.);
#3780 = DIRECTION('',(-1.554472641463E-16,0.707106781187,-0.707106781187
    ));
#3781 = PCURVE('',#1320,#3782);
#3782 = DEFINITIONAL_REPRESENTATION('',(#3783),#3787);
#3783 = LINE('',#3784,#3785);
#3784 = CARTESIAN_POINT('',(-1.925929944387E-34,-1.767766952966));
#3785 = VECTOR('',#3786,1.);
#3786 = DIRECTION('',(1.554472641463E-16,1.));
#3787 = ( GEOMETRIC_REPRESENTATION_CONTEXT(2) 
PARAMETRIC_REPRESENTATION_CONTEXT() REPRESENTATION_CONTEXT('2D SPACE',''
  ) );
#3788 = PCURVE('',#3077,#3789);
#3789 = DEFINITIONAL_REPRESENTATION('',(#3790),#3794);
#3790 = LINE('',#3791,#3792);
#3791 = CARTESIAN_POINT('',(-1.570796326795,-0.));
#3792 = VECTOR('',#3793,1.);
#3793 = DIRECTION('',(-0.,-1.));
#3794 = ( GEOMETRIC_REPRESENTATION_CONTEXT(2) 
PARAMETRIC_REPRESENTATION_CONTEXT() REPRESENTATION_CONTEXT('2D SPACE',''
  ) );
#3795 = ORIENTED_EDGE('',*,*,#1304,.T.);
#3796 = ORIENTED_EDGE('',*,*,#1358,.F.);
#3797 = ORIENTED_EDGE('',*,*,#3798,.F.);
#3798 = EDGE_CURVE('',#3774,#1359,#3799,.T.);
#3799 = SURFACE_CURVE('',#3800,(#3804,#3811),.PCURVE_S1.);
#3800 = LINE('',#3801,#3802);
#3801 = CARTESIAN_POINT('',(192.775,5.7,3.2));
#3802 = VECTOR('',#3803,1.);
#3803 = DIRECTION('',(-1.,-0.,-0.));
#3804 = PCURVE('',#1320,#3805);
#3805 = DEFINITIONAL_REPRESENTATION('',(#3806),#3810);
#3806 = LINE('',#3807,#3808);
#3807 = CARTESIAN_POINT('',(1.925929944387E-34,1.767766952966));
#3808 = VECTOR('',#3809,1.);
#3809 = DIRECTION('',(1.,-2.803368887165E-34));
#3810 = ( GEOMETRIC_REPRESENTATION_CONTEXT(2) 
PARAMETRIC_REPRESENTATION_CONTEXT() REPRESENTATION_CONTEXT('2D SPACE',''
  ) );
#3811 = PCURVE('',#1395,#3812);
#3812 = DEFINITIONAL_REPRESENTATION('',(#3813),#3817);
#3813 = LINE('',#3814,#3815);
#3814 = CARTESIAN_POINT('',(189.575,2.5));
#3815 = VECTOR('',#3816,1.);
#3816 = DIRECTION('',(-1.,0.));
#3817 = ( GEOMETRIC_REPRESENTATION_CONTEXT(2) 
PARAMETRIC_REPRESENTATION_CONTEXT() REPRESENTATION_CONTEXT('2D SPACE',''
  ) );
#3818 = ADVANCED_FACE('',(#3819),#1448,.T.);
#3819 = FACE_BOUND('',#3820,.T.);
#3820 = EDGE_LOOP('',(#3821,#3822,#3845,#3866,#3867,#3890,#3918,#3946,
    #3974,#4002,#4030,#4058,#4081,#4109,#4137,#4165,#4188,#4216,#4244,
    #4272,#4300,#4328,#4356,#4377));
#3821 = ORIENTED_EDGE('',*,*,#1433,.F.);
#3822 = ORIENTED_EDGE('',*,*,#3823,.T.);
#3823 = EDGE_CURVE('',#1408,#3824,#3826,.T.);
#3824 = VERTEX_POINT('',#3825);
#3825 = CARTESIAN_POINT('',(94.932142857143,7.763026483627,
    14.576937690892));
#3826 = SURFACE_CURVE('',#3827,(#3831,#3838),.PCURVE_S1.);
#3827 = LINE('',#3828,#3829);
#3828 = CARTESIAN_POINT('',(172.74464285714,7.763026483627,
    14.576937690892));
#3829 = VECTOR('',#3830,1.);
#3830 = DIRECTION('',(1.,-1.110223024625E-16,0.));
#3831 = PCURVE('',#1448,#3832);
#3832 = DEFINITIONAL_REPRESENTATION('',(#3833),#3837);
#3833 = LINE('',#3834,#3835);
#3834 = CARTESIAN_POINT('',(140.14663373289,77.8125));
#3835 = VECTOR('',#3836,1.);
#3836 = DIRECTION('',(0.,-1.));
#3837 = ( GEOMETRIC_REPRESENTATION_CONTEXT(2) 
PARAMETRIC_REPRESENTATION_CONTEXT() REPRESENTATION_CONTEXT('2D SPACE',''
  ) );
#3838 = PCURVE('',#1422,#3839);
#3839 = DEFINITIONAL_REPRESENTATION('',(#3840),#3844);
#3840 = LINE('',#3841,#3842);
#3841 = CARTESIAN_POINT('',(11.376937690892,77.8125));
#3842 = VECTOR('',#3843,1.);
#3843 = DIRECTION('',(0.,1.));
#3844 = ( GEOMETRIC_REPRESENTATION_CONTEXT(2) 
PARAMETRIC_REPRESENTATION_CONTEXT() REPRESENTATION_CONTEXT('2D SPACE',''
  ) );
#3845 = ORIENTED_EDGE('',*,*,#3846,.F.);
#3846 = EDGE_CURVE('',#1593,#3824,#3847,.T.);
#3847 = SURFACE_CURVE('',#3848,(#3852,#3859),.PCURVE_S1.);
#3848 = LINE('',#3849,#3850);
#3849 = CARTESIAN_POINT('',(94.932142857143,124.63302648362,
    40.482630386107));
#3850 = VECTOR('',#3851,1.);
#3851 = DIRECTION('',(-1.083913679215E-16,-0.976302648363,
    -0.216409655053));
#3852 = PCURVE('',#1448,#3853);
#3853 = DEFINITIONAL_REPRESENTATION('',(#3854),#3858);
#3854 = LINE('',#3855,#3856);
#3855 = CARTESIAN_POINT('',(259.8533662671,155.625));
#3856 = VECTOR('',#3857,1.);
#3857 = DIRECTION('',(-1.,0.));
#3858 = ( GEOMETRIC_REPRESENTATION_CONTEXT(2) 
PARAMETRIC_REPRESENTATION_CONTEXT() REPRESENTATION_CONTEXT('2D SPACE',''
  ) );
#3859 = PCURVE('',#1631,#3860);
#3860 = DEFINITIONAL_REPRESENTATION('',(#3861),#3865);
#3861 = LINE('',#3862,#3863);
#3862 = CARTESIAN_POINT('',(37.282630386107,116.87));
#3863 = VECTOR('',#3864,1.);
#3864 = DIRECTION('',(-0.216409655053,-0.976302648363));
#3865 = ( GEOMETRIC_REPRESENTATION_CONTEXT(2) 
PARAMETRIC_REPRESENTATION_CONTEXT() REPRESENTATION_CONTEXT('2D SPACE',''
  ) );
#3866 = ORIENTED_EDGE('',*,*,#1592,.F.);
#3867 = ORIENTED_EDGE('',*,*,#3868,.T.);
#3868 = EDGE_CURVE('',#1565,#3869,#3871,.T.);
#3869 = VERTEX_POINT('',#3870);
#3870 = CARTESIAN_POINT('',(56.557142857143,123.03302648362,
    40.127970436484));
#3871 = SURFACE_CURVE('',#3872,(#3876,#3883),.PCURVE_S1.);
#3872 = LINE('',#3873,#3874);
#3873 = CARTESIAN_POINT('',(56.557142857143,-6.423352274522,
    11.432349956089));
#3874 = VECTOR('',#3875,1.);
#3875 = DIRECTION('',(-1.083913679215E-16,-0.976302648363,
    -0.216409655053));
#3876 = PCURVE('',#1448,#3877);
#3877 = DEFINITIONAL_REPRESENTATION('',(#3878),#3882);
#3878 = LINE('',#3879,#3880);
#3879 = CARTESIAN_POINT('',(125.61591543366,194.));
#3880 = VECTOR('',#3881,1.);
#3881 = DIRECTION('',(-1.,0.));
#3882 = ( GEOMETRIC_REPRESENTATION_CONTEXT(2) 
PARAMETRIC_REPRESENTATION_CONTEXT() REPRESENTATION_CONTEXT('2D SPACE',''
  ) );
#3883 = PCURVE('',#1580,#3884);
#3884 = DEFINITIONAL_REPRESENTATION('',(#3885),#3889);
#3885 = LINE('',#3886,#3887);
#3886 = CARTESIAN_POINT('',(-5.00109404206,-127.5563787581));
#3887 = VECTOR('',#3888,1.);
#3888 = DIRECTION('',(-0.216409655053,-0.976302648363));
#3889 = ( GEOMETRIC_REPRESENTATION_CONTEXT(2) 
PARAMETRIC_REPRESENTATION_CONTEXT() REPRESENTATION_CONTEXT('2D SPACE',''
  ) );
#3890 = ORIENTED_EDGE('',*,*,#3891,.T.);
#3891 = EDGE_CURVE('',#3869,#3892,#3894,.T.);
#3892 = VERTEX_POINT('',#3893);
#3893 = CARTESIAN_POINT('',(90.132142857143,123.03302648362,
    40.127970436484));
#3894 = SURFACE_CURVE('',#3895,(#3899,#3906),.PCURVE_S1.);
#3895 = LINE('',#3896,#3897);
#3896 = CARTESIAN_POINT('',(170.34464285714,123.03302648362,
    40.127970436484));
#3897 = VECTOR('',#3898,1.);
#3898 = DIRECTION('',(1.,-1.110223024625E-16,0.));
#3899 = PCURVE('',#1448,#3900);
#3900 = DEFINITIONAL_REPRESENTATION('',(#3901),#3905);
#3901 = LINE('',#3902,#3903);
#3902 = CARTESIAN_POINT('',(258.21453019237,80.2125));
#3903 = VECTOR('',#3904,1.);
#3904 = DIRECTION('',(0.,-1.));
#3905 = ( GEOMETRIC_REPRESENTATION_CONTEXT(2) 
PARAMETRIC_REPRESENTATION_CONTEXT() REPRESENTATION_CONTEXT('2D SPACE',''
  ) );
#3906 = PCURVE('',#3907,#3912);
#3907 = PLANE('',#3908);
#3908 = AXIS2_PLACEMENT_3D('',#3909,#3910,#3911);
#3909 = CARTESIAN_POINT('',(90.132142857143,123.03302648362,
    16.433443998149));
#3910 = DIRECTION('',(1.110223024625E-16,1.,0.));
#3911 = DIRECTION('',(0.,0.,1.));
#3912 = DEFINITIONAL_REPRESENTATION('',(#3913),#3917);
#3913 = LINE('',#3914,#3915);
#3914 = CARTESIAN_POINT('',(23.694526438335,80.2125));
#3915 = VECTOR('',#3916,1.);
#3916 = DIRECTION('',(0.,1.));
#3917 = ( GEOMETRIC_REPRESENTATION_CONTEXT(2) 
PARAMETRIC_REPRESENTATION_CONTEXT() REPRESENTATION_CONTEXT('2D SPACE',''
  ) );
#3918 = ORIENTED_EDGE('',*,*,#3919,.F.);
#3919 = EDGE_CURVE('',#3920,#3892,#3922,.T.);
#3920 = VERTEX_POINT('',#3921);
#3921 = CARTESIAN_POINT('',(90.132142857143,104.89302648362,
    36.107013257643));
#3922 = SURFACE_CURVE('',#3923,(#3927,#3934),.PCURVE_S1.);
#3923 = LINE('',#3924,#3925);
#3924 = CARTESIAN_POINT('',(90.132142857143,-59.69108231268,
    -0.3751065763));
#3925 = VECTOR('',#3926,1.);
#3926 = DIRECTION('',(1.083913679215E-16,0.976302648363,0.216409655053)
  );
#3927 = PCURVE('',#1448,#3928);
#3928 = DEFINITIONAL_REPRESENTATION('',(#3929),#3933);
#3929 = LINE('',#3930,#3931);
#3930 = CARTESIAN_POINT('',(71.055241929914,160.425));
#3931 = VECTOR('',#3932,1.);
#3932 = DIRECTION('',(1.,0.));
#3933 = ( GEOMETRIC_REPRESENTATION_CONTEXT(2) 
PARAMETRIC_REPRESENTATION_CONTEXT() REPRESENTATION_CONTEXT('2D SPACE',''
  ) );
#3934 = PCURVE('',#3935,#3940);
#3935 = PLANE('',#3936);
#3936 = AXIS2_PLACEMENT_3D('',#3937,#3938,#3939);
#3937 = CARTESIAN_POINT('',(90.132142857143,9.363026483627,
    16.433443998149));
#3938 = DIRECTION('',(-1.,1.110223024625E-16,0.));
#3939 = DIRECTION('',(0.,0.,1.));
#3940 = DEFINITIONAL_REPRESENTATION('',(#3941),#3945);
#3941 = LINE('',#3942,#3943);
#3942 = CARTESIAN_POINT('',(-16.80855057444,-69.05410879631));
#3943 = VECTOR('',#3944,1.);
#3944 = DIRECTION('',(0.216409655053,0.976302648363));
#3945 = ( GEOMETRIC_REPRESENTATION_CONTEXT(2) 
PARAMETRIC_REPRESENTATION_CONTEXT() REPRESENTATION_CONTEXT('2D SPACE',''
  ) );
#3946 = ORIENTED_EDGE('',*,*,#3947,.F.);
#3947 = EDGE_CURVE('',#3948,#3920,#3950,.T.);
#3948 = VERTEX_POINT('',#3949);
#3949 = CARTESIAN_POINT('',(92.882142857143,104.89302648362,
    36.107013257643));
#3950 = SURFACE_CURVE('',#3951,(#3955,#3962),.PCURVE_S1.);
#3951 = LINE('',#3952,#3953);
#3952 = CARTESIAN_POINT('',(171.71964285714,104.89302648362,
    36.107013257643));
#3953 = VECTOR('',#3954,1.);
#3954 = DIRECTION('',(-1.,1.110223024625E-16,0.));
#3955 = PCURVE('',#1448,#3956);
#3956 = DEFINITIONAL_REPRESENTATION('',(#3957),#3961);
#3957 = LINE('',#3958,#3959);
#3958 = CARTESIAN_POINT('',(239.63422619501,78.8375));
#3959 = VECTOR('',#3960,1.);
#3960 = DIRECTION('',(0.,1.));
#3961 = ( GEOMETRIC_REPRESENTATION_CONTEXT(2) 
PARAMETRIC_REPRESENTATION_CONTEXT() REPRESENTATION_CONTEXT('2D SPACE',''
  ) );
#3962 = PCURVE('',#3963,#3968);
#3963 = PLANE('',#3964);
#3964 = AXIS2_PLACEMENT_3D('',#3965,#3966,#3967);
#3965 = CARTESIAN_POINT('',(92.882142857143,104.89302648362,
    16.433443998149));
#3966 = DIRECTION('',(1.110223024625E-16,1.,0.));
#3967 = DIRECTION('',(0.,0.,1.));
#3968 = DEFINITIONAL_REPRESENTATION('',(#3969),#3973);
#3969 = LINE('',#3970,#3971);
#3970 = CARTESIAN_POINT('',(19.673569259494,78.8375));
#3971 = VECTOR('',#3972,1.);
#3972 = DIRECTION('',(0.,-1.));
#3973 = ( GEOMETRIC_REPRESENTATION_CONTEXT(2) 
PARAMETRIC_REPRESENTATION_CONTEXT() REPRESENTATION_CONTEXT('2D SPACE',''
  ) );
#3974 = ORIENTED_EDGE('',*,*,#3975,.T.);
#3975 = EDGE_CURVE('',#3948,#3976,#3978,.T.);
#3976 = VERTEX_POINT('',#3977);
#3977 = CARTESIAN_POINT('',(92.882142857143,90.893026483627,
    33.003738698449));
#3978 = SURFACE_CURVE('',#3979,(#3983,#3990),.PCURVE_S1.);
#3979 = LINE('',#3980,#3981);
#3980 = CARTESIAN_POINT('',(92.882142857143,-20.83523521586,
    8.237776407378));
#3981 = VECTOR('',#3982,1.);
#3982 = DIRECTION('',(-1.083913679215E-16,-0.976302648363,
    -0.216409655053));
#3983 = PCURVE('',#1448,#3984);
#3984 = DEFINITIONAL_REPRESENTATION('',(#3985),#3989);
#3985 = LINE('',#3986,#3987);
#3986 = CARTESIAN_POINT('',(110.85421939041,157.675));
#3987 = VECTOR('',#3988,1.);
#3988 = DIRECTION('',(-1.,0.));
#3989 = ( GEOMETRIC_REPRESENTATION_CONTEXT(2) 
PARAMETRIC_REPRESENTATION_CONTEXT() REPRESENTATION_CONTEXT('2D SPACE',''
  ) );
#3990 = PCURVE('',#3991,#3996);
#3991 = PLANE('',#3992);
#3992 = AXIS2_PLACEMENT_3D('',#3993,#3994,#3995);
#3993 = CARTESIAN_POINT('',(92.882142857143,90.893026483627,
    16.433443998149));
#3994 = DIRECTION('',(-1.,1.110223024625E-16,0.));
#3995 = DIRECTION('',(0.,0.,1.));
#3996 = DEFINITIONAL_REPRESENTATION('',(#3997),#4001);
#3997 = LINE('',#3998,#3999);
#3998 = CARTESIAN_POINT('',(-8.195667590771,-111.7282616994));
#3999 = VECTOR('',#4000,1.);
#4000 = DIRECTION('',(-0.216409655053,-0.976302648363));
#4001 = ( GEOMETRIC_REPRESENTATION_CONTEXT(2) 
PARAMETRIC_REPRESENTATION_CONTEXT() REPRESENTATION_CONTEXT('2D SPACE',''
  ) );
#4002 = ORIENTED_EDGE('',*,*,#4003,.T.);
#4003 = EDGE_CURVE('',#3976,#4004,#4006,.T.);
#4004 = VERTEX_POINT('',#4005);
#4005 = CARTESIAN_POINT('',(90.132142857143,90.893026483627,
    33.003738698449));
#4006 = SURFACE_CURVE('',#4007,(#4011,#4018),.PCURVE_S1.);
#4007 = LINE('',#4008,#4009);
#4008 = CARTESIAN_POINT('',(171.71964285714,90.893026483627,
    33.003738698449));
#4009 = VECTOR('',#4010,1.);
#4010 = DIRECTION('',(-1.,1.110223024625E-16,0.));
#4011 = PCURVE('',#1448,#4012);
#4012 = DEFINITIONAL_REPRESENTATION('',(#4013),#4017);
#4013 = LINE('',#4014,#4015);
#4014 = CARTESIAN_POINT('',(225.29441054105,78.8375));
#4015 = VECTOR('',#4016,1.);
#4016 = DIRECTION('',(0.,1.));
#4017 = ( GEOMETRIC_REPRESENTATION_CONTEXT(2) 
PARAMETRIC_REPRESENTATION_CONTEXT() REPRESENTATION_CONTEXT('2D SPACE',''
  ) );
#4018 = PCURVE('',#4019,#4024);
#4019 = PLANE('',#4020);
#4020 = AXIS2_PLACEMENT_3D('',#4021,#4022,#4023);
#4021 = CARTESIAN_POINT('',(92.882142857143,90.893026483627,
    16.433443998149));
#4022 = DIRECTION('',(1.110223024625E-16,1.,0.));
#4023 = DIRECTION('',(0.,0.,1.));
#4024 = DEFINITIONAL_REPRESENTATION('',(#4025),#4029);
#4025 = LINE('',#4026,#4027);
#4026 = CARTESIAN_POINT('',(16.5702947003,78.8375));
#4027 = VECTOR('',#4028,1.);
#4028 = DIRECTION('',(0.,-1.));
#4029 = ( GEOMETRIC_REPRESENTATION_CONTEXT(2) 
PARAMETRIC_REPRESENTATION_CONTEXT() REPRESENTATION_CONTEXT('2D SPACE',''
  ) );
#4030 = ORIENTED_EDGE('',*,*,#4031,.F.);
#4031 = EDGE_CURVE('',#4032,#4004,#4034,.T.);
#4032 = VERTEX_POINT('',#4033);
#4033 = CARTESIAN_POINT('',(90.132142857143,16.138401528864,
    16.433443998149));
#4034 = SURFACE_CURVE('',#4035,(#4039,#4046),.PCURVE_S1.);
#4035 = LINE('',#4036,#4037);
#4036 = CARTESIAN_POINT('',(90.132142857143,-59.69108231268,
    -0.3751065763));
#4037 = VECTOR('',#4038,1.);
#4038 = DIRECTION('',(1.083913679215E-16,0.976302648363,0.216409655053)
  );
#4039 = PCURVE('',#1448,#4040);
#4040 = DEFINITIONAL_REPRESENTATION('',(#4041),#4045);
#4041 = LINE('',#4042,#4043);
#4042 = CARTESIAN_POINT('',(71.055241929914,160.425));
#4043 = VECTOR('',#4044,1.);
#4044 = DIRECTION('',(1.,0.));
#4045 = ( GEOMETRIC_REPRESENTATION_CONTEXT(2) 
PARAMETRIC_REPRESENTATION_CONTEXT() REPRESENTATION_CONTEXT('2D SPACE',''
  ) );
#4046 = PCURVE('',#4047,#4052);
#4047 = PLANE('',#4048);
#4048 = AXIS2_PLACEMENT_3D('',#4049,#4050,#4051);
#4049 = CARTESIAN_POINT('',(90.132142857143,9.363026483627,
    16.433443998149));
#4050 = DIRECTION('',(-1.,1.110223024625E-16,0.));
#4051 = DIRECTION('',(0.,0.,1.));
#4052 = DEFINITIONAL_REPRESENTATION('',(#4053),#4057);
#4053 = LINE('',#4054,#4055);
#4054 = CARTESIAN_POINT('',(-16.80855057444,-69.05410879631));
#4055 = VECTOR('',#4056,1.);
#4056 = DIRECTION('',(0.216409655053,0.976302648363));
#4057 = ( GEOMETRIC_REPRESENTATION_CONTEXT(2) 
PARAMETRIC_REPRESENTATION_CONTEXT() REPRESENTATION_CONTEXT('2D SPACE',''
  ) );
#4058 = ORIENTED_EDGE('',*,*,#4059,.F.);
#4059 = EDGE_CURVE('',#4060,#4032,#4062,.T.);
#4060 = VERTEX_POINT('',#4061);
#4061 = CARTESIAN_POINT('',(89.732142857143,16.138401528864,
    16.433443998149));
#4062 = SURFACE_CURVE('',#4063,(#4067,#4074),.PCURVE_S1.);
#4063 = LINE('',#4064,#4065);
#4064 = CARTESIAN_POINT('',(172.74464285714,16.138401528864,
    16.433443998149));
#4065 = VECTOR('',#4066,1.);
#4066 = DIRECTION('',(1.,-1.110223024625E-16,0.));
#4067 = PCURVE('',#1448,#4068);
#4068 = DEFINITIONAL_REPRESENTATION('',(#4069),#4073);
#4069 = LINE('',#4070,#4071);
#4070 = CARTESIAN_POINT('',(148.72530046014,77.8125));
#4071 = VECTOR('',#4072,1.);
#4072 = DIRECTION('',(0.,-1.));
#4073 = ( GEOMETRIC_REPRESENTATION_CONTEXT(2) 
PARAMETRIC_REPRESENTATION_CONTEXT() REPRESENTATION_CONTEXT('2D SPACE',''
  ) );
#4074 = PCURVE('',#1552,#4075);
#4075 = DEFINITIONAL_REPRESENTATION('',(#4076),#4080);
#4076 = LINE('',#4077,#4078);
#4077 = CARTESIAN_POINT('',(8.375375045237,-77.8125));
#4078 = VECTOR('',#4079,1.);
#4079 = DIRECTION('',(0.,-1.));
#4080 = ( GEOMETRIC_REPRESENTATION_CONTEXT(2) 
PARAMETRIC_REPRESENTATION_CONTEXT() REPRESENTATION_CONTEXT('2D SPACE',''
  ) );
#4081 = ORIENTED_EDGE('',*,*,#4082,.F.);
#4082 = EDGE_CURVE('',#4083,#4060,#4085,.T.);
#4083 = VERTEX_POINT('',#4084);
#4084 = CARTESIAN_POINT('',(89.732142857143,9.763026483627,
    15.02026262792));
#4085 = SURFACE_CURVE('',#4086,(#4090,#4097),.PCURVE_S1.);
#4086 = LINE('',#4087,#4088);
#4087 = CARTESIAN_POINT('',(89.732142857143,-60.89843869424,
    -0.642732172212));
#4088 = VECTOR('',#4089,1.);
#4089 = DIRECTION('',(1.083913679215E-16,0.976302648363,0.216409655053)
  );
#4090 = PCURVE('',#1448,#4091);
#4091 = DEFINITIONAL_REPRESENTATION('',(#4092),#4096);
#4092 = LINE('',#4093,#4094);
#4093 = CARTESIAN_POINT('',(69.818579934187,160.825));
#4094 = VECTOR('',#4095,1.);
#4095 = DIRECTION('',(1.,0.));
#4096 = ( GEOMETRIC_REPRESENTATION_CONTEXT(2) 
PARAMETRIC_REPRESENTATION_CONTEXT() REPRESENTATION_CONTEXT('2D SPACE',''
  ) );
#4097 = PCURVE('',#4098,#4103);
#4098 = PLANE('',#4099);
#4099 = AXIS2_PLACEMENT_3D('',#4100,#4101,#4102);
#4100 = CARTESIAN_POINT('',(89.732142857143,9.763026483627,3.2));
#4101 = DIRECTION('',(-1.,1.110223024625E-16,0.));
#4102 = DIRECTION('',(0.,0.,1.));
#4103 = DEFINITIONAL_REPRESENTATION('',(#4104),#4108);
#4104 = LINE('',#4105,#4106);
#4105 = CARTESIAN_POINT('',(-3.842732172212,-70.66146517786));
#4106 = VECTOR('',#4107,1.);
#4107 = DIRECTION('',(0.216409655053,0.976302648363));
#4108 = ( GEOMETRIC_REPRESENTATION_CONTEXT(2) 
PARAMETRIC_REPRESENTATION_CONTEXT() REPRESENTATION_CONTEXT('2D SPACE',''
  ) );
#4109 = ORIENTED_EDGE('',*,*,#4110,.F.);
#4110 = EDGE_CURVE('',#4111,#4083,#4113,.T.);
#4111 = VERTEX_POINT('',#4112);
#4112 = CARTESIAN_POINT('',(11.382142857143,9.763026483627,
    15.02026262792));
#4113 = SURFACE_CURVE('',#4114,(#4118,#4125),.PCURVE_S1.);
#4114 = LINE('',#4115,#4116);
#4115 = CARTESIAN_POINT('',(170.14464285714,9.763026483627,
    15.02026262792));
#4116 = VECTOR('',#4117,1.);
#4117 = DIRECTION('',(1.,-1.110223024625E-16,0.));
#4118 = PCURVE('',#1448,#4119);
#4119 = DEFINITIONAL_REPRESENTATION('',(#4120),#4124);
#4120 = LINE('',#4121,#4122);
#4121 = CARTESIAN_POINT('',(142.19517882631,80.4125));
#4122 = VECTOR('',#4123,1.);
#4123 = DIRECTION('',(0.,-1.));
#4124 = ( GEOMETRIC_REPRESENTATION_CONTEXT(2) 
PARAMETRIC_REPRESENTATION_CONTEXT() REPRESENTATION_CONTEXT('2D SPACE',''
  ) );
#4125 = PCURVE('',#4126,#4131);
#4126 = PLANE('',#4127);
#4127 = AXIS2_PLACEMENT_3D('',#4128,#4129,#4130);
#4128 = CARTESIAN_POINT('',(89.732142857143,9.763026483627,3.2));
#4129 = DIRECTION('',(1.110223024625E-16,1.,0.));
#4130 = DIRECTION('',(0.,0.,1.));
#4131 = DEFINITIONAL_REPRESENTATION('',(#4132),#4136);
#4132 = LINE('',#4133,#4134);
#4133 = CARTESIAN_POINT('',(11.82026262792,80.4125));
#4134 = VECTOR('',#4135,1.);
#4135 = DIRECTION('',(0.,1.));
#4136 = ( GEOMETRIC_REPRESENTATION_CONTEXT(2) 
PARAMETRIC_REPRESENTATION_CONTEXT() REPRESENTATION_CONTEXT('2D SPACE',''
  ) );
#4137 = ORIENTED_EDGE('',*,*,#4138,.T.);
#4138 = EDGE_CURVE('',#4111,#4139,#4141,.T.);
#4139 = VERTEX_POINT('',#4140);
#4140 = CARTESIAN_POINT('',(11.382142857143,16.138401528864,
    16.433443998149));
#4141 = SURFACE_CURVE('',#4142,(#4146,#4153),.PCURVE_S1.);
#4142 = LINE('',#4143,#4144);
#4143 = CARTESIAN_POINT('',(11.382142857143,-60.89843869424,
    -0.642732172212));
#4144 = VECTOR('',#4145,1.);
#4145 = DIRECTION('',(1.083913679215E-16,0.976302648363,0.216409655053)
  );
#4146 = PCURVE('',#1448,#4147);
#4147 = DEFINITIONAL_REPRESENTATION('',(#4148),#4152);
#4148 = LINE('',#4149,#4150);
#4149 = CARTESIAN_POINT('',(69.818579934187,239.175));
#4150 = VECTOR('',#4151,1.);
#4151 = DIRECTION('',(1.,0.));
#4152 = ( GEOMETRIC_REPRESENTATION_CONTEXT(2) 
PARAMETRIC_REPRESENTATION_CONTEXT() REPRESENTATION_CONTEXT('2D SPACE',''
  ) );
#4153 = PCURVE('',#4154,#4159);
#4154 = PLANE('',#4155);
#4155 = AXIS2_PLACEMENT_3D('',#4156,#4157,#4158);
#4156 = CARTESIAN_POINT('',(11.382142857143,9.763026483627,3.2));
#4157 = DIRECTION('',(-1.,1.110223024625E-16,0.));
#4158 = DIRECTION('',(0.,0.,1.));
#4159 = DEFINITIONAL_REPRESENTATION('',(#4160),#4164);
#4160 = LINE('',#4161,#4162);
#4161 = CARTESIAN_POINT('',(-3.842732172212,-70.66146517786));
#4162 = VECTOR('',#4163,1.);
#4163 = DIRECTION('',(0.216409655053,0.976302648363));
#4164 = ( GEOMETRIC_REPRESENTATION_CONTEXT(2) 
PARAMETRIC_REPRESENTATION_CONTEXT() REPRESENTATION_CONTEXT('2D SPACE',''
  ) );
#4165 = ORIENTED_EDGE('',*,*,#4166,.F.);
#4166 = EDGE_CURVE('',#4167,#4139,#4169,.T.);
#4167 = VERTEX_POINT('',#4168);
#4168 = CARTESIAN_POINT('',(10.982142857143,16.138401528864,
    16.433443998149));
#4169 = SURFACE_CURVE('',#4170,(#4174,#4181),.PCURVE_S1.);
#4170 = LINE('',#4171,#4172);
#4171 = CARTESIAN_POINT('',(172.74464285714,16.138401528864,
    16.433443998149));
#4172 = VECTOR('',#4173,1.);
#4173 = DIRECTION('',(1.,-1.110223024625E-16,0.));
#4174 = PCURVE('',#1448,#4175);
#4175 = DEFINITIONAL_REPRESENTATION('',(#4176),#4180);
#4176 = LINE('',#4177,#4178);
#4177 = CARTESIAN_POINT('',(148.72530046014,77.8125));
#4178 = VECTOR('',#4179,1.);
#4179 = DIRECTION('',(0.,-1.));
#4180 = ( GEOMETRIC_REPRESENTATION_CONTEXT(2) 
PARAMETRIC_REPRESENTATION_CONTEXT() REPRESENTATION_CONTEXT('2D SPACE',''
  ) );
#4181 = PCURVE('',#1552,#4182);
#4182 = DEFINITIONAL_REPRESENTATION('',(#4183),#4187);
#4183 = LINE('',#4184,#4185);
#4184 = CARTESIAN_POINT('',(8.375375045237,-77.8125));
#4185 = VECTOR('',#4186,1.);
#4186 = DIRECTION('',(0.,-1.));
#4187 = ( GEOMETRIC_REPRESENTATION_CONTEXT(2) 
PARAMETRIC_REPRESENTATION_CONTEXT() REPRESENTATION_CONTEXT('2D SPACE',''
  ) );
#4188 = ORIENTED_EDGE('',*,*,#4189,.T.);
#4189 = EDGE_CURVE('',#4167,#4190,#4192,.T.);
#4190 = VERTEX_POINT('',#4191);
#4191 = CARTESIAN_POINT('',(10.982142857143,90.893026483627,
    33.003738698449));
#4192 = SURFACE_CURVE('',#4193,(#4197,#4204),.PCURVE_S1.);
#4193 = LINE('',#4194,#4195);
#4194 = CARTESIAN_POINT('',(10.982142857143,-59.69108231268,
    -0.3751065763));
#4195 = VECTOR('',#4196,1.);
#4196 = DIRECTION('',(1.083913679215E-16,0.976302648363,0.216409655053)
  );
#4197 = PCURVE('',#1448,#4198);
#4198 = DEFINITIONAL_REPRESENTATION('',(#4199),#4203);
#4199 = LINE('',#4200,#4201);
#4200 = CARTESIAN_POINT('',(71.055241929914,239.575));
#4201 = VECTOR('',#4202,1.);
#4202 = DIRECTION('',(1.,0.));
#4203 = ( GEOMETRIC_REPRESENTATION_CONTEXT(2) 
PARAMETRIC_REPRESENTATION_CONTEXT() REPRESENTATION_CONTEXT('2D SPACE',''
  ) );
#4204 = PCURVE('',#4205,#4210);
#4205 = PLANE('',#4206);
#4206 = AXIS2_PLACEMENT_3D('',#4207,#4208,#4209);
#4207 = CARTESIAN_POINT('',(10.982142857143,9.363026483627,
    16.433443998149));
#4208 = DIRECTION('',(-1.,1.110223024625E-16,0.));
#4209 = DIRECTION('',(0.,0.,1.));
#4210 = DEFINITIONAL_REPRESENTATION('',(#4211),#4215);
#4211 = LINE('',#4212,#4213);
#4212 = CARTESIAN_POINT('',(-16.80855057444,-69.05410879631));
#4213 = VECTOR('',#4214,1.);
#4214 = DIRECTION('',(0.216409655053,0.976302648363));
#4215 = ( GEOMETRIC_REPRESENTATION_CONTEXT(2) 
PARAMETRIC_REPRESENTATION_CONTEXT() REPRESENTATION_CONTEXT('2D SPACE',''
  ) );
#4216 = ORIENTED_EDGE('',*,*,#4217,.T.);
#4217 = EDGE_CURVE('',#4190,#4218,#4220,.T.);
#4218 = VERTEX_POINT('',#4219);
#4219 = CARTESIAN_POINT('',(8.232142857143,90.893026483627,
    33.003738698449));
#4220 = SURFACE_CURVE('',#4221,(#4225,#4232),.PCURVE_S1.);
#4221 = LINE('',#4222,#4223);
#4222 = CARTESIAN_POINT('',(131.26964285714,90.893026483627,
    33.003738698449));
#4223 = VECTOR('',#4224,1.);
#4224 = DIRECTION('',(-1.,1.110223024625E-16,0.));
#4225 = PCURVE('',#1448,#4226);
#4226 = DEFINITIONAL_REPRESENTATION('',(#4227),#4231);
#4227 = LINE('',#4228,#4229);
#4228 = CARTESIAN_POINT('',(225.29441054105,119.2875));
#4229 = VECTOR('',#4230,1.);
#4230 = DIRECTION('',(0.,1.));
#4231 = ( GEOMETRIC_REPRESENTATION_CONTEXT(2) 
PARAMETRIC_REPRESENTATION_CONTEXT() REPRESENTATION_CONTEXT('2D SPACE',''
  ) );
#4232 = PCURVE('',#4233,#4238);
#4233 = PLANE('',#4234);
#4234 = AXIS2_PLACEMENT_3D('',#4235,#4236,#4237);
#4235 = CARTESIAN_POINT('',(11.982142857143,90.893026483627,
    16.433443998149));
#4236 = DIRECTION('',(1.110223024625E-16,1.,0.));
#4237 = DIRECTION('',(0.,0.,1.));
#4238 = DEFINITIONAL_REPRESENTATION('',(#4239),#4243);
#4239 = LINE('',#4240,#4241);
#4240 = CARTESIAN_POINT('',(16.5702947003,119.2875));
#4241 = VECTOR('',#4242,1.);
#4242 = DIRECTION('',(0.,-1.));
#4243 = ( GEOMETRIC_REPRESENTATION_CONTEXT(2) 
PARAMETRIC_REPRESENTATION_CONTEXT() REPRESENTATION_CONTEXT('2D SPACE',''
  ) );
#4244 = ORIENTED_EDGE('',*,*,#4245,.F.);
#4245 = EDGE_CURVE('',#4246,#4218,#4248,.T.);
#4246 = VERTEX_POINT('',#4247);
#4247 = CARTESIAN_POINT('',(8.232142857143,104.89302648362,
    36.107013257643));
#4248 = SURFACE_CURVE('',#4249,(#4253,#4260),.PCURVE_S1.);
#4249 = LINE('',#4250,#4251);
#4250 = CARTESIAN_POINT('',(8.232142857143,-20.83523521586,
    8.237776407378));
#4251 = VECTOR('',#4252,1.);
#4252 = DIRECTION('',(-1.083913679215E-16,-0.976302648363,
    -0.216409655053));
#4253 = PCURVE('',#1448,#4254);
#4254 = DEFINITIONAL_REPRESENTATION('',(#4255),#4259);
#4255 = LINE('',#4256,#4257);
#4256 = CARTESIAN_POINT('',(110.85421939041,242.325));
#4257 = VECTOR('',#4258,1.);
#4258 = DIRECTION('',(-1.,0.));
#4259 = ( GEOMETRIC_REPRESENTATION_CONTEXT(2) 
PARAMETRIC_REPRESENTATION_CONTEXT() REPRESENTATION_CONTEXT('2D SPACE',''
  ) );
#4260 = PCURVE('',#4261,#4266);
#4261 = PLANE('',#4262);
#4262 = AXIS2_PLACEMENT_3D('',#4263,#4264,#4265);
#4263 = CARTESIAN_POINT('',(8.232142857143,90.893026483627,
    16.433443998149));
#4264 = DIRECTION('',(-1.,1.110223024625E-16,0.));
#4265 = DIRECTION('',(0.,0.,1.));
#4266 = DEFINITIONAL_REPRESENTATION('',(#4267),#4271);
#4267 = LINE('',#4268,#4269);
#4268 = CARTESIAN_POINT('',(-8.195667590771,-111.7282616994));
#4269 = VECTOR('',#4270,1.);
#4270 = DIRECTION('',(-0.216409655053,-0.976302648363));
#4271 = ( GEOMETRIC_REPRESENTATION_CONTEXT(2) 
PARAMETRIC_REPRESENTATION_CONTEXT() REPRESENTATION_CONTEXT('2D SPACE',''
  ) );
#4272 = ORIENTED_EDGE('',*,*,#4273,.F.);
#4273 = EDGE_CURVE('',#4274,#4246,#4276,.T.);
#4274 = VERTEX_POINT('',#4275);
#4275 = CARTESIAN_POINT('',(10.982142857143,104.89302648362,
    36.107013257643));
#4276 = SURFACE_CURVE('',#4277,(#4281,#4288),.PCURVE_S1.);
#4277 = LINE('',#4278,#4279);
#4278 = CARTESIAN_POINT('',(131.26964285714,104.89302648362,
    36.107013257643));
#4279 = VECTOR('',#4280,1.);
#4280 = DIRECTION('',(-1.,1.110223024625E-16,0.));
#4281 = PCURVE('',#1448,#4282);
#4282 = DEFINITIONAL_REPRESENTATION('',(#4283),#4287);
#4283 = LINE('',#4284,#4285);
#4284 = CARTESIAN_POINT('',(239.63422619501,119.2875));
#4285 = VECTOR('',#4286,1.);
#4286 = DIRECTION('',(0.,1.));
#4287 = ( GEOMETRIC_REPRESENTATION_CONTEXT(2) 
PARAMETRIC_REPRESENTATION_CONTEXT() REPRESENTATION_CONTEXT('2D SPACE',''
  ) );
#4288 = PCURVE('',#4289,#4294);
#4289 = PLANE('',#4290);
#4290 = AXIS2_PLACEMENT_3D('',#4291,#4292,#4293);
#4291 = CARTESIAN_POINT('',(11.982142857143,104.89302648362,
    16.433443998149));
#4292 = DIRECTION('',(1.110223024625E-16,1.,0.));
#4293 = DIRECTION('',(0.,0.,1.));
#4294 = DEFINITIONAL_REPRESENTATION('',(#4295),#4299);
#4295 = LINE('',#4296,#4297);
#4296 = CARTESIAN_POINT('',(19.673569259494,119.2875));
#4297 = VECTOR('',#4298,1.);
#4298 = DIRECTION('',(0.,-1.));
#4299 = ( GEOMETRIC_REPRESENTATION_CONTEXT(2) 
PARAMETRIC_REPRESENTATION_CONTEXT() REPRESENTATION_CONTEXT('2D SPACE',''
  ) );
#4300 = ORIENTED_EDGE('',*,*,#4301,.T.);
#4301 = EDGE_CURVE('',#4274,#4302,#4304,.T.);
#4302 = VERTEX_POINT('',#4303);
#4303 = CARTESIAN_POINT('',(10.982142857143,123.03302648362,
    40.127970436484));
#4304 = SURFACE_CURVE('',#4305,(#4309,#4316),.PCURVE_S1.);
#4305 = LINE('',#4306,#4307);
#4306 = CARTESIAN_POINT('',(10.982142857143,-59.69108231268,
    -0.3751065763));
#4307 = VECTOR('',#4308,1.);
#4308 = DIRECTION('',(1.083913679215E-16,0.976302648363,0.216409655053)
  );
#4309 = PCURVE('',#1448,#4310);
#4310 = DEFINITIONAL_REPRESENTATION('',(#4311),#4315);
#4311 = LINE('',#4312,#4313);
#4312 = CARTESIAN_POINT('',(71.055241929914,239.575));
#4313 = VECTOR('',#4314,1.);
#4314 = DIRECTION('',(1.,0.));
#4315 = ( GEOMETRIC_REPRESENTATION_CONTEXT(2) 
PARAMETRIC_REPRESENTATION_CONTEXT() REPRESENTATION_CONTEXT('2D SPACE',''
  ) );
#4316 = PCURVE('',#4317,#4322);
#4317 = PLANE('',#4318);
#4318 = AXIS2_PLACEMENT_3D('',#4319,#4320,#4321);
#4319 = CARTESIAN_POINT('',(10.982142857143,9.363026483627,
    16.433443998149));
#4320 = DIRECTION('',(-1.,1.110223024625E-16,0.));
#4321 = DIRECTION('',(0.,0.,1.));
#4322 = DEFINITIONAL_REPRESENTATION('',(#4323),#4327);
#4323 = LINE('',#4324,#4325);
#4324 = CARTESIAN_POINT('',(-16.80855057444,-69.05410879631));
#4325 = VECTOR('',#4326,1.);
#4326 = DIRECTION('',(0.216409655053,0.976302648363));
#4327 = ( GEOMETRIC_REPRESENTATION_CONTEXT(2) 
PARAMETRIC_REPRESENTATION_CONTEXT() REPRESENTATION_CONTEXT('2D SPACE',''
  ) );
#4328 = ORIENTED_EDGE('',*,*,#4329,.T.);
#4329 = EDGE_CURVE('',#4302,#4330,#4332,.T.);
#4330 = VERTEX_POINT('',#4331);
#4331 = CARTESIAN_POINT('',(44.557142857143,123.03302648362,
    40.127970436484));
#4332 = SURFACE_CURVE('',#4333,(#4337,#4344),.PCURVE_S1.);
#4333 = LINE('',#4334,#4335);
#4334 = CARTESIAN_POINT('',(170.34464285714,123.03302648362,
    40.127970436484));
#4335 = VECTOR('',#4336,1.);
#4336 = DIRECTION('',(1.,-1.110223024625E-16,0.));
#4337 = PCURVE('',#1448,#4338);
#4338 = DEFINITIONAL_REPRESENTATION('',(#4339),#4343);
#4339 = LINE('',#4340,#4341);
#4340 = CARTESIAN_POINT('',(258.21453019237,80.2125));
#4341 = VECTOR('',#4342,1.);
#4342 = DIRECTION('',(0.,-1.));
#4343 = ( GEOMETRIC_REPRESENTATION_CONTEXT(2) 
PARAMETRIC_REPRESENTATION_CONTEXT() REPRESENTATION_CONTEXT('2D SPACE',''
  ) );
#4344 = PCURVE('',#4345,#4350);
#4345 = PLANE('',#4346);
#4346 = AXIS2_PLACEMENT_3D('',#4347,#4348,#4349);
#4347 = CARTESIAN_POINT('',(90.132142857143,123.03302648362,
    16.433443998149));
#4348 = DIRECTION('',(1.110223024625E-16,1.,0.));
#4349 = DIRECTION('',(0.,0.,1.));
#4350 = DEFINITIONAL_REPRESENTATION('',(#4351),#4355);
#4351 = LINE('',#4352,#4353);
#4352 = CARTESIAN_POINT('',(23.694526438335,80.2125));
#4353 = VECTOR('',#4354,1.);
#4354 = DIRECTION('',(0.,1.));
#4355 = ( GEOMETRIC_REPRESENTATION_CONTEXT(2) 
PARAMETRIC_REPRESENTATION_CONTEXT() REPRESENTATION_CONTEXT('2D SPACE',''
  ) );
#4356 = ORIENTED_EDGE('',*,*,#4357,.F.);
#4357 = EDGE_CURVE('',#1486,#4330,#4358,.T.);
#4358 = SURFACE_CURVE('',#4359,(#4363,#4370),.PCURVE_S1.);
#4359 = LINE('',#4360,#4361);
#4360 = CARTESIAN_POINT('',(44.557142857143,-6.423352274522,
    11.432349956089));
#4361 = VECTOR('',#4362,1.);
#4362 = DIRECTION('',(-1.083913679215E-16,-0.976302648363,
    -0.216409655053));
#4363 = PCURVE('',#1448,#4364);
#4364 = DEFINITIONAL_REPRESENTATION('',(#4365),#4369);
#4365 = LINE('',#4366,#4367);
#4366 = CARTESIAN_POINT('',(125.61591543366,206.));
#4367 = VECTOR('',#4368,1.);
#4368 = DIRECTION('',(-1.,0.));
#4369 = ( GEOMETRIC_REPRESENTATION_CONTEXT(2) 
PARAMETRIC_REPRESENTATION_CONTEXT() REPRESENTATION_CONTEXT('2D SPACE',''
  ) );
#4370 = PCURVE('',#1524,#4371);
#4371 = DEFINITIONAL_REPRESENTATION('',(#4372),#4376);
#4372 = LINE('',#4373,#4374);
#4373 = CARTESIAN_POINT('',(-5.00109404206,-127.5563787581));
#4374 = VECTOR('',#4375,1.);
#4375 = DIRECTION('',(-0.216409655053,-0.976302648363));
#4376 = ( GEOMETRIC_REPRESENTATION_CONTEXT(2) 
PARAMETRIC_REPRESENTATION_CONTEXT() REPRESENTATION_CONTEXT('2D SPACE',''
  ) );
#4377 = ORIENTED_EDGE('',*,*,#1485,.F.);
#4378 = ADVANCED_FACE('',(#4379),#1422,.F.);
#4379 = FACE_BOUND('',#4380,.F.);
#4380 = EDGE_LOOP('',(#4381,#4404,#4425,#4426));
#4381 = ORIENTED_EDGE('',*,*,#4382,.F.);
#4382 = EDGE_CURVE('',#4383,#3824,#4385,.T.);
#4383 = VERTEX_POINT('',#4384);
#4384 = CARTESIAN_POINT('',(94.932142857143,7.763026483627,3.2));
#4385 = SURFACE_CURVE('',#4386,(#4390,#4397),.PCURVE_S1.);
#4386 = LINE('',#4387,#4388);
#4387 = CARTESIAN_POINT('',(94.932142857143,7.763026483627,3.2));
#4388 = VECTOR('',#4389,1.);
#4389 = DIRECTION('',(0.,0.,1.));
#4390 = PCURVE('',#1422,#4391);
#4391 = DEFINITIONAL_REPRESENTATION('',(#4392),#4396);
#4392 = LINE('',#4393,#4394);
#4393 = CARTESIAN_POINT('',(0.,0.));
#4394 = VECTOR('',#4395,1.);
#4395 = DIRECTION('',(1.,0.));
#4396 = ( GEOMETRIC_REPRESENTATION_CONTEXT(2) 
PARAMETRIC_REPRESENTATION_CONTEXT() REPRESENTATION_CONTEXT('2D SPACE',''
  ) );
#4397 = PCURVE('',#1631,#4398);
#4398 = DEFINITIONAL_REPRESENTATION('',(#4399),#4403);
#4399 = LINE('',#4400,#4401);
#4400 = CARTESIAN_POINT('',(0.,0.));
#4401 = VECTOR('',#4402,1.);
#4402 = DIRECTION('',(1.,0.));
#4403 = ( GEOMETRIC_REPRESENTATION_CONTEXT(2) 
PARAMETRIC_REPRESENTATION_CONTEXT() REPRESENTATION_CONTEXT('2D SPACE',''
  ) );
#4404 = ORIENTED_EDGE('',*,*,#4405,.T.);
#4405 = EDGE_CURVE('',#4383,#1380,#4406,.T.);
#4406 = SURFACE_CURVE('',#4407,(#4411,#4418),.PCURVE_S1.);
#4407 = LINE('',#4408,#4409);
#4408 = CARTESIAN_POINT('',(94.932142857143,7.763026483627,3.2));
#4409 = VECTOR('',#4410,1.);
#4410 = DIRECTION('',(-1.,1.110223024625E-16,0.));
#4411 = PCURVE('',#1422,#4412);
#4412 = DEFINITIONAL_REPRESENTATION('',(#4413),#4417);
#4413 = LINE('',#4414,#4415);
#4414 = CARTESIAN_POINT('',(0.,0.));
#4415 = VECTOR('',#4416,1.);
#4416 = DIRECTION('',(0.,-1.));
#4417 = ( GEOMETRIC_REPRESENTATION_CONTEXT(2) 
PARAMETRIC_REPRESENTATION_CONTEXT() REPRESENTATION_CONTEXT('2D SPACE',''
  ) );
#4418 = PCURVE('',#1395,#4419);
#4419 = DEFINITIONAL_REPRESENTATION('',(#4420),#4424);
#4420 = LINE('',#4421,#4422);
#4421 = CARTESIAN_POINT('',(91.732142857143,4.563026483627));
#4422 = VECTOR('',#4423,1.);
#4423 = DIRECTION('',(-1.,1.110223024625E-16));
#4424 = ( GEOMETRIC_REPRESENTATION_CONTEXT(2) 
PARAMETRIC_REPRESENTATION_CONTEXT() REPRESENTATION_CONTEXT('2D SPACE',''
  ) );
#4425 = ORIENTED_EDGE('',*,*,#1407,.F.);
#4426 = ORIENTED_EDGE('',*,*,#3823,.T.);
#4427 = ADVANCED_FACE('',(#4428,#4584),#1395,.T.);
#4428 = FACE_BOUND('',#4429,.T.);
#4429 = EDGE_LOOP('',(#4430,#4460,#4481,#4482,#4483,#4484,#4512,#4535,
    #4558));
#4430 = ORIENTED_EDGE('',*,*,#4431,.F.);
#4431 = EDGE_CURVE('',#4432,#4434,#4436,.T.);
#4432 = VERTEX_POINT('',#4433);
#4433 = CARTESIAN_POINT('',(94.932142857143,32.5,3.2));
#4434 = VERTEX_POINT('',#4435);
#4435 = CARTESIAN_POINT('',(107.325,32.5,3.2));
#4436 = SURFACE_CURVE('',#4437,(#4441,#4448),.PCURVE_S1.);
#4437 = LINE('',#4438,#4439);
#4438 = CARTESIAN_POINT('',(94.732142857143,32.5,3.2));
#4439 = VECTOR('',#4440,1.);
#4440 = DIRECTION('',(1.,0.,0.));
#4441 = PCURVE('',#1395,#4442);
#4442 = DEFINITIONAL_REPRESENTATION('',(#4443),#4447);
#4443 = LINE('',#4444,#4445);
#4444 = CARTESIAN_POINT('',(91.532142857143,29.3));
#4445 = VECTOR('',#4446,1.);
#4446 = DIRECTION('',(1.,0.));
#4447 = ( GEOMETRIC_REPRESENTATION_CONTEXT(2) 
PARAMETRIC_REPRESENTATION_CONTEXT() REPRESENTATION_CONTEXT('2D SPACE',''
  ) );
#4448 = PCURVE('',#4449,#4454);
#4449 = PLANE('',#4450);
#4450 = AXIS2_PLACEMENT_3D('',#4451,#4452,#4453);
#4451 = CARTESIAN_POINT('',(94.732142857143,32.5,3.2));
#4452 = DIRECTION('',(0.,1.,0.));
#4453 = DIRECTION('',(0.,0.,1.));
#4454 = DEFINITIONAL_REPRESENTATION('',(#4455),#4459);
#4455 = LINE('',#4456,#4457);
#4456 = CARTESIAN_POINT('',(0.,0.));
#4457 = VECTOR('',#4458,1.);
#4458 = DIRECTION('',(0.,1.));
#4459 = ( GEOMETRIC_REPRESENTATION_CONTEXT(2) 
PARAMETRIC_REPRESENTATION_CONTEXT() REPRESENTATION_CONTEXT('2D SPACE',''
  ) );
#4460 = ORIENTED_EDGE('',*,*,#4461,.F.);
#4461 = EDGE_CURVE('',#4383,#4432,#4462,.T.);
#4462 = SURFACE_CURVE('',#4463,(#4467,#4474),.PCURVE_S1.);
#4463 = LINE('',#4464,#4465);
#4464 = CARTESIAN_POINT('',(94.932142857143,7.763026483627,3.2));
#4465 = VECTOR('',#4466,1.);
#4466 = DIRECTION('',(1.110223024625E-16,1.,0.));
#4467 = PCURVE('',#1395,#4468);
#4468 = DEFINITIONAL_REPRESENTATION('',(#4469),#4473);
#4469 = LINE('',#4470,#4471);
#4470 = CARTESIAN_POINT('',(91.732142857143,4.563026483627));
#4471 = VECTOR('',#4472,1.);
#4472 = DIRECTION('',(1.110223024625E-16,1.));
#4473 = ( GEOMETRIC_REPRESENTATION_CONTEXT(2) 
PARAMETRIC_REPRESENTATION_CONTEXT() REPRESENTATION_CONTEXT('2D SPACE',''
  ) );
#4474 = PCURVE('',#1631,#4475);
#4475 = DEFINITIONAL_REPRESENTATION('',(#4476),#4480);
#4476 = LINE('',#4477,#4478);
#4477 = CARTESIAN_POINT('',(0.,0.));
#4478 = VECTOR('',#4479,1.);
#4479 = DIRECTION('',(0.,1.));
#4480 = ( GEOMETRIC_REPRESENTATION_CONTEXT(2) 
PARAMETRIC_REPRESENTATION_CONTEXT() REPRESENTATION_CONTEXT('2D SPACE',''
  ) );
#4481 = ORIENTED_EDGE('',*,*,#4405,.T.);
#4482 = ORIENTED_EDGE('',*,*,#1379,.F.);
#4483 = ORIENTED_EDGE('',*,*,#3798,.F.);
#4484 = ORIENTED_EDGE('',*,*,#4485,.F.);
#4485 = EDGE_CURVE('',#4486,#3774,#4488,.T.);
#4486 = VERTEX_POINT('',#4487);
#4487 = CARTESIAN_POINT('',(193.075,6.,3.2));
#4488 = SURFACE_CURVE('',#4489,(#4494,#4505),.PCURVE_S1.);
#4489 = CIRCLE('',#4490,0.3);
#4490 = AXIS2_PLACEMENT_3D('',#4491,#4492,#4493);
#4491 = CARTESIAN_POINT('',(192.775,6.,3.2));
#4492 = DIRECTION('',(0.,-0.,-1.));
#4493 = DIRECTION('',(1.,1.586032892322E-16,-0.));
#4494 = PCURVE('',#1395,#4495);
#4495 = DEFINITIONAL_REPRESENTATION('',(#4496),#4504);
#4496 = ( BOUNDED_CURVE() B_SPLINE_CURVE(2,(#4497,#4498,#4499,#4500,
#4501,#4502,#4503),.UNSPECIFIED.,.T.,.F.) B_SPLINE_CURVE_WITH_KNOTS((1,2
    ,2,2,2,1),(-2.094395102393,0.,2.094395102393,4.188790204786,
6.28318530718,8.377580409573),.UNSPECIFIED.) CURVE() 
GEOMETRIC_REPRESENTATION_ITEM() RATIONAL_B_SPLINE_CURVE((1.,0.5,1.,0.5,
1.,0.5,1.)) REPRESENTATION_ITEM('') );
#4497 = CARTESIAN_POINT('',(189.875,2.8));
#4498 = CARTESIAN_POINT('',(189.875,2.280384757729));
#4499 = CARTESIAN_POINT('',(189.425,2.540192378865));
#4500 = CARTESIAN_POINT('',(188.975,2.8));
#4501 = CARTESIAN_POINT('',(189.425,3.059807621135));
#4502 = CARTESIAN_POINT('',(189.875,3.319615242271));
#4503 = CARTESIAN_POINT('',(189.875,2.8));
#4504 = ( GEOMETRIC_REPRESENTATION_CONTEXT(2) 
PARAMETRIC_REPRESENTATION_CONTEXT() REPRESENTATION_CONTEXT('2D SPACE',''
  ) );
#4505 = PCURVE('',#3077,#4506);
#4506 = DEFINITIONAL_REPRESENTATION('',(#4507),#4511);
#4507 = LINE('',#4508,#4509);
#4508 = CARTESIAN_POINT('',(-0.,-2.5));
#4509 = VECTOR('',#4510,1.);
#4510 = DIRECTION('',(-1.,-0.));
#4511 = ( GEOMETRIC_REPRESENTATION_CONTEXT(2) 
PARAMETRIC_REPRESENTATION_CONTEXT() REPRESENTATION_CONTEXT('2D SPACE',''
  ) );
#4512 = ORIENTED_EDGE('',*,*,#4513,.F.);
#4513 = EDGE_CURVE('',#4514,#4486,#4516,.T.);
#4514 = VERTEX_POINT('',#4515);
#4515 = CARTESIAN_POINT('',(193.075,7.763026483627,3.2));
#4516 = SURFACE_CURVE('',#4517,(#4521,#4528),.PCURVE_S1.);
#4517 = LINE('',#4518,#4519);
#4518 = CARTESIAN_POINT('',(193.075,150.20842373802,3.2));
#4519 = VECTOR('',#4520,1.);
#4520 = DIRECTION('',(-0.,-1.,-0.));
#4521 = PCURVE('',#1395,#4522);
#4522 = DEFINITIONAL_REPRESENTATION('',(#4523),#4527);
#4523 = LINE('',#4524,#4525);
#4524 = CARTESIAN_POINT('',(189.875,147.00842373802));
#4525 = VECTOR('',#4526,1.);
#4526 = DIRECTION('',(0.,-1.));
#4527 = ( GEOMETRIC_REPRESENTATION_CONTEXT(2) 
PARAMETRIC_REPRESENTATION_CONTEXT() REPRESENTATION_CONTEXT('2D SPACE',''
  ) );
#4528 = PCURVE('',#2940,#4529);
#4529 = DEFINITIONAL_REPRESENTATION('',(#4530),#4534);
#4530 = LINE('',#4531,#4532);
#4531 = CARTESIAN_POINT('',(-1.925929944387E-34,1.767766952966));
#4532 = VECTOR('',#4533,1.);
#4533 = DIRECTION('',(-1.,4.900350890384E-34));
#4534 = ( GEOMETRIC_REPRESENTATION_CONTEXT(2) 
PARAMETRIC_REPRESENTATION_CONTEXT() REPRESENTATION_CONTEXT('2D SPACE',''
  ) );
#4535 = ORIENTED_EDGE('',*,*,#4536,.T.);
#4536 = EDGE_CURVE('',#4514,#4537,#4539,.T.);
#4537 = VERTEX_POINT('',#4538);
#4538 = CARTESIAN_POINT('',(107.325,7.763026483627,3.2));
#4539 = SURFACE_CURVE('',#4540,(#4544,#4551),.PCURVE_S1.);
#4540 = LINE('',#4541,#4542);
#4541 = CARTESIAN_POINT('',(196.075,7.763026483627,3.2));
#4542 = VECTOR('',#4543,1.);
#4543 = DIRECTION('',(-1.,1.110223024625E-16,0.));
#4544 = PCURVE('',#1395,#4545);
#4545 = DEFINITIONAL_REPRESENTATION('',(#4546),#4550);
#4546 = LINE('',#4547,#4548);
#4547 = CARTESIAN_POINT('',(192.875,4.563026483627));
#4548 = VECTOR('',#4549,1.);
#4549 = DIRECTION('',(-1.,1.110223024625E-16));
#4550 = ( GEOMETRIC_REPRESENTATION_CONTEXT(2) 
PARAMETRIC_REPRESENTATION_CONTEXT() REPRESENTATION_CONTEXT('2D SPACE',''
  ) );
#4551 = PCURVE('',#2967,#4552);
#4552 = DEFINITIONAL_REPRESENTATION('',(#4553),#4557);
#4553 = LINE('',#4554,#4555);
#4554 = CARTESIAN_POINT('',(0.,0.));
#4555 = VECTOR('',#4556,1.);
#4556 = DIRECTION('',(0.,-1.));
#4557 = ( GEOMETRIC_REPRESENTATION_CONTEXT(2) 
PARAMETRIC_REPRESENTATION_CONTEXT() REPRESENTATION_CONTEXT('2D SPACE',''
  ) );
#4558 = ORIENTED_EDGE('',*,*,#4559,.T.);
#4559 = EDGE_CURVE('',#4537,#4434,#4560,.T.);
#4560 = SURFACE_CURVE('',#4561,(#4565,#4572),.PCURVE_S1.);
#4561 = LINE('',#4562,#4563);
#4562 = CARTESIAN_POINT('',(107.325,7.763026483627,3.2));
#4563 = VECTOR('',#4564,1.);
#4564 = DIRECTION('',(1.110223024625E-16,1.,0.));
#4565 = PCURVE('',#1395,#4566);
#4566 = DEFINITIONAL_REPRESENTATION('',(#4567),#4571);
#4567 = LINE('',#4568,#4569);
#4568 = CARTESIAN_POINT('',(104.125,4.563026483627));
#4569 = VECTOR('',#4570,1.);
#4570 = DIRECTION('',(1.110223024625E-16,1.));
#4571 = ( GEOMETRIC_REPRESENTATION_CONTEXT(2) 
PARAMETRIC_REPRESENTATION_CONTEXT() REPRESENTATION_CONTEXT('2D SPACE',''
  ) );
#4572 = PCURVE('',#4573,#4578);
#4573 = PLANE('',#4574);
#4574 = AXIS2_PLACEMENT_3D('',#4575,#4576,#4577);
#4575 = CARTESIAN_POINT('',(107.325,7.763026483627,3.2));
#4576 = DIRECTION('',(-1.,1.110223024625E-16,0.));
#4577 = DIRECTION('',(0.,0.,1.));
#4578 = DEFINITIONAL_REPRESENTATION('',(#4579),#4583);
#4579 = LINE('',#4580,#4581);
#4580 = CARTESIAN_POINT('',(0.,0.));
#4581 = VECTOR('',#4582,1.);
#4582 = DIRECTION('',(0.,1.));
#4583 = ( GEOMETRIC_REPRESENTATION_CONTEXT(2) 
PARAMETRIC_REPRESENTATION_CONTEXT() REPRESENTATION_CONTEXT('2D SPACE',''
  ) );
#4584 = FACE_BOUND('',#4585,.T.);
#4585 = EDGE_LOOP('',(#4586,#4616,#4644,#4672));
#4586 = ORIENTED_EDGE('',*,*,#4587,.T.);
#4587 = EDGE_CURVE('',#4588,#4590,#4592,.T.);
#4588 = VERTEX_POINT('',#4589);
#4589 = CARTESIAN_POINT('',(96.13,14.,3.2));
#4590 = VERTEX_POINT('',#4591);
#4591 = CARTESIAN_POINT('',(96.13,26.,3.2));
#4592 = SURFACE_CURVE('',#4593,(#4597,#4604),.PCURVE_S1.);
#4593 = LINE('',#4594,#4595);
#4594 = CARTESIAN_POINT('',(96.13,14.,3.2));
#4595 = VECTOR('',#4596,1.);
#4596 = DIRECTION('',(0.,1.,0.));
#4597 = PCURVE('',#1395,#4598);
#4598 = DEFINITIONAL_REPRESENTATION('',(#4599),#4603);
#4599 = LINE('',#4600,#4601);
#4600 = CARTESIAN_POINT('',(92.93,10.8));
#4601 = VECTOR('',#4602,1.);
#4602 = DIRECTION('',(0.,1.));
#4603 = ( GEOMETRIC_REPRESENTATION_CONTEXT(2) 
PARAMETRIC_REPRESENTATION_CONTEXT() REPRESENTATION_CONTEXT('2D SPACE',''
  ) );
#4604 = PCURVE('',#4605,#4610);
#4605 = PLANE('',#4606);
#4606 = AXIS2_PLACEMENT_3D('',#4607,#4608,#4609);
#4607 = CARTESIAN_POINT('',(96.13,14.,3.2));
#4608 = DIRECTION('',(1.,0.,0.));
#4609 = DIRECTION('',(0.,0.,1.));
#4610 = DEFINITIONAL_REPRESENTATION('',(#4611),#4615);
#4611 = LINE('',#4612,#4613);
#4612 = CARTESIAN_POINT('',(0.,0.));
#4613 = VECTOR('',#4614,1.);
#4614 = DIRECTION('',(0.,-1.));
#4615 = ( GEOMETRIC_REPRESENTATION_CONTEXT(2) 
PARAMETRIC_REPRESENTATION_CONTEXT() REPRESENTATION_CONTEXT('2D SPACE',''
  ) );
#4616 = ORIENTED_EDGE('',*,*,#4617,.T.);
#4617 = EDGE_CURVE('',#4590,#4618,#4620,.T.);
#4618 = VERTEX_POINT('',#4619);
#4619 = CARTESIAN_POINT('',(106.13,26.,3.2));
#4620 = SURFACE_CURVE('',#4621,(#4625,#4632),.PCURVE_S1.);
#4621 = LINE('',#4622,#4623);
#4622 = CARTESIAN_POINT('',(96.13,26.,3.2));
#4623 = VECTOR('',#4624,1.);
#4624 = DIRECTION('',(1.,0.,0.));
#4625 = PCURVE('',#1395,#4626);
#4626 = DEFINITIONAL_REPRESENTATION('',(#4627),#4631);
#4627 = LINE('',#4628,#4629);
#4628 = CARTESIAN_POINT('',(92.93,22.8));
#4629 = VECTOR('',#4630,1.);
#4630 = DIRECTION('',(1.,0.));
#4631 = ( GEOMETRIC_REPRESENTATION_CONTEXT(2) 
PARAMETRIC_REPRESENTATION_CONTEXT() REPRESENTATION_CONTEXT('2D SPACE',''
  ) );
#4632 = PCURVE('',#4633,#4638);
#4633 = PLANE('',#4634);
#4634 = AXIS2_PLACEMENT_3D('',#4635,#4636,#4637);
#4635 = CARTESIAN_POINT('',(96.13,26.,3.2));
#4636 = DIRECTION('',(0.,1.,0.));
#4637 = DIRECTION('',(0.,0.,1.));
#4638 = DEFINITIONAL_REPRESENTATION('',(#4639),#4643);
#4639 = LINE('',#4640,#4641);
#4640 = CARTESIAN_POINT('',(0.,0.));
#4641 = VECTOR('',#4642,1.);
#4642 = DIRECTION('',(0.,1.));
#4643 = ( GEOMETRIC_REPRESENTATION_CONTEXT(2) 
PARAMETRIC_REPRESENTATION_CONTEXT() REPRESENTATION_CONTEXT('2D SPACE',''
  ) );
#4644 = ORIENTED_EDGE('',*,*,#4645,.F.);
#4645 = EDGE_CURVE('',#4646,#4618,#4648,.T.);
#4646 = VERTEX_POINT('',#4647);
#4647 = CARTESIAN_POINT('',(106.13,14.,3.2));
#4648 = SURFACE_CURVE('',#4649,(#4653,#4660),.PCURVE_S1.);
#4649 = LINE('',#4650,#4651);
#4650 = CARTESIAN_POINT('',(106.13,14.,3.2));
#4651 = VECTOR('',#4652,1.);
#4652 = DIRECTION('',(0.,1.,0.));
#4653 = PCURVE('',#1395,#4654);
#4654 = DEFINITIONAL_REPRESENTATION('',(#4655),#4659);
#4655 = LINE('',#4656,#4657);
#4656 = CARTESIAN_POINT('',(102.93,10.8));
#4657 = VECTOR('',#4658,1.);
#4658 = DIRECTION('',(0.,1.));
#4659 = ( GEOMETRIC_REPRESENTATION_CONTEXT(2) 
PARAMETRIC_REPRESENTATION_CONTEXT() REPRESENTATION_CONTEXT('2D SPACE',''
  ) );
#4660 = PCURVE('',#4661,#4666);
#4661 = PLANE('',#4662);
#4662 = AXIS2_PLACEMENT_3D('',#4663,#4664,#4665);
#4663 = CARTESIAN_POINT('',(106.13,14.,3.2));
#4664 = DIRECTION('',(1.,0.,0.));
#4665 = DIRECTION('',(0.,0.,1.));
#4666 = DEFINITIONAL_REPRESENTATION('',(#4667),#4671);
#4667 = LINE('',#4668,#4669);
#4668 = CARTESIAN_POINT('',(0.,0.));
#4669 = VECTOR('',#4670,1.);
#4670 = DIRECTION('',(0.,-1.));
#4671 = ( GEOMETRIC_REPRESENTATION_CONTEXT(2) 
PARAMETRIC_REPRESENTATION_CONTEXT() REPRESENTATION_CONTEXT('2D SPACE',''
  ) );
#4672 = ORIENTED_EDGE('',*,*,#4673,.F.);
#4673 = EDGE_CURVE('',#4588,#4646,#4674,.T.);
#4674 = SURFACE_CURVE('',#4675,(#4679,#4686),.PCURVE_S1.);
#4675 = LINE('',#4676,#4677);
#4676 = CARTESIAN_POINT('',(96.13,14.,3.2));
#4677 = VECTOR('',#4678,1.);
#4678 = DIRECTION('',(1.,0.,0.));
#4679 = PCURVE('',#1395,#4680);
#4680 = DEFINITIONAL_REPRESENTATION('',(#4681),#4685);
#4681 = LINE('',#4682,#4683);
#4682 = CARTESIAN_POINT('',(92.93,10.8));
#4683 = VECTOR('',#4684,1.);
#4684 = DIRECTION('',(1.,0.));
#4685 = ( GEOMETRIC_REPRESENTATION_CONTEXT(2) 
PARAMETRIC_REPRESENTATION_CONTEXT() REPRESENTATION_CONTEXT('2D SPACE',''
  ) );
#4686 = PCURVE('',#4687,#4692);
#4687 = PLANE('',#4688);
#4688 = AXIS2_PLACEMENT_3D('',#4689,#4690,#4691);
#4689 = CARTESIAN_POINT('',(96.13,14.,3.2));
#4690 = DIRECTION('',(0.,1.,0.));
#4691 = DIRECTION('',(0.,0.,1.));
#4692 = DEFINITIONAL_REPRESENTATION('',(#4693),#4697);
#4693 = LINE('',#4694,#4695);
#4694 = CARTESIAN_POINT('',(0.,0.));
#4695 = VECTOR('',#4696,1.);
#4696 = DIRECTION('',(0.,1.));
#4697 = ( GEOMETRIC_REPRESENTATION_CONTEXT(2) 
PARAMETRIC_REPRESENTATION_CONTEXT() REPRESENTATION_CONTEXT('2D SPACE',''
  ) );
#4698 = ADVANCED_FACE('',(#4699),#1899,.F.);
#4699 = FACE_BOUND('',#4700,.F.);
#4700 = EDGE_LOOP('',(#4701,#4702,#4703,#4726,#4749,#4775,#4801,#4827));
#4701 = ORIENTED_EDGE('',*,*,#1883,.F.);
#4702 = ORIENTED_EDGE('',*,*,#1936,.T.);
#4703 = ORIENTED_EDGE('',*,*,#4704,.T.);
#4704 = EDGE_CURVE('',#1937,#4705,#4707,.T.);
#4705 = VERTEX_POINT('',#4706);
#4706 = CARTESIAN_POINT('',(5.7,150.20842373802,3.2));
#4707 = SURFACE_CURVE('',#4708,(#4712,#4719),.PCURVE_S1.);
#4708 = LINE('',#4709,#4710);
#4709 = CARTESIAN_POINT('',(4.45,150.20842373802,4.45));
#4710 = VECTOR('',#4711,1.);
#4711 = DIRECTION('',(0.707106781187,-2.084121319292E-34,-0.707106781187
    ));
#4712 = PCURVE('',#1899,#4713);
#4713 = DEFINITIONAL_REPRESENTATION('',(#4714),#4718);
#4714 = LINE('',#4715,#4716);
#4715 = CARTESIAN_POINT('',(144.20842373802,0.));
#4716 = VECTOR('',#4717,1.);
#4717 = DIRECTION('',(-3.87616325418E-35,1.));
#4718 = ( GEOMETRIC_REPRESENTATION_CONTEXT(2) 
PARAMETRIC_REPRESENTATION_CONTEXT() REPRESENTATION_CONTEXT('2D SPACE',''
  ) );
#4719 = PCURVE('',#2002,#4720);
#4720 = DEFINITIONAL_REPRESENTATION('',(#4721),#4725);
#4721 = LINE('',#4722,#4723);
#4722 = CARTESIAN_POINT('',(-0.,-1.25));
#4723 = VECTOR('',#4724,1.);
#4724 = DIRECTION('',(-0.,-1.));
#4725 = ( GEOMETRIC_REPRESENTATION_CONTEXT(2) 
PARAMETRIC_REPRESENTATION_CONTEXT() REPRESENTATION_CONTEXT('2D SPACE',''
  ) );
#4726 = ORIENTED_EDGE('',*,*,#4727,.F.);
#4727 = EDGE_CURVE('',#4728,#4705,#4730,.T.);
#4728 = VERTEX_POINT('',#4729);
#4729 = CARTESIAN_POINT('',(5.7,145.,3.2));
#4730 = SURFACE_CURVE('',#4731,(#4735,#4742),.PCURVE_S1.);
#4731 = LINE('',#4732,#4733);
#4732 = CARTESIAN_POINT('',(5.7,6.,3.2));
#4733 = VECTOR('',#4734,1.);
#4734 = DIRECTION('',(0.,1.,0.));
#4735 = PCURVE('',#1899,#4736);
#4736 = DEFINITIONAL_REPRESENTATION('',(#4737),#4741);
#4737 = LINE('',#4738,#4739);
#4738 = CARTESIAN_POINT('',(-1.925929944387E-34,1.767766952966));
#4739 = VECTOR('',#4740,1.);
#4740 = DIRECTION('',(1.,-4.900350890384E-34));
#4741 = ( GEOMETRIC_REPRESENTATION_CONTEXT(2) 
PARAMETRIC_REPRESENTATION_CONTEXT() REPRESENTATION_CONTEXT('2D SPACE',''
  ) );
#4742 = PCURVE('',#1871,#4743);
#4743 = DEFINITIONAL_REPRESENTATION('',(#4744),#4748);
#4744 = LINE('',#4745,#4746);
#4745 = CARTESIAN_POINT('',(2.5,2.8));
#4746 = VECTOR('',#4747,1.);
#4747 = DIRECTION('',(0.,1.));
#4748 = ( GEOMETRIC_REPRESENTATION_CONTEXT(2) 
PARAMETRIC_REPRESENTATION_CONTEXT() REPRESENTATION_CONTEXT('2D SPACE',''
  ) );
#4749 = ORIENTED_EDGE('',*,*,#4750,.F.);
#4750 = EDGE_CURVE('',#4751,#4728,#4753,.T.);
#4751 = VERTEX_POINT('',#4752);
#4752 = CARTESIAN_POINT('',(3.5,145.,5.4));
#4753 = SURFACE_CURVE('',#4754,(#4758,#4764),.PCURVE_S1.);
#4754 = LINE('',#4755,#4756);
#4755 = CARTESIAN_POINT('',(4.525,145.,4.375));
#4756 = VECTOR('',#4757,1.);
#4757 = DIRECTION('',(0.707106781187,0.,-0.707106781187));
#4758 = PCURVE('',#1899,#4759);
#4759 = DEFINITIONAL_REPRESENTATION('',(#4760),#4763);
#4760 = B_SPLINE_CURVE_WITH_KNOTS('',1,(#4761,#4762),.UNSPECIFIED.,.F.,
  .F.,(2,2),(-1.449568901432,1.661700935788),.PIECEWISE_BEZIER_KNOTS.);
#4761 = CARTESIAN_POINT('',(139.,-1.343502884254));
#4762 = CARTESIAN_POINT('',(139.,1.767766952966));
#4763 = ( GEOMETRIC_REPRESENTATION_CONTEXT(2) 
PARAMETRIC_REPRESENTATION_CONTEXT() REPRESENTATION_CONTEXT('2D SPACE',''
  ) );
#4764 = PCURVE('',#4765,#4770);
#4765 = PLANE('',#4766);
#4766 = AXIS2_PLACEMENT_3D('',#4767,#4768,#4769);
#4767 = CARTESIAN_POINT('',(3.5,145.,3.2));
#4768 = DIRECTION('',(0.,1.,0.));
#4769 = DIRECTION('',(0.,0.,1.));
#4770 = DEFINITIONAL_REPRESENTATION('',(#4771),#4774);
#4771 = B_SPLINE_CURVE_WITH_KNOTS('',1,(#4772,#4773),.UNSPECIFIED.,.F.,
  .F.,(2,2),(-1.449568901432,1.661700935788),.PIECEWISE_BEZIER_KNOTS.);
#4772 = CARTESIAN_POINT('',(2.2,-2.048624422999E-16));
#4773 = CARTESIAN_POINT('',(2.790602831821E-16,2.2));
#4774 = ( GEOMETRIC_REPRESENTATION_CONTEXT(2) 
PARAMETRIC_REPRESENTATION_CONTEXT() REPRESENTATION_CONTEXT('2D SPACE',''
  ) );
#4775 = ORIENTED_EDGE('',*,*,#4776,.T.);
#4776 = EDGE_CURVE('',#4751,#4777,#4779,.T.);
#4777 = VERTEX_POINT('',#4778);
#4778 = CARTESIAN_POINT('',(3.5,133.,5.4));
#4779 = SURFACE_CURVE('',#4780,(#4784,#4790),.PCURVE_S1.);
#4780 = LINE('',#4781,#4782);
#4781 = CARTESIAN_POINT('',(3.5,69.5,5.4));
#4782 = VECTOR('',#4783,1.);
#4783 = DIRECTION('',(0.,-1.,-1.082163610452E-17));
#4784 = PCURVE('',#1899,#4785);
#4785 = DEFINITIONAL_REPRESENTATION('',(#4786),#4789);
#4786 = B_SPLINE_CURVE_WITH_KNOTS('',1,(#4787,#4788),.UNSPECIFIED.,.F.,
  .F.,(2,2),(-75.5,-63.5),.PIECEWISE_BEZIER_KNOTS.);
#4787 = CARTESIAN_POINT('',(139.,-1.343502884254));
#4788 = CARTESIAN_POINT('',(127.,-1.343502884254));
#4789 = ( GEOMETRIC_REPRESENTATION_CONTEXT(2) 
PARAMETRIC_REPRESENTATION_CONTEXT() REPRESENTATION_CONTEXT('2D SPACE',''
  ) );
#4790 = PCURVE('',#4791,#4796);
#4791 = PLANE('',#4792);
#4792 = AXIS2_PLACEMENT_3D('',#4793,#4794,#4795);
#4793 = CARTESIAN_POINT('',(3.5,133.,3.2));
#4794 = DIRECTION('',(1.,0.,0.));
#4795 = DIRECTION('',(0.,0.,1.));
#4796 = DEFINITIONAL_REPRESENTATION('',(#4797),#4800);
#4797 = B_SPLINE_CURVE_WITH_KNOTS('',1,(#4798,#4799),.UNSPECIFIED.,.F.,
  .F.,(2,2),(-75.5,-63.5),.PIECEWISE_BEZIER_KNOTS.);
#4798 = CARTESIAN_POINT('',(2.2,-12.));
#4799 = CARTESIAN_POINT('',(2.2,0.));
#4800 = ( GEOMETRIC_REPRESENTATION_CONTEXT(2) 
PARAMETRIC_REPRESENTATION_CONTEXT() REPRESENTATION_CONTEXT('2D SPACE',''
  ) );
#4801 = ORIENTED_EDGE('',*,*,#4802,.T.);
#4802 = EDGE_CURVE('',#4777,#4803,#4805,.T.);
#4803 = VERTEX_POINT('',#4804);
#4804 = CARTESIAN_POINT('',(5.7,133.,3.2));
#4805 = SURFACE_CURVE('',#4806,(#4810,#4816),.PCURVE_S1.);
#4806 = LINE('',#4807,#4808);
#4807 = CARTESIAN_POINT('',(4.525,133.,4.375));
#4808 = VECTOR('',#4809,1.);
#4809 = DIRECTION('',(0.707106781187,0.,-0.707106781187));
#4810 = PCURVE('',#1899,#4811);
#4811 = DEFINITIONAL_REPRESENTATION('',(#4812),#4815);
#4812 = B_SPLINE_CURVE_WITH_KNOTS('',1,(#4813,#4814),.UNSPECIFIED.,.F.,
  .F.,(2,2),(-1.449568901432,1.661700935788),.PIECEWISE_BEZIER_KNOTS.);
#4813 = CARTESIAN_POINT('',(127.,-1.343502884254));
#4814 = CARTESIAN_POINT('',(127.,1.767766952966));
#4815 = ( GEOMETRIC_REPRESENTATION_CONTEXT(2) 
PARAMETRIC_REPRESENTATION_CONTEXT() REPRESENTATION_CONTEXT('2D SPACE',''
  ) );
#4816 = PCURVE('',#4817,#4822);
#4817 = PLANE('',#4818);
#4818 = AXIS2_PLACEMENT_3D('',#4819,#4820,#4821);
#4819 = CARTESIAN_POINT('',(3.5,133.,3.2));
#4820 = DIRECTION('',(0.,1.,0.));
#4821 = DIRECTION('',(0.,0.,1.));
#4822 = DEFINITIONAL_REPRESENTATION('',(#4823),#4826);
#4823 = B_SPLINE_CURVE_WITH_KNOTS('',1,(#4824,#4825),.UNSPECIFIED.,.F.,
  .F.,(2,2),(-1.449568901432,1.661700935788),.PIECEWISE_BEZIER_KNOTS.);
#4824 = CARTESIAN_POINT('',(2.2,-2.048624422999E-16));
#4825 = CARTESIAN_POINT('',(2.790602831821E-16,2.2));
#4826 = ( GEOMETRIC_REPRESENTATION_CONTEXT(2) 
PARAMETRIC_REPRESENTATION_CONTEXT() REPRESENTATION_CONTEXT('2D SPACE',''
  ) );
#4827 = ORIENTED_EDGE('',*,*,#4828,.F.);
#4828 = EDGE_CURVE('',#1856,#4803,#4829,.T.);
#4829 = SURFACE_CURVE('',#4830,(#4834,#4841),.PCURVE_S1.);
#4830 = LINE('',#4831,#4832);
#4831 = CARTESIAN_POINT('',(5.7,6.,3.2));
#4832 = VECTOR('',#4833,1.);
#4833 = DIRECTION('',(0.,1.,0.));
#4834 = PCURVE('',#1899,#4835);
#4835 = DEFINITIONAL_REPRESENTATION('',(#4836),#4840);
#4836 = LINE('',#4837,#4838);
#4837 = CARTESIAN_POINT('',(-1.925929944387E-34,1.767766952966));
#4838 = VECTOR('',#4839,1.);
#4839 = DIRECTION('',(1.,-4.900350890384E-34));
#4840 = ( GEOMETRIC_REPRESENTATION_CONTEXT(2) 
PARAMETRIC_REPRESENTATION_CONTEXT() REPRESENTATION_CONTEXT('2D SPACE',''
  ) );
#4841 = PCURVE('',#1871,#4842);
#4842 = DEFINITIONAL_REPRESENTATION('',(#4843),#4847);
#4843 = LINE('',#4844,#4845);
#4844 = CARTESIAN_POINT('',(2.5,2.8));
#4845 = VECTOR('',#4846,1.);
#4846 = DIRECTION('',(0.,1.));
#4847 = ( GEOMETRIC_REPRESENTATION_CONTEXT(2) 
PARAMETRIC_REPRESENTATION_CONTEXT() REPRESENTATION_CONTEXT('2D SPACE',''
  ) );
#4848 = ADVANCED_FACE('',(#4849),#1871,.T.);
#4849 = FACE_BOUND('',#4850,.T.);
#4850 = EDGE_LOOP('',(#4851,#4852,#4853,#4876,#4899,#4925,#4926,#4949,
    #4977));
#4851 = ORIENTED_EDGE('',*,*,#4828,.F.);
#4852 = ORIENTED_EDGE('',*,*,#1855,.F.);
#4853 = ORIENTED_EDGE('',*,*,#4854,.T.);
#4854 = EDGE_CURVE('',#1830,#4855,#4857,.T.);
#4855 = VERTEX_POINT('',#4856);
#4856 = CARTESIAN_POINT('',(28.,150.50842373802,3.2));
#4857 = SURFACE_CURVE('',#4858,(#4862,#4869),.PCURVE_S1.);
#4858 = LINE('',#4859,#4860);
#4859 = CARTESIAN_POINT('',(28.,124.43302648362,3.2));
#4860 = VECTOR('',#4861,1.);
#4861 = DIRECTION('',(0.,1.,0.));
#4862 = PCURVE('',#1871,#4863);
#4863 = DEFINITIONAL_REPRESENTATION('',(#4864),#4868);
#4864 = LINE('',#4865,#4866);
#4865 = CARTESIAN_POINT('',(24.8,121.23302648362));
#4866 = VECTOR('',#4867,1.);
#4867 = DIRECTION('',(0.,1.));
#4868 = ( GEOMETRIC_REPRESENTATION_CONTEXT(2) 
PARAMETRIC_REPRESENTATION_CONTEXT() REPRESENTATION_CONTEXT('2D SPACE',''
  ) );
#4869 = PCURVE('',#1844,#4870);
#4870 = DEFINITIONAL_REPRESENTATION('',(#4871),#4875);
#4871 = LINE('',#4872,#4873);
#4872 = CARTESIAN_POINT('',(0.,0.));
#4873 = VECTOR('',#4874,1.);
#4874 = DIRECTION('',(0.,-1.));
#4875 = ( GEOMETRIC_REPRESENTATION_CONTEXT(2) 
PARAMETRIC_REPRESENTATION_CONTEXT() REPRESENTATION_CONTEXT('2D SPACE',''
  ) );
#4876 = ORIENTED_EDGE('',*,*,#4877,.F.);
#4877 = EDGE_CURVE('',#4878,#4855,#4880,.T.);
#4878 = VERTEX_POINT('',#4879);
#4879 = CARTESIAN_POINT('',(6.,150.50842373802,3.2));
#4880 = SURFACE_CURVE('',#4881,(#4885,#4892),.PCURVE_S1.);
#4881 = LINE('',#4882,#4883);
#4882 = CARTESIAN_POINT('',(6.,150.50842373802,3.2));
#4883 = VECTOR('',#4884,1.);
#4884 = DIRECTION('',(1.,0.,0.));
#4885 = PCURVE('',#1871,#4886);
#4886 = DEFINITIONAL_REPRESENTATION('',(#4887),#4891);
#4887 = LINE('',#4888,#4889);
#4888 = CARTESIAN_POINT('',(2.8,147.30842373802));
#4889 = VECTOR('',#4890,1.);
#4890 = DIRECTION('',(1.,0.));
#4891 = ( GEOMETRIC_REPRESENTATION_CONTEXT(2) 
PARAMETRIC_REPRESENTATION_CONTEXT() REPRESENTATION_CONTEXT('2D SPACE',''
  ) );
#4892 = PCURVE('',#2055,#4893);
#4893 = DEFINITIONAL_REPRESENTATION('',(#4894),#4898);
#4894 = LINE('',#4895,#4896);
#4895 = CARTESIAN_POINT('',(1.925929944387E-34,1.767766952966));
#4896 = VECTOR('',#4897,1.);
#4897 = DIRECTION('',(-1.,2.803368887165E-34));
#4898 = ( GEOMETRIC_REPRESENTATION_CONTEXT(2) 
PARAMETRIC_REPRESENTATION_CONTEXT() REPRESENTATION_CONTEXT('2D SPACE',''
  ) );
#4899 = ORIENTED_EDGE('',*,*,#4900,.F.);
#4900 = EDGE_CURVE('',#4705,#4878,#4901,.T.);
#4901 = SURFACE_CURVE('',#4902,(#4907,#4918),.PCURVE_S1.);
#4902 = CIRCLE('',#4903,0.3);
#4903 = AXIS2_PLACEMENT_3D('',#4904,#4905,#4906);
#4904 = CARTESIAN_POINT('',(6.,150.20842373802,3.2));
#4905 = DIRECTION('',(-0.,0.,-1.));
#4906 = DIRECTION('',(-1.,0.,0.));
#4907 = PCURVE('',#1871,#4908);
#4908 = DEFINITIONAL_REPRESENTATION('',(#4909),#4917);
#4909 = ( BOUNDED_CURVE() B_SPLINE_CURVE(2,(#4910,#4911,#4912,#4913,
#4914,#4915,#4916),.UNSPECIFIED.,.T.,.F.) B_SPLINE_CURVE_WITH_KNOTS((1,2
    ,2,2,2,1),(-2.094395102393,0.,2.094395102393,4.188790204786,
6.28318530718,8.377580409573),.UNSPECIFIED.) CURVE() 
GEOMETRIC_REPRESENTATION_ITEM() RATIONAL_B_SPLINE_CURVE((1.,0.5,1.,0.5,
1.,0.5,1.)) REPRESENTATION_ITEM('') );
#4910 = CARTESIAN_POINT('',(2.5,147.00842373802));
#4911 = CARTESIAN_POINT('',(2.5,147.52803898029));
#4912 = CARTESIAN_POINT('',(2.95,147.26823135916));
#4913 = CARTESIAN_POINT('',(3.4,147.00842373802));
#4914 = CARTESIAN_POINT('',(2.95,146.74861611689));
#4915 = CARTESIAN_POINT('',(2.5,146.48880849575));
#4916 = CARTESIAN_POINT('',(2.5,147.00842373802));
#4917 = ( GEOMETRIC_REPRESENTATION_CONTEXT(2) 
PARAMETRIC_REPRESENTATION_CONTEXT() REPRESENTATION_CONTEXT('2D SPACE',''
  ) );
#4918 = PCURVE('',#2002,#4919);
#4919 = DEFINITIONAL_REPRESENTATION('',(#4920),#4924);
#4920 = LINE('',#4921,#4922);
#4921 = CARTESIAN_POINT('',(-0.,-2.5));
#4922 = VECTOR('',#4923,1.);
#4923 = DIRECTION('',(-1.,-0.));
#4924 = ( GEOMETRIC_REPRESENTATION_CONTEXT(2) 
PARAMETRIC_REPRESENTATION_CONTEXT() REPRESENTATION_CONTEXT('2D SPACE',''
  ) );
#4925 = ORIENTED_EDGE('',*,*,#4727,.F.);
#4926 = ORIENTED_EDGE('',*,*,#4927,.T.);
#4927 = EDGE_CURVE('',#4728,#4928,#4930,.T.);
#4928 = VERTEX_POINT('',#4929);
#4929 = CARTESIAN_POINT('',(13.5,145.,3.2));
#4930 = SURFACE_CURVE('',#4931,(#4935,#4942),.PCURVE_S1.);
#4931 = LINE('',#4932,#4933);
#4932 = CARTESIAN_POINT('',(3.5,145.,3.2));
#4933 = VECTOR('',#4934,1.);
#4934 = DIRECTION('',(1.,0.,0.));
#4935 = PCURVE('',#1871,#4936);
#4936 = DEFINITIONAL_REPRESENTATION('',(#4937),#4941);
#4937 = LINE('',#4938,#4939);
#4938 = CARTESIAN_POINT('',(0.3,141.8));
#4939 = VECTOR('',#4940,1.);
#4940 = DIRECTION('',(1.,0.));
#4941 = ( GEOMETRIC_REPRESENTATION_CONTEXT(2) 
PARAMETRIC_REPRESENTATION_CONTEXT() REPRESENTATION_CONTEXT('2D SPACE',''
  ) );
#4942 = PCURVE('',#4765,#4943);
#4943 = DEFINITIONAL_REPRESENTATION('',(#4944),#4948);
#4944 = LINE('',#4945,#4946);
#4945 = CARTESIAN_POINT('',(0.,0.));
#4946 = VECTOR('',#4947,1.);
#4947 = DIRECTION('',(0.,1.));
#4948 = ( GEOMETRIC_REPRESENTATION_CONTEXT(2) 
PARAMETRIC_REPRESENTATION_CONTEXT() REPRESENTATION_CONTEXT('2D SPACE',''
  ) );
#4949 = ORIENTED_EDGE('',*,*,#4950,.F.);
#4950 = EDGE_CURVE('',#4951,#4928,#4953,.T.);
#4951 = VERTEX_POINT('',#4952);
#4952 = CARTESIAN_POINT('',(13.5,133.,3.2));
#4953 = SURFACE_CURVE('',#4954,(#4958,#4965),.PCURVE_S1.);
#4954 = LINE('',#4955,#4956);
#4955 = CARTESIAN_POINT('',(13.5,133.,3.2));
#4956 = VECTOR('',#4957,1.);
#4957 = DIRECTION('',(0.,1.,0.));
#4958 = PCURVE('',#1871,#4959);
#4959 = DEFINITIONAL_REPRESENTATION('',(#4960),#4964);
#4960 = LINE('',#4961,#4962);
#4961 = CARTESIAN_POINT('',(10.3,129.8));
#4962 = VECTOR('',#4963,1.);
#4963 = DIRECTION('',(0.,1.));
#4964 = ( GEOMETRIC_REPRESENTATION_CONTEXT(2) 
PARAMETRIC_REPRESENTATION_CONTEXT() REPRESENTATION_CONTEXT('2D SPACE',''
  ) );
#4965 = PCURVE('',#4966,#4971);
#4966 = PLANE('',#4967);
#4967 = AXIS2_PLACEMENT_3D('',#4968,#4969,#4970);
#4968 = CARTESIAN_POINT('',(13.5,133.,3.2));
#4969 = DIRECTION('',(1.,0.,0.));
#4970 = DIRECTION('',(0.,0.,1.));
#4971 = DEFINITIONAL_REPRESENTATION('',(#4972),#4976);
#4972 = LINE('',#4973,#4974);
#4973 = CARTESIAN_POINT('',(0.,0.));
#4974 = VECTOR('',#4975,1.);
#4975 = DIRECTION('',(0.,-1.));
#4976 = ( GEOMETRIC_REPRESENTATION_CONTEXT(2) 
PARAMETRIC_REPRESENTATION_CONTEXT() REPRESENTATION_CONTEXT('2D SPACE',''
  ) );
#4977 = ORIENTED_EDGE('',*,*,#4978,.F.);
#4978 = EDGE_CURVE('',#4803,#4951,#4979,.T.);
#4979 = SURFACE_CURVE('',#4980,(#4984,#4991),.PCURVE_S1.);
#4980 = LINE('',#4981,#4982);
#4981 = CARTESIAN_POINT('',(3.5,133.,3.2));
#4982 = VECTOR('',#4983,1.);
#4983 = DIRECTION('',(1.,0.,0.));
#4984 = PCURVE('',#1871,#4985);
#4985 = DEFINITIONAL_REPRESENTATION('',(#4986),#4990);
#4986 = LINE('',#4987,#4988);
#4987 = CARTESIAN_POINT('',(0.3,129.8));
#4988 = VECTOR('',#4989,1.);
#4989 = DIRECTION('',(1.,0.));
#4990 = ( GEOMETRIC_REPRESENTATION_CONTEXT(2) 
PARAMETRIC_REPRESENTATION_CONTEXT() REPRESENTATION_CONTEXT('2D SPACE',''
  ) );
#4991 = PCURVE('',#4817,#4992);
#4992 = DEFINITIONAL_REPRESENTATION('',(#4993),#4997);
#4993 = LINE('',#4994,#4995);
#4994 = CARTESIAN_POINT('',(0.,0.));
#4995 = VECTOR('',#4996,1.);
#4996 = DIRECTION('',(0.,1.));
#4997 = ( GEOMETRIC_REPRESENTATION_CONTEXT(2) 
PARAMETRIC_REPRESENTATION_CONTEXT() REPRESENTATION_CONTEXT('2D SPACE',''
  ) );
#4998 = ADVANCED_FACE('',(#4999),#1844,.F.);
#4999 = FACE_BOUND('',#5000,.F.);
#5000 = EDGE_LOOP('',(#5001,#5022,#5023,#5024,#5043));
#5001 = ORIENTED_EDGE('',*,*,#5002,.F.);
#5002 = EDGE_CURVE('',#1804,#2674,#5003,.T.);
#5003 = SURFACE_CURVE('',#5004,(#5008,#5015),.PCURVE_S1.);
#5004 = LINE('',#5005,#5006);
#5005 = CARTESIAN_POINT('',(28.,124.43302648362,11.2));
#5006 = VECTOR('',#5007,1.);
#5007 = DIRECTION('',(0.,1.,0.));
#5008 = PCURVE('',#1844,#5009);
#5009 = DEFINITIONAL_REPRESENTATION('',(#5010),#5014);
#5010 = LINE('',#5011,#5012);
#5011 = CARTESIAN_POINT('',(8.,0.));
#5012 = VECTOR('',#5013,1.);
#5013 = DIRECTION('',(0.,-1.));
#5014 = ( GEOMETRIC_REPRESENTATION_CONTEXT(2) 
PARAMETRIC_REPRESENTATION_CONTEXT() REPRESENTATION_CONTEXT('2D SPACE',''
  ) );
#5015 = PCURVE('',#1818,#5016);
#5016 = DEFINITIONAL_REPRESENTATION('',(#5017),#5021);
#5017 = LINE('',#5018,#5019);
#5018 = CARTESIAN_POINT('',(0.,0.));
#5019 = VECTOR('',#5020,1.);
#5020 = DIRECTION('',(0.,1.));
#5021 = ( GEOMETRIC_REPRESENTATION_CONTEXT(2) 
PARAMETRIC_REPRESENTATION_CONTEXT() REPRESENTATION_CONTEXT('2D SPACE',''
  ) );
#5022 = ORIENTED_EDGE('',*,*,#1829,.T.);
#5023 = ORIENTED_EDGE('',*,*,#4854,.T.);
#5024 = ORIENTED_EDGE('',*,*,#5025,.F.);
#5025 = EDGE_CURVE('',#2040,#4855,#5026,.T.);
#5026 = SURFACE_CURVE('',#5027,(#5031,#5037),.PCURVE_S1.);
#5027 = LINE('',#5028,#5029);
#5028 = CARTESIAN_POINT('',(28.,144.61457442442,-2.6938493136));
#5029 = VECTOR('',#5030,1.);
#5030 = DIRECTION('',(0.,-0.707106781187,-0.707106781187));
#5031 = PCURVE('',#1844,#5032);
#5032 = DEFINITIONAL_REPRESENTATION('',(#5033),#5036);
#5033 = B_SPLINE_CURVE_WITH_KNOTS('',1,(#5034,#5035),.UNSPECIFIED.,.F.,
  .F.,(2,2),(-11.87069553981,-8.335161633877),.PIECEWISE_BEZIER_KNOTS.);
#5034 = CARTESIAN_POINT('',(2.5,-28.5753972544));
#5035 = CARTESIAN_POINT('',(5.398541517713E-15,-26.0753972544));
#5036 = ( GEOMETRIC_REPRESENTATION_CONTEXT(2) 
PARAMETRIC_REPRESENTATION_CONTEXT() REPRESENTATION_CONTEXT('2D SPACE',''
  ) );
#5037 = PCURVE('',#2055,#5038);
#5038 = DEFINITIONAL_REPRESENTATION('',(#5039),#5042);
#5039 = B_SPLINE_CURVE_WITH_KNOTS('',1,(#5040,#5041),.UNSPECIFIED.,.F.,
  .F.,(2,2),(-11.87069553981,-8.335161633877),.PIECEWISE_BEZIER_KNOTS.);
#5040 = CARTESIAN_POINT('',(-22.,-1.767766952966));
#5041 = CARTESIAN_POINT('',(-22.,1.767766952966));
#5042 = ( GEOMETRIC_REPRESENTATION_CONTEXT(2) 
PARAMETRIC_REPRESENTATION_CONTEXT() REPRESENTATION_CONTEXT('2D SPACE',''
  ) );
#5043 = ORIENTED_EDGE('',*,*,#2695,.F.);
#5044 = ADVANCED_FACE('',(#5045),#1818,.T.);
#5045 = FACE_BOUND('',#5046,.T.);
#5046 = EDGE_LOOP('',(#5047,#5048,#5049,#5070));
#5047 = ORIENTED_EDGE('',*,*,#5002,.F.);
#5048 = ORIENTED_EDGE('',*,*,#1803,.T.);
#5049 = ORIENTED_EDGE('',*,*,#5050,.T.);
#5050 = EDGE_CURVE('',#1778,#2652,#5051,.T.);
#5051 = SURFACE_CURVE('',#5052,(#5056,#5063),.PCURVE_S1.);
#5052 = LINE('',#5053,#5054);
#5053 = CARTESIAN_POINT('',(32.,124.43302648362,11.2));
#5054 = VECTOR('',#5055,1.);
#5055 = DIRECTION('',(0.,1.,0.));
#5056 = PCURVE('',#1818,#5057);
#5057 = DEFINITIONAL_REPRESENTATION('',(#5058),#5062);
#5058 = LINE('',#5059,#5060);
#5059 = CARTESIAN_POINT('',(4.,0.));
#5060 = VECTOR('',#5061,1.);
#5061 = DIRECTION('',(0.,1.));
#5062 = ( GEOMETRIC_REPRESENTATION_CONTEXT(2) 
PARAMETRIC_REPRESENTATION_CONTEXT() REPRESENTATION_CONTEXT('2D SPACE',''
  ) );
#5063 = PCURVE('',#1792,#5064);
#5064 = DEFINITIONAL_REPRESENTATION('',(#5065),#5069);
#5065 = LINE('',#5066,#5067);
#5066 = CARTESIAN_POINT('',(8.,0.));
#5067 = VECTOR('',#5068,1.);
#5068 = DIRECTION('',(0.,-1.));
#5069 = ( GEOMETRIC_REPRESENTATION_CONTEXT(2) 
PARAMETRIC_REPRESENTATION_CONTEXT() REPRESENTATION_CONTEXT('2D SPACE',''
  ) );
#5070 = ORIENTED_EDGE('',*,*,#2673,.F.);
#5071 = ADVANCED_FACE('',(#5072),#1792,.T.);
#5072 = FACE_BOUND('',#5073,.T.);
#5073 = EDGE_LOOP('',(#5074,#5075,#5076,#5099,#5118));
#5074 = ORIENTED_EDGE('',*,*,#5050,.F.);
#5075 = ORIENTED_EDGE('',*,*,#1777,.T.);
#5076 = ORIENTED_EDGE('',*,*,#5077,.T.);
#5077 = EDGE_CURVE('',#1750,#5078,#5080,.T.);
#5078 = VERTEX_POINT('',#5079);
#5079 = CARTESIAN_POINT('',(32.,150.50842373802,3.2));
#5080 = SURFACE_CURVE('',#5081,(#5085,#5092),.PCURVE_S1.);
#5081 = LINE('',#5082,#5083);
#5082 = CARTESIAN_POINT('',(32.,124.43302648362,3.2));
#5083 = VECTOR('',#5084,1.);
#5084 = DIRECTION('',(0.,1.,0.));
#5085 = PCURVE('',#1792,#5086);
#5086 = DEFINITIONAL_REPRESENTATION('',(#5087),#5091);
#5087 = LINE('',#5088,#5089);
#5088 = CARTESIAN_POINT('',(0.,0.));
#5089 = VECTOR('',#5090,1.);
#5090 = DIRECTION('',(0.,-1.));
#5091 = ( GEOMETRIC_REPRESENTATION_CONTEXT(2) 
PARAMETRIC_REPRESENTATION_CONTEXT() REPRESENTATION_CONTEXT('2D SPACE',''
  ) );
#5092 = PCURVE('',#1765,#5093);
#5093 = DEFINITIONAL_REPRESENTATION('',(#5094),#5098);
#5094 = LINE('',#5095,#5096);
#5095 = CARTESIAN_POINT('',(28.8,121.23302648362));
#5096 = VECTOR('',#5097,1.);
#5097 = DIRECTION('',(0.,1.));
#5098 = ( GEOMETRIC_REPRESENTATION_CONTEXT(2) 
PARAMETRIC_REPRESENTATION_CONTEXT() REPRESENTATION_CONTEXT('2D SPACE',''
  ) );
#5099 = ORIENTED_EDGE('',*,*,#5100,.F.);
#5100 = EDGE_CURVE('',#2624,#5078,#5101,.T.);
#5101 = SURFACE_CURVE('',#5102,(#5106,#5112),.PCURVE_S1.);
#5102 = LINE('',#5103,#5104);
#5103 = CARTESIAN_POINT('',(32.,144.61457442442,-2.6938493136));
#5104 = VECTOR('',#5105,1.);
#5105 = DIRECTION('',(0.,-0.707106781187,-0.707106781187));
#5106 = PCURVE('',#1792,#5107);
#5107 = DEFINITIONAL_REPRESENTATION('',(#5108),#5111);
#5108 = B_SPLINE_CURVE_WITH_KNOTS('',1,(#5109,#5110),.UNSPECIFIED.,.F.,
  .F.,(2,2),(-11.87069553981,-8.335161633877),.PIECEWISE_BEZIER_KNOTS.);
#5109 = CARTESIAN_POINT('',(2.5,-28.5753972544));
#5110 = CARTESIAN_POINT('',(5.398541517713E-15,-26.0753972544));
#5111 = ( GEOMETRIC_REPRESENTATION_CONTEXT(2) 
PARAMETRIC_REPRESENTATION_CONTEXT() REPRESENTATION_CONTEXT('2D SPACE',''
  ) );
#5112 = PCURVE('',#2639,#5113);
#5113 = DEFINITIONAL_REPRESENTATION('',(#5114),#5117);
#5114 = B_SPLINE_CURVE_WITH_KNOTS('',1,(#5115,#5116),.UNSPECIFIED.,.F.,
  .F.,(2,2),(-11.87069553981,-8.335161633877),.PIECEWISE_BEZIER_KNOTS.);
#5115 = CARTESIAN_POINT('',(-26.,-1.767766952966));
#5116 = CARTESIAN_POINT('',(-26.,1.767766952966));
#5117 = ( GEOMETRIC_REPRESENTATION_CONTEXT(2) 
PARAMETRIC_REPRESENTATION_CONTEXT() REPRESENTATION_CONTEXT('2D SPACE',''
  ) );
#5118 = ORIENTED_EDGE('',*,*,#2651,.F.);
#5119 = ADVANCED_FACE('',(#5120),#1765,.T.);
#5120 = FACE_BOUND('',#5121,.T.);
#5121 = EDGE_LOOP('',(#5122,#5123,#5124,#5147));
#5122 = ORIENTED_EDGE('',*,*,#5077,.F.);
#5123 = ORIENTED_EDGE('',*,*,#1749,.F.);
#5124 = ORIENTED_EDGE('',*,*,#5125,.T.);
#5125 = EDGE_CURVE('',#1724,#5126,#5128,.T.);
#5126 = VERTEX_POINT('',#5127);
#5127 = CARTESIAN_POINT('',(68.,150.50842373802,3.2));
#5128 = SURFACE_CURVE('',#5129,(#5133,#5140),.PCURVE_S1.);
#5129 = LINE('',#5130,#5131);
#5130 = CARTESIAN_POINT('',(68.,124.43302648362,3.2));
#5131 = VECTOR('',#5132,1.);
#5132 = DIRECTION('',(0.,1.,0.));
#5133 = PCURVE('',#1765,#5134);
#5134 = DEFINITIONAL_REPRESENTATION('',(#5135),#5139);
#5135 = LINE('',#5136,#5137);
#5136 = CARTESIAN_POINT('',(64.8,121.23302648362));
#5137 = VECTOR('',#5138,1.);
#5138 = DIRECTION('',(0.,1.));
#5139 = ( GEOMETRIC_REPRESENTATION_CONTEXT(2) 
PARAMETRIC_REPRESENTATION_CONTEXT() REPRESENTATION_CONTEXT('2D SPACE',''
  ) );
#5140 = PCURVE('',#1738,#5141);
#5141 = DEFINITIONAL_REPRESENTATION('',(#5142),#5146);
#5142 = LINE('',#5143,#5144);
#5143 = CARTESIAN_POINT('',(0.,0.));
#5144 = VECTOR('',#5145,1.);
#5145 = DIRECTION('',(0.,-1.));
#5146 = ( GEOMETRIC_REPRESENTATION_CONTEXT(2) 
PARAMETRIC_REPRESENTATION_CONTEXT() REPRESENTATION_CONTEXT('2D SPACE',''
  ) );
#5147 = ORIENTED_EDGE('',*,*,#5148,.F.);
#5148 = EDGE_CURVE('',#5078,#5126,#5149,.T.);
#5149 = SURFACE_CURVE('',#5150,(#5154,#5161),.PCURVE_S1.);
#5150 = LINE('',#5151,#5152);
#5151 = CARTESIAN_POINT('',(6.,150.50842373802,3.2));
#5152 = VECTOR('',#5153,1.);
#5153 = DIRECTION('',(1.,0.,0.));
#5154 = PCURVE('',#1765,#5155);
#5155 = DEFINITIONAL_REPRESENTATION('',(#5156),#5160);
#5156 = LINE('',#5157,#5158);
#5157 = CARTESIAN_POINT('',(2.8,147.30842373802));
#5158 = VECTOR('',#5159,1.);
#5159 = DIRECTION('',(1.,0.));
#5160 = ( GEOMETRIC_REPRESENTATION_CONTEXT(2) 
PARAMETRIC_REPRESENTATION_CONTEXT() REPRESENTATION_CONTEXT('2D SPACE',''
  ) );
#5161 = PCURVE('',#2639,#5162);
#5162 = DEFINITIONAL_REPRESENTATION('',(#5163),#5167);
#5163 = LINE('',#5164,#5165);
#5164 = CARTESIAN_POINT('',(1.925929944387E-34,1.767766952966));
#5165 = VECTOR('',#5166,1.);
#5166 = DIRECTION('',(-1.,2.803368887165E-34));
#5167 = ( GEOMETRIC_REPRESENTATION_CONTEXT(2) 
PARAMETRIC_REPRESENTATION_CONTEXT() REPRESENTATION_CONTEXT('2D SPACE',''
  ) );
#5168 = ADVANCED_FACE('',(#5169),#1738,.F.);
#5169 = FACE_BOUND('',#5170,.F.);
#5170 = EDGE_LOOP('',(#5171,#5192,#5193,#5194,#5213));
#5171 = ORIENTED_EDGE('',*,*,#5172,.F.);
#5172 = EDGE_CURVE('',#1698,#2580,#5173,.T.);
#5173 = SURFACE_CURVE('',#5174,(#5178,#5185),.PCURVE_S1.);
#5174 = LINE('',#5175,#5176);
#5175 = CARTESIAN_POINT('',(68.,124.43302648362,11.2));
#5176 = VECTOR('',#5177,1.);
#5177 = DIRECTION('',(0.,1.,0.));
#5178 = PCURVE('',#1738,#5179);
#5179 = DEFINITIONAL_REPRESENTATION('',(#5180),#5184);
#5180 = LINE('',#5181,#5182);
#5181 = CARTESIAN_POINT('',(8.,0.));
#5182 = VECTOR('',#5183,1.);
#5183 = DIRECTION('',(0.,-1.));
#5184 = ( GEOMETRIC_REPRESENTATION_CONTEXT(2) 
PARAMETRIC_REPRESENTATION_CONTEXT() REPRESENTATION_CONTEXT('2D SPACE',''
  ) );
#5185 = PCURVE('',#1712,#5186);
#5186 = DEFINITIONAL_REPRESENTATION('',(#5187),#5191);
#5187 = LINE('',#5188,#5189);
#5188 = CARTESIAN_POINT('',(0.,0.));
#5189 = VECTOR('',#5190,1.);
#5190 = DIRECTION('',(0.,1.));
#5191 = ( GEOMETRIC_REPRESENTATION_CONTEXT(2) 
PARAMETRIC_REPRESENTATION_CONTEXT() REPRESENTATION_CONTEXT('2D SPACE',''
  ) );
#5192 = ORIENTED_EDGE('',*,*,#1723,.T.);
#5193 = ORIENTED_EDGE('',*,*,#5125,.T.);
#5194 = ORIENTED_EDGE('',*,*,#5195,.F.);
#5195 = EDGE_CURVE('',#2602,#5126,#5196,.T.);
#5196 = SURFACE_CURVE('',#5197,(#5201,#5207),.PCURVE_S1.);
#5197 = LINE('',#5198,#5199);
#5198 = CARTESIAN_POINT('',(68.,144.61457442442,-2.6938493136));
#5199 = VECTOR('',#5200,1.);
#5200 = DIRECTION('',(0.,-0.707106781187,-0.707106781187));
#5201 = PCURVE('',#1738,#5202);
#5202 = DEFINITIONAL_REPRESENTATION('',(#5203),#5206);
#5203 = B_SPLINE_CURVE_WITH_KNOTS('',1,(#5204,#5205),.UNSPECIFIED.,.F.,
  .F.,(2,2),(-11.87069553981,-8.335161633877),.PIECEWISE_BEZIER_KNOTS.);
#5204 = CARTESIAN_POINT('',(2.5,-28.5753972544));
#5205 = CARTESIAN_POINT('',(5.398541517713E-15,-26.0753972544));
#5206 = ( GEOMETRIC_REPRESENTATION_CONTEXT(2) 
PARAMETRIC_REPRESENTATION_CONTEXT() REPRESENTATION_CONTEXT('2D SPACE',''
  ) );
#5207 = PCURVE('',#2639,#5208);
#5208 = DEFINITIONAL_REPRESENTATION('',(#5209),#5212);
#5209 = B_SPLINE_CURVE_WITH_KNOTS('',1,(#5210,#5211),.UNSPECIFIED.,.F.,
  .F.,(2,2),(-11.87069553981,-8.335161633877),.PIECEWISE_BEZIER_KNOTS.);
#5210 = CARTESIAN_POINT('',(-62.,-1.767766952966));
#5211 = CARTESIAN_POINT('',(-62.,1.767766952966));
#5212 = ( GEOMETRIC_REPRESENTATION_CONTEXT(2) 
PARAMETRIC_REPRESENTATION_CONTEXT() REPRESENTATION_CONTEXT('2D SPACE',''
  ) );
#5213 = ORIENTED_EDGE('',*,*,#2601,.F.);
#5214 = ADVANCED_FACE('',(#5215),#1712,.T.);
#5215 = FACE_BOUND('',#5216,.T.);
#5216 = EDGE_LOOP('',(#5217,#5218,#5219,#5240));
#5217 = ORIENTED_EDGE('',*,*,#5172,.F.);
#5218 = ORIENTED_EDGE('',*,*,#1697,.T.);
#5219 = ORIENTED_EDGE('',*,*,#5220,.T.);
#5220 = EDGE_CURVE('',#1672,#2558,#5221,.T.);
#5221 = SURFACE_CURVE('',#5222,(#5226,#5233),.PCURVE_S1.);
#5222 = LINE('',#5223,#5224);
#5223 = CARTESIAN_POINT('',(72.,124.43302648362,11.2));
#5224 = VECTOR('',#5225,1.);
#5225 = DIRECTION('',(0.,1.,0.));
#5226 = PCURVE('',#1712,#5227);
#5227 = DEFINITIONAL_REPRESENTATION('',(#5228),#5232);
#5228 = LINE('',#5229,#5230);
#5229 = CARTESIAN_POINT('',(4.,0.));
#5230 = VECTOR('',#5231,1.);
#5231 = DIRECTION('',(0.,1.));
#5232 = ( GEOMETRIC_REPRESENTATION_CONTEXT(2) 
PARAMETRIC_REPRESENTATION_CONTEXT() REPRESENTATION_CONTEXT('2D SPACE',''
  ) );
#5233 = PCURVE('',#1686,#5234);
#5234 = DEFINITIONAL_REPRESENTATION('',(#5235),#5239);
#5235 = LINE('',#5236,#5237);
#5236 = CARTESIAN_POINT('',(8.,0.));
#5237 = VECTOR('',#5238,1.);
#5238 = DIRECTION('',(0.,-1.));
#5239 = ( GEOMETRIC_REPRESENTATION_CONTEXT(2) 
PARAMETRIC_REPRESENTATION_CONTEXT() REPRESENTATION_CONTEXT('2D SPACE',''
  ) );
#5240 = ORIENTED_EDGE('',*,*,#2579,.F.);
#5241 = ADVANCED_FACE('',(#5242),#1686,.T.);
#5242 = FACE_BOUND('',#5243,.T.);
#5243 = EDGE_LOOP('',(#5244,#5245,#5246,#5269,#5288));
#5244 = ORIENTED_EDGE('',*,*,#5220,.F.);
#5245 = ORIENTED_EDGE('',*,*,#1671,.T.);
#5246 = ORIENTED_EDGE('',*,*,#5247,.T.);
#5247 = EDGE_CURVE('',#1644,#5248,#5250,.T.);
#5248 = VERTEX_POINT('',#5249);
#5249 = CARTESIAN_POINT('',(72.,150.50842373802,3.2));
#5250 = SURFACE_CURVE('',#5251,(#5255,#5262),.PCURVE_S1.);
#5251 = LINE('',#5252,#5253);
#5252 = CARTESIAN_POINT('',(72.,124.43302648362,3.2));
#5253 = VECTOR('',#5254,1.);
#5254 = DIRECTION('',(0.,1.,0.));
#5255 = PCURVE('',#1686,#5256);
#5256 = DEFINITIONAL_REPRESENTATION('',(#5257),#5261);
#5257 = LINE('',#5258,#5259);
#5258 = CARTESIAN_POINT('',(0.,0.));
#5259 = VECTOR('',#5260,1.);
#5260 = DIRECTION('',(0.,-1.));
#5261 = ( GEOMETRIC_REPRESENTATION_CONTEXT(2) 
PARAMETRIC_REPRESENTATION_CONTEXT() REPRESENTATION_CONTEXT('2D SPACE',''
  ) );
#5262 = PCURVE('',#1659,#5263);
#5263 = DEFINITIONAL_REPRESENTATION('',(#5264),#5268);
#5264 = LINE('',#5265,#5266);
#5265 = CARTESIAN_POINT('',(68.8,121.23302648362));
#5266 = VECTOR('',#5267,1.);
#5267 = DIRECTION('',(0.,1.));
#5268 = ( GEOMETRIC_REPRESENTATION_CONTEXT(2) 
PARAMETRIC_REPRESENTATION_CONTEXT() REPRESENTATION_CONTEXT('2D SPACE',''
  ) );
#5269 = ORIENTED_EDGE('',*,*,#5270,.F.);
#5270 = EDGE_CURVE('',#2530,#5248,#5271,.T.);
#5271 = SURFACE_CURVE('',#5272,(#5276,#5282),.PCURVE_S1.);
#5272 = LINE('',#5273,#5274);
#5273 = CARTESIAN_POINT('',(72.,144.61457442442,-2.6938493136));
#5274 = VECTOR('',#5275,1.);
#5275 = DIRECTION('',(0.,-0.707106781187,-0.707106781187));
#5276 = PCURVE('',#1686,#5277);
#5277 = DEFINITIONAL_REPRESENTATION('',(#5278),#5281);
#5278 = B_SPLINE_CURVE_WITH_KNOTS('',1,(#5279,#5280),.UNSPECIFIED.,.F.,
  .F.,(2,2),(-11.87069553981,-8.335161633877),.PIECEWISE_BEZIER_KNOTS.);
#5279 = CARTESIAN_POINT('',(2.5,-28.5753972544));
#5280 = CARTESIAN_POINT('',(5.398541517713E-15,-26.0753972544));
#5281 = ( GEOMETRIC_REPRESENTATION_CONTEXT(2) 
PARAMETRIC_REPRESENTATION_CONTEXT() REPRESENTATION_CONTEXT('2D SPACE',''
  ) );
#5282 = PCURVE('',#2545,#5283);
#5283 = DEFINITIONAL_REPRESENTATION('',(#5284),#5287);
#5284 = B_SPLINE_CURVE_WITH_KNOTS('',1,(#5285,#5286),.UNSPECIFIED.,.F.,
  .F.,(2,2),(-11.87069553981,-8.335161633877),.PIECEWISE_BEZIER_KNOTS.);
#5285 = CARTESIAN_POINT('',(-66.,-1.767766952966));
#5286 = CARTESIAN_POINT('',(-66.,1.767766952966));
#5287 = ( GEOMETRIC_REPRESENTATION_CONTEXT(2) 
PARAMETRIC_REPRESENTATION_CONTEXT() REPRESENTATION_CONTEXT('2D SPACE',''
  ) );
#5288 = ORIENTED_EDGE('',*,*,#2557,.F.);
#5289 = ADVANCED_FACE('',(#5290),#1659,.T.);
#5290 = FACE_BOUND('',#5291,.T.);
#5291 = EDGE_LOOP('',(#5292,#5293,#5294,#5317,#5345,#5368,#5391,#5414,
    #5437,#5460,#5488,#5511));
#5292 = ORIENTED_EDGE('',*,*,#5247,.F.);
#5293 = ORIENTED_EDGE('',*,*,#1643,.F.);
#5294 = ORIENTED_EDGE('',*,*,#5295,.F.);
#5295 = EDGE_CURVE('',#5296,#1616,#5298,.T.);
#5296 = VERTEX_POINT('',#5297);
#5297 = CARTESIAN_POINT('',(94.932142857143,110.5,3.2));
#5298 = SURFACE_CURVE('',#5299,(#5303,#5310),.PCURVE_S1.);
#5299 = LINE('',#5300,#5301);
#5300 = CARTESIAN_POINT('',(94.932142857143,7.763026483627,3.2));
#5301 = VECTOR('',#5302,1.);
#5302 = DIRECTION('',(1.110223024625E-16,1.,0.));
#5303 = PCURVE('',#1659,#5304);
#5304 = DEFINITIONAL_REPRESENTATION('',(#5305),#5309);
#5305 = LINE('',#5306,#5307);
#5306 = CARTESIAN_POINT('',(91.732142857143,4.563026483627));
#5307 = VECTOR('',#5308,1.);
#5308 = DIRECTION('',(1.110223024625E-16,1.));
#5309 = ( GEOMETRIC_REPRESENTATION_CONTEXT(2) 
PARAMETRIC_REPRESENTATION_CONTEXT() REPRESENTATION_CONTEXT('2D SPACE',''
  ) );
#5310 = PCURVE('',#1631,#5311);
#5311 = DEFINITIONAL_REPRESENTATION('',(#5312),#5316);
#5312 = LINE('',#5313,#5314);
#5313 = CARTESIAN_POINT('',(0.,0.));
#5314 = VECTOR('',#5315,1.);
#5315 = DIRECTION('',(0.,1.));
#5316 = ( GEOMETRIC_REPRESENTATION_CONTEXT(2) 
PARAMETRIC_REPRESENTATION_CONTEXT() REPRESENTATION_CONTEXT('2D SPACE',''
  ) );
#5317 = ORIENTED_EDGE('',*,*,#5318,.T.);
#5318 = EDGE_CURVE('',#5296,#5319,#5321,.T.);
#5319 = VERTEX_POINT('',#5320);
#5320 = CARTESIAN_POINT('',(107.325,110.5,3.2));
#5321 = SURFACE_CURVE('',#5322,(#5326,#5333),.PCURVE_S1.);
#5322 = LINE('',#5323,#5324);
#5323 = CARTESIAN_POINT('',(94.732142857143,110.5,3.2));
#5324 = VECTOR('',#5325,1.);
#5325 = DIRECTION('',(1.,0.,0.));
#5326 = PCURVE('',#1659,#5327);
#5327 = DEFINITIONAL_REPRESENTATION('',(#5328),#5332);
#5328 = LINE('',#5329,#5330);
#5329 = CARTESIAN_POINT('',(91.532142857143,107.3));
#5330 = VECTOR('',#5331,1.);
#5331 = DIRECTION('',(1.,0.));
#5332 = ( GEOMETRIC_REPRESENTATION_CONTEXT(2) 
PARAMETRIC_REPRESENTATION_CONTEXT() REPRESENTATION_CONTEXT('2D SPACE',''
  ) );
#5333 = PCURVE('',#5334,#5339);
#5334 = PLANE('',#5335);
#5335 = AXIS2_PLACEMENT_3D('',#5336,#5337,#5338);
#5336 = CARTESIAN_POINT('',(94.732142857143,110.5,3.2));
#5337 = DIRECTION('',(0.,1.,0.));
#5338 = DIRECTION('',(0.,0.,1.));
#5339 = DEFINITIONAL_REPRESENTATION('',(#5340),#5344);
#5340 = LINE('',#5341,#5342);
#5341 = CARTESIAN_POINT('',(0.,0.));
#5342 = VECTOR('',#5343,1.);
#5343 = DIRECTION('',(0.,1.));
#5344 = ( GEOMETRIC_REPRESENTATION_CONTEXT(2) 
PARAMETRIC_REPRESENTATION_CONTEXT() REPRESENTATION_CONTEXT('2D SPACE',''
  ) );
#5345 = ORIENTED_EDGE('',*,*,#5346,.T.);
#5346 = EDGE_CURVE('',#5319,#5347,#5349,.T.);
#5347 = VERTEX_POINT('',#5348);
#5348 = CARTESIAN_POINT('',(107.325,124.63302648362,3.2));
#5349 = SURFACE_CURVE('',#5350,(#5354,#5361),.PCURVE_S1.);
#5350 = LINE('',#5351,#5352);
#5351 = CARTESIAN_POINT('',(107.325,7.763026483627,3.2));
#5352 = VECTOR('',#5353,1.);
#5353 = DIRECTION('',(1.110223024625E-16,1.,0.));
#5354 = PCURVE('',#1659,#5355);
#5355 = DEFINITIONAL_REPRESENTATION('',(#5356),#5360);
#5356 = LINE('',#5357,#5358);
#5357 = CARTESIAN_POINT('',(104.125,4.563026483627));
#5358 = VECTOR('',#5359,1.);
#5359 = DIRECTION('',(1.110223024625E-16,1.));
#5360 = ( GEOMETRIC_REPRESENTATION_CONTEXT(2) 
PARAMETRIC_REPRESENTATION_CONTEXT() REPRESENTATION_CONTEXT('2D SPACE',''
  ) );
#5361 = PCURVE('',#4573,#5362);
#5362 = DEFINITIONAL_REPRESENTATION('',(#5363),#5367);
#5363 = LINE('',#5364,#5365);
#5364 = CARTESIAN_POINT('',(0.,0.));
#5365 = VECTOR('',#5366,1.);
#5366 = DIRECTION('',(0.,1.));
#5367 = ( GEOMETRIC_REPRESENTATION_CONTEXT(2) 
PARAMETRIC_REPRESENTATION_CONTEXT() REPRESENTATION_CONTEXT('2D SPACE',''
  ) );
#5368 = ORIENTED_EDGE('',*,*,#5369,.F.);
#5369 = EDGE_CURVE('',#5370,#5347,#5372,.T.);
#5370 = VERTEX_POINT('',#5371);
#5371 = CARTESIAN_POINT('',(133.,124.63302648362,3.2));
#5372 = SURFACE_CURVE('',#5373,(#5377,#5384),.PCURVE_S1.);
#5373 = LINE('',#5374,#5375);
#5374 = CARTESIAN_POINT('',(196.075,124.63302648362,3.2));
#5375 = VECTOR('',#5376,1.);
#5376 = DIRECTION('',(-1.,1.110223024625E-16,0.));
#5377 = PCURVE('',#1659,#5378);
#5378 = DEFINITIONAL_REPRESENTATION('',(#5379),#5383);
#5379 = LINE('',#5380,#5381);
#5380 = CARTESIAN_POINT('',(192.875,121.43302648362));
#5381 = VECTOR('',#5382,1.);
#5382 = DIRECTION('',(-1.,1.110223024625E-16));
#5383 = ( GEOMETRIC_REPRESENTATION_CONTEXT(2) 
PARAMETRIC_REPRESENTATION_CONTEXT() REPRESENTATION_CONTEXT('2D SPACE',''
  ) );
#5384 = PCURVE('',#3019,#5385);
#5385 = DEFINITIONAL_REPRESENTATION('',(#5386),#5390);
#5386 = LINE('',#5387,#5388);
#5387 = CARTESIAN_POINT('',(0.,0.));
#5388 = VECTOR('',#5389,1.);
#5389 = DIRECTION('',(0.,-1.));
#5390 = ( GEOMETRIC_REPRESENTATION_CONTEXT(2) 
PARAMETRIC_REPRESENTATION_CONTEXT() REPRESENTATION_CONTEXT('2D SPACE',''
  ) );
#5391 = ORIENTED_EDGE('',*,*,#5392,.T.);
#5392 = EDGE_CURVE('',#5370,#5393,#5395,.T.);
#5393 = VERTEX_POINT('',#5394);
#5394 = CARTESIAN_POINT('',(133.,150.50842373802,3.2));
#5395 = SURFACE_CURVE('',#5396,(#5400,#5407),.PCURVE_S1.);
#5396 = LINE('',#5397,#5398);
#5397 = CARTESIAN_POINT('',(133.,124.43302648362,3.2));
#5398 = VECTOR('',#5399,1.);
#5399 = DIRECTION('',(0.,1.,0.));
#5400 = PCURVE('',#1659,#5401);
#5401 = DEFINITIONAL_REPRESENTATION('',(#5402),#5406);
#5402 = LINE('',#5403,#5404);
#5403 = CARTESIAN_POINT('',(129.8,121.23302648362));
#5404 = VECTOR('',#5405,1.);
#5405 = DIRECTION('',(0.,1.));
#5406 = ( GEOMETRIC_REPRESENTATION_CONTEXT(2) 
PARAMETRIC_REPRESENTATION_CONTEXT() REPRESENTATION_CONTEXT('2D SPACE',''
  ) );
#5407 = PCURVE('',#2299,#5408);
#5408 = DEFINITIONAL_REPRESENTATION('',(#5409),#5413);
#5409 = LINE('',#5410,#5411);
#5410 = CARTESIAN_POINT('',(0.,0.));
#5411 = VECTOR('',#5412,1.);
#5412 = DIRECTION('',(0.,-1.));
#5413 = ( GEOMETRIC_REPRESENTATION_CONTEXT(2) 
PARAMETRIC_REPRESENTATION_CONTEXT() REPRESENTATION_CONTEXT('2D SPACE',''
  ) );
#5414 = ORIENTED_EDGE('',*,*,#5415,.F.);
#5415 = EDGE_CURVE('',#5416,#5393,#5418,.T.);
#5416 = VERTEX_POINT('',#5417);
#5417 = CARTESIAN_POINT('',(122.22857142857,150.50842373802,3.2));
#5418 = SURFACE_CURVE('',#5419,(#5423,#5430),.PCURVE_S1.);
#5419 = LINE('',#5420,#5421);
#5420 = CARTESIAN_POINT('',(6.,150.50842373802,3.2));
#5421 = VECTOR('',#5422,1.);
#5422 = DIRECTION('',(1.,0.,0.));
#5423 = PCURVE('',#1659,#5424);
#5424 = DEFINITIONAL_REPRESENTATION('',(#5425),#5429);
#5425 = LINE('',#5426,#5427);
#5426 = CARTESIAN_POINT('',(2.8,147.30842373802));
#5427 = VECTOR('',#5428,1.);
#5428 = DIRECTION('',(1.,0.));
#5429 = ( GEOMETRIC_REPRESENTATION_CONTEXT(2) 
PARAMETRIC_REPRESENTATION_CONTEXT() REPRESENTATION_CONTEXT('2D SPACE',''
  ) );
#5430 = PCURVE('',#2326,#5431);
#5431 = DEFINITIONAL_REPRESENTATION('',(#5432),#5436);
#5432 = LINE('',#5433,#5434);
#5433 = CARTESIAN_POINT('',(1.925929944387E-34,1.767766952966));
#5434 = VECTOR('',#5435,1.);
#5435 = DIRECTION('',(-1.,2.803368887165E-34));
#5436 = ( GEOMETRIC_REPRESENTATION_CONTEXT(2) 
PARAMETRIC_REPRESENTATION_CONTEXT() REPRESENTATION_CONTEXT('2D SPACE',''
  ) );
#5437 = ORIENTED_EDGE('',*,*,#5438,.F.);
#5438 = EDGE_CURVE('',#5439,#5416,#5441,.T.);
#5439 = VERTEX_POINT('',#5440);
#5440 = CARTESIAN_POINT('',(122.22857142857,130.20842373802,3.2));
#5441 = SURFACE_CURVE('',#5442,(#5446,#5453),.PCURVE_S1.);
#5442 = LINE('',#5443,#5444);
#5443 = CARTESIAN_POINT('',(122.22857142857,130.20842373802,3.2));
#5444 = VECTOR('',#5445,1.);
#5445 = DIRECTION('',(0.,1.,0.));
#5446 = PCURVE('',#1659,#5447);
#5447 = DEFINITIONAL_REPRESENTATION('',(#5448),#5452);
#5448 = LINE('',#5449,#5450);
#5449 = CARTESIAN_POINT('',(119.02857142857,127.00842373802));
#5450 = VECTOR('',#5451,1.);
#5451 = DIRECTION('',(0.,1.));
#5452 = ( GEOMETRIC_REPRESENTATION_CONTEXT(2) 
PARAMETRIC_REPRESENTATION_CONTEXT() REPRESENTATION_CONTEXT('2D SPACE',''
  ) );
#5453 = PCURVE('',#2354,#5454);
#5454 = DEFINITIONAL_REPRESENTATION('',(#5455),#5459);
#5455 = LINE('',#5456,#5457);
#5456 = CARTESIAN_POINT('',(0.,0.));
#5457 = VECTOR('',#5458,1.);
#5458 = DIRECTION('',(0.,-1.));
#5459 = ( GEOMETRIC_REPRESENTATION_CONTEXT(2) 
PARAMETRIC_REPRESENTATION_CONTEXT() REPRESENTATION_CONTEXT('2D SPACE',''
  ) );
#5460 = ORIENTED_EDGE('',*,*,#5461,.F.);
#5461 = EDGE_CURVE('',#5462,#5439,#5464,.T.);
#5462 = VERTEX_POINT('',#5463);
#5463 = CARTESIAN_POINT('',(80.028571428571,130.20842373802,3.2));
#5464 = SURFACE_CURVE('',#5465,(#5469,#5476),.PCURVE_S1.);
#5465 = LINE('',#5466,#5467);
#5466 = CARTESIAN_POINT('',(80.028571428571,130.20842373802,3.2));
#5467 = VECTOR('',#5468,1.);
#5468 = DIRECTION('',(1.,0.,0.));
#5469 = PCURVE('',#1659,#5470);
#5470 = DEFINITIONAL_REPRESENTATION('',(#5471),#5475);
#5471 = LINE('',#5472,#5473);
#5472 = CARTESIAN_POINT('',(76.828571428571,127.00842373802));
#5473 = VECTOR('',#5474,1.);
#5474 = DIRECTION('',(1.,0.));
#5475 = ( GEOMETRIC_REPRESENTATION_CONTEXT(2) 
PARAMETRIC_REPRESENTATION_CONTEXT() REPRESENTATION_CONTEXT('2D SPACE',''
  ) );
#5476 = PCURVE('',#5477,#5482);
#5477 = PLANE('',#5478);
#5478 = AXIS2_PLACEMENT_3D('',#5479,#5480,#5481);
#5479 = CARTESIAN_POINT('',(80.028571428571,130.20842373802,3.2));
#5480 = DIRECTION('',(0.,1.,0.));
#5481 = DIRECTION('',(0.,0.,1.));
#5482 = DEFINITIONAL_REPRESENTATION('',(#5483),#5487);
#5483 = LINE('',#5484,#5485);
#5484 = CARTESIAN_POINT('',(0.,0.));
#5485 = VECTOR('',#5486,1.);
#5486 = DIRECTION('',(0.,1.));
#5487 = ( GEOMETRIC_REPRESENTATION_CONTEXT(2) 
PARAMETRIC_REPRESENTATION_CONTEXT() REPRESENTATION_CONTEXT('2D SPACE',''
  ) );
#5488 = ORIENTED_EDGE('',*,*,#5489,.T.);
#5489 = EDGE_CURVE('',#5462,#5490,#5492,.T.);
#5490 = VERTEX_POINT('',#5491);
#5491 = CARTESIAN_POINT('',(80.028571428571,150.50842373802,3.2));
#5492 = SURFACE_CURVE('',#5493,(#5497,#5504),.PCURVE_S1.);
#5493 = LINE('',#5494,#5495);
#5494 = CARTESIAN_POINT('',(80.028571428571,130.20842373802,3.2));
#5495 = VECTOR('',#5496,1.);
#5496 = DIRECTION('',(0.,1.,0.));
#5497 = PCURVE('',#1659,#5498);
#5498 = DEFINITIONAL_REPRESENTATION('',(#5499),#5503);
#5499 = LINE('',#5500,#5501);
#5500 = CARTESIAN_POINT('',(76.828571428571,127.00842373802));
#5501 = VECTOR('',#5502,1.);
#5502 = DIRECTION('',(0.,1.));
#5503 = ( GEOMETRIC_REPRESENTATION_CONTEXT(2) 
PARAMETRIC_REPRESENTATION_CONTEXT() REPRESENTATION_CONTEXT('2D SPACE',''
  ) );
#5504 = PCURVE('',#2517,#5505);
#5505 = DEFINITIONAL_REPRESENTATION('',(#5506),#5510);
#5506 = LINE('',#5507,#5508);
#5507 = CARTESIAN_POINT('',(0.,0.));
#5508 = VECTOR('',#5509,1.);
#5509 = DIRECTION('',(0.,-1.));
#5510 = ( GEOMETRIC_REPRESENTATION_CONTEXT(2) 
PARAMETRIC_REPRESENTATION_CONTEXT() REPRESENTATION_CONTEXT('2D SPACE',''
  ) );
#5511 = ORIENTED_EDGE('',*,*,#5512,.F.);
#5512 = EDGE_CURVE('',#5248,#5490,#5513,.T.);
#5513 = SURFACE_CURVE('',#5514,(#5518,#5525),.PCURVE_S1.);
#5514 = LINE('',#5515,#5516);
#5515 = CARTESIAN_POINT('',(6.,150.50842373802,3.2));
#5516 = VECTOR('',#5517,1.);
#5517 = DIRECTION('',(1.,0.,0.));
#5518 = PCURVE('',#1659,#5519);
#5519 = DEFINITIONAL_REPRESENTATION('',(#5520),#5524);
#5520 = LINE('',#5521,#5522);
#5521 = CARTESIAN_POINT('',(2.8,147.30842373802));
#5522 = VECTOR('',#5523,1.);
#5523 = DIRECTION('',(1.,0.));
#5524 = ( GEOMETRIC_REPRESENTATION_CONTEXT(2) 
PARAMETRIC_REPRESENTATION_CONTEXT() REPRESENTATION_CONTEXT('2D SPACE',''
  ) );
#5525 = PCURVE('',#2545,#5526);
#5526 = DEFINITIONAL_REPRESENTATION('',(#5527),#5531);
#5527 = LINE('',#5528,#5529);
#5528 = CARTESIAN_POINT('',(1.925929944387E-34,1.767766952966));
#5529 = VECTOR('',#5530,1.);
#5530 = DIRECTION('',(-1.,2.803368887165E-34));
#5531 = ( GEOMETRIC_REPRESENTATION_CONTEXT(2) 
PARAMETRIC_REPRESENTATION_CONTEXT() REPRESENTATION_CONTEXT('2D SPACE',''
  ) );
#5532 = ADVANCED_FACE('',(#5533),#1631,.F.);
#5533 = FACE_BOUND('',#5534,.F.);
#5534 = EDGE_LOOP('',(#5535,#5536,#5537,#5558,#5584,#5610,#5638,#5664,
    #5690,#5716,#5744,#5770,#5796,#5815,#5816,#5817));
#5535 = ORIENTED_EDGE('',*,*,#1615,.F.);
#5536 = ORIENTED_EDGE('',*,*,#5295,.F.);
#5537 = ORIENTED_EDGE('',*,*,#5538,.F.);
#5538 = EDGE_CURVE('',#5539,#5296,#5541,.T.);
#5539 = VERTEX_POINT('',#5540);
#5540 = CARTESIAN_POINT('',(94.932142857143,110.5,11.2));
#5541 = SURFACE_CURVE('',#5542,(#5546,#5552),.PCURVE_S1.);
#5542 = LINE('',#5543,#5544);
#5543 = CARTESIAN_POINT('',(94.932142857143,110.5,3.2));
#5544 = VECTOR('',#5545,1.);
#5545 = DIRECTION('',(0.,0.,-1.));
#5546 = PCURVE('',#1631,#5547);
#5547 = DEFINITIONAL_REPRESENTATION('',(#5548),#5551);
#5548 = B_SPLINE_CURVE_WITH_KNOTS('',1,(#5549,#5550),.UNSPECIFIED.,.F.,
  .F.,(2,2),(-8.,0.),.PIECEWISE_BEZIER_KNOTS.);
#5549 = CARTESIAN_POINT('',(8.,102.73697351637));
#5550 = CARTESIAN_POINT('',(0.,102.73697351637));
#5551 = ( GEOMETRIC_REPRESENTATION_CONTEXT(2) 
PARAMETRIC_REPRESENTATION_CONTEXT() REPRESENTATION_CONTEXT('2D SPACE',''
  ) );
#5552 = PCURVE('',#5334,#5553);
#5553 = DEFINITIONAL_REPRESENTATION('',(#5554),#5557);
#5554 = B_SPLINE_CURVE_WITH_KNOTS('',1,(#5555,#5556),.UNSPECIFIED.,.F.,
  .F.,(2,2),(-8.,0.),.PIECEWISE_BEZIER_KNOTS.);
#5555 = CARTESIAN_POINT('',(8.,0.2));
#5556 = CARTESIAN_POINT('',(0.,0.2));
#5557 = ( GEOMETRIC_REPRESENTATION_CONTEXT(2) 
PARAMETRIC_REPRESENTATION_CONTEXT() REPRESENTATION_CONTEXT('2D SPACE',''
  ) );
#5558 = ORIENTED_EDGE('',*,*,#5559,.F.);
#5559 = EDGE_CURVE('',#5560,#5539,#5562,.T.);
#5560 = VERTEX_POINT('',#5561);
#5561 = CARTESIAN_POINT('',(94.932142857143,105.5,11.2));
#5562 = SURFACE_CURVE('',#5563,(#5567,#5573),.PCURVE_S1.);
#5563 = LINE('',#5564,#5565);
#5564 = CARTESIAN_POINT('',(94.932142857143,56.631513241813,11.2));
#5565 = VECTOR('',#5566,1.);
#5566 = DIRECTION('',(1.110223024625E-16,1.,-0.));
#5567 = PCURVE('',#1631,#5568);
#5568 = DEFINITIONAL_REPRESENTATION('',(#5569),#5572);
#5569 = B_SPLINE_CURVE_WITH_KNOTS('',1,(#5570,#5571),.UNSPECIFIED.,.F.,
  .F.,(2,2),(48.868486758187,53.868486758187),.PIECEWISE_BEZIER_KNOTS.);
#5570 = CARTESIAN_POINT('',(8.,97.736973516373));
#5571 = CARTESIAN_POINT('',(8.,102.73697351637));
#5572 = ( GEOMETRIC_REPRESENTATION_CONTEXT(2) 
PARAMETRIC_REPRESENTATION_CONTEXT() REPRESENTATION_CONTEXT('2D SPACE',''
  ) );
#5573 = PCURVE('',#5574,#5579);
#5574 = PLANE('',#5575);
#5575 = AXIS2_PLACEMENT_3D('',#5576,#5577,#5578);
#5576 = CARTESIAN_POINT('',(94.732142857143,105.5,11.2));
#5577 = DIRECTION('',(0.,0.,1.));
#5578 = DIRECTION('',(1.,0.,0.));
#5579 = DEFINITIONAL_REPRESENTATION('',(#5580),#5583);
#5580 = B_SPLINE_CURVE_WITH_KNOTS('',1,(#5581,#5582),.UNSPECIFIED.,.F.,
  .F.,(2,2),(48.868486758187,53.868486758187),.PIECEWISE_BEZIER_KNOTS.);
#5581 = CARTESIAN_POINT('',(0.2,0.));
#5582 = CARTESIAN_POINT('',(0.2,5.));
#5583 = ( GEOMETRIC_REPRESENTATION_CONTEXT(2) 
PARAMETRIC_REPRESENTATION_CONTEXT() REPRESENTATION_CONTEXT('2D SPACE',''
  ) );
#5584 = ORIENTED_EDGE('',*,*,#5585,.T.);
#5585 = EDGE_CURVE('',#5560,#5586,#5588,.T.);
#5586 = VERTEX_POINT('',#5587);
#5587 = CARTESIAN_POINT('',(94.932142857143,105.5,3.2));
#5588 = SURFACE_CURVE('',#5589,(#5593,#5599),.PCURVE_S1.);
#5589 = LINE('',#5590,#5591);
#5590 = CARTESIAN_POINT('',(94.932142857143,105.5,3.2));
#5591 = VECTOR('',#5592,1.);
#5592 = DIRECTION('',(0.,0.,-1.));
#5593 = PCURVE('',#1631,#5594);
#5594 = DEFINITIONAL_REPRESENTATION('',(#5595),#5598);
#5595 = B_SPLINE_CURVE_WITH_KNOTS('',1,(#5596,#5597),.UNSPECIFIED.,.F.,
  .F.,(2,2),(-8.,0.),.PIECEWISE_BEZIER_KNOTS.);
#5596 = CARTESIAN_POINT('',(8.,97.736973516373));
#5597 = CARTESIAN_POINT('',(0.,97.736973516373));
#5598 = ( GEOMETRIC_REPRESENTATION_CONTEXT(2) 
PARAMETRIC_REPRESENTATION_CONTEXT() REPRESENTATION_CONTEXT('2D SPACE',''
  ) );
#5599 = PCURVE('',#5600,#5605);
#5600 = PLANE('',#5601);
#5601 = AXIS2_PLACEMENT_3D('',#5602,#5603,#5604);
#5602 = CARTESIAN_POINT('',(94.732142857143,105.5,3.2));
#5603 = DIRECTION('',(0.,1.,0.));
#5604 = DIRECTION('',(0.,0.,1.));
#5605 = DEFINITIONAL_REPRESENTATION('',(#5606),#5609);
#5606 = B_SPLINE_CURVE_WITH_KNOTS('',1,(#5607,#5608),.UNSPECIFIED.,.F.,
  .F.,(2,2),(-8.,0.),.PIECEWISE_BEZIER_KNOTS.);
#5607 = CARTESIAN_POINT('',(8.,0.2));
#5608 = CARTESIAN_POINT('',(0.,0.2));
#5609 = ( GEOMETRIC_REPRESENTATION_CONTEXT(2) 
PARAMETRIC_REPRESENTATION_CONTEXT() REPRESENTATION_CONTEXT('2D SPACE',''
  ) );
#5610 = ORIENTED_EDGE('',*,*,#5611,.F.);
#5611 = EDGE_CURVE('',#5612,#5586,#5614,.T.);
#5612 = VERTEX_POINT('',#5613);
#5613 = CARTESIAN_POINT('',(94.932142857143,68.5,3.2));
#5614 = SURFACE_CURVE('',#5615,(#5619,#5626),.PCURVE_S1.);
#5615 = LINE('',#5616,#5617);
#5616 = CARTESIAN_POINT('',(94.932142857143,7.763026483627,3.2));
#5617 = VECTOR('',#5618,1.);
#5618 = DIRECTION('',(1.110223024625E-16,1.,0.));
#5619 = PCURVE('',#1631,#5620);
#5620 = DEFINITIONAL_REPRESENTATION('',(#5621),#5625);
#5621 = LINE('',#5622,#5623);
#5622 = CARTESIAN_POINT('',(0.,0.));
#5623 = VECTOR('',#5624,1.);
#5624 = DIRECTION('',(0.,1.));
#5625 = ( GEOMETRIC_REPRESENTATION_CONTEXT(2) 
PARAMETRIC_REPRESENTATION_CONTEXT() REPRESENTATION_CONTEXT('2D SPACE',''
  ) );
#5626 = PCURVE('',#5627,#5632);
#5627 = PLANE('',#5628);
#5628 = AXIS2_PLACEMENT_3D('',#5629,#5630,#5631);
#5629 = CARTESIAN_POINT('',(3.2,3.2,3.2));
#5630 = DIRECTION('',(0.,0.,1.));
#5631 = DIRECTION('',(1.,0.,0.));
#5632 = DEFINITIONAL_REPRESENTATION('',(#5633),#5637);
#5633 = LINE('',#5634,#5635);
#5634 = CARTESIAN_POINT('',(91.732142857143,4.563026483627));
#5635 = VECTOR('',#5636,1.);
#5636 = DIRECTION('',(1.110223024625E-16,1.));
#5637 = ( GEOMETRIC_REPRESENTATION_CONTEXT(2) 
PARAMETRIC_REPRESENTATION_CONTEXT() REPRESENTATION_CONTEXT('2D SPACE',''
  ) );
#5638 = ORIENTED_EDGE('',*,*,#5639,.F.);
#5639 = EDGE_CURVE('',#5640,#5612,#5642,.T.);
#5640 = VERTEX_POINT('',#5641);
#5641 = CARTESIAN_POINT('',(94.932142857143,68.5,11.2));
#5642 = SURFACE_CURVE('',#5643,(#5647,#5653),.PCURVE_S1.);
#5643 = LINE('',#5644,#5645);
#5644 = CARTESIAN_POINT('',(94.932142857143,68.5,3.2));
#5645 = VECTOR('',#5646,1.);
#5646 = DIRECTION('',(0.,0.,-1.));
#5647 = PCURVE('',#1631,#5648);
#5648 = DEFINITIONAL_REPRESENTATION('',(#5649),#5652);
#5649 = B_SPLINE_CURVE_WITH_KNOTS('',1,(#5650,#5651),.UNSPECIFIED.,.F.,
  .F.,(2,2),(-8.,0.),.PIECEWISE_BEZIER_KNOTS.);
#5650 = CARTESIAN_POINT('',(8.,60.736973516373));
#5651 = CARTESIAN_POINT('',(0.,60.736973516373));
#5652 = ( GEOMETRIC_REPRESENTATION_CONTEXT(2) 
PARAMETRIC_REPRESENTATION_CONTEXT() REPRESENTATION_CONTEXT('2D SPACE',''
  ) );
#5653 = PCURVE('',#5654,#5659);
#5654 = PLANE('',#5655);
#5655 = AXIS2_PLACEMENT_3D('',#5656,#5657,#5658);
#5656 = CARTESIAN_POINT('',(94.732142857143,68.5,3.2));
#5657 = DIRECTION('',(0.,1.,0.));
#5658 = DIRECTION('',(0.,0.,1.));
#5659 = DEFINITIONAL_REPRESENTATION('',(#5660),#5663);
#5660 = B_SPLINE_CURVE_WITH_KNOTS('',1,(#5661,#5662),.UNSPECIFIED.,.F.,
  .F.,(2,2),(-8.,0.),.PIECEWISE_BEZIER_KNOTS.);
#5661 = CARTESIAN_POINT('',(8.,0.2));
#5662 = CARTESIAN_POINT('',(0.,0.2));
#5663 = ( GEOMETRIC_REPRESENTATION_CONTEXT(2) 
PARAMETRIC_REPRESENTATION_CONTEXT() REPRESENTATION_CONTEXT('2D SPACE',''
  ) );
#5664 = ORIENTED_EDGE('',*,*,#5665,.F.);
#5665 = EDGE_CURVE('',#5666,#5640,#5668,.T.);
#5666 = VERTEX_POINT('',#5667);
#5667 = CARTESIAN_POINT('',(94.932142857143,63.5,11.2));
#5668 = SURFACE_CURVE('',#5669,(#5673,#5679),.PCURVE_S1.);
#5669 = LINE('',#5670,#5671);
#5670 = CARTESIAN_POINT('',(94.932142857143,35.631513241813,11.2));
#5671 = VECTOR('',#5672,1.);
#5672 = DIRECTION('',(1.110223024625E-16,1.,-0.));
#5673 = PCURVE('',#1631,#5674);
#5674 = DEFINITIONAL_REPRESENTATION('',(#5675),#5678);
#5675 = B_SPLINE_CURVE_WITH_KNOTS('',1,(#5676,#5677),.UNSPECIFIED.,.F.,
  .F.,(2,2),(27.868486758187,32.868486758187),.PIECEWISE_BEZIER_KNOTS.);
#5676 = CARTESIAN_POINT('',(8.,55.736973516373));
#5677 = CARTESIAN_POINT('',(8.,60.736973516373));
#5678 = ( GEOMETRIC_REPRESENTATION_CONTEXT(2) 
PARAMETRIC_REPRESENTATION_CONTEXT() REPRESENTATION_CONTEXT('2D SPACE',''
  ) );
#5679 = PCURVE('',#5680,#5685);
#5680 = PLANE('',#5681);
#5681 = AXIS2_PLACEMENT_3D('',#5682,#5683,#5684);
#5682 = CARTESIAN_POINT('',(94.732142857143,63.5,11.2));
#5683 = DIRECTION('',(0.,0.,1.));
#5684 = DIRECTION('',(1.,0.,0.));
#5685 = DEFINITIONAL_REPRESENTATION('',(#5686),#5689);
#5686 = B_SPLINE_CURVE_WITH_KNOTS('',1,(#5687,#5688),.UNSPECIFIED.,.F.,
  .F.,(2,2),(27.868486758187,32.868486758187),.PIECEWISE_BEZIER_KNOTS.);
#5687 = CARTESIAN_POINT('',(0.2,0.));
#5688 = CARTESIAN_POINT('',(0.2,5.));
#5689 = ( GEOMETRIC_REPRESENTATION_CONTEXT(2) 
PARAMETRIC_REPRESENTATION_CONTEXT() REPRESENTATION_CONTEXT('2D SPACE',''
  ) );
#5690 = ORIENTED_EDGE('',*,*,#5691,.T.);
#5691 = EDGE_CURVE('',#5666,#5692,#5694,.T.);
#5692 = VERTEX_POINT('',#5693);
#5693 = CARTESIAN_POINT('',(94.932142857143,63.5,3.2));
#5694 = SURFACE_CURVE('',#5695,(#5699,#5705),.PCURVE_S1.);
#5695 = LINE('',#5696,#5697);
#5696 = CARTESIAN_POINT('',(94.932142857143,63.5,3.2));
#5697 = VECTOR('',#5698,1.);
#5698 = DIRECTION('',(0.,0.,-1.));
#5699 = PCURVE('',#1631,#5700);
#5700 = DEFINITIONAL_REPRESENTATION('',(#5701),#5704);
#5701 = B_SPLINE_CURVE_WITH_KNOTS('',1,(#5702,#5703),.UNSPECIFIED.,.F.,
  .F.,(2,2),(-8.,0.),.PIECEWISE_BEZIER_KNOTS.);
#5702 = CARTESIAN_POINT('',(8.,55.736973516373));
#5703 = CARTESIAN_POINT('',(0.,55.736973516373));
#5704 = ( GEOMETRIC_REPRESENTATION_CONTEXT(2) 
PARAMETRIC_REPRESENTATION_CONTEXT() REPRESENTATION_CONTEXT('2D SPACE',''
  ) );
#5705 = PCURVE('',#5706,#5711);
#5706 = PLANE('',#5707);
#5707 = AXIS2_PLACEMENT_3D('',#5708,#5709,#5710);
#5708 = CARTESIAN_POINT('',(94.732142857143,63.5,3.2));
#5709 = DIRECTION('',(0.,1.,0.));
#5710 = DIRECTION('',(0.,0.,1.));
#5711 = DEFINITIONAL_REPRESENTATION('',(#5712),#5715);
#5712 = B_SPLINE_CURVE_WITH_KNOTS('',1,(#5713,#5714),.UNSPECIFIED.,.F.,
  .F.,(2,2),(-8.,0.),.PIECEWISE_BEZIER_KNOTS.);
#5713 = CARTESIAN_POINT('',(8.,0.2));
#5714 = CARTESIAN_POINT('',(0.,0.2));
#5715 = ( GEOMETRIC_REPRESENTATION_CONTEXT(2) 
PARAMETRIC_REPRESENTATION_CONTEXT() REPRESENTATION_CONTEXT('2D SPACE',''
  ) );
#5716 = ORIENTED_EDGE('',*,*,#5717,.F.);
#5717 = EDGE_CURVE('',#5718,#5692,#5720,.T.);
#5718 = VERTEX_POINT('',#5719);
#5719 = CARTESIAN_POINT('',(94.932142857143,37.5,3.2));
#5720 = SURFACE_CURVE('',#5721,(#5725,#5732),.PCURVE_S1.);
#5721 = LINE('',#5722,#5723);
#5722 = CARTESIAN_POINT('',(94.932142857143,7.763026483627,3.2));
#5723 = VECTOR('',#5724,1.);
#5724 = DIRECTION('',(1.110223024625E-16,1.,0.));
#5725 = PCURVE('',#1631,#5726);
#5726 = DEFINITIONAL_REPRESENTATION('',(#5727),#5731);
#5727 = LINE('',#5728,#5729);
#5728 = CARTESIAN_POINT('',(0.,0.));
#5729 = VECTOR('',#5730,1.);
#5730 = DIRECTION('',(0.,1.));
#5731 = ( GEOMETRIC_REPRESENTATION_CONTEXT(2) 
PARAMETRIC_REPRESENTATION_CONTEXT() REPRESENTATION_CONTEXT('2D SPACE',''
  ) );
#5732 = PCURVE('',#5733,#5738);
#5733 = PLANE('',#5734);
#5734 = AXIS2_PLACEMENT_3D('',#5735,#5736,#5737);
#5735 = CARTESIAN_POINT('',(3.2,3.2,3.2));
#5736 = DIRECTION('',(0.,0.,1.));
#5737 = DIRECTION('',(1.,0.,0.));
#5738 = DEFINITIONAL_REPRESENTATION('',(#5739),#5743);
#5739 = LINE('',#5740,#5741);
#5740 = CARTESIAN_POINT('',(91.732142857143,4.563026483627));
#5741 = VECTOR('',#5742,1.);
#5742 = DIRECTION('',(1.110223024625E-16,1.));
#5743 = ( GEOMETRIC_REPRESENTATION_CONTEXT(2) 
PARAMETRIC_REPRESENTATION_CONTEXT() REPRESENTATION_CONTEXT('2D SPACE',''
  ) );
#5744 = ORIENTED_EDGE('',*,*,#5745,.F.);
#5745 = EDGE_CURVE('',#5746,#5718,#5748,.T.);
#5746 = VERTEX_POINT('',#5747);
#5747 = CARTESIAN_POINT('',(94.932142857143,37.5,11.2));
#5748 = SURFACE_CURVE('',#5749,(#5753,#5759),.PCURVE_S1.);
#5749 = LINE('',#5750,#5751);
#5750 = CARTESIAN_POINT('',(94.932142857143,37.5,3.2));
#5751 = VECTOR('',#5752,1.);
#5752 = DIRECTION('',(0.,0.,-1.));
#5753 = PCURVE('',#1631,#5754);
#5754 = DEFINITIONAL_REPRESENTATION('',(#5755),#5758);
#5755 = B_SPLINE_CURVE_WITH_KNOTS('',1,(#5756,#5757),.UNSPECIFIED.,.F.,
  .F.,(2,2),(-8.,0.),.PIECEWISE_BEZIER_KNOTS.);
#5756 = CARTESIAN_POINT('',(8.,29.736973516373));
#5757 = CARTESIAN_POINT('',(0.,29.736973516373));
#5758 = ( GEOMETRIC_REPRESENTATION_CONTEXT(2) 
PARAMETRIC_REPRESENTATION_CONTEXT() REPRESENTATION_CONTEXT('2D SPACE',''
  ) );
#5759 = PCURVE('',#5760,#5765);
#5760 = PLANE('',#5761);
#5761 = AXIS2_PLACEMENT_3D('',#5762,#5763,#5764);
#5762 = CARTESIAN_POINT('',(94.732142857143,37.5,3.2));
#5763 = DIRECTION('',(0.,1.,0.));
#5764 = DIRECTION('',(0.,0.,1.));
#5765 = DEFINITIONAL_REPRESENTATION('',(#5766),#5769);
#5766 = B_SPLINE_CURVE_WITH_KNOTS('',1,(#5767,#5768),.UNSPECIFIED.,.F.,
  .F.,(2,2),(-8.,0.),.PIECEWISE_BEZIER_KNOTS.);
#5767 = CARTESIAN_POINT('',(8.,0.2));
#5768 = CARTESIAN_POINT('',(0.,0.2));
#5769 = ( GEOMETRIC_REPRESENTATION_CONTEXT(2) 
PARAMETRIC_REPRESENTATION_CONTEXT() REPRESENTATION_CONTEXT('2D SPACE',''
  ) );
#5770 = ORIENTED_EDGE('',*,*,#5771,.F.);
#5771 = EDGE_CURVE('',#5772,#5746,#5774,.T.);
#5772 = VERTEX_POINT('',#5773);
#5773 = CARTESIAN_POINT('',(94.932142857143,32.5,11.2));
#5774 = SURFACE_CURVE('',#5775,(#5779,#5785),.PCURVE_S1.);
#5775 = LINE('',#5776,#5777);
#5776 = CARTESIAN_POINT('',(94.932142857143,20.131513241813,11.2));
#5777 = VECTOR('',#5778,1.);
#5778 = DIRECTION('',(1.110223024625E-16,1.,-0.));
#5779 = PCURVE('',#1631,#5780);
#5780 = DEFINITIONAL_REPRESENTATION('',(#5781),#5784);
#5781 = B_SPLINE_CURVE_WITH_KNOTS('',1,(#5782,#5783),.UNSPECIFIED.,.F.,
  .F.,(2,2),(12.368486758187,17.368486758187),.PIECEWISE_BEZIER_KNOTS.);
#5782 = CARTESIAN_POINT('',(8.,24.736973516373));
#5783 = CARTESIAN_POINT('',(8.,29.736973516373));
#5784 = ( GEOMETRIC_REPRESENTATION_CONTEXT(2) 
PARAMETRIC_REPRESENTATION_CONTEXT() REPRESENTATION_CONTEXT('2D SPACE',''
  ) );
#5785 = PCURVE('',#5786,#5791);
#5786 = PLANE('',#5787);
#5787 = AXIS2_PLACEMENT_3D('',#5788,#5789,#5790);
#5788 = CARTESIAN_POINT('',(94.732142857143,32.5,11.2));
#5789 = DIRECTION('',(0.,0.,1.));
#5790 = DIRECTION('',(1.,0.,0.));
#5791 = DEFINITIONAL_REPRESENTATION('',(#5792),#5795);
#5792 = B_SPLINE_CURVE_WITH_KNOTS('',1,(#5793,#5794),.UNSPECIFIED.,.F.,
  .F.,(2,2),(12.368486758187,17.368486758187),.PIECEWISE_BEZIER_KNOTS.);
#5793 = CARTESIAN_POINT('',(0.2,0.));
#5794 = CARTESIAN_POINT('',(0.2,5.));
#5795 = ( GEOMETRIC_REPRESENTATION_CONTEXT(2) 
PARAMETRIC_REPRESENTATION_CONTEXT() REPRESENTATION_CONTEXT('2D SPACE',''
  ) );
#5796 = ORIENTED_EDGE('',*,*,#5797,.T.);
#5797 = EDGE_CURVE('',#5772,#4432,#5798,.T.);
#5798 = SURFACE_CURVE('',#5799,(#5803,#5809),.PCURVE_S1.);
#5799 = LINE('',#5800,#5801);
#5800 = CARTESIAN_POINT('',(94.932142857143,32.5,3.2));
#5801 = VECTOR('',#5802,1.);
#5802 = DIRECTION('',(0.,0.,-1.));
#5803 = PCURVE('',#1631,#5804);
#5804 = DEFINITIONAL_REPRESENTATION('',(#5805),#5808);
#5805 = B_SPLINE_CURVE_WITH_KNOTS('',1,(#5806,#5807),.UNSPECIFIED.,.F.,
  .F.,(2,2),(-8.,0.),.PIECEWISE_BEZIER_KNOTS.);
#5806 = CARTESIAN_POINT('',(8.,24.736973516373));
#5807 = CARTESIAN_POINT('',(0.,24.736973516373));
#5808 = ( GEOMETRIC_REPRESENTATION_CONTEXT(2) 
PARAMETRIC_REPRESENTATION_CONTEXT() REPRESENTATION_CONTEXT('2D SPACE',''
  ) );
#5809 = PCURVE('',#4449,#5810);
#5810 = DEFINITIONAL_REPRESENTATION('',(#5811),#5814);
#5811 = B_SPLINE_CURVE_WITH_KNOTS('',1,(#5812,#5813),.UNSPECIFIED.,.F.,
  .F.,(2,2),(-8.,0.),.PIECEWISE_BEZIER_KNOTS.);
#5812 = CARTESIAN_POINT('',(8.,0.2));
#5813 = CARTESIAN_POINT('',(0.,0.2));
#5814 = ( GEOMETRIC_REPRESENTATION_CONTEXT(2) 
PARAMETRIC_REPRESENTATION_CONTEXT() REPRESENTATION_CONTEXT('2D SPACE',''
  ) );
#5815 = ORIENTED_EDGE('',*,*,#4461,.F.);
#5816 = ORIENTED_EDGE('',*,*,#4382,.T.);
#5817 = ORIENTED_EDGE('',*,*,#3846,.F.);
#5818 = ADVANCED_FACE('',(#5819),#1580,.T.);
#5819 = FACE_BOUND('',#5820,.T.);
#5820 = EDGE_LOOP('',(#5821,#5844,#5865,#5866));
#5821 = ORIENTED_EDGE('',*,*,#5822,.F.);
#5822 = EDGE_CURVE('',#5823,#1537,#5825,.T.);
#5823 = VERTEX_POINT('',#5824);
#5824 = CARTESIAN_POINT('',(56.557142857143,123.03302648362,
    16.433443998149));
#5825 = SURFACE_CURVE('',#5826,(#5830,#5837),.PCURVE_S1.);
#5826 = LINE('',#5827,#5828);
#5827 = CARTESIAN_POINT('',(56.557142857143,121.13302648362,
    16.433443998149));
#5828 = VECTOR('',#5829,1.);
#5829 = DIRECTION('',(1.110223024625E-16,1.,0.));
#5830 = PCURVE('',#1580,#5831);
#5831 = DEFINITIONAL_REPRESENTATION('',(#5832),#5836);
#5832 = LINE('',#5833,#5834);
#5833 = CARTESIAN_POINT('',(0.,0.));
#5834 = VECTOR('',#5835,1.);
#5835 = DIRECTION('',(0.,1.));
#5836 = ( GEOMETRIC_REPRESENTATION_CONTEXT(2) 
PARAMETRIC_REPRESENTATION_CONTEXT() REPRESENTATION_CONTEXT('2D SPACE',''
  ) );
#5837 = PCURVE('',#1552,#5838);
#5838 = DEFINITIONAL_REPRESENTATION('',(#5839),#5843);
#5839 = LINE('',#5840,#5841);
#5840 = CARTESIAN_POINT('',(113.37,38.375));
#5841 = VECTOR('',#5842,1.);
#5842 = DIRECTION('',(1.,0.));
#5843 = ( GEOMETRIC_REPRESENTATION_CONTEXT(2) 
PARAMETRIC_REPRESENTATION_CONTEXT() REPRESENTATION_CONTEXT('2D SPACE',''
  ) );
#5844 = ORIENTED_EDGE('',*,*,#5845,.T.);
#5845 = EDGE_CURVE('',#5823,#3869,#5846,.T.);
#5846 = SURFACE_CURVE('',#5847,(#5851,#5858),.PCURVE_S1.);
#5847 = LINE('',#5848,#5849);
#5848 = CARTESIAN_POINT('',(56.557142857143,123.03302648362,
    16.433443998149));
#5849 = VECTOR('',#5850,1.);
#5850 = DIRECTION('',(0.,0.,1.));
#5851 = PCURVE('',#1580,#5852);
#5852 = DEFINITIONAL_REPRESENTATION('',(#5853),#5857);
#5853 = LINE('',#5854,#5855);
#5854 = CARTESIAN_POINT('',(0.,1.9));
#5855 = VECTOR('',#5856,1.);
#5856 = DIRECTION('',(1.,0.));
#5857 = ( GEOMETRIC_REPRESENTATION_CONTEXT(2) 
PARAMETRIC_REPRESENTATION_CONTEXT() REPRESENTATION_CONTEXT('2D SPACE',''
  ) );
#5858 = PCURVE('',#3907,#5859);
#5859 = DEFINITIONAL_REPRESENTATION('',(#5860),#5864);
#5860 = LINE('',#5861,#5862);
#5861 = CARTESIAN_POINT('',(0.,-33.575));
#5862 = VECTOR('',#5863,1.);
#5863 = DIRECTION('',(1.,0.));
#5864 = ( GEOMETRIC_REPRESENTATION_CONTEXT(2) 
PARAMETRIC_REPRESENTATION_CONTEXT() REPRESENTATION_CONTEXT('2D SPACE',''
  ) );
#5865 = ORIENTED_EDGE('',*,*,#3868,.F.);
#5866 = ORIENTED_EDGE('',*,*,#1564,.F.);
#5867 = ADVANCED_FACE('',(#5868,#6236),#1552,.T.);
#5868 = FACE_BOUND('',#5869,.T.);
#5869 = EDGE_LOOP('',(#5870,#5893,#5894,#5917,#5940,#5961,#5962,#5985,
    #6008,#6031,#6054,#6077,#6098,#6099,#6100,#6123,#6146,#6169,#6192,
    #6215));
#5870 = ORIENTED_EDGE('',*,*,#5871,.F.);
#5871 = EDGE_CURVE('',#4167,#5872,#5874,.T.);
#5872 = VERTEX_POINT('',#5873);
#5873 = CARTESIAN_POINT('',(10.982142857143,90.893026483627,
    16.433443998149));
#5874 = SURFACE_CURVE('',#5875,(#5879,#5886),.PCURVE_S1.);
#5875 = LINE('',#5876,#5877);
#5876 = CARTESIAN_POINT('',(10.982142857143,9.363026483627,
    16.433443998149));
#5877 = VECTOR('',#5878,1.);
#5878 = DIRECTION('',(1.110223024625E-16,1.,0.));
#5879 = PCURVE('',#1552,#5880);
#5880 = DEFINITIONAL_REPRESENTATION('',(#5881),#5885);
#5881 = LINE('',#5882,#5883);
#5882 = CARTESIAN_POINT('',(1.6,83.95));
#5883 = VECTOR('',#5884,1.);
#5884 = DIRECTION('',(1.,0.));
#5885 = ( GEOMETRIC_REPRESENTATION_CONTEXT(2) 
PARAMETRIC_REPRESENTATION_CONTEXT() REPRESENTATION_CONTEXT('2D SPACE',''
  ) );
#5886 = PCURVE('',#4205,#5887);
#5887 = DEFINITIONAL_REPRESENTATION('',(#5888),#5892);
#5888 = LINE('',#5889,#5890);
#5889 = CARTESIAN_POINT('',(0.,0.));
#5890 = VECTOR('',#5891,1.);
#5891 = DIRECTION('',(0.,1.));
#5892 = ( GEOMETRIC_REPRESENTATION_CONTEXT(2) 
PARAMETRIC_REPRESENTATION_CONTEXT() REPRESENTATION_CONTEXT('2D SPACE',''
  ) );
#5893 = ORIENTED_EDGE('',*,*,#4166,.T.);
#5894 = ORIENTED_EDGE('',*,*,#5895,.T.);
#5895 = EDGE_CURVE('',#4139,#5896,#5898,.T.);
#5896 = VERTEX_POINT('',#5897);
#5897 = CARTESIAN_POINT('',(11.382142857143,9.763026483627,
    16.433443998149));
#5898 = SURFACE_CURVE('',#5899,(#5903,#5910),.PCURVE_S1.);
#5899 = LINE('',#5900,#5901);
#5900 = CARTESIAN_POINT('',(11.382142857143,8.763026483627,
    16.433443998149));
#5901 = VECTOR('',#5902,1.);
#5902 = DIRECTION('',(-1.110223024625E-16,-1.,0.));
#5903 = PCURVE('',#1552,#5904);
#5904 = DEFINITIONAL_REPRESENTATION('',(#5905),#5909);
#5905 = LINE('',#5906,#5907);
#5906 = CARTESIAN_POINT('',(1.,83.55));
#5907 = VECTOR('',#5908,1.);
#5908 = DIRECTION('',(-1.,0.));
#5909 = ( GEOMETRIC_REPRESENTATION_CONTEXT(2) 
PARAMETRIC_REPRESENTATION_CONTEXT() REPRESENTATION_CONTEXT('2D SPACE',''
  ) );
#5910 = PCURVE('',#4154,#5911);
#5911 = DEFINITIONAL_REPRESENTATION('',(#5912),#5916);
#5912 = LINE('',#5913,#5914);
#5913 = CARTESIAN_POINT('',(13.233443998149,-1.));
#5914 = VECTOR('',#5915,1.);
#5915 = DIRECTION('',(0.,-1.));
#5916 = ( GEOMETRIC_REPRESENTATION_CONTEXT(2) 
PARAMETRIC_REPRESENTATION_CONTEXT() REPRESENTATION_CONTEXT('2D SPACE',''
  ) );
#5917 = ORIENTED_EDGE('',*,*,#5918,.F.);
#5918 = EDGE_CURVE('',#5919,#5896,#5921,.T.);
#5919 = VERTEX_POINT('',#5920);
#5920 = CARTESIAN_POINT('',(89.732142857143,9.763026483627,
    16.433443998149));
#5921 = SURFACE_CURVE('',#5922,(#5926,#5933),.PCURVE_S1.);
#5922 = LINE('',#5923,#5924);
#5923 = CARTESIAN_POINT('',(92.332142857143,9.763026483627,
    16.433443998149));
#5924 = VECTOR('',#5925,1.);
#5925 = DIRECTION('',(-1.,1.110223024625E-16,0.));
#5926 = PCURVE('',#1552,#5927);
#5927 = DEFINITIONAL_REPRESENTATION('',(#5928),#5932);
#5928 = LINE('',#5929,#5930);
#5929 = CARTESIAN_POINT('',(2.,2.6));
#5930 = VECTOR('',#5931,1.);
#5931 = DIRECTION('',(0.,1.));
#5932 = ( GEOMETRIC_REPRESENTATION_CONTEXT(2) 
PARAMETRIC_REPRESENTATION_CONTEXT() REPRESENTATION_CONTEXT('2D SPACE',''
  ) );
#5933 = PCURVE('',#4126,#5934);
#5934 = DEFINITIONAL_REPRESENTATION('',(#5935),#5939);
#5935 = LINE('',#5936,#5937);
#5936 = CARTESIAN_POINT('',(13.233443998149,2.6));
#5937 = VECTOR('',#5938,1.);
#5938 = DIRECTION('',(0.,-1.));
#5939 = ( GEOMETRIC_REPRESENTATION_CONTEXT(2) 
PARAMETRIC_REPRESENTATION_CONTEXT() REPRESENTATION_CONTEXT('2D SPACE',''
  ) );
#5940 = ORIENTED_EDGE('',*,*,#5941,.F.);
#5941 = EDGE_CURVE('',#4060,#5919,#5942,.T.);
#5942 = SURFACE_CURVE('',#5943,(#5947,#5954),.PCURVE_S1.);
#5943 = LINE('',#5944,#5945);
#5944 = CARTESIAN_POINT('',(89.732142857143,8.763026483627,
    16.433443998149));
#5945 = VECTOR('',#5946,1.);
#5946 = DIRECTION('',(-1.110223024625E-16,-1.,0.));
#5947 = PCURVE('',#1552,#5948);
#5948 = DEFINITIONAL_REPRESENTATION('',(#5949),#5953);
#5949 = LINE('',#5950,#5951);
#5950 = CARTESIAN_POINT('',(1.,5.2));
#5951 = VECTOR('',#5952,1.);
#5952 = DIRECTION('',(-1.,0.));
#5953 = ( GEOMETRIC_REPRESENTATION_CONTEXT(2) 
PARAMETRIC_REPRESENTATION_CONTEXT() REPRESENTATION_CONTEXT('2D SPACE',''
  ) );
#5954 = PCURVE('',#4098,#5955);
#5955 = DEFINITIONAL_REPRESENTATION('',(#5956),#5960);
#5956 = LINE('',#5957,#5958);
#5957 = CARTESIAN_POINT('',(13.233443998149,-1.));
#5958 = VECTOR('',#5959,1.);
#5959 = DIRECTION('',(0.,-1.));
#5960 = ( GEOMETRIC_REPRESENTATION_CONTEXT(2) 
PARAMETRIC_REPRESENTATION_CONTEXT() REPRESENTATION_CONTEXT('2D SPACE',''
  ) );
#5961 = ORIENTED_EDGE('',*,*,#4059,.T.);
#5962 = ORIENTED_EDGE('',*,*,#5963,.T.);
#5963 = EDGE_CURVE('',#4032,#5964,#5966,.T.);
#5964 = VERTEX_POINT('',#5965);
#5965 = CARTESIAN_POINT('',(90.132142857143,90.893026483627,
    16.433443998149));
#5966 = SURFACE_CURVE('',#5967,(#5971,#5978),.PCURVE_S1.);
#5967 = LINE('',#5968,#5969);
#5968 = CARTESIAN_POINT('',(90.132142857143,9.363026483627,
    16.433443998149));
#5969 = VECTOR('',#5970,1.);
#5970 = DIRECTION('',(1.110223024625E-16,1.,0.));
#5971 = PCURVE('',#1552,#5972);
#5972 = DEFINITIONAL_REPRESENTATION('',(#5973),#5977);
#5973 = LINE('',#5974,#5975);
#5974 = CARTESIAN_POINT('',(1.6,4.8));
#5975 = VECTOR('',#5976,1.);
#5976 = DIRECTION('',(1.,0.));
#5977 = ( GEOMETRIC_REPRESENTATION_CONTEXT(2) 
PARAMETRIC_REPRESENTATION_CONTEXT() REPRESENTATION_CONTEXT('2D SPACE',''
  ) );
#5978 = PCURVE('',#4047,#5979);
#5979 = DEFINITIONAL_REPRESENTATION('',(#5980),#5984);
#5980 = LINE('',#5981,#5982);
#5981 = CARTESIAN_POINT('',(0.,0.));
#5982 = VECTOR('',#5983,1.);
#5983 = DIRECTION('',(0.,1.));
#5984 = ( GEOMETRIC_REPRESENTATION_CONTEXT(2) 
PARAMETRIC_REPRESENTATION_CONTEXT() REPRESENTATION_CONTEXT('2D SPACE',''
  ) );
#5985 = ORIENTED_EDGE('',*,*,#5986,.F.);
#5986 = EDGE_CURVE('',#5987,#5964,#5989,.T.);
#5987 = VERTEX_POINT('',#5988);
#5988 = CARTESIAN_POINT('',(92.882142857143,90.893026483627,
    16.433443998149));
#5989 = SURFACE_CURVE('',#5990,(#5994,#6001),.PCURVE_S1.);
#5990 = LINE('',#5991,#5992);
#5991 = CARTESIAN_POINT('',(92.882142857143,90.893026483627,
    16.433443998149));
#5992 = VECTOR('',#5993,1.);
#5993 = DIRECTION('',(-1.,1.110223024625E-16,0.));
#5994 = PCURVE('',#1552,#5995);
#5995 = DEFINITIONAL_REPRESENTATION('',(#5996),#6000);
#5996 = LINE('',#5997,#5998);
#5997 = CARTESIAN_POINT('',(83.13,2.05));
#5998 = VECTOR('',#5999,1.);
#5999 = DIRECTION('',(0.,1.));
#6000 = ( GEOMETRIC_REPRESENTATION_CONTEXT(2) 
PARAMETRIC_REPRESENTATION_CONTEXT() REPRESENTATION_CONTEXT('2D SPACE',''
  ) );
#6001 = PCURVE('',#4019,#6002);
#6002 = DEFINITIONAL_REPRESENTATION('',(#6003),#6007);
#6003 = LINE('',#6004,#6005);
#6004 = CARTESIAN_POINT('',(0.,0.));
#6005 = VECTOR('',#6006,1.);
#6006 = DIRECTION('',(0.,-1.));
#6007 = ( GEOMETRIC_REPRESENTATION_CONTEXT(2) 
PARAMETRIC_REPRESENTATION_CONTEXT() REPRESENTATION_CONTEXT('2D SPACE',''
  ) );
#6008 = ORIENTED_EDGE('',*,*,#6009,.T.);
#6009 = EDGE_CURVE('',#5987,#6010,#6012,.T.);
#6010 = VERTEX_POINT('',#6011);
#6011 = CARTESIAN_POINT('',(92.882142857143,104.89302648362,
    16.433443998149));
#6012 = SURFACE_CURVE('',#6013,(#6017,#6024),.PCURVE_S1.);
#6013 = LINE('',#6014,#6015);
#6014 = CARTESIAN_POINT('',(92.882142857143,90.893026483627,
    16.433443998149));
#6015 = VECTOR('',#6016,1.);
#6016 = DIRECTION('',(1.110223024625E-16,1.,0.));
#6017 = PCURVE('',#1552,#6018);
#6018 = DEFINITIONAL_REPRESENTATION('',(#6019),#6023);
#6019 = LINE('',#6020,#6021);
#6020 = CARTESIAN_POINT('',(83.13,2.05));
#6021 = VECTOR('',#6022,1.);
#6022 = DIRECTION('',(1.,0.));
#6023 = ( GEOMETRIC_REPRESENTATION_CONTEXT(2) 
PARAMETRIC_REPRESENTATION_CONTEXT() REPRESENTATION_CONTEXT('2D SPACE',''
  ) );
#6024 = PCURVE('',#3991,#6025);
#6025 = DEFINITIONAL_REPRESENTATION('',(#6026),#6030);
#6026 = LINE('',#6027,#6028);
#6027 = CARTESIAN_POINT('',(0.,0.));
#6028 = VECTOR('',#6029,1.);
#6029 = DIRECTION('',(0.,1.));
#6030 = ( GEOMETRIC_REPRESENTATION_CONTEXT(2) 
PARAMETRIC_REPRESENTATION_CONTEXT() REPRESENTATION_CONTEXT('2D SPACE',''
  ) );
#6031 = ORIENTED_EDGE('',*,*,#6032,.T.);
#6032 = EDGE_CURVE('',#6010,#6033,#6035,.T.);
#6033 = VERTEX_POINT('',#6034);
#6034 = CARTESIAN_POINT('',(90.132142857143,104.89302648362,
    16.433443998149));
#6035 = SURFACE_CURVE('',#6036,(#6040,#6047),.PCURVE_S1.);
#6036 = LINE('',#6037,#6038);
#6037 = CARTESIAN_POINT('',(92.882142857143,104.89302648362,
    16.433443998149));
#6038 = VECTOR('',#6039,1.);
#6039 = DIRECTION('',(-1.,1.110223024625E-16,0.));
#6040 = PCURVE('',#1552,#6041);
#6041 = DEFINITIONAL_REPRESENTATION('',(#6042),#6046);
#6042 = LINE('',#6043,#6044);
#6043 = CARTESIAN_POINT('',(97.13,2.05));
#6044 = VECTOR('',#6045,1.);
#6045 = DIRECTION('',(0.,1.));
#6046 = ( GEOMETRIC_REPRESENTATION_CONTEXT(2) 
PARAMETRIC_REPRESENTATION_CONTEXT() REPRESENTATION_CONTEXT('2D SPACE',''
  ) );
#6047 = PCURVE('',#3963,#6048);
#6048 = DEFINITIONAL_REPRESENTATION('',(#6049),#6053);
#6049 = LINE('',#6050,#6051);
#6050 = CARTESIAN_POINT('',(0.,0.));
#6051 = VECTOR('',#6052,1.);
#6052 = DIRECTION('',(0.,-1.));
#6053 = ( GEOMETRIC_REPRESENTATION_CONTEXT(2) 
PARAMETRIC_REPRESENTATION_CONTEXT() REPRESENTATION_CONTEXT('2D SPACE',''
  ) );
#6054 = ORIENTED_EDGE('',*,*,#6055,.T.);
#6055 = EDGE_CURVE('',#6033,#6056,#6058,.T.);
#6056 = VERTEX_POINT('',#6057);
#6057 = CARTESIAN_POINT('',(90.132142857143,123.03302648362,
    16.433443998149));
#6058 = SURFACE_CURVE('',#6059,(#6063,#6070),.PCURVE_S1.);
#6059 = LINE('',#6060,#6061);
#6060 = CARTESIAN_POINT('',(90.132142857143,9.363026483627,
    16.433443998149));
#6061 = VECTOR('',#6062,1.);
#6062 = DIRECTION('',(1.110223024625E-16,1.,0.));
#6063 = PCURVE('',#1552,#6064);
#6064 = DEFINITIONAL_REPRESENTATION('',(#6065),#6069);
#6065 = LINE('',#6066,#6067);
#6066 = CARTESIAN_POINT('',(1.6,4.8));
#6067 = VECTOR('',#6068,1.);
#6068 = DIRECTION('',(1.,0.));
#6069 = ( GEOMETRIC_REPRESENTATION_CONTEXT(2) 
PARAMETRIC_REPRESENTATION_CONTEXT() REPRESENTATION_CONTEXT('2D SPACE',''
  ) );
#6070 = PCURVE('',#3935,#6071);
#6071 = DEFINITIONAL_REPRESENTATION('',(#6072),#6076);
#6072 = LINE('',#6073,#6074);
#6073 = CARTESIAN_POINT('',(0.,0.));
#6074 = VECTOR('',#6075,1.);
#6075 = DIRECTION('',(0.,1.));
#6076 = ( GEOMETRIC_REPRESENTATION_CONTEXT(2) 
PARAMETRIC_REPRESENTATION_CONTEXT() REPRESENTATION_CONTEXT('2D SPACE',''
  ) );
#6077 = ORIENTED_EDGE('',*,*,#6078,.T.);
#6078 = EDGE_CURVE('',#6056,#5823,#6079,.T.);
#6079 = SURFACE_CURVE('',#6080,(#6084,#6091),.PCURVE_S1.);
#6080 = LINE('',#6081,#6082);
#6081 = CARTESIAN_POINT('',(90.132142857143,123.03302648362,
    16.433443998149));
#6082 = VECTOR('',#6083,1.);
#6083 = DIRECTION('',(-1.,1.110223024625E-16,0.));
#6084 = PCURVE('',#1552,#6085);
#6085 = DEFINITIONAL_REPRESENTATION('',(#6086),#6090);
#6086 = LINE('',#6087,#6088);
#6087 = CARTESIAN_POINT('',(115.27,4.8));
#6088 = VECTOR('',#6089,1.);
#6089 = DIRECTION('',(0.,1.));
#6090 = ( GEOMETRIC_REPRESENTATION_CONTEXT(2) 
PARAMETRIC_REPRESENTATION_CONTEXT() REPRESENTATION_CONTEXT('2D SPACE',''
  ) );
#6091 = PCURVE('',#3907,#6092);
#6092 = DEFINITIONAL_REPRESENTATION('',(#6093),#6097);
#6093 = LINE('',#6094,#6095);
#6094 = CARTESIAN_POINT('',(0.,0.));
#6095 = VECTOR('',#6096,1.);
#6096 = DIRECTION('',(0.,-1.));
#6097 = ( GEOMETRIC_REPRESENTATION_CONTEXT(2) 
PARAMETRIC_REPRESENTATION_CONTEXT() REPRESENTATION_CONTEXT('2D SPACE',''
  ) );
#6098 = ORIENTED_EDGE('',*,*,#5822,.T.);
#6099 = ORIENTED_EDGE('',*,*,#1536,.T.);
#6100 = ORIENTED_EDGE('',*,*,#6101,.F.);
#6101 = EDGE_CURVE('',#6102,#1509,#6104,.T.);
#6102 = VERTEX_POINT('',#6103);
#6103 = CARTESIAN_POINT('',(44.557142857143,123.03302648362,
    16.433443998149));
#6104 = SURFACE_CURVE('',#6105,(#6109,#6116),.PCURVE_S1.);
#6105 = LINE('',#6106,#6107);
#6106 = CARTESIAN_POINT('',(44.557142857143,121.13302648362,
    16.433443998149));
#6107 = VECTOR('',#6108,1.);
#6108 = DIRECTION('',(1.110223024625E-16,1.,0.));
#6109 = PCURVE('',#1552,#6110);
#6110 = DEFINITIONAL_REPRESENTATION('',(#6111),#6115);
#6111 = LINE('',#6112,#6113);
#6112 = CARTESIAN_POINT('',(113.37,50.375));
#6113 = VECTOR('',#6114,1.);
#6114 = DIRECTION('',(1.,0.));
#6115 = ( GEOMETRIC_REPRESENTATION_CONTEXT(2) 
PARAMETRIC_REPRESENTATION_CONTEXT() REPRESENTATION_CONTEXT('2D SPACE',''
  ) );
#6116 = PCURVE('',#1524,#6117);
#6117 = DEFINITIONAL_REPRESENTATION('',(#6118),#6122);
#6118 = LINE('',#6119,#6120);
#6119 = CARTESIAN_POINT('',(0.,0.));
#6120 = VECTOR('',#6121,1.);
#6121 = DIRECTION('',(0.,1.));
#6122 = ( GEOMETRIC_REPRESENTATION_CONTEXT(2) 
PARAMETRIC_REPRESENTATION_CONTEXT() REPRESENTATION_CONTEXT('2D SPACE',''
  ) );
#6123 = ORIENTED_EDGE('',*,*,#6124,.T.);
#6124 = EDGE_CURVE('',#6102,#6125,#6127,.T.);
#6125 = VERTEX_POINT('',#6126);
#6126 = CARTESIAN_POINT('',(10.982142857143,123.03302648362,
    16.433443998149));
#6127 = SURFACE_CURVE('',#6128,(#6132,#6139),.PCURVE_S1.);
#6128 = LINE('',#6129,#6130);
#6129 = CARTESIAN_POINT('',(90.132142857143,123.03302648362,
    16.433443998149));
#6130 = VECTOR('',#6131,1.);
#6131 = DIRECTION('',(-1.,1.110223024625E-16,0.));
#6132 = PCURVE('',#1552,#6133);
#6133 = DEFINITIONAL_REPRESENTATION('',(#6134),#6138);
#6134 = LINE('',#6135,#6136);
#6135 = CARTESIAN_POINT('',(115.27,4.8));
#6136 = VECTOR('',#6137,1.);
#6137 = DIRECTION('',(0.,1.));
#6138 = ( GEOMETRIC_REPRESENTATION_CONTEXT(2) 
PARAMETRIC_REPRESENTATION_CONTEXT() REPRESENTATION_CONTEXT('2D SPACE',''
  ) );
#6139 = PCURVE('',#4345,#6140);
#6140 = DEFINITIONAL_REPRESENTATION('',(#6141),#6145);
#6141 = LINE('',#6142,#6143);
#6142 = CARTESIAN_POINT('',(0.,0.));
#6143 = VECTOR('',#6144,1.);
#6144 = DIRECTION('',(0.,-1.));
#6145 = ( GEOMETRIC_REPRESENTATION_CONTEXT(2) 
PARAMETRIC_REPRESENTATION_CONTEXT() REPRESENTATION_CONTEXT('2D SPACE',''
  ) );
#6146 = ORIENTED_EDGE('',*,*,#6147,.F.);
#6147 = EDGE_CURVE('',#6148,#6125,#6150,.T.);
#6148 = VERTEX_POINT('',#6149);
#6149 = CARTESIAN_POINT('',(10.982142857143,104.89302648362,
    16.433443998149));
#6150 = SURFACE_CURVE('',#6151,(#6155,#6162),.PCURVE_S1.);
#6151 = LINE('',#6152,#6153);
#6152 = CARTESIAN_POINT('',(10.982142857143,9.363026483627,
    16.433443998149));
#6153 = VECTOR('',#6154,1.);
#6154 = DIRECTION('',(1.110223024625E-16,1.,0.));
#6155 = PCURVE('',#1552,#6156);
#6156 = DEFINITIONAL_REPRESENTATION('',(#6157),#6161);
#6157 = LINE('',#6158,#6159);
#6158 = CARTESIAN_POINT('',(1.6,83.95));
#6159 = VECTOR('',#6160,1.);
#6160 = DIRECTION('',(1.,0.));
#6161 = ( GEOMETRIC_REPRESENTATION_CONTEXT(2) 
PARAMETRIC_REPRESENTATION_CONTEXT() REPRESENTATION_CONTEXT('2D SPACE',''
  ) );
#6162 = PCURVE('',#4317,#6163);
#6163 = DEFINITIONAL_REPRESENTATION('',(#6164),#6168);
#6164 = LINE('',#6165,#6166);
#6165 = CARTESIAN_POINT('',(0.,0.));
#6166 = VECTOR('',#6167,1.);
#6167 = DIRECTION('',(0.,1.));
#6168 = ( GEOMETRIC_REPRESENTATION_CONTEXT(2) 
PARAMETRIC_REPRESENTATION_CONTEXT() REPRESENTATION_CONTEXT('2D SPACE',''
  ) );
#6169 = ORIENTED_EDGE('',*,*,#6170,.T.);
#6170 = EDGE_CURVE('',#6148,#6171,#6173,.T.);
#6171 = VERTEX_POINT('',#6172);
#6172 = CARTESIAN_POINT('',(8.232142857143,104.89302648362,
    16.433443998149));
#6173 = SURFACE_CURVE('',#6174,(#6178,#6185),.PCURVE_S1.);
#6174 = LINE('',#6175,#6176);
#6175 = CARTESIAN_POINT('',(11.982142857143,104.89302648362,
    16.433443998149));
#6176 = VECTOR('',#6177,1.);
#6177 = DIRECTION('',(-1.,1.110223024625E-16,0.));
#6178 = PCURVE('',#1552,#6179);
#6179 = DEFINITIONAL_REPRESENTATION('',(#6180),#6184);
#6180 = LINE('',#6181,#6182);
#6181 = CARTESIAN_POINT('',(97.13,82.95));
#6182 = VECTOR('',#6183,1.);
#6183 = DIRECTION('',(0.,1.));
#6184 = ( GEOMETRIC_REPRESENTATION_CONTEXT(2) 
PARAMETRIC_REPRESENTATION_CONTEXT() REPRESENTATION_CONTEXT('2D SPACE',''
  ) );
#6185 = PCURVE('',#4289,#6186);
#6186 = DEFINITIONAL_REPRESENTATION('',(#6187),#6191);
#6187 = LINE('',#6188,#6189);
#6188 = CARTESIAN_POINT('',(0.,0.));
#6189 = VECTOR('',#6190,1.);
#6190 = DIRECTION('',(0.,-1.));
#6191 = ( GEOMETRIC_REPRESENTATION_CONTEXT(2) 
PARAMETRIC_REPRESENTATION_CONTEXT() REPRESENTATION_CONTEXT('2D SPACE',''
  ) );
#6192 = ORIENTED_EDGE('',*,*,#6193,.F.);
#6193 = EDGE_CURVE('',#6194,#6171,#6196,.T.);
#6194 = VERTEX_POINT('',#6195);
#6195 = CARTESIAN_POINT('',(8.232142857143,90.893026483627,
    16.433443998149));
#6196 = SURFACE_CURVE('',#6197,(#6201,#6208),.PCURVE_S1.);
#6197 = LINE('',#6198,#6199);
#6198 = CARTESIAN_POINT('',(8.232142857143,90.893026483627,
    16.433443998149));
#6199 = VECTOR('',#6200,1.);
#6200 = DIRECTION('',(1.110223024625E-16,1.,0.));
#6201 = PCURVE('',#1552,#6202);
#6202 = DEFINITIONAL_REPRESENTATION('',(#6203),#6207);
#6203 = LINE('',#6204,#6205);
#6204 = CARTESIAN_POINT('',(83.13,86.7));
#6205 = VECTOR('',#6206,1.);
#6206 = DIRECTION('',(1.,0.));
#6207 = ( GEOMETRIC_REPRESENTATION_CONTEXT(2) 
PARAMETRIC_REPRESENTATION_CONTEXT() REPRESENTATION_CONTEXT('2D SPACE',''
  ) );
#6208 = PCURVE('',#4261,#6209);
#6209 = DEFINITIONAL_REPRESENTATION('',(#6210),#6214);
#6210 = LINE('',#6211,#6212);
#6211 = CARTESIAN_POINT('',(0.,0.));
#6212 = VECTOR('',#6213,1.);
#6213 = DIRECTION('',(0.,1.));
#6214 = ( GEOMETRIC_REPRESENTATION_CONTEXT(2) 
PARAMETRIC_REPRESENTATION_CONTEXT() REPRESENTATION_CONTEXT('2D SPACE',''
  ) );
#6215 = ORIENTED_EDGE('',*,*,#6216,.F.);
#6216 = EDGE_CURVE('',#5872,#6194,#6217,.T.);
#6217 = SURFACE_CURVE('',#6218,(#6222,#6229),.PCURVE_S1.);
#6218 = LINE('',#6219,#6220);
#6219 = CARTESIAN_POINT('',(11.982142857143,90.893026483627,
    16.433443998149));
#6220 = VECTOR('',#6221,1.);
#6221 = DIRECTION('',(-1.,1.110223024625E-16,0.));
#6222 = PCURVE('',#1552,#6223);
#6223 = DEFINITIONAL_REPRESENTATION('',(#6224),#6228);
#6224 = LINE('',#6225,#6226);
#6225 = CARTESIAN_POINT('',(83.13,82.95));
#6226 = VECTOR('',#6227,1.);
#6227 = DIRECTION('',(0.,1.));
#6228 = ( GEOMETRIC_REPRESENTATION_CONTEXT(2) 
PARAMETRIC_REPRESENTATION_CONTEXT() REPRESENTATION_CONTEXT('2D SPACE',''
  ) );
#6229 = PCURVE('',#4233,#6230);
#6230 = DEFINITIONAL_REPRESENTATION('',(#6231),#6235);
#6231 = LINE('',#6232,#6233);
#6232 = CARTESIAN_POINT('',(0.,0.));
#6233 = VECTOR('',#6234,1.);
#6234 = DIRECTION('',(0.,-1.));
#6235 = ( GEOMETRIC_REPRESENTATION_CONTEXT(2) 
PARAMETRIC_REPRESENTATION_CONTEXT() REPRESENTATION_CONTEXT('2D SPACE',''
  ) );
#6236 = FACE_BOUND('',#6237,.T.);
#6237 = EDGE_LOOP('',(#6238,#6268,#6296,#6324));
#6238 = ORIENTED_EDGE('',*,*,#6239,.T.);
#6239 = EDGE_CURVE('',#6240,#6242,#6244,.T.);
#6240 = VERTEX_POINT('',#6241);
#6241 = CARTESIAN_POINT('',(83.162142857143,14.403026483627,
    16.433443998149));
#6242 = VERTEX_POINT('',#6243);
#6243 = CARTESIAN_POINT('',(17.952142857143,14.403026483627,
    16.433443998149));
#6244 = SURFACE_CURVE('',#6245,(#6249,#6256),.PCURVE_S1.);
#6245 = LINE('',#6246,#6247);
#6246 = CARTESIAN_POINT('',(83.162142857143,14.403026483627,
    16.433443998149));
#6247 = VECTOR('',#6248,1.);
#6248 = DIRECTION('',(-1.,1.110223024625E-16,0.));
#6249 = PCURVE('',#1552,#6250);
#6250 = DEFINITIONAL_REPRESENTATION('',(#6251),#6255);
#6251 = LINE('',#6252,#6253);
#6252 = CARTESIAN_POINT('',(6.64,11.77));
#6253 = VECTOR('',#6254,1.);
#6254 = DIRECTION('',(0.,1.));
#6255 = ( GEOMETRIC_REPRESENTATION_CONTEXT(2) 
PARAMETRIC_REPRESENTATION_CONTEXT() REPRESENTATION_CONTEXT('2D SPACE',''
  ) );
#6256 = PCURVE('',#6257,#6262);
#6257 = PLANE('',#6258);
#6258 = AXIS2_PLACEMENT_3D('',#6259,#6260,#6261);
#6259 = CARTESIAN_POINT('',(83.162142857143,14.403026483627,
    15.233443998149));
#6260 = DIRECTION('',(1.110223024625E-16,1.,0.));
#6261 = DIRECTION('',(0.,0.,1.));
#6262 = DEFINITIONAL_REPRESENTATION('',(#6263),#6267);
#6263 = LINE('',#6264,#6265);
#6264 = CARTESIAN_POINT('',(1.2,0.));
#6265 = VECTOR('',#6266,1.);
#6266 = DIRECTION('',(0.,-1.));
#6267 = ( GEOMETRIC_REPRESENTATION_CONTEXT(2) 
PARAMETRIC_REPRESENTATION_CONTEXT() REPRESENTATION_CONTEXT('2D SPACE',''
  ) );
#6268 = ORIENTED_EDGE('',*,*,#6269,.T.);
#6269 = EDGE_CURVE('',#6242,#6270,#6272,.T.);
#6270 = VERTEX_POINT('',#6271);
#6271 = CARTESIAN_POINT('',(17.952142857143,105.00302648362,
    16.433443998149));
#6272 = SURFACE_CURVE('',#6273,(#6277,#6284),.PCURVE_S1.);
#6273 = LINE('',#6274,#6275);
#6274 = CARTESIAN_POINT('',(17.952142857143,14.403026483627,
    16.433443998149));
#6275 = VECTOR('',#6276,1.);
#6276 = DIRECTION('',(1.110223024625E-16,1.,0.));
#6277 = PCURVE('',#1552,#6278);
#6278 = DEFINITIONAL_REPRESENTATION('',(#6279),#6283);
#6279 = LINE('',#6280,#6281);
#6280 = CARTESIAN_POINT('',(6.64,76.98));
#6281 = VECTOR('',#6282,1.);
#6282 = DIRECTION('',(1.,0.));
#6283 = ( GEOMETRIC_REPRESENTATION_CONTEXT(2) 
PARAMETRIC_REPRESENTATION_CONTEXT() REPRESENTATION_CONTEXT('2D SPACE',''
  ) );
#6284 = PCURVE('',#6285,#6290);
#6285 = PLANE('',#6286);
#6286 = AXIS2_PLACEMENT_3D('',#6287,#6288,#6289);
#6287 = CARTESIAN_POINT('',(17.952142857143,14.403026483627,
    15.233443998149));
#6288 = DIRECTION('',(-1.,1.110223024625E-16,0.));
#6289 = DIRECTION('',(0.,0.,1.));
#6290 = DEFINITIONAL_REPRESENTATION('',(#6291),#6295);
#6291 = LINE('',#6292,#6293);
#6292 = CARTESIAN_POINT('',(1.2,0.));
#6293 = VECTOR('',#6294,1.);
#6294 = DIRECTION('',(0.,1.));
#6295 = ( GEOMETRIC_REPRESENTATION_CONTEXT(2) 
PARAMETRIC_REPRESENTATION_CONTEXT() REPRESENTATION_CONTEXT('2D SPACE',''
  ) );
#6296 = ORIENTED_EDGE('',*,*,#6297,.F.);
#6297 = EDGE_CURVE('',#6298,#6270,#6300,.T.);
#6298 = VERTEX_POINT('',#6299);
#6299 = CARTESIAN_POINT('',(83.162142857143,105.00302648362,
    16.433443998149));
#6300 = SURFACE_CURVE('',#6301,(#6305,#6312),.PCURVE_S1.);
#6301 = LINE('',#6302,#6303);
#6302 = CARTESIAN_POINT('',(83.162142857143,105.00302648362,
    16.433443998149));
#6303 = VECTOR('',#6304,1.);
#6304 = DIRECTION('',(-1.,1.110223024625E-16,0.));
#6305 = PCURVE('',#1552,#6306);
#6306 = DEFINITIONAL_REPRESENTATION('',(#6307),#6311);
#6307 = LINE('',#6308,#6309);
#6308 = CARTESIAN_POINT('',(97.24,11.77));
#6309 = VECTOR('',#6310,1.);
#6310 = DIRECTION('',(0.,1.));
#6311 = ( GEOMETRIC_REPRESENTATION_CONTEXT(2) 
PARAMETRIC_REPRESENTATION_CONTEXT() REPRESENTATION_CONTEXT('2D SPACE',''
  ) );
#6312 = PCURVE('',#6313,#6318);
#6313 = PLANE('',#6314);
#6314 = AXIS2_PLACEMENT_3D('',#6315,#6316,#6317);
#6315 = CARTESIAN_POINT('',(83.162142857143,105.00302648362,
    15.233443998149));
#6316 = DIRECTION('',(1.110223024625E-16,1.,0.));
#6317 = DIRECTION('',(0.,0.,1.));
#6318 = DEFINITIONAL_REPRESENTATION('',(#6319),#6323);
#6319 = LINE('',#6320,#6321);
#6320 = CARTESIAN_POINT('',(1.2,0.));
#6321 = VECTOR('',#6322,1.);
#6322 = DIRECTION('',(0.,-1.));
#6323 = ( GEOMETRIC_REPRESENTATION_CONTEXT(2) 
PARAMETRIC_REPRESENTATION_CONTEXT() REPRESENTATION_CONTEXT('2D SPACE',''
  ) );
#6324 = ORIENTED_EDGE('',*,*,#6325,.F.);
#6325 = EDGE_CURVE('',#6240,#6298,#6326,.T.);
#6326 = SURFACE_CURVE('',#6327,(#6331,#6338),.PCURVE_S1.);
#6327 = LINE('',#6328,#6329);
#6328 = CARTESIAN_POINT('',(83.162142857143,14.403026483627,
    16.433443998149));
#6329 = VECTOR('',#6330,1.);
#6330 = DIRECTION('',(1.110223024625E-16,1.,0.));
#6331 = PCURVE('',#1552,#6332);
#6332 = DEFINITIONAL_REPRESENTATION('',(#6333),#6337);
#6333 = LINE('',#6334,#6335);
#6334 = CARTESIAN_POINT('',(6.64,11.77));
#6335 = VECTOR('',#6336,1.);
#6336 = DIRECTION('',(1.,0.));
#6337 = ( GEOMETRIC_REPRESENTATION_CONTEXT(2) 
PARAMETRIC_REPRESENTATION_CONTEXT() REPRESENTATION_CONTEXT('2D SPACE',''
  ) );
#6338 = PCURVE('',#6339,#6344);
#6339 = PLANE('',#6340);
#6340 = AXIS2_PLACEMENT_3D('',#6341,#6342,#6343);
#6341 = CARTESIAN_POINT('',(83.162142857143,14.403026483627,
    15.233443998149));
#6342 = DIRECTION('',(-1.,1.110223024625E-16,0.));
#6343 = DIRECTION('',(0.,0.,1.));
#6344 = DEFINITIONAL_REPRESENTATION('',(#6345),#6349);
#6345 = LINE('',#6346,#6347);
#6346 = CARTESIAN_POINT('',(1.2,0.));
#6347 = VECTOR('',#6348,1.);
#6348 = DIRECTION('',(0.,1.));
#6349 = ( GEOMETRIC_REPRESENTATION_CONTEXT(2) 
PARAMETRIC_REPRESENTATION_CONTEXT() REPRESENTATION_CONTEXT('2D SPACE',''
  ) );
#6350 = ADVANCED_FACE('',(#6351),#1524,.F.);
#6351 = FACE_BOUND('',#6352,.F.);
#6352 = EDGE_LOOP('',(#6353,#6354,#6375,#6376));
#6353 = ORIENTED_EDGE('',*,*,#6101,.F.);
#6354 = ORIENTED_EDGE('',*,*,#6355,.T.);
#6355 = EDGE_CURVE('',#6102,#4330,#6356,.T.);
#6356 = SURFACE_CURVE('',#6357,(#6361,#6368),.PCURVE_S1.);
#6357 = LINE('',#6358,#6359);
#6358 = CARTESIAN_POINT('',(44.557142857143,123.03302648362,
    16.433443998149));
#6359 = VECTOR('',#6360,1.);
#6360 = DIRECTION('',(0.,0.,1.));
#6361 = PCURVE('',#1524,#6362);
#6362 = DEFINITIONAL_REPRESENTATION('',(#6363),#6367);
#6363 = LINE('',#6364,#6365);
#6364 = CARTESIAN_POINT('',(0.,1.9));
#6365 = VECTOR('',#6366,1.);
#6366 = DIRECTION('',(1.,0.));
#6367 = ( GEOMETRIC_REPRESENTATION_CONTEXT(2) 
PARAMETRIC_REPRESENTATION_CONTEXT() REPRESENTATION_CONTEXT('2D SPACE',''
  ) );
#6368 = PCURVE('',#4345,#6369);
#6369 = DEFINITIONAL_REPRESENTATION('',(#6370),#6374);
#6370 = LINE('',#6371,#6372);
#6371 = CARTESIAN_POINT('',(0.,-45.575));
#6372 = VECTOR('',#6373,1.);
#6373 = DIRECTION('',(1.,0.));
#6374 = ( GEOMETRIC_REPRESENTATION_CONTEXT(2) 
PARAMETRIC_REPRESENTATION_CONTEXT() REPRESENTATION_CONTEXT('2D SPACE',''
  ) );
#6375 = ORIENTED_EDGE('',*,*,#4357,.F.);
#6376 = ORIENTED_EDGE('',*,*,#1508,.F.);
#6377 = ADVANCED_FACE('',(#6378),#2002,.F.);
#6378 = FACE_BOUND('',#6379,.F.);
#6379 = EDGE_LOOP('',(#6380,#6381,#6382,#6403));
#6380 = ORIENTED_EDGE('',*,*,#4704,.F.);
#6381 = ORIENTED_EDGE('',*,*,#1985,.T.);
#6382 = ORIENTED_EDGE('',*,*,#6383,.T.);
#6383 = EDGE_CURVE('',#1986,#4878,#6384,.T.);
#6384 = SURFACE_CURVE('',#6385,(#6389,#6396),.PCURVE_S1.);
#6385 = LINE('',#6386,#6387);
#6386 = CARTESIAN_POINT('',(6.,153.00842373802,5.7));
#6387 = VECTOR('',#6388,1.);
#6388 = DIRECTION('',(4.329780281177E-17,-0.707106781187,-0.707106781187
    ));
#6389 = PCURVE('',#2002,#6390);
#6390 = DEFINITIONAL_REPRESENTATION('',(#6391),#6395);
#6391 = LINE('',#6392,#6393);
#6392 = CARTESIAN_POINT('',(-1.570796326795,-0.));
#6393 = VECTOR('',#6394,1.);
#6394 = DIRECTION('',(-0.,-1.));
#6395 = ( GEOMETRIC_REPRESENTATION_CONTEXT(2) 
PARAMETRIC_REPRESENTATION_CONTEXT() REPRESENTATION_CONTEXT('2D SPACE',''
  ) );
#6396 = PCURVE('',#2055,#6397);
#6397 = DEFINITIONAL_REPRESENTATION('',(#6398),#6402);
#6398 = LINE('',#6399,#6400);
#6399 = CARTESIAN_POINT('',(-1.925929944387E-34,-1.767766952966));
#6400 = VECTOR('',#6401,1.);
#6401 = DIRECTION('',(-4.329780281177E-17,1.));
#6402 = ( GEOMETRIC_REPRESENTATION_CONTEXT(2) 
PARAMETRIC_REPRESENTATION_CONTEXT() REPRESENTATION_CONTEXT('2D SPACE',''
  ) );
#6403 = ORIENTED_EDGE('',*,*,#4900,.F.);
#6404 = ADVANCED_FACE('',(#6405),#2055,.T.);
#6405 = FACE_BOUND('',#6406,.F.);
#6406 = EDGE_LOOP('',(#6407,#6408,#6409,#6410));
#6407 = ORIENTED_EDGE('',*,*,#6383,.F.);
#6408 = ORIENTED_EDGE('',*,*,#2039,.T.);
#6409 = ORIENTED_EDGE('',*,*,#5025,.T.);
#6410 = ORIENTED_EDGE('',*,*,#4877,.F.);
#6411 = ADVANCED_FACE('',(#6412),#2108,.T.);
#6412 = FACE_BOUND('',#6413,.F.);
#6413 = EDGE_LOOP('',(#6414,#6435,#6436,#6459));
#6414 = ORIENTED_EDGE('',*,*,#6415,.F.);
#6415 = EDGE_CURVE('',#2093,#6416,#6418,.T.);
#6416 = VERTEX_POINT('',#6417);
#6417 = CARTESIAN_POINT('',(172.,150.50842373802,3.2));
#6418 = SURFACE_CURVE('',#6419,(#6423,#6429),.PCURVE_S1.);
#6419 = LINE('',#6420,#6421);
#6420 = CARTESIAN_POINT('',(172.,144.61457442442,-2.6938493136));
#6421 = VECTOR('',#6422,1.);
#6422 = DIRECTION('',(0.,-0.707106781187,-0.707106781187));
#6423 = PCURVE('',#2108,#6424);
#6424 = DEFINITIONAL_REPRESENTATION('',(#6425),#6428);
#6425 = B_SPLINE_CURVE_WITH_KNOTS('',1,(#6426,#6427),.UNSPECIFIED.,.F.,
  .F.,(2,2),(-11.87069553981,-8.335161633877),.PIECEWISE_BEZIER_KNOTS.);
#6426 = CARTESIAN_POINT('',(-166.,-1.767766952966));
#6427 = CARTESIAN_POINT('',(-166.,1.767766952966));
#6428 = ( GEOMETRIC_REPRESENTATION_CONTEXT(2) 
PARAMETRIC_REPRESENTATION_CONTEXT() REPRESENTATION_CONTEXT('2D SPACE',''
  ) );
#6429 = PCURVE('',#2136,#6430);
#6430 = DEFINITIONAL_REPRESENTATION('',(#6431),#6434);
#6431 = B_SPLINE_CURVE_WITH_KNOTS('',1,(#6432,#6433),.UNSPECIFIED.,.F.,
  .F.,(2,2),(-11.87069553981,-8.335161633877),.PIECEWISE_BEZIER_KNOTS.);
#6432 = CARTESIAN_POINT('',(2.5,-28.5753972544));
#6433 = CARTESIAN_POINT('',(5.398541517713E-15,-26.0753972544));
#6434 = ( GEOMETRIC_REPRESENTATION_CONTEXT(2) 
PARAMETRIC_REPRESENTATION_CONTEXT() REPRESENTATION_CONTEXT('2D SPACE',''
  ) );
#6435 = ORIENTED_EDGE('',*,*,#2092,.T.);
#6436 = ORIENTED_EDGE('',*,*,#6437,.T.);
#6437 = EDGE_CURVE('',#2070,#6438,#6440,.T.);
#6438 = VERTEX_POINT('',#6439);
#6439 = CARTESIAN_POINT('',(192.775,150.50842373802,3.2));
#6440 = SURFACE_CURVE('',#6441,(#6445,#6452),.PCURVE_S1.);
#6441 = LINE('',#6442,#6443);
#6442 = CARTESIAN_POINT('',(192.775,151.75842373802,4.45));
#6443 = VECTOR('',#6444,1.);
#6444 = DIRECTION('',(2.084121319292E-34,-0.707106781187,-0.707106781187
    ));
#6445 = PCURVE('',#2108,#6446);
#6446 = DEFINITIONAL_REPRESENTATION('',(#6447),#6451);
#6447 = LINE('',#6448,#6449);
#6448 = CARTESIAN_POINT('',(-186.775,-1.256073966947E-15));
#6449 = VECTOR('',#6450,1.);
#6450 = DIRECTION('',(3.87616325418E-35,1.));
#6451 = ( GEOMETRIC_REPRESENTATION_CONTEXT(2) 
PARAMETRIC_REPRESENTATION_CONTEXT() REPRESENTATION_CONTEXT('2D SPACE',''
  ) );
#6452 = PCURVE('',#2884,#6453);
#6453 = DEFINITIONAL_REPRESENTATION('',(#6454),#6458);
#6454 = LINE('',#6455,#6456);
#6455 = CARTESIAN_POINT('',(-0.,-1.25));
#6456 = VECTOR('',#6457,1.);
#6457 = DIRECTION('',(-0.,-1.));
#6458 = ( GEOMETRIC_REPRESENTATION_CONTEXT(2) 
PARAMETRIC_REPRESENTATION_CONTEXT() REPRESENTATION_CONTEXT('2D SPACE',''
  ) );
#6459 = ORIENTED_EDGE('',*,*,#6460,.F.);
#6460 = EDGE_CURVE('',#6416,#6438,#6461,.T.);
#6461 = SURFACE_CURVE('',#6462,(#6466,#6473),.PCURVE_S1.);
#6462 = LINE('',#6463,#6464);
#6463 = CARTESIAN_POINT('',(6.,150.50842373802,3.2));
#6464 = VECTOR('',#6465,1.);
#6465 = DIRECTION('',(1.,0.,0.));
#6466 = PCURVE('',#2108,#6467);
#6467 = DEFINITIONAL_REPRESENTATION('',(#6468),#6472);
#6468 = LINE('',#6469,#6470);
#6469 = CARTESIAN_POINT('',(1.925929944387E-34,1.767766952966));
#6470 = VECTOR('',#6471,1.);
#6471 = DIRECTION('',(-1.,2.803368887165E-34));
#6472 = ( GEOMETRIC_REPRESENTATION_CONTEXT(2) 
PARAMETRIC_REPRESENTATION_CONTEXT() REPRESENTATION_CONTEXT('2D SPACE',''
  ) );
#6473 = PCURVE('',#6474,#6479);
#6474 = PLANE('',#6475);
#6475 = AXIS2_PLACEMENT_3D('',#6476,#6477,#6478);
#6476 = CARTESIAN_POINT('',(3.2,3.2,3.2));
#6477 = DIRECTION('',(0.,0.,1.));
#6478 = DIRECTION('',(1.,0.,0.));
#6479 = DEFINITIONAL_REPRESENTATION('',(#6480),#6484);
#6480 = LINE('',#6481,#6482);
#6481 = CARTESIAN_POINT('',(2.8,147.30842373802));
#6482 = VECTOR('',#6483,1.);
#6483 = DIRECTION('',(1.,0.));
#6484 = ( GEOMETRIC_REPRESENTATION_CONTEXT(2) 
PARAMETRIC_REPRESENTATION_CONTEXT() REPRESENTATION_CONTEXT('2D SPACE',''
  ) );
#6485 = ADVANCED_FACE('',(#6486),#2639,.T.);
#6486 = FACE_BOUND('',#6487,.F.);
#6487 = EDGE_LOOP('',(#6488,#6489,#6490,#6491));
#6488 = ORIENTED_EDGE('',*,*,#5100,.F.);
#6489 = ORIENTED_EDGE('',*,*,#2623,.T.);
#6490 = ORIENTED_EDGE('',*,*,#5195,.T.);
#6491 = ORIENTED_EDGE('',*,*,#5148,.F.);
#6492 = ADVANCED_FACE('',(#6493),#2136,.T.);
#6493 = FACE_BOUND('',#6494,.T.);
#6494 = EDGE_LOOP('',(#6495,#6518,#6539,#6560,#6561));
#6495 = ORIENTED_EDGE('',*,*,#6496,.F.);
#6496 = EDGE_CURVE('',#6497,#2121,#6499,.T.);
#6497 = VERTEX_POINT('',#6498);
#6498 = CARTESIAN_POINT('',(172.,124.63302648362,11.2));
#6499 = SURFACE_CURVE('',#6500,(#6504,#6511),.PCURVE_S1.);
#6500 = LINE('',#6501,#6502);
#6501 = CARTESIAN_POINT('',(172.,124.43302648362,11.2));
#6502 = VECTOR('',#6503,1.);
#6503 = DIRECTION('',(0.,1.,0.));
#6504 = PCURVE('',#2136,#6505);
#6505 = DEFINITIONAL_REPRESENTATION('',(#6506),#6510);
#6506 = LINE('',#6507,#6508);
#6507 = CARTESIAN_POINT('',(8.,0.));
#6508 = VECTOR('',#6509,1.);
#6509 = DIRECTION('',(0.,-1.));
#6510 = ( GEOMETRIC_REPRESENTATION_CONTEXT(2) 
PARAMETRIC_REPRESENTATION_CONTEXT() REPRESENTATION_CONTEXT('2D SPACE',''
  ) );
#6511 = PCURVE('',#2163,#6512);
#6512 = DEFINITIONAL_REPRESENTATION('',(#6513),#6517);
#6513 = LINE('',#6514,#6515);
#6514 = CARTESIAN_POINT('',(4.,0.));
#6515 = VECTOR('',#6516,1.);
#6516 = DIRECTION('',(0.,1.));
#6517 = ( GEOMETRIC_REPRESENTATION_CONTEXT(2) 
PARAMETRIC_REPRESENTATION_CONTEXT() REPRESENTATION_CONTEXT('2D SPACE',''
  ) );
#6518 = ORIENTED_EDGE('',*,*,#6519,.T.);
#6519 = EDGE_CURVE('',#6497,#6520,#6522,.T.);
#6520 = VERTEX_POINT('',#6521);
#6521 = CARTESIAN_POINT('',(172.,124.63302648362,3.2));
#6522 = SURFACE_CURVE('',#6523,(#6527,#6533),.PCURVE_S1.);
#6523 = LINE('',#6524,#6525);
#6524 = CARTESIAN_POINT('',(172.,124.63302648362,3.2));
#6525 = VECTOR('',#6526,1.);
#6526 = DIRECTION('',(0.,0.,-1.));
#6527 = PCURVE('',#2136,#6528);
#6528 = DEFINITIONAL_REPRESENTATION('',(#6529),#6532);
#6529 = B_SPLINE_CURVE_WITH_KNOTS('',1,(#6530,#6531),.UNSPECIFIED.,.F.,
  .F.,(2,2),(-8.,0.),.PIECEWISE_BEZIER_KNOTS.);
#6530 = CARTESIAN_POINT('',(8.,-0.2));
#6531 = CARTESIAN_POINT('',(0.,-0.2));
#6532 = ( GEOMETRIC_REPRESENTATION_CONTEXT(2) 
PARAMETRIC_REPRESENTATION_CONTEXT() REPRESENTATION_CONTEXT('2D SPACE',''
  ) );
#6533 = PCURVE('',#3019,#6534);
#6534 = DEFINITIONAL_REPRESENTATION('',(#6535),#6538);
#6535 = B_SPLINE_CURVE_WITH_KNOTS('',1,(#6536,#6537),.UNSPECIFIED.,.F.,
  .F.,(2,2),(-8.,0.),.PIECEWISE_BEZIER_KNOTS.);
#6536 = CARTESIAN_POINT('',(8.,-24.075));
#6537 = CARTESIAN_POINT('',(0.,-24.075));
#6538 = ( GEOMETRIC_REPRESENTATION_CONTEXT(2) 
PARAMETRIC_REPRESENTATION_CONTEXT() REPRESENTATION_CONTEXT('2D SPACE',''
  ) );
#6539 = ORIENTED_EDGE('',*,*,#6540,.T.);
#6540 = EDGE_CURVE('',#6520,#6416,#6541,.T.);
#6541 = SURFACE_CURVE('',#6542,(#6546,#6553),.PCURVE_S1.);
#6542 = LINE('',#6543,#6544);
#6543 = CARTESIAN_POINT('',(172.,124.43302648362,3.2));
#6544 = VECTOR('',#6545,1.);
#6545 = DIRECTION('',(0.,1.,0.));
#6546 = PCURVE('',#2136,#6547);
#6547 = DEFINITIONAL_REPRESENTATION('',(#6548),#6552);
#6548 = LINE('',#6549,#6550);
#6549 = CARTESIAN_POINT('',(0.,0.));
#6550 = VECTOR('',#6551,1.);
#6551 = DIRECTION('',(0.,-1.));
#6552 = ( GEOMETRIC_REPRESENTATION_CONTEXT(2) 
PARAMETRIC_REPRESENTATION_CONTEXT() REPRESENTATION_CONTEXT('2D SPACE',''
  ) );
#6553 = PCURVE('',#6474,#6554);
#6554 = DEFINITIONAL_REPRESENTATION('',(#6555),#6559);
#6555 = LINE('',#6556,#6557);
#6556 = CARTESIAN_POINT('',(168.8,121.23302648362));
#6557 = VECTOR('',#6558,1.);
#6558 = DIRECTION('',(0.,1.));
#6559 = ( GEOMETRIC_REPRESENTATION_CONTEXT(2) 
PARAMETRIC_REPRESENTATION_CONTEXT() REPRESENTATION_CONTEXT('2D SPACE',''
  ) );
#6560 = ORIENTED_EDGE('',*,*,#6415,.F.);
#6561 = ORIENTED_EDGE('',*,*,#2120,.F.);
#6562 = ADVANCED_FACE('',(#6563),#2163,.T.);
#6563 = FACE_BOUND('',#6564,.T.);
#6564 = EDGE_LOOP('',(#6565,#6588,#6607,#6608));
#6565 = ORIENTED_EDGE('',*,*,#6566,.F.);
#6566 = EDGE_CURVE('',#6567,#2148,#6569,.T.);
#6567 = VERTEX_POINT('',#6568);
#6568 = CARTESIAN_POINT('',(168.,124.63302648362,11.2));
#6569 = SURFACE_CURVE('',#6570,(#6574,#6581),.PCURVE_S1.);
#6570 = LINE('',#6571,#6572);
#6571 = CARTESIAN_POINT('',(168.,124.43302648362,11.2));
#6572 = VECTOR('',#6573,1.);
#6573 = DIRECTION('',(0.,1.,0.));
#6574 = PCURVE('',#2163,#6575);
#6575 = DEFINITIONAL_REPRESENTATION('',(#6576),#6580);
#6576 = LINE('',#6577,#6578);
#6577 = CARTESIAN_POINT('',(0.,0.));
#6578 = VECTOR('',#6579,1.);
#6579 = DIRECTION('',(0.,1.));
#6580 = ( GEOMETRIC_REPRESENTATION_CONTEXT(2) 
PARAMETRIC_REPRESENTATION_CONTEXT() REPRESENTATION_CONTEXT('2D SPACE',''
  ) );
#6581 = PCURVE('',#2190,#6582);
#6582 = DEFINITIONAL_REPRESENTATION('',(#6583),#6587);
#6583 = LINE('',#6584,#6585);
#6584 = CARTESIAN_POINT('',(8.,0.));
#6585 = VECTOR('',#6586,1.);
#6586 = DIRECTION('',(0.,-1.));
#6587 = ( GEOMETRIC_REPRESENTATION_CONTEXT(2) 
PARAMETRIC_REPRESENTATION_CONTEXT() REPRESENTATION_CONTEXT('2D SPACE',''
  ) );
#6588 = ORIENTED_EDGE('',*,*,#6589,.T.);
#6589 = EDGE_CURVE('',#6567,#6497,#6590,.T.);
#6590 = SURFACE_CURVE('',#6591,(#6595,#6601),.PCURVE_S1.);
#6591 = LINE('',#6592,#6593);
#6592 = CARTESIAN_POINT('',(182.0375,124.63302648362,11.2));
#6593 = VECTOR('',#6594,1.);
#6594 = DIRECTION('',(1.,-1.110223024625E-16,0.));
#6595 = PCURVE('',#2163,#6596);
#6596 = DEFINITIONAL_REPRESENTATION('',(#6597),#6600);
#6597 = B_SPLINE_CURVE_WITH_KNOTS('',1,(#6598,#6599),.UNSPECIFIED.,.F.,
  .F.,(2,2),(-14.0375,-10.0375),.PIECEWISE_BEZIER_KNOTS.);
#6598 = CARTESIAN_POINT('',(0.,0.2));
#6599 = CARTESIAN_POINT('',(4.,0.2));
#6600 = ( GEOMETRIC_REPRESENTATION_CONTEXT(2) 
PARAMETRIC_REPRESENTATION_CONTEXT() REPRESENTATION_CONTEXT('2D SPACE',''
  ) );
#6601 = PCURVE('',#3019,#6602);
#6602 = DEFINITIONAL_REPRESENTATION('',(#6603),#6606);
#6603 = B_SPLINE_CURVE_WITH_KNOTS('',1,(#6604,#6605),.UNSPECIFIED.,.F.,
  .F.,(2,2),(-14.0375,-10.0375),.PIECEWISE_BEZIER_KNOTS.);
#6604 = CARTESIAN_POINT('',(8.,-28.075));
#6605 = CARTESIAN_POINT('',(8.,-24.075));
#6606 = ( GEOMETRIC_REPRESENTATION_CONTEXT(2) 
PARAMETRIC_REPRESENTATION_CONTEXT() REPRESENTATION_CONTEXT('2D SPACE',''
  ) );
#6607 = ORIENTED_EDGE('',*,*,#6496,.T.);
#6608 = ORIENTED_EDGE('',*,*,#2147,.F.);
#6609 = ADVANCED_FACE('',(#6610),#2190,.F.);
#6610 = FACE_BOUND('',#6611,.F.);
#6611 = EDGE_LOOP('',(#6612,#6613,#6634,#6662,#6681));
#6612 = ORIENTED_EDGE('',*,*,#6566,.F.);
#6613 = ORIENTED_EDGE('',*,*,#6614,.T.);
#6614 = EDGE_CURVE('',#6567,#6615,#6617,.T.);
#6615 = VERTEX_POINT('',#6616);
#6616 = CARTESIAN_POINT('',(168.,124.63302648362,3.2));
#6617 = SURFACE_CURVE('',#6618,(#6622,#6628),.PCURVE_S1.);
#6618 = LINE('',#6619,#6620);
#6619 = CARTESIAN_POINT('',(168.,124.63302648362,3.2));
#6620 = VECTOR('',#6621,1.);
#6621 = DIRECTION('',(0.,0.,-1.));
#6622 = PCURVE('',#2190,#6623);
#6623 = DEFINITIONAL_REPRESENTATION('',(#6624),#6627);
#6624 = B_SPLINE_CURVE_WITH_KNOTS('',1,(#6625,#6626),.UNSPECIFIED.,.F.,
  .F.,(2,2),(-8.,0.),.PIECEWISE_BEZIER_KNOTS.);
#6625 = CARTESIAN_POINT('',(8.,-0.2));
#6626 = CARTESIAN_POINT('',(0.,-0.2));
#6627 = ( GEOMETRIC_REPRESENTATION_CONTEXT(2) 
PARAMETRIC_REPRESENTATION_CONTEXT() REPRESENTATION_CONTEXT('2D SPACE',''
  ) );
#6628 = PCURVE('',#3019,#6629);
#6629 = DEFINITIONAL_REPRESENTATION('',(#6630),#6633);
#6630 = B_SPLINE_CURVE_WITH_KNOTS('',1,(#6631,#6632),.UNSPECIFIED.,.F.,
  .F.,(2,2),(-8.,0.),.PIECEWISE_BEZIER_KNOTS.);
#6631 = CARTESIAN_POINT('',(8.,-28.075));
#6632 = CARTESIAN_POINT('',(0.,-28.075));
#6633 = ( GEOMETRIC_REPRESENTATION_CONTEXT(2) 
PARAMETRIC_REPRESENTATION_CONTEXT() REPRESENTATION_CONTEXT('2D SPACE',''
  ) );
#6634 = ORIENTED_EDGE('',*,*,#6635,.T.);
#6635 = EDGE_CURVE('',#6615,#6636,#6638,.T.);
#6636 = VERTEX_POINT('',#6637);
#6637 = CARTESIAN_POINT('',(168.,150.50842373802,3.2));
#6638 = SURFACE_CURVE('',#6639,(#6643,#6650),.PCURVE_S1.);
#6639 = LINE('',#6640,#6641);
#6640 = CARTESIAN_POINT('',(168.,124.43302648362,3.2));
#6641 = VECTOR('',#6642,1.);
#6642 = DIRECTION('',(0.,1.,0.));
#6643 = PCURVE('',#2190,#6644);
#6644 = DEFINITIONAL_REPRESENTATION('',(#6645),#6649);
#6645 = LINE('',#6646,#6647);
#6646 = CARTESIAN_POINT('',(0.,0.));
#6647 = VECTOR('',#6648,1.);
#6648 = DIRECTION('',(0.,-1.));
#6649 = ( GEOMETRIC_REPRESENTATION_CONTEXT(2) 
PARAMETRIC_REPRESENTATION_CONTEXT() REPRESENTATION_CONTEXT('2D SPACE',''
  ) );
#6650 = PCURVE('',#6651,#6656);
#6651 = PLANE('',#6652);
#6652 = AXIS2_PLACEMENT_3D('',#6653,#6654,#6655);
#6653 = CARTESIAN_POINT('',(3.2,3.2,3.2));
#6654 = DIRECTION('',(0.,0.,1.));
#6655 = DIRECTION('',(1.,0.,0.));
#6656 = DEFINITIONAL_REPRESENTATION('',(#6657),#6661);
#6657 = LINE('',#6658,#6659);
#6658 = CARTESIAN_POINT('',(164.8,121.23302648362));
#6659 = VECTOR('',#6660,1.);
#6660 = DIRECTION('',(0.,1.));
#6661 = ( GEOMETRIC_REPRESENTATION_CONTEXT(2) 
PARAMETRIC_REPRESENTATION_CONTEXT() REPRESENTATION_CONTEXT('2D SPACE',''
  ) );
#6662 = ORIENTED_EDGE('',*,*,#6663,.F.);
#6663 = EDGE_CURVE('',#2175,#6636,#6664,.T.);
#6664 = SURFACE_CURVE('',#6665,(#6669,#6675),.PCURVE_S1.);
#6665 = LINE('',#6666,#6667);
#6666 = CARTESIAN_POINT('',(168.,144.61457442442,-2.6938493136));
#6667 = VECTOR('',#6668,1.);
#6668 = DIRECTION('',(0.,-0.707106781187,-0.707106781187));
#6669 = PCURVE('',#2190,#6670);
#6670 = DEFINITIONAL_REPRESENTATION('',(#6671),#6674);
#6671 = B_SPLINE_CURVE_WITH_KNOTS('',1,(#6672,#6673),.UNSPECIFIED.,.F.,
  .F.,(2,2),(-11.87069553981,-8.335161633877),.PIECEWISE_BEZIER_KNOTS.);
#6672 = CARTESIAN_POINT('',(2.5,-28.5753972544));
#6673 = CARTESIAN_POINT('',(5.398541517713E-15,-26.0753972544));
#6674 = ( GEOMETRIC_REPRESENTATION_CONTEXT(2) 
PARAMETRIC_REPRESENTATION_CONTEXT() REPRESENTATION_CONTEXT('2D SPACE',''
  ) );
#6675 = PCURVE('',#2217,#6676);
#6676 = DEFINITIONAL_REPRESENTATION('',(#6677),#6680);
#6677 = B_SPLINE_CURVE_WITH_KNOTS('',1,(#6678,#6679),.UNSPECIFIED.,.F.,
  .F.,(2,2),(-11.87069553981,-8.335161633877),.PIECEWISE_BEZIER_KNOTS.);
#6678 = CARTESIAN_POINT('',(-162.,-1.767766952966));
#6679 = CARTESIAN_POINT('',(-162.,1.767766952966));
#6680 = ( GEOMETRIC_REPRESENTATION_CONTEXT(2) 
PARAMETRIC_REPRESENTATION_CONTEXT() REPRESENTATION_CONTEXT('2D SPACE',''
  ) );
#6681 = ORIENTED_EDGE('',*,*,#2174,.F.);
#6682 = ADVANCED_FACE('',(#6683),#2217,.T.);
#6683 = FACE_BOUND('',#6684,.F.);
#6684 = EDGE_LOOP('',(#6685,#6706,#6707,#6708));
#6685 = ORIENTED_EDGE('',*,*,#6686,.F.);
#6686 = EDGE_CURVE('',#2202,#6687,#6689,.T.);
#6687 = VERTEX_POINT('',#6688);
#6688 = CARTESIAN_POINT('',(137.,150.50842373802,3.2));
#6689 = SURFACE_CURVE('',#6690,(#6694,#6700),.PCURVE_S1.);
#6690 = LINE('',#6691,#6692);
#6691 = CARTESIAN_POINT('',(137.,144.61457442442,-2.6938493136));
#6692 = VECTOR('',#6693,1.);
#6693 = DIRECTION('',(0.,-0.707106781187,-0.707106781187));
#6694 = PCURVE('',#2217,#6695);
#6695 = DEFINITIONAL_REPRESENTATION('',(#6696),#6699);
#6696 = B_SPLINE_CURVE_WITH_KNOTS('',1,(#6697,#6698),.UNSPECIFIED.,.F.,
  .F.,(2,2),(-11.87069553981,-8.335161633877),.PIECEWISE_BEZIER_KNOTS.);
#6697 = CARTESIAN_POINT('',(-131.,-1.767766952966));
#6698 = CARTESIAN_POINT('',(-131.,1.767766952966));
#6699 = ( GEOMETRIC_REPRESENTATION_CONTEXT(2) 
PARAMETRIC_REPRESENTATION_CONTEXT() REPRESENTATION_CONTEXT('2D SPACE',''
  ) );
#6700 = PCURVE('',#2245,#6701);
#6701 = DEFINITIONAL_REPRESENTATION('',(#6702),#6705);
#6702 = B_SPLINE_CURVE_WITH_KNOTS('',1,(#6703,#6704),.UNSPECIFIED.,.F.,
  .F.,(2,2),(-11.87069553981,-8.335161633877),.PIECEWISE_BEZIER_KNOTS.);
#6703 = CARTESIAN_POINT('',(2.5,-28.5753972544));
#6704 = CARTESIAN_POINT('',(5.398541517713E-15,-26.0753972544));
#6705 = ( GEOMETRIC_REPRESENTATION_CONTEXT(2) 
PARAMETRIC_REPRESENTATION_CONTEXT() REPRESENTATION_CONTEXT('2D SPACE',''
  ) );
#6706 = ORIENTED_EDGE('',*,*,#2201,.T.);
#6707 = ORIENTED_EDGE('',*,*,#6663,.T.);
#6708 = ORIENTED_EDGE('',*,*,#6709,.F.);
#6709 = EDGE_CURVE('',#6687,#6636,#6710,.T.);
#6710 = SURFACE_CURVE('',#6711,(#6715,#6722),.PCURVE_S1.);
#6711 = LINE('',#6712,#6713);
#6712 = CARTESIAN_POINT('',(6.,150.50842373802,3.2));
#6713 = VECTOR('',#6714,1.);
#6714 = DIRECTION('',(1.,0.,0.));
#6715 = PCURVE('',#2217,#6716);
#6716 = DEFINITIONAL_REPRESENTATION('',(#6717),#6721);
#6717 = LINE('',#6718,#6719);
#6718 = CARTESIAN_POINT('',(1.925929944387E-34,1.767766952966));
#6719 = VECTOR('',#6720,1.);
#6720 = DIRECTION('',(-1.,2.803368887165E-34));
#6721 = ( GEOMETRIC_REPRESENTATION_CONTEXT(2) 
PARAMETRIC_REPRESENTATION_CONTEXT() REPRESENTATION_CONTEXT('2D SPACE',''
  ) );
#6722 = PCURVE('',#6651,#6723);
#6723 = DEFINITIONAL_REPRESENTATION('',(#6724),#6728);
#6724 = LINE('',#6725,#6726);
#6725 = CARTESIAN_POINT('',(2.8,147.30842373802));
#6726 = VECTOR('',#6727,1.);
#6727 = DIRECTION('',(1.,0.));
#6728 = ( GEOMETRIC_REPRESENTATION_CONTEXT(2) 
PARAMETRIC_REPRESENTATION_CONTEXT() REPRESENTATION_CONTEXT('2D SPACE',''
  ) );
#6729 = ADVANCED_FACE('',(#6730),#2545,.T.);
#6730 = FACE_BOUND('',#6731,.F.);
#6731 = EDGE_LOOP('',(#6732,#6733,#6734,#6753));
#6732 = ORIENTED_EDGE('',*,*,#5270,.F.);
#6733 = ORIENTED_EDGE('',*,*,#2529,.T.);
#6734 = ORIENTED_EDGE('',*,*,#6735,.T.);
#6735 = EDGE_CURVE('',#2502,#5490,#6736,.T.);
#6736 = SURFACE_CURVE('',#6737,(#6741,#6747),.PCURVE_S1.);
#6737 = LINE('',#6738,#6739);
#6738 = CARTESIAN_POINT('',(80.028571428571,146.05842373802,-1.25));
#6739 = VECTOR('',#6740,1.);
#6740 = DIRECTION('',(0.,-0.707106781187,-0.707106781187));
#6741 = PCURVE('',#2545,#6742);
#6742 = DEFINITIONAL_REPRESENTATION('',(#6743),#6746);
#6743 = B_SPLINE_CURVE_WITH_KNOTS('',1,(#6744,#6745),.UNSPECIFIED.,.F.,
  .F.,(2,2),(-9.828784258493,-6.29325035256),.PIECEWISE_BEZIER_KNOTS.);
#6744 = CARTESIAN_POINT('',(-74.02857142857,-1.767766952966));
#6745 = CARTESIAN_POINT('',(-74.02857142857,1.767766952966));
#6746 = ( GEOMETRIC_REPRESENTATION_CONTEXT(2) 
PARAMETRIC_REPRESENTATION_CONTEXT() REPRESENTATION_CONTEXT('2D SPACE',''
  ) );
#6747 = PCURVE('',#2517,#6748);
#6748 = DEFINITIONAL_REPRESENTATION('',(#6749),#6752);
#6749 = B_SPLINE_CURVE_WITH_KNOTS('',1,(#6750,#6751),.UNSPECIFIED.,.F.,
  .F.,(2,2),(-9.828784258493,-6.29325035256),.PIECEWISE_BEZIER_KNOTS.);
#6750 = CARTESIAN_POINT('',(2.5,-22.8));
#6751 = CARTESIAN_POINT('',(1.333237251848E-15,-20.3));
#6752 = ( GEOMETRIC_REPRESENTATION_CONTEXT(2) 
PARAMETRIC_REPRESENTATION_CONTEXT() REPRESENTATION_CONTEXT('2D SPACE',''
  ) );
#6753 = ORIENTED_EDGE('',*,*,#5512,.F.);
#6754 = ADVANCED_FACE('',(#6755),#2245,.T.);
#6755 = FACE_BOUND('',#6756,.T.);
#6756 = EDGE_LOOP('',(#6757,#6780,#6801,#6822,#6823));
#6757 = ORIENTED_EDGE('',*,*,#6758,.F.);
#6758 = EDGE_CURVE('',#6759,#2230,#6761,.T.);
#6759 = VERTEX_POINT('',#6760);
#6760 = CARTESIAN_POINT('',(137.,124.63302648362,11.2));
#6761 = SURFACE_CURVE('',#6762,(#6766,#6773),.PCURVE_S1.);
#6762 = LINE('',#6763,#6764);
#6763 = CARTESIAN_POINT('',(137.,124.43302648362,11.2));
#6764 = VECTOR('',#6765,1.);
#6765 = DIRECTION('',(0.,1.,0.));
#6766 = PCURVE('',#2245,#6767);
#6767 = DEFINITIONAL_REPRESENTATION('',(#6768),#6772);
#6768 = LINE('',#6769,#6770);
#6769 = CARTESIAN_POINT('',(8.,0.));
#6770 = VECTOR('',#6771,1.);
#6771 = DIRECTION('',(0.,-1.));
#6772 = ( GEOMETRIC_REPRESENTATION_CONTEXT(2) 
PARAMETRIC_REPRESENTATION_CONTEXT() REPRESENTATION_CONTEXT('2D SPACE',''
  ) );
#6773 = PCURVE('',#2272,#6774);
#6774 = DEFINITIONAL_REPRESENTATION('',(#6775),#6779);
#6775 = LINE('',#6776,#6777);
#6776 = CARTESIAN_POINT('',(4.,0.));
#6777 = VECTOR('',#6778,1.);
#6778 = DIRECTION('',(0.,1.));
#6779 = ( GEOMETRIC_REPRESENTATION_CONTEXT(2) 
PARAMETRIC_REPRESENTATION_CONTEXT() REPRESENTATION_CONTEXT('2D SPACE',''
  ) );
#6780 = ORIENTED_EDGE('',*,*,#6781,.T.);
#6781 = EDGE_CURVE('',#6759,#6782,#6784,.T.);
#6782 = VERTEX_POINT('',#6783);
#6783 = CARTESIAN_POINT('',(137.,124.63302648362,3.2));
#6784 = SURFACE_CURVE('',#6785,(#6789,#6795),.PCURVE_S1.);
#6785 = LINE('',#6786,#6787);
#6786 = CARTESIAN_POINT('',(137.,124.63302648362,3.2));
#6787 = VECTOR('',#6788,1.);
#6788 = DIRECTION('',(0.,0.,-1.));
#6789 = PCURVE('',#2245,#6790);
#6790 = DEFINITIONAL_REPRESENTATION('',(#6791),#6794);
#6791 = B_SPLINE_CURVE_WITH_KNOTS('',1,(#6792,#6793),.UNSPECIFIED.,.F.,
  .F.,(2,2),(-8.,0.),.PIECEWISE_BEZIER_KNOTS.);
#6792 = CARTESIAN_POINT('',(8.,-0.2));
#6793 = CARTESIAN_POINT('',(0.,-0.2));
#6794 = ( GEOMETRIC_REPRESENTATION_CONTEXT(2) 
PARAMETRIC_REPRESENTATION_CONTEXT() REPRESENTATION_CONTEXT('2D SPACE',''
  ) );
#6795 = PCURVE('',#3019,#6796);
#6796 = DEFINITIONAL_REPRESENTATION('',(#6797),#6800);
#6797 = B_SPLINE_CURVE_WITH_KNOTS('',1,(#6798,#6799),.UNSPECIFIED.,.F.,
  .F.,(2,2),(-8.,0.),.PIECEWISE_BEZIER_KNOTS.);
#6798 = CARTESIAN_POINT('',(8.,-59.075));
#6799 = CARTESIAN_POINT('',(0.,-59.075));
#6800 = ( GEOMETRIC_REPRESENTATION_CONTEXT(2) 
PARAMETRIC_REPRESENTATION_CONTEXT() REPRESENTATION_CONTEXT('2D SPACE',''
  ) );
#6801 = ORIENTED_EDGE('',*,*,#6802,.T.);
#6802 = EDGE_CURVE('',#6782,#6687,#6803,.T.);
#6803 = SURFACE_CURVE('',#6804,(#6808,#6815),.PCURVE_S1.);
#6804 = LINE('',#6805,#6806);
#6805 = CARTESIAN_POINT('',(137.,124.43302648362,3.2));
#6806 = VECTOR('',#6807,1.);
#6807 = DIRECTION('',(0.,1.,0.));
#6808 = PCURVE('',#2245,#6809);
#6809 = DEFINITIONAL_REPRESENTATION('',(#6810),#6814);
#6810 = LINE('',#6811,#6812);
#6811 = CARTESIAN_POINT('',(0.,0.));
#6812 = VECTOR('',#6813,1.);
#6813 = DIRECTION('',(0.,-1.));
#6814 = ( GEOMETRIC_REPRESENTATION_CONTEXT(2) 
PARAMETRIC_REPRESENTATION_CONTEXT() REPRESENTATION_CONTEXT('2D SPACE',''
  ) );
#6815 = PCURVE('',#6651,#6816);
#6816 = DEFINITIONAL_REPRESENTATION('',(#6817),#6821);
#6817 = LINE('',#6818,#6819);
#6818 = CARTESIAN_POINT('',(133.8,121.23302648362));
#6819 = VECTOR('',#6820,1.);
#6820 = DIRECTION('',(0.,1.));
#6821 = ( GEOMETRIC_REPRESENTATION_CONTEXT(2) 
PARAMETRIC_REPRESENTATION_CONTEXT() REPRESENTATION_CONTEXT('2D SPACE',''
  ) );
#6822 = ORIENTED_EDGE('',*,*,#6686,.F.);
#6823 = ORIENTED_EDGE('',*,*,#2229,.F.);
#6824 = ADVANCED_FACE('',(#6825),#2517,.F.);
#6825 = FACE_BOUND('',#6826,.F.);
#6826 = EDGE_LOOP('',(#6827,#6850,#6871,#6872,#6873));
#6827 = ORIENTED_EDGE('',*,*,#6828,.F.);
#6828 = EDGE_CURVE('',#6829,#2479,#6831,.T.);
#6829 = VERTEX_POINT('',#6830);
#6830 = CARTESIAN_POINT('',(80.028571428571,130.20842373802,7.2));
#6831 = SURFACE_CURVE('',#6832,(#6836,#6843),.PCURVE_S1.);
#6832 = LINE('',#6833,#6834);
#6833 = CARTESIAN_POINT('',(80.028571428571,130.20842373802,7.2));
#6834 = VECTOR('',#6835,1.);
#6835 = DIRECTION('',(0.,1.,0.));
#6836 = PCURVE('',#2517,#6837);
#6837 = DEFINITIONAL_REPRESENTATION('',(#6838),#6842);
#6838 = LINE('',#6839,#6840);
#6839 = CARTESIAN_POINT('',(4.,0.));
#6840 = VECTOR('',#6841,1.);
#6841 = DIRECTION('',(0.,-1.));
#6842 = ( GEOMETRIC_REPRESENTATION_CONTEXT(2) 
PARAMETRIC_REPRESENTATION_CONTEXT() REPRESENTATION_CONTEXT('2D SPACE',''
  ) );
#6843 = PCURVE('',#2382,#6844);
#6844 = DEFINITIONAL_REPRESENTATION('',(#6845),#6849);
#6845 = LINE('',#6846,#6847);
#6846 = CARTESIAN_POINT('',(0.,0.));
#6847 = VECTOR('',#6848,1.);
#6848 = DIRECTION('',(0.,1.));
#6849 = ( GEOMETRIC_REPRESENTATION_CONTEXT(2) 
PARAMETRIC_REPRESENTATION_CONTEXT() REPRESENTATION_CONTEXT('2D SPACE',''
  ) );
#6850 = ORIENTED_EDGE('',*,*,#6851,.F.);
#6851 = EDGE_CURVE('',#5462,#6829,#6852,.T.);
#6852 = SURFACE_CURVE('',#6853,(#6857,#6864),.PCURVE_S1.);
#6853 = LINE('',#6854,#6855);
#6854 = CARTESIAN_POINT('',(80.028571428571,130.20842373802,3.2));
#6855 = VECTOR('',#6856,1.);
#6856 = DIRECTION('',(0.,0.,1.));
#6857 = PCURVE('',#2517,#6858);
#6858 = DEFINITIONAL_REPRESENTATION('',(#6859),#6863);
#6859 = LINE('',#6860,#6861);
#6860 = CARTESIAN_POINT('',(0.,0.));
#6861 = VECTOR('',#6862,1.);
#6862 = DIRECTION('',(1.,0.));
#6863 = ( GEOMETRIC_REPRESENTATION_CONTEXT(2) 
PARAMETRIC_REPRESENTATION_CONTEXT() REPRESENTATION_CONTEXT('2D SPACE',''
  ) );
#6864 = PCURVE('',#5477,#6865);
#6865 = DEFINITIONAL_REPRESENTATION('',(#6866),#6870);
#6866 = LINE('',#6867,#6868);
#6867 = CARTESIAN_POINT('',(0.,0.));
#6868 = VECTOR('',#6869,1.);
#6869 = DIRECTION('',(1.,0.));
#6870 = ( GEOMETRIC_REPRESENTATION_CONTEXT(2) 
PARAMETRIC_REPRESENTATION_CONTEXT() REPRESENTATION_CONTEXT('2D SPACE',''
  ) );
#6871 = ORIENTED_EDGE('',*,*,#5489,.T.);
#6872 = ORIENTED_EDGE('',*,*,#6735,.F.);
#6873 = ORIENTED_EDGE('',*,*,#2501,.T.);
#6874 = ADVANCED_FACE('',(#6875),#2272,.T.);
#6875 = FACE_BOUND('',#6876,.T.);
#6876 = EDGE_LOOP('',(#6877,#6900,#6919,#6920));
#6877 = ORIENTED_EDGE('',*,*,#6878,.F.);
#6878 = EDGE_CURVE('',#6879,#2257,#6881,.T.);
#6879 = VERTEX_POINT('',#6880);
#6880 = CARTESIAN_POINT('',(133.,124.63302648362,11.2));
#6881 = SURFACE_CURVE('',#6882,(#6886,#6893),.PCURVE_S1.);
#6882 = LINE('',#6883,#6884);
#6883 = CARTESIAN_POINT('',(133.,124.43302648362,11.2));
#6884 = VECTOR('',#6885,1.);
#6885 = DIRECTION('',(0.,1.,0.));
#6886 = PCURVE('',#2272,#6887);
#6887 = DEFINITIONAL_REPRESENTATION('',(#6888),#6892);
#6888 = LINE('',#6889,#6890);
#6889 = CARTESIAN_POINT('',(0.,0.));
#6890 = VECTOR('',#6891,1.);
#6891 = DIRECTION('',(0.,1.));
#6892 = ( GEOMETRIC_REPRESENTATION_CONTEXT(2) 
PARAMETRIC_REPRESENTATION_CONTEXT() REPRESENTATION_CONTEXT('2D SPACE',''
  ) );
#6893 = PCURVE('',#2299,#6894);
#6894 = DEFINITIONAL_REPRESENTATION('',(#6895),#6899);
#6895 = LINE('',#6896,#6897);
#6896 = CARTESIAN_POINT('',(8.,0.));
#6897 = VECTOR('',#6898,1.);
#6898 = DIRECTION('',(0.,-1.));
#6899 = ( GEOMETRIC_REPRESENTATION_CONTEXT(2) 
PARAMETRIC_REPRESENTATION_CONTEXT() REPRESENTATION_CONTEXT('2D SPACE',''
  ) );
#6900 = ORIENTED_EDGE('',*,*,#6901,.T.);
#6901 = EDGE_CURVE('',#6879,#6759,#6902,.T.);
#6902 = SURFACE_CURVE('',#6903,(#6907,#6913),.PCURVE_S1.);
#6903 = LINE('',#6904,#6905);
#6904 = CARTESIAN_POINT('',(164.5375,124.63302648362,11.2));
#6905 = VECTOR('',#6906,1.);
#6906 = DIRECTION('',(1.,-1.110223024625E-16,0.));
#6907 = PCURVE('',#2272,#6908);
#6908 = DEFINITIONAL_REPRESENTATION('',(#6909),#6912);
#6909 = B_SPLINE_CURVE_WITH_KNOTS('',1,(#6910,#6911),.UNSPECIFIED.,.F.,
  .F.,(2,2),(-31.5375,-27.5375),.PIECEWISE_BEZIER_KNOTS.);
#6910 = CARTESIAN_POINT('',(0.,0.2));
#6911 = CARTESIAN_POINT('',(4.,0.2));
#6912 = ( GEOMETRIC_REPRESENTATION_CONTEXT(2) 
PARAMETRIC_REPRESENTATION_CONTEXT() REPRESENTATION_CONTEXT('2D SPACE',''
  ) );
#6913 = PCURVE('',#3019,#6914);
#6914 = DEFINITIONAL_REPRESENTATION('',(#6915),#6918);
#6915 = B_SPLINE_CURVE_WITH_KNOTS('',1,(#6916,#6917),.UNSPECIFIED.,.F.,
  .F.,(2,2),(-31.5375,-27.5375),.PIECEWISE_BEZIER_KNOTS.);
#6916 = CARTESIAN_POINT('',(8.,-63.075));
#6917 = CARTESIAN_POINT('',(8.,-59.075));
#6918 = ( GEOMETRIC_REPRESENTATION_CONTEXT(2) 
PARAMETRIC_REPRESENTATION_CONTEXT() REPRESENTATION_CONTEXT('2D SPACE',''
  ) );
#6919 = ORIENTED_EDGE('',*,*,#6758,.T.);
#6920 = ORIENTED_EDGE('',*,*,#2256,.F.);
#6921 = ADVANCED_FACE('',(#6922),#2382,.T.);
#6922 = FACE_BOUND('',#6923,.T.);
#6923 = EDGE_LOOP('',(#6924,#6925,#6926,#6949,#6970,#6971,#6992,#7018));
#6924 = ORIENTED_EDGE('',*,*,#2478,.F.);
#6925 = ORIENTED_EDGE('',*,*,#6828,.F.);
#6926 = ORIENTED_EDGE('',*,*,#6927,.T.);
#6927 = EDGE_CURVE('',#6829,#6928,#6930,.T.);
#6928 = VERTEX_POINT('',#6929);
#6929 = CARTESIAN_POINT('',(122.22857142857,130.20842373802,7.2));
#6930 = SURFACE_CURVE('',#6931,(#6935,#6942),.PCURVE_S1.);
#6931 = LINE('',#6932,#6933);
#6932 = CARTESIAN_POINT('',(80.028571428571,130.20842373802,7.2));
#6933 = VECTOR('',#6934,1.);
#6934 = DIRECTION('',(1.,0.,0.));
#6935 = PCURVE('',#2382,#6936);
#6936 = DEFINITIONAL_REPRESENTATION('',(#6937),#6941);
#6937 = LINE('',#6938,#6939);
#6938 = CARTESIAN_POINT('',(0.,0.));
#6939 = VECTOR('',#6940,1.);
#6940 = DIRECTION('',(1.,0.));
#6941 = ( GEOMETRIC_REPRESENTATION_CONTEXT(2) 
PARAMETRIC_REPRESENTATION_CONTEXT() REPRESENTATION_CONTEXT('2D SPACE',''
  ) );
#6942 = PCURVE('',#5477,#6943);
#6943 = DEFINITIONAL_REPRESENTATION('',(#6944),#6948);
#6944 = LINE('',#6945,#6946);
#6945 = CARTESIAN_POINT('',(4.,0.));
#6946 = VECTOR('',#6947,1.);
#6947 = DIRECTION('',(0.,1.));
#6948 = ( GEOMETRIC_REPRESENTATION_CONTEXT(2) 
PARAMETRIC_REPRESENTATION_CONTEXT() REPRESENTATION_CONTEXT('2D SPACE',''
  ) );
#6949 = ORIENTED_EDGE('',*,*,#6950,.T.);
#6950 = EDGE_CURVE('',#6928,#2339,#6951,.T.);
#6951 = SURFACE_CURVE('',#6952,(#6956,#6963),.PCURVE_S1.);
#6952 = LINE('',#6953,#6954);
#6953 = CARTESIAN_POINT('',(122.22857142857,130.20842373802,7.2));
#6954 = VECTOR('',#6955,1.);
#6955 = DIRECTION('',(0.,1.,0.));
#6956 = PCURVE('',#2382,#6957);
#6957 = DEFINITIONAL_REPRESENTATION('',(#6958),#6962);
#6958 = LINE('',#6959,#6960);
#6959 = CARTESIAN_POINT('',(42.2,0.));
#6960 = VECTOR('',#6961,1.);
#6961 = DIRECTION('',(0.,1.));
#6962 = ( GEOMETRIC_REPRESENTATION_CONTEXT(2) 
PARAMETRIC_REPRESENTATION_CONTEXT() REPRESENTATION_CONTEXT('2D SPACE',''
  ) );
#6963 = PCURVE('',#2354,#6964);
#6964 = DEFINITIONAL_REPRESENTATION('',(#6965),#6969);
#6965 = LINE('',#6966,#6967);
#6966 = CARTESIAN_POINT('',(4.,0.));
#6967 = VECTOR('',#6968,1.);
#6968 = DIRECTION('',(0.,-1.));
#6969 = ( GEOMETRIC_REPRESENTATION_CONTEXT(2) 
PARAMETRIC_REPRESENTATION_CONTEXT() REPRESENTATION_CONTEXT('2D SPACE',''
  ) );
#6970 = ORIENTED_EDGE('',*,*,#2366,.F.);
#6971 = ORIENTED_EDGE('',*,*,#6972,.F.);
#6972 = EDGE_CURVE('',#6973,#2367,#6975,.T.);
#6973 = VERTEX_POINT('',#6974);
#6974 = CARTESIAN_POINT('',(118.22857142857,134.20842373802,7.2));
#6975 = SURFACE_CURVE('',#6976,(#6980,#6986),.PCURVE_S1.);
#6976 = LINE('',#6977,#6978);
#6977 = CARTESIAN_POINT('',(118.22857142857,132.20842373802,7.2));
#6978 = VECTOR('',#6979,1.);
#6979 = DIRECTION('',(0.,1.,0.));
#6980 = PCURVE('',#2382,#6981);
#6981 = DEFINITIONAL_REPRESENTATION('',(#6982),#6985);
#6982 = B_SPLINE_CURVE_WITH_KNOTS('',1,(#6983,#6984),.UNSPECIFIED.,.F.,
  .F.,(2,2),(2.,20.8),.PIECEWISE_BEZIER_KNOTS.);
#6983 = CARTESIAN_POINT('',(38.2,4.));
#6984 = CARTESIAN_POINT('',(38.2,22.8));
#6985 = ( GEOMETRIC_REPRESENTATION_CONTEXT(2) 
PARAMETRIC_REPRESENTATION_CONTEXT() REPRESENTATION_CONTEXT('2D SPACE',''
  ) );
#6986 = PCURVE('',#2410,#6987);
#6987 = DEFINITIONAL_REPRESENTATION('',(#6988),#6991);
#6988 = B_SPLINE_CURVE_WITH_KNOTS('',1,(#6989,#6990),.UNSPECIFIED.,.F.,
  .F.,(2,2),(2.,20.8),.PIECEWISE_BEZIER_KNOTS.);
#6989 = CARTESIAN_POINT('',(2.2,0.));
#6990 = CARTESIAN_POINT('',(2.2,-18.8));
#6991 = ( GEOMETRIC_REPRESENTATION_CONTEXT(2) 
PARAMETRIC_REPRESENTATION_CONTEXT() REPRESENTATION_CONTEXT('2D SPACE',''
  ) );
#6992 = ORIENTED_EDGE('',*,*,#6993,.T.);
#6993 = EDGE_CURVE('',#6973,#6994,#6996,.T.);
#6994 = VERTEX_POINT('',#6995);
#6995 = CARTESIAN_POINT('',(84.028571428571,134.20842373802,7.2));
#6996 = SURFACE_CURVE('',#6997,(#7001,#7007),.PCURVE_S1.);
#6997 = LINE('',#6998,#6999);
#6998 = CARTESIAN_POINT('',(82.028571428571,134.20842373802,7.2));
#6999 = VECTOR('',#7000,1.);
#7000 = DIRECTION('',(-1.,0.,0.));
#7001 = PCURVE('',#2382,#7002);
#7002 = DEFINITIONAL_REPRESENTATION('',(#7003),#7006);
#7003 = B_SPLINE_CURVE_WITH_KNOTS('',1,(#7004,#7005),.UNSPECIFIED.,.F.,
  .F.,(2,2),(-36.2,-2.),.PIECEWISE_BEZIER_KNOTS.);
#7004 = CARTESIAN_POINT('',(38.2,4.));
#7005 = CARTESIAN_POINT('',(4.,4.));
#7006 = ( GEOMETRIC_REPRESENTATION_CONTEXT(2) 
PARAMETRIC_REPRESENTATION_CONTEXT() REPRESENTATION_CONTEXT('2D SPACE',''
  ) );
#7007 = PCURVE('',#7008,#7013);
#7008 = PLANE('',#7009);
#7009 = AXIS2_PLACEMENT_3D('',#7010,#7011,#7012);
#7010 = CARTESIAN_POINT('',(84.028571428571,134.20842373802,5.));
#7011 = DIRECTION('',(0.,1.,0.));
#7012 = DIRECTION('',(0.,0.,1.));
#7013 = DEFINITIONAL_REPRESENTATION('',(#7014),#7017);
#7014 = B_SPLINE_CURVE_WITH_KNOTS('',1,(#7015,#7016),.UNSPECIFIED.,.F.,
  .F.,(2,2),(-36.2,-2.),.PIECEWISE_BEZIER_KNOTS.);
#7015 = CARTESIAN_POINT('',(2.2,34.2));
#7016 = CARTESIAN_POINT('',(2.2,0.));
#7017 = ( GEOMETRIC_REPRESENTATION_CONTEXT(2) 
PARAMETRIC_REPRESENTATION_CONTEXT() REPRESENTATION_CONTEXT('2D SPACE',''
  ) );
#7018 = ORIENTED_EDGE('',*,*,#7019,.T.);
#7019 = EDGE_CURVE('',#6994,#2451,#7020,.T.);
#7020 = SURFACE_CURVE('',#7021,(#7025,#7031),.PCURVE_S1.);
#7021 = LINE('',#7022,#7023);
#7022 = CARTESIAN_POINT('',(84.028571428571,132.20842373802,7.2));
#7023 = VECTOR('',#7024,1.);
#7024 = DIRECTION('',(0.,1.,0.));
#7025 = PCURVE('',#2382,#7026);
#7026 = DEFINITIONAL_REPRESENTATION('',(#7027),#7030);
#7027 = B_SPLINE_CURVE_WITH_KNOTS('',1,(#7028,#7029),.UNSPECIFIED.,.F.,
  .F.,(2,2),(2.,20.8),.PIECEWISE_BEZIER_KNOTS.);
#7028 = CARTESIAN_POINT('',(4.,4.));
#7029 = CARTESIAN_POINT('',(4.,22.8));
#7030 = ( GEOMETRIC_REPRESENTATION_CONTEXT(2) 
PARAMETRIC_REPRESENTATION_CONTEXT() REPRESENTATION_CONTEXT('2D SPACE',''
  ) );
#7031 = PCURVE('',#2466,#7032);
#7032 = DEFINITIONAL_REPRESENTATION('',(#7033),#7036);
#7033 = B_SPLINE_CURVE_WITH_KNOTS('',1,(#7034,#7035),.UNSPECIFIED.,.F.,
  .F.,(2,2),(2.,20.8),.PIECEWISE_BEZIER_KNOTS.);
#7034 = CARTESIAN_POINT('',(2.2,0.));
#7035 = CARTESIAN_POINT('',(2.2,-18.8));
#7036 = ( GEOMETRIC_REPRESENTATION_CONTEXT(2) 
PARAMETRIC_REPRESENTATION_CONTEXT() REPRESENTATION_CONTEXT('2D SPACE',''
  ) );
#7037 = ADVANCED_FACE('',(#7038),#2299,.F.);
#7038 = FACE_BOUND('',#7039,.F.);
#7039 = EDGE_LOOP('',(#7040,#7041,#7060,#7061,#7080));
#7040 = ORIENTED_EDGE('',*,*,#6878,.F.);
#7041 = ORIENTED_EDGE('',*,*,#7042,.T.);
#7042 = EDGE_CURVE('',#6879,#5370,#7043,.T.);
#7043 = SURFACE_CURVE('',#7044,(#7048,#7054),.PCURVE_S1.);
#7044 = LINE('',#7045,#7046);
#7045 = CARTESIAN_POINT('',(133.,124.63302648362,3.2));
#7046 = VECTOR('',#7047,1.);
#7047 = DIRECTION('',(0.,0.,-1.));
#7048 = PCURVE('',#2299,#7049);
#7049 = DEFINITIONAL_REPRESENTATION('',(#7050),#7053);
#7050 = B_SPLINE_CURVE_WITH_KNOTS('',1,(#7051,#7052),.UNSPECIFIED.,.F.,
  .F.,(2,2),(-8.,0.),.PIECEWISE_BEZIER_KNOTS.);
#7051 = CARTESIAN_POINT('',(8.,-0.2));
#7052 = CARTESIAN_POINT('',(0.,-0.2));
#7053 = ( GEOMETRIC_REPRESENTATION_CONTEXT(2) 
PARAMETRIC_REPRESENTATION_CONTEXT() REPRESENTATION_CONTEXT('2D SPACE',''
  ) );
#7054 = PCURVE('',#3019,#7055);
#7055 = DEFINITIONAL_REPRESENTATION('',(#7056),#7059);
#7056 = B_SPLINE_CURVE_WITH_KNOTS('',1,(#7057,#7058),.UNSPECIFIED.,.F.,
  .F.,(2,2),(-8.,0.),.PIECEWISE_BEZIER_KNOTS.);
#7057 = CARTESIAN_POINT('',(8.,-63.075));
#7058 = CARTESIAN_POINT('',(0.,-63.075));
#7059 = ( GEOMETRIC_REPRESENTATION_CONTEXT(2) 
PARAMETRIC_REPRESENTATION_CONTEXT() REPRESENTATION_CONTEXT('2D SPACE',''
  ) );
#7060 = ORIENTED_EDGE('',*,*,#5392,.T.);
#7061 = ORIENTED_EDGE('',*,*,#7062,.F.);
#7062 = EDGE_CURVE('',#2284,#5393,#7063,.T.);
#7063 = SURFACE_CURVE('',#7064,(#7068,#7074),.PCURVE_S1.);
#7064 = LINE('',#7065,#7066);
#7065 = CARTESIAN_POINT('',(133.,144.61457442442,-2.6938493136));
#7066 = VECTOR('',#7067,1.);
#7067 = DIRECTION('',(0.,-0.707106781187,-0.707106781187));
#7068 = PCURVE('',#2299,#7069);
#7069 = DEFINITIONAL_REPRESENTATION('',(#7070),#7073);
#7070 = B_SPLINE_CURVE_WITH_KNOTS('',1,(#7071,#7072),.UNSPECIFIED.,.F.,
  .F.,(2,2),(-11.87069553981,-8.335161633877),.PIECEWISE_BEZIER_KNOTS.);
#7071 = CARTESIAN_POINT('',(2.5,-28.5753972544));
#7072 = CARTESIAN_POINT('',(5.398541517713E-15,-26.0753972544));
#7073 = ( GEOMETRIC_REPRESENTATION_CONTEXT(2) 
PARAMETRIC_REPRESENTATION_CONTEXT() REPRESENTATION_CONTEXT('2D SPACE',''
  ) );
#7074 = PCURVE('',#2326,#7075);
#7075 = DEFINITIONAL_REPRESENTATION('',(#7076),#7079);
#7076 = B_SPLINE_CURVE_WITH_KNOTS('',1,(#7077,#7078),.UNSPECIFIED.,.F.,
  .F.,(2,2),(-11.87069553981,-8.335161633877),.PIECEWISE_BEZIER_KNOTS.);
#7077 = CARTESIAN_POINT('',(-127.,-1.767766952966));
#7078 = CARTESIAN_POINT('',(-127.,1.767766952966));
#7079 = ( GEOMETRIC_REPRESENTATION_CONTEXT(2) 
PARAMETRIC_REPRESENTATION_CONTEXT() REPRESENTATION_CONTEXT('2D SPACE',''
  ) );
#7080 = ORIENTED_EDGE('',*,*,#2283,.F.);
#7081 = ADVANCED_FACE('',(#7082),#2466,.T.);
#7082 = FACE_BOUND('',#7083,.T.);
#7083 = EDGE_LOOP('',(#7084,#7107,#7128,#7129));
#7084 = ORIENTED_EDGE('',*,*,#7085,.F.);
#7085 = EDGE_CURVE('',#7086,#6994,#7088,.T.);
#7086 = VERTEX_POINT('',#7087);
#7087 = CARTESIAN_POINT('',(84.028571428571,134.20842373802,5.));
#7088 = SURFACE_CURVE('',#7089,(#7093,#7100),.PCURVE_S1.);
#7089 = LINE('',#7090,#7091);
#7090 = CARTESIAN_POINT('',(84.028571428571,134.20842373802,5.));
#7091 = VECTOR('',#7092,1.);
#7092 = DIRECTION('',(0.,0.,1.));
#7093 = PCURVE('',#2466,#7094);
#7094 = DEFINITIONAL_REPRESENTATION('',(#7095),#7099);
#7095 = LINE('',#7096,#7097);
#7096 = CARTESIAN_POINT('',(0.,0.));
#7097 = VECTOR('',#7098,1.);
#7098 = DIRECTION('',(1.,0.));
#7099 = ( GEOMETRIC_REPRESENTATION_CONTEXT(2) 
PARAMETRIC_REPRESENTATION_CONTEXT() REPRESENTATION_CONTEXT('2D SPACE',''
  ) );
#7100 = PCURVE('',#7008,#7101);
#7101 = DEFINITIONAL_REPRESENTATION('',(#7102),#7106);
#7102 = LINE('',#7103,#7104);
#7103 = CARTESIAN_POINT('',(0.,0.));
#7104 = VECTOR('',#7105,1.);
#7105 = DIRECTION('',(1.,0.));
#7106 = ( GEOMETRIC_REPRESENTATION_CONTEXT(2) 
PARAMETRIC_REPRESENTATION_CONTEXT() REPRESENTATION_CONTEXT('2D SPACE',''
  ) );
#7107 = ORIENTED_EDGE('',*,*,#7108,.T.);
#7108 = EDGE_CURVE('',#7086,#2423,#7109,.T.);
#7109 = SURFACE_CURVE('',#7110,(#7114,#7121),.PCURVE_S1.);
#7110 = LINE('',#7111,#7112);
#7111 = CARTESIAN_POINT('',(84.028571428571,134.20842373802,5.));
#7112 = VECTOR('',#7113,1.);
#7113 = DIRECTION('',(0.,1.,0.));
#7114 = PCURVE('',#2466,#7115);
#7115 = DEFINITIONAL_REPRESENTATION('',(#7116),#7120);
#7116 = LINE('',#7117,#7118);
#7117 = CARTESIAN_POINT('',(0.,0.));
#7118 = VECTOR('',#7119,1.);
#7119 = DIRECTION('',(0.,-1.));
#7120 = ( GEOMETRIC_REPRESENTATION_CONTEXT(2) 
PARAMETRIC_REPRESENTATION_CONTEXT() REPRESENTATION_CONTEXT('2D SPACE',''
  ) );
#7121 = PCURVE('',#2438,#7122);
#7122 = DEFINITIONAL_REPRESENTATION('',(#7123),#7127);
#7123 = LINE('',#7124,#7125);
#7124 = CARTESIAN_POINT('',(0.,0.));
#7125 = VECTOR('',#7126,1.);
#7126 = DIRECTION('',(0.,1.));
#7127 = ( GEOMETRIC_REPRESENTATION_CONTEXT(2) 
PARAMETRIC_REPRESENTATION_CONTEXT() REPRESENTATION_CONTEXT('2D SPACE',''
  ) );
#7128 = ORIENTED_EDGE('',*,*,#2450,.T.);
#7129 = ORIENTED_EDGE('',*,*,#7019,.F.);
#7130 = ADVANCED_FACE('',(#7131),#2326,.T.);
#7131 = FACE_BOUND('',#7132,.F.);
#7132 = EDGE_LOOP('',(#7133,#7152,#7153,#7154));
#7133 = ORIENTED_EDGE('',*,*,#7134,.F.);
#7134 = EDGE_CURVE('',#2311,#5416,#7135,.T.);
#7135 = SURFACE_CURVE('',#7136,(#7140,#7146),.PCURVE_S1.);
#7136 = LINE('',#7137,#7138);
#7137 = CARTESIAN_POINT('',(122.22857142857,146.05842373802,-1.25));
#7138 = VECTOR('',#7139,1.);
#7139 = DIRECTION('',(0.,-0.707106781187,-0.707106781187));
#7140 = PCURVE('',#2326,#7141);
#7141 = DEFINITIONAL_REPRESENTATION('',(#7142),#7145);
#7142 = B_SPLINE_CURVE_WITH_KNOTS('',1,(#7143,#7144),.UNSPECIFIED.,.F.,
  .F.,(2,2),(-9.828784258493,-6.29325035256),.PIECEWISE_BEZIER_KNOTS.);
#7143 = CARTESIAN_POINT('',(-116.2285714285,-1.767766952966));
#7144 = CARTESIAN_POINT('',(-116.2285714285,1.767766952966));
#7145 = ( GEOMETRIC_REPRESENTATION_CONTEXT(2) 
PARAMETRIC_REPRESENTATION_CONTEXT() REPRESENTATION_CONTEXT('2D SPACE',''
  ) );
#7146 = PCURVE('',#2354,#7147);
#7147 = DEFINITIONAL_REPRESENTATION('',(#7148),#7151);
#7148 = B_SPLINE_CURVE_WITH_KNOTS('',1,(#7149,#7150),.UNSPECIFIED.,.F.,
  .F.,(2,2),(-9.828784258493,-6.29325035256),.PIECEWISE_BEZIER_KNOTS.);
#7149 = CARTESIAN_POINT('',(2.5,-22.8));
#7150 = CARTESIAN_POINT('',(2.221415671548E-15,-20.3));
#7151 = ( GEOMETRIC_REPRESENTATION_CONTEXT(2) 
PARAMETRIC_REPRESENTATION_CONTEXT() REPRESENTATION_CONTEXT('2D SPACE',''
  ) );
#7152 = ORIENTED_EDGE('',*,*,#2310,.T.);
#7153 = ORIENTED_EDGE('',*,*,#7062,.T.);
#7154 = ORIENTED_EDGE('',*,*,#5415,.F.);
#7155 = ADVANCED_FACE('',(#7156),#2438,.T.);
#7156 = FACE_BOUND('',#7157,.T.);
#7157 = EDGE_LOOP('',(#7158,#7159,#7182,#7203));
#7158 = ORIENTED_EDGE('',*,*,#7108,.F.);
#7159 = ORIENTED_EDGE('',*,*,#7160,.T.);
#7160 = EDGE_CURVE('',#7086,#7161,#7163,.T.);
#7161 = VERTEX_POINT('',#7162);
#7162 = CARTESIAN_POINT('',(118.22857142857,134.20842373802,5.));
#7163 = SURFACE_CURVE('',#7164,(#7168,#7175),.PCURVE_S1.);
#7164 = LINE('',#7165,#7166);
#7165 = CARTESIAN_POINT('',(84.028571428571,134.20842373802,5.));
#7166 = VECTOR('',#7167,1.);
#7167 = DIRECTION('',(1.,0.,0.));
#7168 = PCURVE('',#2438,#7169);
#7169 = DEFINITIONAL_REPRESENTATION('',(#7170),#7174);
#7170 = LINE('',#7171,#7172);
#7171 = CARTESIAN_POINT('',(0.,0.));
#7172 = VECTOR('',#7173,1.);
#7173 = DIRECTION('',(1.,0.));
#7174 = ( GEOMETRIC_REPRESENTATION_CONTEXT(2) 
PARAMETRIC_REPRESENTATION_CONTEXT() REPRESENTATION_CONTEXT('2D SPACE',''
  ) );
#7175 = PCURVE('',#7008,#7176);
#7176 = DEFINITIONAL_REPRESENTATION('',(#7177),#7181);
#7177 = LINE('',#7178,#7179);
#7178 = CARTESIAN_POINT('',(0.,0.));
#7179 = VECTOR('',#7180,1.);
#7180 = DIRECTION('',(0.,1.));
#7181 = ( GEOMETRIC_REPRESENTATION_CONTEXT(2) 
PARAMETRIC_REPRESENTATION_CONTEXT() REPRESENTATION_CONTEXT('2D SPACE',''
  ) );
#7182 = ORIENTED_EDGE('',*,*,#7183,.T.);
#7183 = EDGE_CURVE('',#7161,#2395,#7184,.T.);
#7184 = SURFACE_CURVE('',#7185,(#7189,#7196),.PCURVE_S1.);
#7185 = LINE('',#7186,#7187);
#7186 = CARTESIAN_POINT('',(118.22857142857,134.20842373802,5.));
#7187 = VECTOR('',#7188,1.);
#7188 = DIRECTION('',(0.,1.,0.));
#7189 = PCURVE('',#2438,#7190);
#7190 = DEFINITIONAL_REPRESENTATION('',(#7191),#7195);
#7191 = LINE('',#7192,#7193);
#7192 = CARTESIAN_POINT('',(34.2,0.));
#7193 = VECTOR('',#7194,1.);
#7194 = DIRECTION('',(0.,1.));
#7195 = ( GEOMETRIC_REPRESENTATION_CONTEXT(2) 
PARAMETRIC_REPRESENTATION_CONTEXT() REPRESENTATION_CONTEXT('2D SPACE',''
  ) );
#7196 = PCURVE('',#2410,#7197);
#7197 = DEFINITIONAL_REPRESENTATION('',(#7198),#7202);
#7198 = LINE('',#7199,#7200);
#7199 = CARTESIAN_POINT('',(0.,0.));
#7200 = VECTOR('',#7201,1.);
#7201 = DIRECTION('',(0.,-1.));
#7202 = ( GEOMETRIC_REPRESENTATION_CONTEXT(2) 
PARAMETRIC_REPRESENTATION_CONTEXT() REPRESENTATION_CONTEXT('2D SPACE',''
  ) );
#7203 = ORIENTED_EDGE('',*,*,#2422,.F.);
#7204 = ADVANCED_FACE('',(#7205),#2354,.T.);
#7205 = FACE_BOUND('',#7206,.T.);
#7206 = EDGE_LOOP('',(#7207,#7208,#7229,#7230,#7231));
#7207 = ORIENTED_EDGE('',*,*,#6950,.F.);
#7208 = ORIENTED_EDGE('',*,*,#7209,.F.);
#7209 = EDGE_CURVE('',#5439,#6928,#7210,.T.);
#7210 = SURFACE_CURVE('',#7211,(#7215,#7222),.PCURVE_S1.);
#7211 = LINE('',#7212,#7213);
#7212 = CARTESIAN_POINT('',(122.22857142857,130.20842373802,3.2));
#7213 = VECTOR('',#7214,1.);
#7214 = DIRECTION('',(0.,0.,1.));
#7215 = PCURVE('',#2354,#7216);
#7216 = DEFINITIONAL_REPRESENTATION('',(#7217),#7221);
#7217 = LINE('',#7218,#7219);
#7218 = CARTESIAN_POINT('',(0.,0.));
#7219 = VECTOR('',#7220,1.);
#7220 = DIRECTION('',(1.,0.));
#7221 = ( GEOMETRIC_REPRESENTATION_CONTEXT(2) 
PARAMETRIC_REPRESENTATION_CONTEXT() REPRESENTATION_CONTEXT('2D SPACE',''
  ) );
#7222 = PCURVE('',#5477,#7223);
#7223 = DEFINITIONAL_REPRESENTATION('',(#7224),#7228);
#7224 = LINE('',#7225,#7226);
#7225 = CARTESIAN_POINT('',(0.,42.2));
#7226 = VECTOR('',#7227,1.);
#7227 = DIRECTION('',(1.,0.));
#7228 = ( GEOMETRIC_REPRESENTATION_CONTEXT(2) 
PARAMETRIC_REPRESENTATION_CONTEXT() REPRESENTATION_CONTEXT('2D SPACE',''
  ) );
#7229 = ORIENTED_EDGE('',*,*,#5438,.T.);
#7230 = ORIENTED_EDGE('',*,*,#7134,.F.);
#7231 = ORIENTED_EDGE('',*,*,#2338,.T.);
#7232 = ADVANCED_FACE('',(#7233),#2410,.F.);
#7233 = FACE_BOUND('',#7234,.F.);
#7234 = EDGE_LOOP('',(#7235,#7256,#7257,#7258));
#7235 = ORIENTED_EDGE('',*,*,#7236,.F.);
#7236 = EDGE_CURVE('',#7161,#6973,#7237,.T.);
#7237 = SURFACE_CURVE('',#7238,(#7242,#7249),.PCURVE_S1.);
#7238 = LINE('',#7239,#7240);
#7239 = CARTESIAN_POINT('',(118.22857142857,134.20842373802,5.));
#7240 = VECTOR('',#7241,1.);
#7241 = DIRECTION('',(0.,0.,1.));
#7242 = PCURVE('',#2410,#7243);
#7243 = DEFINITIONAL_REPRESENTATION('',(#7244),#7248);
#7244 = LINE('',#7245,#7246);
#7245 = CARTESIAN_POINT('',(0.,0.));
#7246 = VECTOR('',#7247,1.);
#7247 = DIRECTION('',(1.,0.));
#7248 = ( GEOMETRIC_REPRESENTATION_CONTEXT(2) 
PARAMETRIC_REPRESENTATION_CONTEXT() REPRESENTATION_CONTEXT('2D SPACE',''
  ) );
#7249 = PCURVE('',#7008,#7250);
#7250 = DEFINITIONAL_REPRESENTATION('',(#7251),#7255);
#7251 = LINE('',#7252,#7253);
#7252 = CARTESIAN_POINT('',(0.,34.2));
#7253 = VECTOR('',#7254,1.);
#7254 = DIRECTION('',(1.,0.));
#7255 = ( GEOMETRIC_REPRESENTATION_CONTEXT(2) 
PARAMETRIC_REPRESENTATION_CONTEXT() REPRESENTATION_CONTEXT('2D SPACE',''
  ) );
#7256 = ORIENTED_EDGE('',*,*,#7183,.T.);
#7257 = ORIENTED_EDGE('',*,*,#2394,.T.);
#7258 = ORIENTED_EDGE('',*,*,#6972,.F.);
#7259 = ADVANCED_FACE('',(#7260),#2884,.F.);
#7260 = FACE_BOUND('',#7261,.F.);
#7261 = EDGE_LOOP('',(#7262,#7263,#7264,#7287));
#7262 = ORIENTED_EDGE('',*,*,#6437,.F.);
#7263 = ORIENTED_EDGE('',*,*,#2869,.T.);
#7264 = ORIENTED_EDGE('',*,*,#7265,.T.);
#7265 = EDGE_CURVE('',#2847,#7266,#7268,.T.);
#7266 = VERTEX_POINT('',#7267);
#7267 = CARTESIAN_POINT('',(193.075,150.20842373802,3.2));
#7268 = SURFACE_CURVE('',#7269,(#7273,#7280),.PCURVE_S1.);
#7269 = LINE('',#7270,#7271);
#7270 = CARTESIAN_POINT('',(195.575,150.20842373802,5.7));
#7271 = VECTOR('',#7272,1.);
#7272 = DIRECTION('',(-0.707106781187,-4.329780281177E-17,
    -0.707106781187));
#7273 = PCURVE('',#2884,#7274);
#7274 = DEFINITIONAL_REPRESENTATION('',(#7275),#7279);
#7275 = LINE('',#7276,#7277);
#7276 = CARTESIAN_POINT('',(-1.570796326795,-0.));
#7277 = VECTOR('',#7278,1.);
#7278 = DIRECTION('',(-0.,-1.));
#7279 = ( GEOMETRIC_REPRESENTATION_CONTEXT(2) 
PARAMETRIC_REPRESENTATION_CONTEXT() REPRESENTATION_CONTEXT('2D SPACE',''
  ) );
#7280 = PCURVE('',#3044,#7281);
#7281 = DEFINITIONAL_REPRESENTATION('',(#7282),#7286);
#7282 = LINE('',#7283,#7284);
#7283 = CARTESIAN_POINT('',(1.925929944387E-34,-1.767766952966));
#7284 = VECTOR('',#7285,1.);
#7285 = DIRECTION('',(-4.329780281177E-17,1.));
#7286 = ( GEOMETRIC_REPRESENTATION_CONTEXT(2) 
PARAMETRIC_REPRESENTATION_CONTEXT() REPRESENTATION_CONTEXT('2D SPACE',''
  ) );
#7287 = ORIENTED_EDGE('',*,*,#7288,.F.);
#7288 = EDGE_CURVE('',#6438,#7266,#7289,.T.);
#7289 = SURFACE_CURVE('',#7290,(#7295,#7302),.PCURVE_S1.);
#7290 = CIRCLE('',#7291,0.3);
#7291 = AXIS2_PLACEMENT_3D('',#7292,#7293,#7294);
#7292 = CARTESIAN_POINT('',(192.775,150.20842373802,3.2));
#7293 = DIRECTION('',(0.,-0.,-1.));
#7294 = DIRECTION('',(0.,1.,-0.));
#7295 = PCURVE('',#2884,#7296);
#7296 = DEFINITIONAL_REPRESENTATION('',(#7297),#7301);
#7297 = LINE('',#7298,#7299);
#7298 = CARTESIAN_POINT('',(-0.,-2.5));
#7299 = VECTOR('',#7300,1.);
#7300 = DIRECTION('',(-1.,-0.));
#7301 = ( GEOMETRIC_REPRESENTATION_CONTEXT(2) 
PARAMETRIC_REPRESENTATION_CONTEXT() REPRESENTATION_CONTEXT('2D SPACE',''
  ) );
#7302 = PCURVE('',#6474,#7303);
#7303 = DEFINITIONAL_REPRESENTATION('',(#7304),#7312);
#7304 = ( BOUNDED_CURVE() B_SPLINE_CURVE(2,(#7305,#7306,#7307,#7308,
#7309,#7310,#7311),.UNSPECIFIED.,.T.,.F.) B_SPLINE_CURVE_WITH_KNOTS((1,2
    ,2,2,2,1),(-2.094395102393,0.,2.094395102393,4.188790204786,
6.28318530718,8.377580409573),.UNSPECIFIED.) CURVE() 
GEOMETRIC_REPRESENTATION_ITEM() RATIONAL_B_SPLINE_CURVE((1.,0.5,1.,0.5,
1.,0.5,1.)) REPRESENTATION_ITEM('') );
#7305 = CARTESIAN_POINT('',(189.575,147.30842373802));
#7306 = CARTESIAN_POINT('',(190.09461524227,147.30842373802));
#7307 = CARTESIAN_POINT('',(189.83480762113,146.85842373802));
#7308 = CARTESIAN_POINT('',(189.575,146.40842373802));
#7309 = CARTESIAN_POINT('',(189.31519237886,146.85842373802));
#7310 = CARTESIAN_POINT('',(189.05538475772,147.30842373802));
#7311 = CARTESIAN_POINT('',(189.575,147.30842373802));
#7312 = ( GEOMETRIC_REPRESENTATION_CONTEXT(2) 
PARAMETRIC_REPRESENTATION_CONTEXT() REPRESENTATION_CONTEXT('2D SPACE',''
  ) );
#7313 = ADVANCED_FACE('',(#7314),#3044,.T.);
#7314 = FACE_BOUND('',#7315,.F.);
#7315 = EDGE_LOOP('',(#7316,#7317,#7318,#7339,#7362,#7388,#7414,#7440));
#7316 = ORIENTED_EDGE('',*,*,#7265,.F.);
#7317 = ORIENTED_EDGE('',*,*,#3030,.T.);
#7318 = ORIENTED_EDGE('',*,*,#7319,.F.);
#7319 = EDGE_CURVE('',#7320,#3005,#7322,.T.);
#7320 = VERTEX_POINT('',#7321);
#7321 = CARTESIAN_POINT('',(193.075,124.63302648362,3.2));
#7322 = SURFACE_CURVE('',#7323,(#7327,#7333),.PCURVE_S1.);
#7323 = LINE('',#7324,#7325);
#7324 = CARTESIAN_POINT('',(194.45,124.63302648362,4.575));
#7325 = VECTOR('',#7326,1.);
#7326 = DIRECTION('',(0.707106781187,-7.850462293419E-17,0.707106781187)
  );
#7327 = PCURVE('',#3044,#7328);
#7328 = DEFINITIONAL_REPRESENTATION('',(#7329),#7332);
#7329 = B_SPLINE_CURVE_WITH_KNOTS('',1,(#7330,#7331),.UNSPECIFIED.,.F.,
  .F.,(2,2),(-1.944543648263,1.59099025767),.PIECEWISE_BEZIER_KNOTS.);
#7330 = CARTESIAN_POINT('',(-25.5753972544,1.767766952966));
#7331 = CARTESIAN_POINT('',(-25.5753972544,-1.767766952966));
#7332 = ( GEOMETRIC_REPRESENTATION_CONTEXT(2) 
PARAMETRIC_REPRESENTATION_CONTEXT() REPRESENTATION_CONTEXT('2D SPACE',''
  ) );
#7333 = PCURVE('',#3019,#7334);
#7334 = DEFINITIONAL_REPRESENTATION('',(#7335),#7338);
#7335 = B_SPLINE_CURVE_WITH_KNOTS('',1,(#7336,#7337),.UNSPECIFIED.,.F.,
  .F.,(2,2),(-1.944543648263,1.59099025767),.PIECEWISE_BEZIER_KNOTS.);
#7336 = CARTESIAN_POINT('',(-1.814653622814E-16,-3.));
#7337 = CARTESIAN_POINT('',(2.5,-0.5));
#7338 = ( GEOMETRIC_REPRESENTATION_CONTEXT(2) 
PARAMETRIC_REPRESENTATION_CONTEXT() REPRESENTATION_CONTEXT('2D SPACE',''
  ) );
#7339 = ORIENTED_EDGE('',*,*,#7340,.F.);
#7340 = EDGE_CURVE('',#7341,#7320,#7343,.T.);
#7341 = VERTEX_POINT('',#7342);
#7342 = CARTESIAN_POINT('',(193.075,133.,3.2));
#7343 = SURFACE_CURVE('',#7344,(#7348,#7355),.PCURVE_S1.);
#7344 = LINE('',#7345,#7346);
#7345 = CARTESIAN_POINT('',(193.075,150.20842373802,3.2));
#7346 = VECTOR('',#7347,1.);
#7347 = DIRECTION('',(-0.,-1.,-0.));
#7348 = PCURVE('',#3044,#7349);
#7349 = DEFINITIONAL_REPRESENTATION('',(#7350),#7354);
#7350 = LINE('',#7351,#7352);
#7351 = CARTESIAN_POINT('',(-1.925929944387E-34,1.767766952966));
#7352 = VECTOR('',#7353,1.);
#7353 = DIRECTION('',(-1.,4.900350890384E-34));
#7354 = ( GEOMETRIC_REPRESENTATION_CONTEXT(2) 
PARAMETRIC_REPRESENTATION_CONTEXT() REPRESENTATION_CONTEXT('2D SPACE',''
  ) );
#7355 = PCURVE('',#6474,#7356);
#7356 = DEFINITIONAL_REPRESENTATION('',(#7357),#7361);
#7357 = LINE('',#7358,#7359);
#7358 = CARTESIAN_POINT('',(189.875,147.00842373802));
#7359 = VECTOR('',#7360,1.);
#7360 = DIRECTION('',(0.,-1.));
#7361 = ( GEOMETRIC_REPRESENTATION_CONTEXT(2) 
PARAMETRIC_REPRESENTATION_CONTEXT() REPRESENTATION_CONTEXT('2D SPACE',''
  ) );
#7362 = ORIENTED_EDGE('',*,*,#7363,.T.);
#7363 = EDGE_CURVE('',#7341,#7364,#7366,.T.);
#7364 = VERTEX_POINT('',#7365);
#7365 = CARTESIAN_POINT('',(195.4,133.,5.525));
#7366 = SURFACE_CURVE('',#7367,(#7371,#7377),.PCURVE_S1.);
#7367 = LINE('',#7368,#7369);
#7368 = CARTESIAN_POINT('',(191.78125,133.,1.90625));
#7369 = VECTOR('',#7370,1.);
#7370 = DIRECTION('',(0.707106781187,-0.,0.707106781187));
#7371 = PCURVE('',#3044,#7372);
#7372 = DEFINITIONAL_REPRESENTATION('',(#7373),#7376);
#7373 = B_SPLINE_CURVE_WITH_KNOTS('',1,(#7374,#7375),.UNSPECIFIED.,.F.,
  .F.,(2,2),(1.82963879632,5.117685328838),.PIECEWISE_BEZIER_KNOTS.);
#7374 = CARTESIAN_POINT('',(-17.20842373802,1.767766952966));
#7375 = CARTESIAN_POINT('',(-17.20842373802,-1.520279579551));
#7376 = ( GEOMETRIC_REPRESENTATION_CONTEXT(2) 
PARAMETRIC_REPRESENTATION_CONTEXT() REPRESENTATION_CONTEXT('2D SPACE',''
  ) );
#7377 = PCURVE('',#7378,#7383);
#7378 = PLANE('',#7379);
#7379 = AXIS2_PLACEMENT_3D('',#7380,#7381,#7382);
#7380 = CARTESIAN_POINT('',(185.4,133.,3.2));
#7381 = DIRECTION('',(0.,1.,0.));
#7382 = DIRECTION('',(0.,0.,1.));
#7383 = DEFINITIONAL_REPRESENTATION('',(#7384),#7387);
#7384 = B_SPLINE_CURVE_WITH_KNOTS('',1,(#7385,#7386),.UNSPECIFIED.,.F.,
  .F.,(2,2),(1.82963879632,5.117685328838),.PIECEWISE_BEZIER_KNOTS.);
#7385 = CARTESIAN_POINT('',(2.989985306637E-16,7.675));
#7386 = CARTESIAN_POINT('',(2.325,10.));
#7387 = ( GEOMETRIC_REPRESENTATION_CONTEXT(2) 
PARAMETRIC_REPRESENTATION_CONTEXT() REPRESENTATION_CONTEXT('2D SPACE',''
  ) );
#7388 = ORIENTED_EDGE('',*,*,#7389,.F.);
#7389 = EDGE_CURVE('',#7390,#7364,#7392,.T.);
#7390 = VERTEX_POINT('',#7391);
#7391 = CARTESIAN_POINT('',(195.4,145.,5.525));
#7392 = SURFACE_CURVE('',#7393,(#7397,#7403),.PCURVE_S1.);
#7393 = LINE('',#7394,#7395);
#7394 = CARTESIAN_POINT('',(195.4,141.60421186901,5.525));
#7395 = VECTOR('',#7396,1.);
#7396 = DIRECTION('',(0.,-1.,-1.082163610452E-17));
#7397 = PCURVE('',#3044,#7398);
#7398 = DEFINITIONAL_REPRESENTATION('',(#7399),#7402);
#7399 = B_SPLINE_CURVE_WITH_KNOTS('',1,(#7400,#7401),.UNSPECIFIED.,.F.,
  .F.,(2,2),(-3.395788130986,8.604211869014),.PIECEWISE_BEZIER_KNOTS.);
#7400 = CARTESIAN_POINT('',(-5.208423738028,-1.520279579551));
#7401 = CARTESIAN_POINT('',(-17.20842373802,-1.520279579551));
#7402 = ( GEOMETRIC_REPRESENTATION_CONTEXT(2) 
PARAMETRIC_REPRESENTATION_CONTEXT() REPRESENTATION_CONTEXT('2D SPACE',''
  ) );
#7403 = PCURVE('',#7404,#7409);
#7404 = PLANE('',#7405);
#7405 = AXIS2_PLACEMENT_3D('',#7406,#7407,#7408);
#7406 = CARTESIAN_POINT('',(195.4,133.,3.2));
#7407 = DIRECTION('',(1.,0.,0.));
#7408 = DIRECTION('',(0.,0.,1.));
#7409 = DEFINITIONAL_REPRESENTATION('',(#7410),#7413);
#7410 = B_SPLINE_CURVE_WITH_KNOTS('',1,(#7411,#7412),.UNSPECIFIED.,.F.,
  .F.,(2,2),(-3.395788130986,8.604211869014),.PIECEWISE_BEZIER_KNOTS.);
#7411 = CARTESIAN_POINT('',(2.325,-12.));
#7412 = CARTESIAN_POINT('',(2.325,0.));
#7413 = ( GEOMETRIC_REPRESENTATION_CONTEXT(2) 
PARAMETRIC_REPRESENTATION_CONTEXT() REPRESENTATION_CONTEXT('2D SPACE',''
  ) );
#7414 = ORIENTED_EDGE('',*,*,#7415,.F.);
#7415 = EDGE_CURVE('',#7416,#7390,#7418,.T.);
#7416 = VERTEX_POINT('',#7417);
#7417 = CARTESIAN_POINT('',(193.075,145.,3.2));
#7418 = SURFACE_CURVE('',#7419,(#7423,#7429),.PCURVE_S1.);
#7419 = LINE('',#7420,#7421);
#7420 = CARTESIAN_POINT('',(191.78125,145.,1.90625));
#7421 = VECTOR('',#7422,1.);
#7422 = DIRECTION('',(0.707106781187,-0.,0.707106781187));
#7423 = PCURVE('',#3044,#7424);
#7424 = DEFINITIONAL_REPRESENTATION('',(#7425),#7428);
#7425 = B_SPLINE_CURVE_WITH_KNOTS('',1,(#7426,#7427),.UNSPECIFIED.,.F.,
  .F.,(2,2),(1.82963879632,5.117685328838),.PIECEWISE_BEZIER_KNOTS.);
#7426 = CARTESIAN_POINT('',(-5.208423738028,1.767766952966));
#7427 = CARTESIAN_POINT('',(-5.208423738028,-1.520279579551));
#7428 = ( GEOMETRIC_REPRESENTATION_CONTEXT(2) 
PARAMETRIC_REPRESENTATION_CONTEXT() REPRESENTATION_CONTEXT('2D SPACE',''
  ) );
#7429 = PCURVE('',#7430,#7435);
#7430 = PLANE('',#7431);
#7431 = AXIS2_PLACEMENT_3D('',#7432,#7433,#7434);
#7432 = CARTESIAN_POINT('',(185.4,145.,3.2));
#7433 = DIRECTION('',(0.,1.,0.));
#7434 = DIRECTION('',(0.,0.,1.));
#7435 = DEFINITIONAL_REPRESENTATION('',(#7436),#7439);
#7436 = B_SPLINE_CURVE_WITH_KNOTS('',1,(#7437,#7438),.UNSPECIFIED.,.F.,
  .F.,(2,2),(1.82963879632,5.117685328838),.PIECEWISE_BEZIER_KNOTS.);
#7437 = CARTESIAN_POINT('',(2.989985306637E-16,7.675));
#7438 = CARTESIAN_POINT('',(2.325,10.));
#7439 = ( GEOMETRIC_REPRESENTATION_CONTEXT(2) 
PARAMETRIC_REPRESENTATION_CONTEXT() REPRESENTATION_CONTEXT('2D SPACE',''
  ) );
#7440 = ORIENTED_EDGE('',*,*,#7441,.F.);
#7441 = EDGE_CURVE('',#7266,#7416,#7442,.T.);
#7442 = SURFACE_CURVE('',#7443,(#7447,#7454),.PCURVE_S1.);
#7443 = LINE('',#7444,#7445);
#7444 = CARTESIAN_POINT('',(193.075,150.20842373802,3.2));
#7445 = VECTOR('',#7446,1.);
#7446 = DIRECTION('',(-0.,-1.,-0.));
#7447 = PCURVE('',#3044,#7448);
#7448 = DEFINITIONAL_REPRESENTATION('',(#7449),#7453);
#7449 = LINE('',#7450,#7451);
#7450 = CARTESIAN_POINT('',(-1.925929944387E-34,1.767766952966));
#7451 = VECTOR('',#7452,1.);
#7452 = DIRECTION('',(-1.,4.900350890384E-34));
#7453 = ( GEOMETRIC_REPRESENTATION_CONTEXT(2) 
PARAMETRIC_REPRESENTATION_CONTEXT() REPRESENTATION_CONTEXT('2D SPACE',''
  ) );
#7454 = PCURVE('',#6474,#7455);
#7455 = DEFINITIONAL_REPRESENTATION('',(#7456),#7460);
#7456 = LINE('',#7457,#7458);
#7457 = CARTESIAN_POINT('',(189.875,147.00842373802));
#7458 = VECTOR('',#7459,1.);
#7459 = DIRECTION('',(0.,-1.));
#7460 = ( GEOMETRIC_REPRESENTATION_CONTEXT(2) 
PARAMETRIC_REPRESENTATION_CONTEXT() REPRESENTATION_CONTEXT('2D SPACE',''
  ) );
#7461 = ADVANCED_FACE('',(#7462),#3019,.T.);
#7462 = FACE_BOUND('',#7463,.T.);
#7463 = EDGE_LOOP('',(#7464,#7465,#7486,#7487,#7488,#7489,#7510,#7511,
    #7512,#7513,#7514,#7537,#7560,#7588,#7616,#7644,#7665));
#7464 = ORIENTED_EDGE('',*,*,#7319,.F.);
#7465 = ORIENTED_EDGE('',*,*,#7466,.T.);
#7466 = EDGE_CURVE('',#7320,#6520,#7467,.T.);
#7467 = SURFACE_CURVE('',#7468,(#7472,#7479),.PCURVE_S1.);
#7468 = LINE('',#7469,#7470);
#7469 = CARTESIAN_POINT('',(196.075,124.63302648362,3.2));
#7470 = VECTOR('',#7471,1.);
#7471 = DIRECTION('',(-1.,1.110223024625E-16,0.));
#7472 = PCURVE('',#3019,#7473);
#7473 = DEFINITIONAL_REPRESENTATION('',(#7474),#7478);
#7474 = LINE('',#7475,#7476);
#7475 = CARTESIAN_POINT('',(0.,0.));
#7476 = VECTOR('',#7477,1.);
#7477 = DIRECTION('',(0.,-1.));
#7478 = ( GEOMETRIC_REPRESENTATION_CONTEXT(2) 
PARAMETRIC_REPRESENTATION_CONTEXT() REPRESENTATION_CONTEXT('2D SPACE',''
  ) );
#7479 = PCURVE('',#6474,#7480);
#7480 = DEFINITIONAL_REPRESENTATION('',(#7481),#7485);
#7481 = LINE('',#7482,#7483);
#7482 = CARTESIAN_POINT('',(192.875,121.43302648362));
#7483 = VECTOR('',#7484,1.);
#7484 = DIRECTION('',(-1.,1.110223024625E-16));
#7485 = ( GEOMETRIC_REPRESENTATION_CONTEXT(2) 
PARAMETRIC_REPRESENTATION_CONTEXT() REPRESENTATION_CONTEXT('2D SPACE',''
  ) );
#7486 = ORIENTED_EDGE('',*,*,#6519,.F.);
#7487 = ORIENTED_EDGE('',*,*,#6589,.F.);
#7488 = ORIENTED_EDGE('',*,*,#6614,.T.);
#7489 = ORIENTED_EDGE('',*,*,#7490,.T.);
#7490 = EDGE_CURVE('',#6615,#6782,#7491,.T.);
#7491 = SURFACE_CURVE('',#7492,(#7496,#7503),.PCURVE_S1.);
#7492 = LINE('',#7493,#7494);
#7493 = CARTESIAN_POINT('',(196.075,124.63302648362,3.2));
#7494 = VECTOR('',#7495,1.);
#7495 = DIRECTION('',(-1.,1.110223024625E-16,0.));
#7496 = PCURVE('',#3019,#7497);
#7497 = DEFINITIONAL_REPRESENTATION('',(#7498),#7502);
#7498 = LINE('',#7499,#7500);
#7499 = CARTESIAN_POINT('',(0.,0.));
#7500 = VECTOR('',#7501,1.);
#7501 = DIRECTION('',(0.,-1.));
#7502 = ( GEOMETRIC_REPRESENTATION_CONTEXT(2) 
PARAMETRIC_REPRESENTATION_CONTEXT() REPRESENTATION_CONTEXT('2D SPACE',''
  ) );
#7503 = PCURVE('',#6651,#7504);
#7504 = DEFINITIONAL_REPRESENTATION('',(#7505),#7509);
#7505 = LINE('',#7506,#7507);
#7506 = CARTESIAN_POINT('',(192.875,121.43302648362));
#7507 = VECTOR('',#7508,1.);
#7508 = DIRECTION('',(-1.,1.110223024625E-16));
#7509 = ( GEOMETRIC_REPRESENTATION_CONTEXT(2) 
PARAMETRIC_REPRESENTATION_CONTEXT() REPRESENTATION_CONTEXT('2D SPACE',''
  ) );
#7510 = ORIENTED_EDGE('',*,*,#6781,.F.);
#7511 = ORIENTED_EDGE('',*,*,#6901,.F.);
#7512 = ORIENTED_EDGE('',*,*,#7042,.T.);
#7513 = ORIENTED_EDGE('',*,*,#5369,.T.);
#7514 = ORIENTED_EDGE('',*,*,#7515,.F.);
#7515 = EDGE_CURVE('',#7516,#5347,#7518,.T.);
#7516 = VERTEX_POINT('',#7517);
#7517 = CARTESIAN_POINT('',(107.325,124.63302648362,40.482630386107));
#7518 = SURFACE_CURVE('',#7519,(#7523,#7530),.PCURVE_S1.);
#7519 = LINE('',#7520,#7521);
#7520 = CARTESIAN_POINT('',(107.325,124.63302648362,40.482630386107));
#7521 = VECTOR('',#7522,1.);
#7522 = DIRECTION('',(0.,0.,-1.));
#7523 = PCURVE('',#3019,#7524);
#7524 = DEFINITIONAL_REPRESENTATION('',(#7525),#7529);
#7525 = LINE('',#7526,#7527);
#7526 = CARTESIAN_POINT('',(37.282630386107,-88.75));
#7527 = VECTOR('',#7528,1.);
#7528 = DIRECTION('',(-1.,0.));
#7529 = ( GEOMETRIC_REPRESENTATION_CONTEXT(2) 
PARAMETRIC_REPRESENTATION_CONTEXT() REPRESENTATION_CONTEXT('2D SPACE',''
  ) );
#7530 = PCURVE('',#4573,#7531);
#7531 = DEFINITIONAL_REPRESENTATION('',(#7532),#7536);
#7532 = LINE('',#7533,#7534);
#7533 = CARTESIAN_POINT('',(37.282630386107,116.87));
#7534 = VECTOR('',#7535,1.);
#7535 = DIRECTION('',(-1.,0.));
#7536 = ( GEOMETRIC_REPRESENTATION_CONTEXT(2) 
PARAMETRIC_REPRESENTATION_CONTEXT() REPRESENTATION_CONTEXT('2D SPACE',''
  ) );
#7537 = ORIENTED_EDGE('',*,*,#7538,.T.);
#7538 = EDGE_CURVE('',#7516,#7539,#7541,.T.);
#7539 = VERTEX_POINT('',#7540);
#7540 = CARTESIAN_POINT('',(145.7,124.63302648362,40.482630386107));
#7541 = SURFACE_CURVE('',#7542,(#7546,#7553),.PCURVE_S1.);
#7542 = LINE('',#7543,#7544);
#7543 = CARTESIAN_POINT('',(273.8875,124.63302648362,40.482630386107));
#7544 = VECTOR('',#7545,1.);
#7545 = DIRECTION('',(1.,-1.110223024625E-16,0.));
#7546 = PCURVE('',#3019,#7547);
#7547 = DEFINITIONAL_REPRESENTATION('',(#7548),#7552);
#7548 = LINE('',#7549,#7550);
#7549 = CARTESIAN_POINT('',(37.282630386107,77.8125));
#7550 = VECTOR('',#7551,1.);
#7551 = DIRECTION('',(0.,1.));
#7552 = ( GEOMETRIC_REPRESENTATION_CONTEXT(2) 
PARAMETRIC_REPRESENTATION_CONTEXT() REPRESENTATION_CONTEXT('2D SPACE',''
  ) );
#7553 = PCURVE('',#2993,#7554);
#7554 = DEFINITIONAL_REPRESENTATION('',(#7555),#7559);
#7555 = LINE('',#7556,#7557);
#7556 = CARTESIAN_POINT('',(259.8533662671,77.8125));
#7557 = VECTOR('',#7558,1.);
#7558 = DIRECTION('',(0.,-1.));
#7559 = ( GEOMETRIC_REPRESENTATION_CONTEXT(2) 
PARAMETRIC_REPRESENTATION_CONTEXT() REPRESENTATION_CONTEXT('2D SPACE',''
  ) );
#7560 = ORIENTED_EDGE('',*,*,#7561,.F.);
#7561 = EDGE_CURVE('',#7562,#7539,#7564,.T.);
#7562 = VERTEX_POINT('',#7563);
#7563 = CARTESIAN_POINT('',(145.7,124.63302648362,16.433443998149));
#7564 = SURFACE_CURVE('',#7565,(#7569,#7576),.PCURVE_S1.);
#7565 = LINE('',#7566,#7567);
#7566 = CARTESIAN_POINT('',(145.7,124.63302648362,16.433443998149));
#7567 = VECTOR('',#7568,1.);
#7568 = DIRECTION('',(0.,0.,1.));
#7569 = PCURVE('',#3019,#7570);
#7570 = DEFINITIONAL_REPRESENTATION('',(#7571),#7575);
#7571 = LINE('',#7572,#7573);
#7572 = CARTESIAN_POINT('',(13.233443998149,-50.375));
#7573 = VECTOR('',#7574,1.);
#7574 = DIRECTION('',(1.,0.));
#7575 = ( GEOMETRIC_REPRESENTATION_CONTEXT(2) 
PARAMETRIC_REPRESENTATION_CONTEXT() REPRESENTATION_CONTEXT('2D SPACE',''
  ) );
#7576 = PCURVE('',#7577,#7582);
#7577 = PLANE('',#7578);
#7578 = AXIS2_PLACEMENT_3D('',#7579,#7580,#7581);
#7579 = CARTESIAN_POINT('',(145.7,121.13302648362,16.433443998149));
#7580 = DIRECTION('',(-1.,1.110223024625E-16,0.));
#7581 = DIRECTION('',(0.,0.,1.));
#7582 = DEFINITIONAL_REPRESENTATION('',(#7583),#7587);
#7583 = LINE('',#7584,#7585);
#7584 = CARTESIAN_POINT('',(0.,3.5));
#7585 = VECTOR('',#7586,1.);
#7586 = DIRECTION('',(1.,0.));
#7587 = ( GEOMETRIC_REPRESENTATION_CONTEXT(2) 
PARAMETRIC_REPRESENTATION_CONTEXT() REPRESENTATION_CONTEXT('2D SPACE',''
  ) );
#7588 = ORIENTED_EDGE('',*,*,#7589,.F.);
#7589 = EDGE_CURVE('',#7590,#7562,#7592,.T.);
#7590 = VERTEX_POINT('',#7591);
#7591 = CARTESIAN_POINT('',(157.7,124.63302648362,16.433443998149));
#7592 = SURFACE_CURVE('',#7593,(#7597,#7604),.PCURVE_S1.);
#7593 = LINE('',#7594,#7595);
#7594 = CARTESIAN_POINT('',(196.075,124.63302648362,16.433443998149));
#7595 = VECTOR('',#7596,1.);
#7596 = DIRECTION('',(-1.,1.110223024625E-16,0.));
#7597 = PCURVE('',#3019,#7598);
#7598 = DEFINITIONAL_REPRESENTATION('',(#7599),#7603);
#7599 = LINE('',#7600,#7601);
#7600 = CARTESIAN_POINT('',(13.233443998149,0.));
#7601 = VECTOR('',#7602,1.);
#7602 = DIRECTION('',(0.,-1.));
#7603 = ( GEOMETRIC_REPRESENTATION_CONTEXT(2) 
PARAMETRIC_REPRESENTATION_CONTEXT() REPRESENTATION_CONTEXT('2D SPACE',''
  ) );
#7604 = PCURVE('',#7605,#7610);
#7605 = PLANE('',#7606);
#7606 = AXIS2_PLACEMENT_3D('',#7607,#7608,#7609);
#7607 = CARTESIAN_POINT('',(196.075,7.763026483627,16.433443998149));
#7608 = DIRECTION('',(0.,0.,1.));
#7609 = DIRECTION('',(1.110223024625E-16,1.,0.));
#7610 = DEFINITIONAL_REPRESENTATION('',(#7611),#7615);
#7611 = LINE('',#7612,#7613);
#7612 = CARTESIAN_POINT('',(116.87,1.297517648879E-14));
#7613 = VECTOR('',#7614,1.);
#7614 = DIRECTION('',(0.,1.));
#7615 = ( GEOMETRIC_REPRESENTATION_CONTEXT(2) 
PARAMETRIC_REPRESENTATION_CONTEXT() REPRESENTATION_CONTEXT('2D SPACE',''
  ) );
#7616 = ORIENTED_EDGE('',*,*,#7617,.T.);
#7617 = EDGE_CURVE('',#7590,#7618,#7620,.T.);
#7618 = VERTEX_POINT('',#7619);
#7619 = CARTESIAN_POINT('',(157.7,124.63302648362,40.482630386107));
#7620 = SURFACE_CURVE('',#7621,(#7625,#7632),.PCURVE_S1.);
#7621 = LINE('',#7622,#7623);
#7622 = CARTESIAN_POINT('',(157.7,124.63302648362,16.433443998149));
#7623 = VECTOR('',#7624,1.);
#7624 = DIRECTION('',(0.,0.,1.));
#7625 = PCURVE('',#3019,#7626);
#7626 = DEFINITIONAL_REPRESENTATION('',(#7627),#7631);
#7627 = LINE('',#7628,#7629);
#7628 = CARTESIAN_POINT('',(13.233443998149,-38.375));
#7629 = VECTOR('',#7630,1.);
#7630 = DIRECTION('',(1.,0.));
#7631 = ( GEOMETRIC_REPRESENTATION_CONTEXT(2) 
PARAMETRIC_REPRESENTATION_CONTEXT() REPRESENTATION_CONTEXT('2D SPACE',''
  ) );
#7632 = PCURVE('',#7633,#7638);
#7633 = PLANE('',#7634);
#7634 = AXIS2_PLACEMENT_3D('',#7635,#7636,#7637);
#7635 = CARTESIAN_POINT('',(157.7,121.13302648362,16.433443998149));
#7636 = DIRECTION('',(-1.,1.110223024625E-16,0.));
#7637 = DIRECTION('',(0.,0.,1.));
#7638 = DEFINITIONAL_REPRESENTATION('',(#7639),#7643);
#7639 = LINE('',#7640,#7641);
#7640 = CARTESIAN_POINT('',(0.,3.5));
#7641 = VECTOR('',#7642,1.);
#7642 = DIRECTION('',(1.,0.));
#7643 = ( GEOMETRIC_REPRESENTATION_CONTEXT(2) 
PARAMETRIC_REPRESENTATION_CONTEXT() REPRESENTATION_CONTEXT('2D SPACE',''
  ) );
#7644 = ORIENTED_EDGE('',*,*,#7645,.T.);
#7645 = EDGE_CURVE('',#7618,#2979,#7646,.T.);
#7646 = SURFACE_CURVE('',#7647,(#7651,#7658),.PCURVE_S1.);
#7647 = LINE('',#7648,#7649);
#7648 = CARTESIAN_POINT('',(273.8875,124.63302648362,40.482630386107));
#7649 = VECTOR('',#7650,1.);
#7650 = DIRECTION('',(1.,-1.110223024625E-16,0.));
#7651 = PCURVE('',#3019,#7652);
#7652 = DEFINITIONAL_REPRESENTATION('',(#7653),#7657);
#7653 = LINE('',#7654,#7655);
#7654 = CARTESIAN_POINT('',(37.282630386107,77.8125));
#7655 = VECTOR('',#7656,1.);
#7656 = DIRECTION('',(0.,1.));
#7657 = ( GEOMETRIC_REPRESENTATION_CONTEXT(2) 
PARAMETRIC_REPRESENTATION_CONTEXT() REPRESENTATION_CONTEXT('2D SPACE',''
  ) );
#7658 = PCURVE('',#2993,#7659);
#7659 = DEFINITIONAL_REPRESENTATION('',(#7660),#7664);
#7660 = LINE('',#7661,#7662);
#7661 = CARTESIAN_POINT('',(259.8533662671,77.8125));
#7662 = VECTOR('',#7663,1.);
#7663 = DIRECTION('',(0.,-1.));
#7664 = ( GEOMETRIC_REPRESENTATION_CONTEXT(2) 
PARAMETRIC_REPRESENTATION_CONTEXT() REPRESENTATION_CONTEXT('2D SPACE',''
  ) );
#7665 = ORIENTED_EDGE('',*,*,#3004,.F.);
#7666 = ADVANCED_FACE('',(#7667),#2993,.T.);
#7667 = FACE_BOUND('',#7668,.T.);
#7668 = EDGE_LOOP('',(#7669,#7692,#7713,#7714,#7715,#7738,#7766,#7794,
    #7822,#7850,#7878,#7906,#7929,#7957,#7985,#8013,#8036,#8064,#8092,
    #8120,#8148,#8176,#8204,#8225));
#7669 = ORIENTED_EDGE('',*,*,#7670,.T.);
#7670 = EDGE_CURVE('',#7516,#7671,#7673,.T.);
#7671 = VERTEX_POINT('',#7672);
#7672 = CARTESIAN_POINT('',(107.325,7.763026483627,14.576937690892));
#7673 = SURFACE_CURVE('',#7674,(#7678,#7685),.PCURVE_S1.);
#7674 = LINE('',#7675,#7676);
#7675 = CARTESIAN_POINT('',(107.325,124.63302648362,40.482630386107));
#7676 = VECTOR('',#7677,1.);
#7677 = DIRECTION('',(-1.083913679215E-16,-0.976302648363,
    -0.216409655053));
#7678 = PCURVE('',#2993,#7679);
#7679 = DEFINITIONAL_REPRESENTATION('',(#7680),#7684);
#7680 = LINE('',#7681,#7682);
#7681 = CARTESIAN_POINT('',(259.8533662671,244.375));
#7682 = VECTOR('',#7683,1.);
#7683 = DIRECTION('',(-1.,0.));
#7684 = ( GEOMETRIC_REPRESENTATION_CONTEXT(2) 
PARAMETRIC_REPRESENTATION_CONTEXT() REPRESENTATION_CONTEXT('2D SPACE',''
  ) );
#7685 = PCURVE('',#4573,#7686);
#7686 = DEFINITIONAL_REPRESENTATION('',(#7687),#7691);
#7687 = LINE('',#7688,#7689);
#7688 = CARTESIAN_POINT('',(37.282630386107,116.87));
#7689 = VECTOR('',#7690,1.);
#7690 = DIRECTION('',(-0.216409655053,-0.976302648363));
#7691 = ( GEOMETRIC_REPRESENTATION_CONTEXT(2) 
PARAMETRIC_REPRESENTATION_CONTEXT() REPRESENTATION_CONTEXT('2D SPACE',''
  ) );
#7692 = ORIENTED_EDGE('',*,*,#7693,.T.);
#7693 = EDGE_CURVE('',#7671,#2953,#7694,.T.);
#7694 = SURFACE_CURVE('',#7695,(#7699,#7706),.PCURVE_S1.);
#7695 = LINE('',#7696,#7697);
#7696 = CARTESIAN_POINT('',(273.8875,7.763026483627,14.576937690892));
#7697 = VECTOR('',#7698,1.);
#7698 = DIRECTION('',(1.,-1.110223024625E-16,0.));
#7699 = PCURVE('',#2993,#7700);
#7700 = DEFINITIONAL_REPRESENTATION('',(#7701),#7705);
#7701 = LINE('',#7702,#7703);
#7702 = CARTESIAN_POINT('',(140.14663373289,77.8125));
#7703 = VECTOR('',#7704,1.);
#7704 = DIRECTION('',(0.,-1.));
#7705 = ( GEOMETRIC_REPRESENTATION_CONTEXT(2) 
PARAMETRIC_REPRESENTATION_CONTEXT() REPRESENTATION_CONTEXT('2D SPACE',''
  ) );
#7706 = PCURVE('',#2967,#7707);
#7707 = DEFINITIONAL_REPRESENTATION('',(#7708),#7712);
#7708 = LINE('',#7709,#7710);
#7709 = CARTESIAN_POINT('',(11.376937690892,77.8125));
#7710 = VECTOR('',#7711,1.);
#7711 = DIRECTION('',(0.,1.));
#7712 = ( GEOMETRIC_REPRESENTATION_CONTEXT(2) 
PARAMETRIC_REPRESENTATION_CONTEXT() REPRESENTATION_CONTEXT('2D SPACE',''
  ) );
#7713 = ORIENTED_EDGE('',*,*,#2978,.F.);
#7714 = ORIENTED_EDGE('',*,*,#7645,.F.);
#7715 = ORIENTED_EDGE('',*,*,#7716,.T.);
#7716 = EDGE_CURVE('',#7618,#7717,#7719,.T.);
#7717 = VERTEX_POINT('',#7718);
#7718 = CARTESIAN_POINT('',(157.7,123.03302648362,40.127970436484));
#7719 = SURFACE_CURVE('',#7720,(#7724,#7731),.PCURVE_S1.);
#7720 = LINE('',#7721,#7722);
#7721 = CARTESIAN_POINT('',(157.7,-6.423352274522,11.432349956089));
#7722 = VECTOR('',#7723,1.);
#7723 = DIRECTION('',(-1.083913679215E-16,-0.976302648363,
    -0.216409655053));
#7724 = PCURVE('',#2993,#7725);
#7725 = DEFINITIONAL_REPRESENTATION('',(#7726),#7730);
#7726 = LINE('',#7727,#7728);
#7727 = CARTESIAN_POINT('',(125.61591543366,194.));
#7728 = VECTOR('',#7729,1.);
#7729 = DIRECTION('',(-1.,0.));
#7730 = ( GEOMETRIC_REPRESENTATION_CONTEXT(2) 
PARAMETRIC_REPRESENTATION_CONTEXT() REPRESENTATION_CONTEXT('2D SPACE',''
  ) );
#7731 = PCURVE('',#7633,#7732);
#7732 = DEFINITIONAL_REPRESENTATION('',(#7733),#7737);
#7733 = LINE('',#7734,#7735);
#7734 = CARTESIAN_POINT('',(-5.00109404206,-127.5563787581));
#7735 = VECTOR('',#7736,1.);
#7736 = DIRECTION('',(-0.216409655053,-0.976302648363));
#7737 = ( GEOMETRIC_REPRESENTATION_CONTEXT(2) 
PARAMETRIC_REPRESENTATION_CONTEXT() REPRESENTATION_CONTEXT('2D SPACE',''
  ) );
#7738 = ORIENTED_EDGE('',*,*,#7739,.T.);
#7739 = EDGE_CURVE('',#7717,#7740,#7742,.T.);
#7740 = VERTEX_POINT('',#7741);
#7741 = CARTESIAN_POINT('',(191.275,123.03302648362,40.127970436484));
#7742 = SURFACE_CURVE('',#7743,(#7747,#7754),.PCURVE_S1.);
#7743 = LINE('',#7744,#7745);
#7744 = CARTESIAN_POINT('',(271.4875,123.03302648362,40.127970436484));
#7745 = VECTOR('',#7746,1.);
#7746 = DIRECTION('',(1.,-1.110223024625E-16,0.));
#7747 = PCURVE('',#2993,#7748);
#7748 = DEFINITIONAL_REPRESENTATION('',(#7749),#7753);
#7749 = LINE('',#7750,#7751);
#7750 = CARTESIAN_POINT('',(258.21453019237,80.2125));
#7751 = VECTOR('',#7752,1.);
#7752 = DIRECTION('',(0.,-1.));
#7753 = ( GEOMETRIC_REPRESENTATION_CONTEXT(2) 
PARAMETRIC_REPRESENTATION_CONTEXT() REPRESENTATION_CONTEXT('2D SPACE',''
  ) );
#7754 = PCURVE('',#7755,#7760);
#7755 = PLANE('',#7756);
#7756 = AXIS2_PLACEMENT_3D('',#7757,#7758,#7759);
#7757 = CARTESIAN_POINT('',(191.275,123.03302648362,16.433443998149));
#7758 = DIRECTION('',(1.110223024625E-16,1.,0.));
#7759 = DIRECTION('',(0.,0.,1.));
#7760 = DEFINITIONAL_REPRESENTATION('',(#7761),#7765);
#7761 = LINE('',#7762,#7763);
#7762 = CARTESIAN_POINT('',(23.694526438335,80.2125));
#7763 = VECTOR('',#7764,1.);
#7764 = DIRECTION('',(0.,1.));
#7765 = ( GEOMETRIC_REPRESENTATION_CONTEXT(2) 
PARAMETRIC_REPRESENTATION_CONTEXT() REPRESENTATION_CONTEXT('2D SPACE',''
  ) );
#7766 = ORIENTED_EDGE('',*,*,#7767,.F.);
#7767 = EDGE_CURVE('',#7768,#7740,#7770,.T.);
#7768 = VERTEX_POINT('',#7769);
#7769 = CARTESIAN_POINT('',(191.275,104.89302648362,36.107013257643));
#7770 = SURFACE_CURVE('',#7771,(#7775,#7782),.PCURVE_S1.);
#7771 = LINE('',#7772,#7773);
#7772 = CARTESIAN_POINT('',(191.275,-59.69108231268,-0.3751065763));
#7773 = VECTOR('',#7774,1.);
#7774 = DIRECTION('',(1.083913679215E-16,0.976302648363,0.216409655053)
  );
#7775 = PCURVE('',#2993,#7776);
#7776 = DEFINITIONAL_REPRESENTATION('',(#7777),#7781);
#7777 = LINE('',#7778,#7779);
#7778 = CARTESIAN_POINT('',(71.055241929914,160.425));
#7779 = VECTOR('',#7780,1.);
#7780 = DIRECTION('',(1.,0.));
#7781 = ( GEOMETRIC_REPRESENTATION_CONTEXT(2) 
PARAMETRIC_REPRESENTATION_CONTEXT() REPRESENTATION_CONTEXT('2D SPACE',''
  ) );
#7782 = PCURVE('',#7783,#7788);
#7783 = PLANE('',#7784);
#7784 = AXIS2_PLACEMENT_3D('',#7785,#7786,#7787);
#7785 = CARTESIAN_POINT('',(191.275,9.363026483627,16.433443998149));
#7786 = DIRECTION('',(-1.,1.110223024625E-16,0.));
#7787 = DIRECTION('',(0.,0.,1.));
#7788 = DEFINITIONAL_REPRESENTATION('',(#7789),#7793);
#7789 = LINE('',#7790,#7791);
#7790 = CARTESIAN_POINT('',(-16.80855057444,-69.05410879631));
#7791 = VECTOR('',#7792,1.);
#7792 = DIRECTION('',(0.216409655053,0.976302648363));
#7793 = ( GEOMETRIC_REPRESENTATION_CONTEXT(2) 
PARAMETRIC_REPRESENTATION_CONTEXT() REPRESENTATION_CONTEXT('2D SPACE',''
  ) );
#7794 = ORIENTED_EDGE('',*,*,#7795,.F.);
#7795 = EDGE_CURVE('',#7796,#7768,#7798,.T.);
#7796 = VERTEX_POINT('',#7797);
#7797 = CARTESIAN_POINT('',(194.025,104.89302648362,36.107013257643));
#7798 = SURFACE_CURVE('',#7799,(#7803,#7810),.PCURVE_S1.);
#7799 = LINE('',#7800,#7801);
#7800 = CARTESIAN_POINT('',(272.8625,104.89302648362,36.107013257643));
#7801 = VECTOR('',#7802,1.);
#7802 = DIRECTION('',(-1.,1.110223024625E-16,0.));
#7803 = PCURVE('',#2993,#7804);
#7804 = DEFINITIONAL_REPRESENTATION('',(#7805),#7809);
#7805 = LINE('',#7806,#7807);
#7806 = CARTESIAN_POINT('',(239.63422619501,78.8375));
#7807 = VECTOR('',#7808,1.);
#7808 = DIRECTION('',(0.,1.));
#7809 = ( GEOMETRIC_REPRESENTATION_CONTEXT(2) 
PARAMETRIC_REPRESENTATION_CONTEXT() REPRESENTATION_CONTEXT('2D SPACE',''
  ) );
#7810 = PCURVE('',#7811,#7816);
#7811 = PLANE('',#7812);
#7812 = AXIS2_PLACEMENT_3D('',#7813,#7814,#7815);
#7813 = CARTESIAN_POINT('',(194.025,104.89302648362,16.433443998149));
#7814 = DIRECTION('',(1.110223024625E-16,1.,0.));
#7815 = DIRECTION('',(0.,0.,1.));
#7816 = DEFINITIONAL_REPRESENTATION('',(#7817),#7821);
#7817 = LINE('',#7818,#7819);
#7818 = CARTESIAN_POINT('',(19.673569259494,78.8375));
#7819 = VECTOR('',#7820,1.);
#7820 = DIRECTION('',(0.,-1.));
#7821 = ( GEOMETRIC_REPRESENTATION_CONTEXT(2) 
PARAMETRIC_REPRESENTATION_CONTEXT() REPRESENTATION_CONTEXT('2D SPACE',''
  ) );
#7822 = ORIENTED_EDGE('',*,*,#7823,.T.);
#7823 = EDGE_CURVE('',#7796,#7824,#7826,.T.);
#7824 = VERTEX_POINT('',#7825);
#7825 = CARTESIAN_POINT('',(194.025,90.893026483627,33.003738698449));
#7826 = SURFACE_CURVE('',#7827,(#7831,#7838),.PCURVE_S1.);
#7827 = LINE('',#7828,#7829);
#7828 = CARTESIAN_POINT('',(194.025,-20.83523521586,8.237776407378));
#7829 = VECTOR('',#7830,1.);
#7830 = DIRECTION('',(-1.083913679215E-16,-0.976302648363,
    -0.216409655053));
#7831 = PCURVE('',#2993,#7832);
#7832 = DEFINITIONAL_REPRESENTATION('',(#7833),#7837);
#7833 = LINE('',#7834,#7835);
#7834 = CARTESIAN_POINT('',(110.85421939041,157.675));
#7835 = VECTOR('',#7836,1.);
#7836 = DIRECTION('',(-1.,0.));
#7837 = ( GEOMETRIC_REPRESENTATION_CONTEXT(2) 
PARAMETRIC_REPRESENTATION_CONTEXT() REPRESENTATION_CONTEXT('2D SPACE',''
  ) );
#7838 = PCURVE('',#7839,#7844);
#7839 = PLANE('',#7840);
#7840 = AXIS2_PLACEMENT_3D('',#7841,#7842,#7843);
#7841 = CARTESIAN_POINT('',(194.025,90.893026483627,16.433443998149));
#7842 = DIRECTION('',(-1.,1.110223024625E-16,0.));
#7843 = DIRECTION('',(0.,0.,1.));
#7844 = DEFINITIONAL_REPRESENTATION('',(#7845),#7849);
#7845 = LINE('',#7846,#7847);
#7846 = CARTESIAN_POINT('',(-8.195667590771,-111.7282616994));
#7847 = VECTOR('',#7848,1.);
#7848 = DIRECTION('',(-0.216409655053,-0.976302648363));
#7849 = ( GEOMETRIC_REPRESENTATION_CONTEXT(2) 
PARAMETRIC_REPRESENTATION_CONTEXT() REPRESENTATION_CONTEXT('2D SPACE',''
  ) );
#7850 = ORIENTED_EDGE('',*,*,#7851,.T.);
#7851 = EDGE_CURVE('',#7824,#7852,#7854,.T.);
#7852 = VERTEX_POINT('',#7853);
#7853 = CARTESIAN_POINT('',(191.275,90.893026483627,33.003738698449));
#7854 = SURFACE_CURVE('',#7855,(#7859,#7866),.PCURVE_S1.);
#7855 = LINE('',#7856,#7857);
#7856 = CARTESIAN_POINT('',(272.8625,90.893026483627,33.003738698449));
#7857 = VECTOR('',#7858,1.);
#7858 = DIRECTION('',(-1.,1.110223024625E-16,0.));
#7859 = PCURVE('',#2993,#7860);
#7860 = DEFINITIONAL_REPRESENTATION('',(#7861),#7865);
#7861 = LINE('',#7862,#7863);
#7862 = CARTESIAN_POINT('',(225.29441054105,78.8375));
#7863 = VECTOR('',#7864,1.);
#7864 = DIRECTION('',(0.,1.));
#7865 = ( GEOMETRIC_REPRESENTATION_CONTEXT(2) 
PARAMETRIC_REPRESENTATION_CONTEXT() REPRESENTATION_CONTEXT('2D SPACE',''
  ) );
#7866 = PCURVE('',#7867,#7872);
#7867 = PLANE('',#7868);
#7868 = AXIS2_PLACEMENT_3D('',#7869,#7870,#7871);
#7869 = CARTESIAN_POINT('',(194.025,90.893026483627,16.433443998149));
#7870 = DIRECTION('',(1.110223024625E-16,1.,0.));
#7871 = DIRECTION('',(0.,0.,1.));
#7872 = DEFINITIONAL_REPRESENTATION('',(#7873),#7877);
#7873 = LINE('',#7874,#7875);
#7874 = CARTESIAN_POINT('',(16.5702947003,78.8375));
#7875 = VECTOR('',#7876,1.);
#7876 = DIRECTION('',(0.,-1.));
#7877 = ( GEOMETRIC_REPRESENTATION_CONTEXT(2) 
PARAMETRIC_REPRESENTATION_CONTEXT() REPRESENTATION_CONTEXT('2D SPACE',''
  ) );
#7878 = ORIENTED_EDGE('',*,*,#7879,.F.);
#7879 = EDGE_CURVE('',#7880,#7852,#7882,.T.);
#7880 = VERTEX_POINT('',#7881);
#7881 = CARTESIAN_POINT('',(191.275,16.138401528864,16.433443998149));
#7882 = SURFACE_CURVE('',#7883,(#7887,#7894),.PCURVE_S1.);
#7883 = LINE('',#7884,#7885);
#7884 = CARTESIAN_POINT('',(191.275,-59.69108231268,-0.3751065763));
#7885 = VECTOR('',#7886,1.);
#7886 = DIRECTION('',(1.083913679215E-16,0.976302648363,0.216409655053)
  );
#7887 = PCURVE('',#2993,#7888);
#7888 = DEFINITIONAL_REPRESENTATION('',(#7889),#7893);
#7889 = LINE('',#7890,#7891);
#7890 = CARTESIAN_POINT('',(71.055241929914,160.425));
#7891 = VECTOR('',#7892,1.);
#7892 = DIRECTION('',(1.,0.));
#7893 = ( GEOMETRIC_REPRESENTATION_CONTEXT(2) 
PARAMETRIC_REPRESENTATION_CONTEXT() REPRESENTATION_CONTEXT('2D SPACE',''
  ) );
#7894 = PCURVE('',#7895,#7900);
#7895 = PLANE('',#7896);
#7896 = AXIS2_PLACEMENT_3D('',#7897,#7898,#7899);
#7897 = CARTESIAN_POINT('',(191.275,9.363026483627,16.433443998149));
#7898 = DIRECTION('',(-1.,1.110223024625E-16,0.));
#7899 = DIRECTION('',(0.,0.,1.));
#7900 = DEFINITIONAL_REPRESENTATION('',(#7901),#7905);
#7901 = LINE('',#7902,#7903);
#7902 = CARTESIAN_POINT('',(-16.80855057444,-69.05410879631));
#7903 = VECTOR('',#7904,1.);
#7904 = DIRECTION('',(0.216409655053,0.976302648363));
#7905 = ( GEOMETRIC_REPRESENTATION_CONTEXT(2) 
PARAMETRIC_REPRESENTATION_CONTEXT() REPRESENTATION_CONTEXT('2D SPACE',''
  ) );
#7906 = ORIENTED_EDGE('',*,*,#7907,.F.);
#7907 = EDGE_CURVE('',#7908,#7880,#7910,.T.);
#7908 = VERTEX_POINT('',#7909);
#7909 = CARTESIAN_POINT('',(190.875,16.138401528864,16.433443998149));
#7910 = SURFACE_CURVE('',#7911,(#7915,#7922),.PCURVE_S1.);
#7911 = LINE('',#7912,#7913);
#7912 = CARTESIAN_POINT('',(273.8875,16.138401528864,16.433443998149));
#7913 = VECTOR('',#7914,1.);
#7914 = DIRECTION('',(1.,-1.110223024625E-16,0.));
#7915 = PCURVE('',#2993,#7916);
#7916 = DEFINITIONAL_REPRESENTATION('',(#7917),#7921);
#7917 = LINE('',#7918,#7919);
#7918 = CARTESIAN_POINT('',(148.72530046014,77.8125));
#7919 = VECTOR('',#7920,1.);
#7920 = DIRECTION('',(0.,-1.));
#7921 = ( GEOMETRIC_REPRESENTATION_CONTEXT(2) 
PARAMETRIC_REPRESENTATION_CONTEXT() REPRESENTATION_CONTEXT('2D SPACE',''
  ) );
#7922 = PCURVE('',#7605,#7923);
#7923 = DEFINITIONAL_REPRESENTATION('',(#7924),#7928);
#7924 = LINE('',#7925,#7926);
#7925 = CARTESIAN_POINT('',(8.375375045237,-77.8125));
#7926 = VECTOR('',#7927,1.);
#7927 = DIRECTION('',(0.,-1.));
#7928 = ( GEOMETRIC_REPRESENTATION_CONTEXT(2) 
PARAMETRIC_REPRESENTATION_CONTEXT() REPRESENTATION_CONTEXT('2D SPACE',''
  ) );
#7929 = ORIENTED_EDGE('',*,*,#7930,.F.);
#7930 = EDGE_CURVE('',#7931,#7908,#7933,.T.);
#7931 = VERTEX_POINT('',#7932);
#7932 = CARTESIAN_POINT('',(190.875,9.763026483627,15.02026262792));
#7933 = SURFACE_CURVE('',#7934,(#7938,#7945),.PCURVE_S1.);
#7934 = LINE('',#7935,#7936);
#7935 = CARTESIAN_POINT('',(190.875,-60.89843869424,-0.642732172212));
#7936 = VECTOR('',#7937,1.);
#7937 = DIRECTION('',(1.083913679215E-16,0.976302648363,0.216409655053)
  );
#7938 = PCURVE('',#2993,#7939);
#7939 = DEFINITIONAL_REPRESENTATION('',(#7940),#7944);
#7940 = LINE('',#7941,#7942);
#7941 = CARTESIAN_POINT('',(69.818579934187,160.825));
#7942 = VECTOR('',#7943,1.);
#7943 = DIRECTION('',(1.,0.));
#7944 = ( GEOMETRIC_REPRESENTATION_CONTEXT(2) 
PARAMETRIC_REPRESENTATION_CONTEXT() REPRESENTATION_CONTEXT('2D SPACE',''
  ) );
#7945 = PCURVE('',#7946,#7951);
#7946 = PLANE('',#7947);
#7947 = AXIS2_PLACEMENT_3D('',#7948,#7949,#7950);
#7948 = CARTESIAN_POINT('',(190.875,9.763026483627,3.2));
#7949 = DIRECTION('',(-1.,1.110223024625E-16,0.));
#7950 = DIRECTION('',(0.,0.,1.));
#7951 = DEFINITIONAL_REPRESENTATION('',(#7952),#7956);
#7952 = LINE('',#7953,#7954);
#7953 = CARTESIAN_POINT('',(-3.842732172212,-70.66146517786));
#7954 = VECTOR('',#7955,1.);
#7955 = DIRECTION('',(0.216409655053,0.976302648363));
#7956 = ( GEOMETRIC_REPRESENTATION_CONTEXT(2) 
PARAMETRIC_REPRESENTATION_CONTEXT() REPRESENTATION_CONTEXT('2D SPACE',''
  ) );
#7957 = ORIENTED_EDGE('',*,*,#7958,.F.);
#7958 = EDGE_CURVE('',#7959,#7931,#7961,.T.);
#7959 = VERTEX_POINT('',#7960);
#7960 = CARTESIAN_POINT('',(112.525,9.763026483627,15.02026262792));
#7961 = SURFACE_CURVE('',#7962,(#7966,#7973),.PCURVE_S1.);
#7962 = LINE('',#7963,#7964);
#7963 = CARTESIAN_POINT('',(271.2875,9.763026483627,15.02026262792));
#7964 = VECTOR('',#7965,1.);
#7965 = DIRECTION('',(1.,-1.110223024625E-16,0.));
#7966 = PCURVE('',#2993,#7967);
#7967 = DEFINITIONAL_REPRESENTATION('',(#7968),#7972);
#7968 = LINE('',#7969,#7970);
#7969 = CARTESIAN_POINT('',(142.19517882631,80.4125));
#7970 = VECTOR('',#7971,1.);
#7971 = DIRECTION('',(0.,-1.));
#7972 = ( GEOMETRIC_REPRESENTATION_CONTEXT(2) 
PARAMETRIC_REPRESENTATION_CONTEXT() REPRESENTATION_CONTEXT('2D SPACE',''
  ) );
#7973 = PCURVE('',#7974,#7979);
#7974 = PLANE('',#7975);
#7975 = AXIS2_PLACEMENT_3D('',#7976,#7977,#7978);
#7976 = CARTESIAN_POINT('',(190.875,9.763026483627,3.2));
#7977 = DIRECTION('',(1.110223024625E-16,1.,0.));
#7978 = DIRECTION('',(0.,0.,1.));
#7979 = DEFINITIONAL_REPRESENTATION('',(#7980),#7984);
#7980 = LINE('',#7981,#7982);
#7981 = CARTESIAN_POINT('',(11.82026262792,80.4125));
#7982 = VECTOR('',#7983,1.);
#7983 = DIRECTION('',(0.,1.));
#7984 = ( GEOMETRIC_REPRESENTATION_CONTEXT(2) 
PARAMETRIC_REPRESENTATION_CONTEXT() REPRESENTATION_CONTEXT('2D SPACE',''
  ) );
#7985 = ORIENTED_EDGE('',*,*,#7986,.T.);
#7986 = EDGE_CURVE('',#7959,#7987,#7989,.T.);
#7987 = VERTEX_POINT('',#7988);
#7988 = CARTESIAN_POINT('',(112.525,16.138401528864,16.433443998149));
#7989 = SURFACE_CURVE('',#7990,(#7994,#8001),.PCURVE_S1.);
#7990 = LINE('',#7991,#7992);
#7991 = CARTESIAN_POINT('',(112.525,-60.89843869424,-0.642732172212));
#7992 = VECTOR('',#7993,1.);
#7993 = DIRECTION('',(1.083913679215E-16,0.976302648363,0.216409655053)
  );
#7994 = PCURVE('',#2993,#7995);
#7995 = DEFINITIONAL_REPRESENTATION('',(#7996),#8000);
#7996 = LINE('',#7997,#7998);
#7997 = CARTESIAN_POINT('',(69.818579934187,239.175));
#7998 = VECTOR('',#7999,1.);
#7999 = DIRECTION('',(1.,0.));
#8000 = ( GEOMETRIC_REPRESENTATION_CONTEXT(2) 
PARAMETRIC_REPRESENTATION_CONTEXT() REPRESENTATION_CONTEXT('2D SPACE',''
  ) );
#8001 = PCURVE('',#8002,#8007);
#8002 = PLANE('',#8003);
#8003 = AXIS2_PLACEMENT_3D('',#8004,#8005,#8006);
#8004 = CARTESIAN_POINT('',(112.525,9.763026483627,3.2));
#8005 = DIRECTION('',(-1.,1.110223024625E-16,0.));
#8006 = DIRECTION('',(0.,0.,1.));
#8007 = DEFINITIONAL_REPRESENTATION('',(#8008),#8012);
#8008 = LINE('',#8009,#8010);
#8009 = CARTESIAN_POINT('',(-3.842732172212,-70.66146517786));
#8010 = VECTOR('',#8011,1.);
#8011 = DIRECTION('',(0.216409655053,0.976302648363));
#8012 = ( GEOMETRIC_REPRESENTATION_CONTEXT(2) 
PARAMETRIC_REPRESENTATION_CONTEXT() REPRESENTATION_CONTEXT('2D SPACE',''
  ) );
#8013 = ORIENTED_EDGE('',*,*,#8014,.F.);
#8014 = EDGE_CURVE('',#8015,#7987,#8017,.T.);
#8015 = VERTEX_POINT('',#8016);
#8016 = CARTESIAN_POINT('',(112.125,16.138401528864,16.433443998149));
#8017 = SURFACE_CURVE('',#8018,(#8022,#8029),.PCURVE_S1.);
#8018 = LINE('',#8019,#8020);
#8019 = CARTESIAN_POINT('',(273.8875,16.138401528864,16.433443998149));
#8020 = VECTOR('',#8021,1.);
#8021 = DIRECTION('',(1.,-1.110223024625E-16,0.));
#8022 = PCURVE('',#2993,#8023);
#8023 = DEFINITIONAL_REPRESENTATION('',(#8024),#8028);
#8024 = LINE('',#8025,#8026);
#8025 = CARTESIAN_POINT('',(148.72530046014,77.8125));
#8026 = VECTOR('',#8027,1.);
#8027 = DIRECTION('',(0.,-1.));
#8028 = ( GEOMETRIC_REPRESENTATION_CONTEXT(2) 
PARAMETRIC_REPRESENTATION_CONTEXT() REPRESENTATION_CONTEXT('2D SPACE',''
  ) );
#8029 = PCURVE('',#7605,#8030);
#8030 = DEFINITIONAL_REPRESENTATION('',(#8031),#8035);
#8031 = LINE('',#8032,#8033);
#8032 = CARTESIAN_POINT('',(8.375375045237,-77.8125));
#8033 = VECTOR('',#8034,1.);
#8034 = DIRECTION('',(0.,-1.));
#8035 = ( GEOMETRIC_REPRESENTATION_CONTEXT(2) 
PARAMETRIC_REPRESENTATION_CONTEXT() REPRESENTATION_CONTEXT('2D SPACE',''
  ) );
#8036 = ORIENTED_EDGE('',*,*,#8037,.T.);
#8037 = EDGE_CURVE('',#8015,#8038,#8040,.T.);
#8038 = VERTEX_POINT('',#8039);
#8039 = CARTESIAN_POINT('',(112.125,90.893026483627,33.003738698449));
#8040 = SURFACE_CURVE('',#8041,(#8045,#8052),.PCURVE_S1.);
#8041 = LINE('',#8042,#8043);
#8042 = CARTESIAN_POINT('',(112.125,-59.69108231268,-0.3751065763));
#8043 = VECTOR('',#8044,1.);
#8044 = DIRECTION('',(1.083913679215E-16,0.976302648363,0.216409655053)
  );
#8045 = PCURVE('',#2993,#8046);
#8046 = DEFINITIONAL_REPRESENTATION('',(#8047),#8051);
#8047 = LINE('',#8048,#8049);
#8048 = CARTESIAN_POINT('',(71.055241929914,239.575));
#8049 = VECTOR('',#8050,1.);
#8050 = DIRECTION('',(1.,0.));
#8051 = ( GEOMETRIC_REPRESENTATION_CONTEXT(2) 
PARAMETRIC_REPRESENTATION_CONTEXT() REPRESENTATION_CONTEXT('2D SPACE',''
  ) );
#8052 = PCURVE('',#8053,#8058);
#8053 = PLANE('',#8054);
#8054 = AXIS2_PLACEMENT_3D('',#8055,#8056,#8057);
#8055 = CARTESIAN_POINT('',(112.125,9.363026483627,16.433443998149));
#8056 = DIRECTION('',(-1.,1.110223024625E-16,0.));
#8057 = DIRECTION('',(0.,0.,1.));
#8058 = DEFINITIONAL_REPRESENTATION('',(#8059),#8063);
#8059 = LINE('',#8060,#8061);
#8060 = CARTESIAN_POINT('',(-16.80855057444,-69.05410879631));
#8061 = VECTOR('',#8062,1.);
#8062 = DIRECTION('',(0.216409655053,0.976302648363));
#8063 = ( GEOMETRIC_REPRESENTATION_CONTEXT(2) 
PARAMETRIC_REPRESENTATION_CONTEXT() REPRESENTATION_CONTEXT('2D SPACE',''
  ) );
#8064 = ORIENTED_EDGE('',*,*,#8065,.T.);
#8065 = EDGE_CURVE('',#8038,#8066,#8068,.T.);
#8066 = VERTEX_POINT('',#8067);
#8067 = CARTESIAN_POINT('',(109.375,90.893026483627,33.003738698449));
#8068 = SURFACE_CURVE('',#8069,(#8073,#8080),.PCURVE_S1.);
#8069 = LINE('',#8070,#8071);
#8070 = CARTESIAN_POINT('',(232.4125,90.893026483627,33.003738698449));
#8071 = VECTOR('',#8072,1.);
#8072 = DIRECTION('',(-1.,1.110223024625E-16,0.));
#8073 = PCURVE('',#2993,#8074);
#8074 = DEFINITIONAL_REPRESENTATION('',(#8075),#8079);
#8075 = LINE('',#8076,#8077);
#8076 = CARTESIAN_POINT('',(225.29441054105,119.2875));
#8077 = VECTOR('',#8078,1.);
#8078 = DIRECTION('',(0.,1.));
#8079 = ( GEOMETRIC_REPRESENTATION_CONTEXT(2) 
PARAMETRIC_REPRESENTATION_CONTEXT() REPRESENTATION_CONTEXT('2D SPACE',''
  ) );
#8080 = PCURVE('',#8081,#8086);
#8081 = PLANE('',#8082);
#8082 = AXIS2_PLACEMENT_3D('',#8083,#8084,#8085);
#8083 = CARTESIAN_POINT('',(113.125,90.893026483627,16.433443998149));
#8084 = DIRECTION('',(1.110223024625E-16,1.,0.));
#8085 = DIRECTION('',(0.,0.,1.));
#8086 = DEFINITIONAL_REPRESENTATION('',(#8087),#8091);
#8087 = LINE('',#8088,#8089);
#8088 = CARTESIAN_POINT('',(16.5702947003,119.2875));
#8089 = VECTOR('',#8090,1.);
#8090 = DIRECTION('',(0.,-1.));
#8091 = ( GEOMETRIC_REPRESENTATION_CONTEXT(2) 
PARAMETRIC_REPRESENTATION_CONTEXT() REPRESENTATION_CONTEXT('2D SPACE',''
  ) );
#8092 = ORIENTED_EDGE('',*,*,#8093,.F.);
#8093 = EDGE_CURVE('',#8094,#8066,#8096,.T.);
#8094 = VERTEX_POINT('',#8095);
#8095 = CARTESIAN_POINT('',(109.375,104.89302648362,36.107013257643));
#8096 = SURFACE_CURVE('',#8097,(#8101,#8108),.PCURVE_S1.);
#8097 = LINE('',#8098,#8099);
#8098 = CARTESIAN_POINT('',(109.375,-20.83523521586,8.237776407378));
#8099 = VECTOR('',#8100,1.);
#8100 = DIRECTION('',(-1.083913679215E-16,-0.976302648363,
    -0.216409655053));
#8101 = PCURVE('',#2993,#8102);
#8102 = DEFINITIONAL_REPRESENTATION('',(#8103),#8107);
#8103 = LINE('',#8104,#8105);
#8104 = CARTESIAN_POINT('',(110.85421939041,242.325));
#8105 = VECTOR('',#8106,1.);
#8106 = DIRECTION('',(-1.,0.));
#8107 = ( GEOMETRIC_REPRESENTATION_CONTEXT(2) 
PARAMETRIC_REPRESENTATION_CONTEXT() REPRESENTATION_CONTEXT('2D SPACE',''
  ) );
#8108 = PCURVE('',#8109,#8114);
#8109 = PLANE('',#8110);
#8110 = AXIS2_PLACEMENT_3D('',#8111,#8112,#8113);
#8111 = CARTESIAN_POINT('',(109.375,90.893026483627,16.433443998149));
#8112 = DIRECTION('',(-1.,1.110223024625E-16,0.));
#8113 = DIRECTION('',(0.,0.,1.));
#8114 = DEFINITIONAL_REPRESENTATION('',(#8115),#8119);
#8115 = LINE('',#8116,#8117);
#8116 = CARTESIAN_POINT('',(-8.195667590771,-111.7282616994));
#8117 = VECTOR('',#8118,1.);
#8118 = DIRECTION('',(-0.216409655053,-0.976302648363));
#8119 = ( GEOMETRIC_REPRESENTATION_CONTEXT(2) 
PARAMETRIC_REPRESENTATION_CONTEXT() REPRESENTATION_CONTEXT('2D SPACE',''
  ) );
#8120 = ORIENTED_EDGE('',*,*,#8121,.F.);
#8121 = EDGE_CURVE('',#8122,#8094,#8124,.T.);
#8122 = VERTEX_POINT('',#8123);
#8123 = CARTESIAN_POINT('',(112.125,104.89302648362,36.107013257643));
#8124 = SURFACE_CURVE('',#8125,(#8129,#8136),.PCURVE_S1.);
#8125 = LINE('',#8126,#8127);
#8126 = CARTESIAN_POINT('',(232.4125,104.89302648362,36.107013257643));
#8127 = VECTOR('',#8128,1.);
#8128 = DIRECTION('',(-1.,1.110223024625E-16,0.));
#8129 = PCURVE('',#2993,#8130);
#8130 = DEFINITIONAL_REPRESENTATION('',(#8131),#8135);
#8131 = LINE('',#8132,#8133);
#8132 = CARTESIAN_POINT('',(239.63422619501,119.2875));
#8133 = VECTOR('',#8134,1.);
#8134 = DIRECTION('',(0.,1.));
#8135 = ( GEOMETRIC_REPRESENTATION_CONTEXT(2) 
PARAMETRIC_REPRESENTATION_CONTEXT() REPRESENTATION_CONTEXT('2D SPACE',''
  ) );
#8136 = PCURVE('',#8137,#8142);
#8137 = PLANE('',#8138);
#8138 = AXIS2_PLACEMENT_3D('',#8139,#8140,#8141);
#8139 = CARTESIAN_POINT('',(113.125,104.89302648362,16.433443998149));
#8140 = DIRECTION('',(1.110223024625E-16,1.,0.));
#8141 = DIRECTION('',(0.,0.,1.));
#8142 = DEFINITIONAL_REPRESENTATION('',(#8143),#8147);
#8143 = LINE('',#8144,#8145);
#8144 = CARTESIAN_POINT('',(19.673569259494,119.2875));
#8145 = VECTOR('',#8146,1.);
#8146 = DIRECTION('',(0.,-1.));
#8147 = ( GEOMETRIC_REPRESENTATION_CONTEXT(2) 
PARAMETRIC_REPRESENTATION_CONTEXT() REPRESENTATION_CONTEXT('2D SPACE',''
  ) );
#8148 = ORIENTED_EDGE('',*,*,#8149,.T.);
#8149 = EDGE_CURVE('',#8122,#8150,#8152,.T.);
#8150 = VERTEX_POINT('',#8151);
#8151 = CARTESIAN_POINT('',(112.125,123.03302648362,40.127970436484));
#8152 = SURFACE_CURVE('',#8153,(#8157,#8164),.PCURVE_S1.);
#8153 = LINE('',#8154,#8155);
#8154 = CARTESIAN_POINT('',(112.125,-59.69108231268,-0.3751065763));
#8155 = VECTOR('',#8156,1.);
#8156 = DIRECTION('',(1.083913679215E-16,0.976302648363,0.216409655053)
  );
#8157 = PCURVE('',#2993,#8158);
#8158 = DEFINITIONAL_REPRESENTATION('',(#8159),#8163);
#8159 = LINE('',#8160,#8161);
#8160 = CARTESIAN_POINT('',(71.055241929914,239.575));
#8161 = VECTOR('',#8162,1.);
#8162 = DIRECTION('',(1.,0.));
#8163 = ( GEOMETRIC_REPRESENTATION_CONTEXT(2) 
PARAMETRIC_REPRESENTATION_CONTEXT() REPRESENTATION_CONTEXT('2D SPACE',''
  ) );
#8164 = PCURVE('',#8165,#8170);
#8165 = PLANE('',#8166);
#8166 = AXIS2_PLACEMENT_3D('',#8167,#8168,#8169);
#8167 = CARTESIAN_POINT('',(112.125,9.363026483627,16.433443998149));
#8168 = DIRECTION('',(-1.,1.110223024625E-16,0.));
#8169 = DIRECTION('',(0.,0.,1.));
#8170 = DEFINITIONAL_REPRESENTATION('',(#8171),#8175);
#8171 = LINE('',#8172,#8173);
#8172 = CARTESIAN_POINT('',(-16.80855057444,-69.05410879631));
#8173 = VECTOR('',#8174,1.);
#8174 = DIRECTION('',(0.216409655053,0.976302648363));
#8175 = ( GEOMETRIC_REPRESENTATION_CONTEXT(2) 
PARAMETRIC_REPRESENTATION_CONTEXT() REPRESENTATION_CONTEXT('2D SPACE',''
  ) );
#8176 = ORIENTED_EDGE('',*,*,#8177,.T.);
#8177 = EDGE_CURVE('',#8150,#8178,#8180,.T.);
#8178 = VERTEX_POINT('',#8179);
#8179 = CARTESIAN_POINT('',(145.7,123.03302648362,40.127970436484));
#8180 = SURFACE_CURVE('',#8181,(#8185,#8192),.PCURVE_S1.);
#8181 = LINE('',#8182,#8183);
#8182 = CARTESIAN_POINT('',(271.4875,123.03302648362,40.127970436484));
#8183 = VECTOR('',#8184,1.);
#8184 = DIRECTION('',(1.,-1.110223024625E-16,0.));
#8185 = PCURVE('',#2993,#8186);
#8186 = DEFINITIONAL_REPRESENTATION('',(#8187),#8191);
#8187 = LINE('',#8188,#8189);
#8188 = CARTESIAN_POINT('',(258.21453019237,80.2125));
#8189 = VECTOR('',#8190,1.);
#8190 = DIRECTION('',(0.,-1.));
#8191 = ( GEOMETRIC_REPRESENTATION_CONTEXT(2) 
PARAMETRIC_REPRESENTATION_CONTEXT() REPRESENTATION_CONTEXT('2D SPACE',''
  ) );
#8192 = PCURVE('',#8193,#8198);
#8193 = PLANE('',#8194);
#8194 = AXIS2_PLACEMENT_3D('',#8195,#8196,#8197);
#8195 = CARTESIAN_POINT('',(191.275,123.03302648362,16.433443998149));
#8196 = DIRECTION('',(1.110223024625E-16,1.,0.));
#8197 = DIRECTION('',(0.,0.,1.));
#8198 = DEFINITIONAL_REPRESENTATION('',(#8199),#8203);
#8199 = LINE('',#8200,#8201);
#8200 = CARTESIAN_POINT('',(23.694526438335,80.2125));
#8201 = VECTOR('',#8202,1.);
#8202 = DIRECTION('',(0.,1.));
#8203 = ( GEOMETRIC_REPRESENTATION_CONTEXT(2) 
PARAMETRIC_REPRESENTATION_CONTEXT() REPRESENTATION_CONTEXT('2D SPACE',''
  ) );
#8204 = ORIENTED_EDGE('',*,*,#8205,.F.);
#8205 = EDGE_CURVE('',#7539,#8178,#8206,.T.);
#8206 = SURFACE_CURVE('',#8207,(#8211,#8218),.PCURVE_S1.);
#8207 = LINE('',#8208,#8209);
#8208 = CARTESIAN_POINT('',(145.7,-6.423352274522,11.432349956089));
#8209 = VECTOR('',#8210,1.);
#8210 = DIRECTION('',(-1.083913679215E-16,-0.976302648363,
    -0.216409655053));
#8211 = PCURVE('',#2993,#8212);
#8212 = DEFINITIONAL_REPRESENTATION('',(#8213),#8217);
#8213 = LINE('',#8214,#8215);
#8214 = CARTESIAN_POINT('',(125.61591543366,206.));
#8215 = VECTOR('',#8216,1.);
#8216 = DIRECTION('',(-1.,0.));
#8217 = ( GEOMETRIC_REPRESENTATION_CONTEXT(2) 
PARAMETRIC_REPRESENTATION_CONTEXT() REPRESENTATION_CONTEXT('2D SPACE',''
  ) );
#8218 = PCURVE('',#7577,#8219);
#8219 = DEFINITIONAL_REPRESENTATION('',(#8220),#8224);
#8220 = LINE('',#8221,#8222);
#8221 = CARTESIAN_POINT('',(-5.00109404206,-127.5563787581));
#8222 = VECTOR('',#8223,1.);
#8223 = DIRECTION('',(-0.216409655053,-0.976302648363));
#8224 = ( GEOMETRIC_REPRESENTATION_CONTEXT(2) 
PARAMETRIC_REPRESENTATION_CONTEXT() REPRESENTATION_CONTEXT('2D SPACE',''
  ) );
#8225 = ORIENTED_EDGE('',*,*,#7538,.F.);
#8226 = ADVANCED_FACE('',(#8227),#2967,.F.);
#8227 = FACE_BOUND('',#8228,.F.);
#8228 = EDGE_LOOP('',(#8229,#8248,#8249,#8270,#8271));
#8229 = ORIENTED_EDGE('',*,*,#8230,.F.);
#8230 = EDGE_CURVE('',#4514,#2925,#8231,.T.);
#8231 = SURFACE_CURVE('',#8232,(#8236,#8242),.PCURVE_S1.);
#8232 = LINE('',#8233,#8234);
#8233 = CARTESIAN_POINT('',(194.45,7.763026483627,4.575));
#8234 = VECTOR('',#8235,1.);
#8235 = DIRECTION('',(0.707106781187,-7.850462293419E-17,0.707106781187)
  );
#8236 = PCURVE('',#2967,#8237);
#8237 = DEFINITIONAL_REPRESENTATION('',(#8238),#8241);
#8238 = B_SPLINE_CURVE_WITH_KNOTS('',1,(#8239,#8240),.UNSPECIFIED.,.F.,
  .F.,(2,2),(-1.944543648263,1.59099025767),.PIECEWISE_BEZIER_KNOTS.);
#8239 = CARTESIAN_POINT('',(3.40428597592E-17,-3.));
#8240 = CARTESIAN_POINT('',(2.5,-0.5));
#8241 = ( GEOMETRIC_REPRESENTATION_CONTEXT(2) 
PARAMETRIC_REPRESENTATION_CONTEXT() REPRESENTATION_CONTEXT('2D SPACE',''
  ) );
#8242 = PCURVE('',#2940,#8243);
#8243 = DEFINITIONAL_REPRESENTATION('',(#8244),#8247);
#8244 = B_SPLINE_CURVE_WITH_KNOTS('',1,(#8245,#8246),.UNSPECIFIED.,.F.,
  .F.,(2,2),(-1.944543648263,1.59099025767),.PIECEWISE_BEZIER_KNOTS.);
#8245 = CARTESIAN_POINT('',(-142.4453972544,1.767766952966));
#8246 = CARTESIAN_POINT('',(-142.4453972544,-1.767766952966));
#8247 = ( GEOMETRIC_REPRESENTATION_CONTEXT(2) 
PARAMETRIC_REPRESENTATION_CONTEXT() REPRESENTATION_CONTEXT('2D SPACE',''
  ) );
#8248 = ORIENTED_EDGE('',*,*,#4536,.T.);
#8249 = ORIENTED_EDGE('',*,*,#8250,.T.);
#8250 = EDGE_CURVE('',#4537,#7671,#8251,.T.);
#8251 = SURFACE_CURVE('',#8252,(#8256,#8263),.PCURVE_S1.);
#8252 = LINE('',#8253,#8254);
#8253 = CARTESIAN_POINT('',(107.325,7.763026483627,3.2));
#8254 = VECTOR('',#8255,1.);
#8255 = DIRECTION('',(0.,0.,1.));
#8256 = PCURVE('',#2967,#8257);
#8257 = DEFINITIONAL_REPRESENTATION('',(#8258),#8262);
#8258 = LINE('',#8259,#8260);
#8259 = CARTESIAN_POINT('',(0.,-88.75));
#8260 = VECTOR('',#8261,1.);
#8261 = DIRECTION('',(1.,0.));
#8262 = ( GEOMETRIC_REPRESENTATION_CONTEXT(2) 
PARAMETRIC_REPRESENTATION_CONTEXT() REPRESENTATION_CONTEXT('2D SPACE',''
  ) );
#8263 = PCURVE('',#4573,#8264);
#8264 = DEFINITIONAL_REPRESENTATION('',(#8265),#8269);
#8265 = LINE('',#8266,#8267);
#8266 = CARTESIAN_POINT('',(0.,0.));
#8267 = VECTOR('',#8268,1.);
#8268 = DIRECTION('',(1.,0.));
#8269 = ( GEOMETRIC_REPRESENTATION_CONTEXT(2) 
PARAMETRIC_REPRESENTATION_CONTEXT() REPRESENTATION_CONTEXT('2D SPACE',''
  ) );
#8270 = ORIENTED_EDGE('',*,*,#7693,.T.);
#8271 = ORIENTED_EDGE('',*,*,#2952,.F.);
#8272 = ADVANCED_FACE('',(#8273),#2940,.T.);
#8273 = FACE_BOUND('',#8274,.F.);
#8274 = EDGE_LOOP('',(#8275,#8276,#8277,#8298));
#8275 = ORIENTED_EDGE('',*,*,#8230,.T.);
#8276 = ORIENTED_EDGE('',*,*,#2924,.T.);
#8277 = ORIENTED_EDGE('',*,*,#8278,.T.);
#8278 = EDGE_CURVE('',#2902,#4486,#8279,.T.);
#8279 = SURFACE_CURVE('',#8280,(#8284,#8291),.PCURVE_S1.);
#8280 = LINE('',#8281,#8282);
#8281 = CARTESIAN_POINT('',(194.325,6.,4.45));
#8282 = VECTOR('',#8283,1.);
#8283 = DIRECTION('',(-0.707106781187,-2.084121319292E-34,
    -0.707106781187));
#8284 = PCURVE('',#2940,#8285);
#8285 = DEFINITIONAL_REPRESENTATION('',(#8286),#8290);
#8286 = LINE('',#8287,#8288);
#8287 = CARTESIAN_POINT('',(-144.208423738,6.280369834735E-16));
#8288 = VECTOR('',#8289,1.);
#8289 = DIRECTION('',(-3.87616325418E-35,1.));
#8290 = ( GEOMETRIC_REPRESENTATION_CONTEXT(2) 
PARAMETRIC_REPRESENTATION_CONTEXT() REPRESENTATION_CONTEXT('2D SPACE',''
  ) );
#8291 = PCURVE('',#3077,#8292);
#8292 = DEFINITIONAL_REPRESENTATION('',(#8293),#8297);
#8293 = LINE('',#8294,#8295);
#8294 = CARTESIAN_POINT('',(-0.,-1.25));
#8295 = VECTOR('',#8296,1.);
#8296 = DIRECTION('',(-0.,-1.));
#8297 = ( GEOMETRIC_REPRESENTATION_CONTEXT(2) 
PARAMETRIC_REPRESENTATION_CONTEXT() REPRESENTATION_CONTEXT('2D SPACE',''
  ) );
#8298 = ORIENTED_EDGE('',*,*,#4513,.F.);
#8299 = ADVANCED_FACE('',(#8300),#3077,.F.);
#8300 = FACE_BOUND('',#8301,.F.);
#8301 = EDGE_LOOP('',(#8302,#8303,#8304,#8305));
#8302 = ORIENTED_EDGE('',*,*,#8278,.F.);
#8303 = ORIENTED_EDGE('',*,*,#3062,.T.);
#8304 = ORIENTED_EDGE('',*,*,#3773,.T.);
#8305 = ORIENTED_EDGE('',*,*,#4485,.F.);
#8306 = ADVANCED_FACE('',(#8307),#3291,.F.);
#8307 = FACE_BOUND('',#8308,.T.);
#8308 = EDGE_LOOP('',(#8309,#8332,#8359,#8360));
#8309 = ORIENTED_EDGE('',*,*,#8310,.T.);
#8310 = EDGE_CURVE('',#3275,#8311,#8313,.T.);
#8311 = VERTEX_POINT('',#8312);
#8312 = CARTESIAN_POINT('',(21.,15.,0.5));
#8313 = SEAM_CURVE('',#8314,(#8318,#8325),.PCURVE_S1.);
#8314 = LINE('',#8315,#8316);
#8315 = CARTESIAN_POINT('',(21.,15.,0.));
#8316 = VECTOR('',#8317,1.);
#8317 = DIRECTION('',(0.,0.,1.));
#8318 = PCURVE('',#3291,#8319);
#8319 = DEFINITIONAL_REPRESENTATION('',(#8320),#8324);
#8320 = LINE('',#8321,#8322);
#8321 = CARTESIAN_POINT('',(-0.,0.));
#8322 = VECTOR('',#8323,1.);
#8323 = DIRECTION('',(-0.,-1.));
#8324 = ( GEOMETRIC_REPRESENTATION_CONTEXT(2) 
PARAMETRIC_REPRESENTATION_CONTEXT() REPRESENTATION_CONTEXT('2D SPACE',''
  ) );
#8325 = PCURVE('',#3291,#8326);
#8326 = DEFINITIONAL_REPRESENTATION('',(#8327),#8331);
#8327 = LINE('',#8328,#8329);
#8328 = CARTESIAN_POINT('',(-6.28318530718,0.));
#8329 = VECTOR('',#8330,1.);
#8330 = DIRECTION('',(-0.,-1.));
#8331 = ( GEOMETRIC_REPRESENTATION_CONTEXT(2) 
PARAMETRIC_REPRESENTATION_CONTEXT() REPRESENTATION_CONTEXT('2D SPACE',''
  ) );
#8332 = ORIENTED_EDGE('',*,*,#8333,.T.);
#8333 = EDGE_CURVE('',#8311,#8311,#8334,.T.);
#8334 = SURFACE_CURVE('',#8335,(#8340,#8347),.PCURVE_S1.);
#8335 = CIRCLE('',#8336,6.);
#8336 = AXIS2_PLACEMENT_3D('',#8337,#8338,#8339);
#8337 = CARTESIAN_POINT('',(15.,15.,0.5));
#8338 = DIRECTION('',(0.,0.,1.));
#8339 = DIRECTION('',(1.,0.,0.));
#8340 = PCURVE('',#3291,#8341);
#8341 = DEFINITIONAL_REPRESENTATION('',(#8342),#8346);
#8342 = LINE('',#8343,#8344);
#8343 = CARTESIAN_POINT('',(-0.,-0.5));
#8344 = VECTOR('',#8345,1.);
#8345 = DIRECTION('',(-1.,0.));
#8346 = ( GEOMETRIC_REPRESENTATION_CONTEXT(2) 
PARAMETRIC_REPRESENTATION_CONTEXT() REPRESENTATION_CONTEXT('2D SPACE',''
  ) );
#8347 = PCURVE('',#8348,#8353);
#8348 = PLANE('',#8349);
#8349 = AXIS2_PLACEMENT_3D('',#8350,#8351,#8352);
#8350 = CARTESIAN_POINT('',(15.,15.,0.5));
#8351 = DIRECTION('',(0.,0.,1.));
#8352 = DIRECTION('',(1.,0.,-0.));
#8353 = DEFINITIONAL_REPRESENTATION('',(#8354),#8358);
#8354 = CIRCLE('',#8355,6.);
#8355 = AXIS2_PLACEMENT_2D('',#8356,#8357);
#8356 = CARTESIAN_POINT('',(0.,0.));
#8357 = DIRECTION('',(1.,0.));
#8358 = ( GEOMETRIC_REPRESENTATION_CONTEXT(2) 
PARAMETRIC_REPRESENTATION_CONTEXT() REPRESENTATION_CONTEXT('2D SPACE',''
  ) );
#8359 = ORIENTED_EDGE('',*,*,#8310,.F.);
#8360 = ORIENTED_EDGE('',*,*,#3274,.F.);
#8361 = ADVANCED_FACE('',(#8362),#3326,.F.);
#8362 = FACE_BOUND('',#8363,.T.);
#8363 = EDGE_LOOP('',(#8364,#8365,#8388,#8415));
#8364 = ORIENTED_EDGE('',*,*,#3305,.T.);
#8365 = ORIENTED_EDGE('',*,*,#8366,.T.);
#8366 = EDGE_CURVE('',#3306,#8367,#8369,.T.);
#8367 = VERTEX_POINT('',#8368);
#8368 = CARTESIAN_POINT('',(105.38,20.,4.7));
#8369 = SEAM_CURVE('',#8370,(#8374,#8381),.PCURVE_S1.);
#8370 = LINE('',#8371,#8372);
#8371 = CARTESIAN_POINT('',(105.38,20.,-35.3));
#8372 = VECTOR('',#8373,1.);
#8373 = DIRECTION('',(0.,0.,1.));
#8374 = PCURVE('',#3326,#8375);
#8375 = DEFINITIONAL_REPRESENTATION('',(#8376),#8380);
#8376 = LINE('',#8377,#8378);
#8377 = CARTESIAN_POINT('',(-6.28318530718,0.));
#8378 = VECTOR('',#8379,1.);
#8379 = DIRECTION('',(-0.,-1.));
#8380 = ( GEOMETRIC_REPRESENTATION_CONTEXT(2) 
PARAMETRIC_REPRESENTATION_CONTEXT() REPRESENTATION_CONTEXT('2D SPACE',''
  ) );
#8381 = PCURVE('',#3326,#8382);
#8382 = DEFINITIONAL_REPRESENTATION('',(#8383),#8387);
#8383 = LINE('',#8384,#8385);
#8384 = CARTESIAN_POINT('',(-0.,0.));
#8385 = VECTOR('',#8386,1.);
#8386 = DIRECTION('',(-0.,-1.));
#8387 = ( GEOMETRIC_REPRESENTATION_CONTEXT(2) 
PARAMETRIC_REPRESENTATION_CONTEXT() REPRESENTATION_CONTEXT('2D SPACE',''
  ) );
#8388 = ORIENTED_EDGE('',*,*,#8389,.T.);
#8389 = EDGE_CURVE('',#8367,#8367,#8390,.T.);
#8390 = SURFACE_CURVE('',#8391,(#8396,#8403),.PCURVE_S1.);
#8391 = CIRCLE('',#8392,4.25);
#8392 = AXIS2_PLACEMENT_3D('',#8393,#8394,#8395);
#8393 = CARTESIAN_POINT('',(101.13,20.,4.7));
#8394 = DIRECTION('',(0.,0.,1.));
#8395 = DIRECTION('',(1.,0.,0.));
#8396 = PCURVE('',#3326,#8397);
#8397 = DEFINITIONAL_REPRESENTATION('',(#8398),#8402);
#8398 = LINE('',#8399,#8400);
#8399 = CARTESIAN_POINT('',(-0.,-40.));
#8400 = VECTOR('',#8401,1.);
#8401 = DIRECTION('',(-1.,0.));
#8402 = ( GEOMETRIC_REPRESENTATION_CONTEXT(2) 
PARAMETRIC_REPRESENTATION_CONTEXT() REPRESENTATION_CONTEXT('2D SPACE',''
  ) );
#8403 = PCURVE('',#8404,#8409);
#8404 = PLANE('',#8405);
#8405 = AXIS2_PLACEMENT_3D('',#8406,#8407,#8408);
#8406 = CARTESIAN_POINT('',(101.13,20.,4.7));
#8407 = DIRECTION('',(0.,0.,1.));
#8408 = DIRECTION('',(1.,0.,-0.));
#8409 = DEFINITIONAL_REPRESENTATION('',(#8410),#8414);
#8410 = CIRCLE('',#8411,4.25);
#8411 = AXIS2_PLACEMENT_2D('',#8412,#8413);
#8412 = CARTESIAN_POINT('',(0.,0.));
#8413 = DIRECTION('',(1.,0.));
#8414 = ( GEOMETRIC_REPRESENTATION_CONTEXT(2) 
PARAMETRIC_REPRESENTATION_CONTEXT() REPRESENTATION_CONTEXT('2D SPACE',''
  ) );
#8415 = ORIENTED_EDGE('',*,*,#8366,.F.);
#8416 = ADVANCED_FACE('',(#8417),#3357,.F.);
#8417 = FACE_BOUND('',#8418,.T.);
#8418 = EDGE_LOOP('',(#8419,#8442,#8469,#8470));
#8419 = ORIENTED_EDGE('',*,*,#8420,.T.);
#8420 = EDGE_CURVE('',#3341,#8421,#8423,.T.);
#8421 = VERTEX_POINT('',#8422);
#8422 = CARTESIAN_POINT('',(189.775,15.,0.5));
#8423 = SEAM_CURVE('',#8424,(#8428,#8435),.PCURVE_S1.);
#8424 = LINE('',#8425,#8426);
#8425 = CARTESIAN_POINT('',(189.775,15.,0.));
#8426 = VECTOR('',#8427,1.);
#8427 = DIRECTION('',(0.,0.,1.));
#8428 = PCURVE('',#3357,#8429);
#8429 = DEFINITIONAL_REPRESENTATION('',(#8430),#8434);
#8430 = LINE('',#8431,#8432);
#8431 = CARTESIAN_POINT('',(-0.,0.));
#8432 = VECTOR('',#8433,1.);
#8433 = DIRECTION('',(-0.,-1.));
#8434 = ( GEOMETRIC_REPRESENTATION_CONTEXT(2) 
PARAMETRIC_REPRESENTATION_CONTEXT() REPRESENTATION_CONTEXT('2D SPACE',''
  ) );
#8435 = PCURVE('',#3357,#8436);
#8436 = DEFINITIONAL_REPRESENTATION('',(#8437),#8441);
#8437 = LINE('',#8438,#8439);
#8438 = CARTESIAN_POINT('',(-6.28318530718,0.));
#8439 = VECTOR('',#8440,1.);
#8440 = DIRECTION('',(-0.,-1.));
#8441 = ( GEOMETRIC_REPRESENTATION_CONTEXT(2) 
PARAMETRIC_REPRESENTATION_CONTEXT() REPRESENTATION_CONTEXT('2D SPACE',''
  ) );
#8442 = ORIENTED_EDGE('',*,*,#8443,.T.);
#8443 = EDGE_CURVE('',#8421,#8421,#8444,.T.);
#8444 = SURFACE_CURVE('',#8445,(#8450,#8457),.PCURVE_S1.);
#8445 = CIRCLE('',#8446,6.);
#8446 = AXIS2_PLACEMENT_3D('',#8447,#8448,#8449);
#8447 = CARTESIAN_POINT('',(183.775,15.,0.5));
#8448 = DIRECTION('',(0.,0.,1.));
#8449 = DIRECTION('',(1.,0.,0.));
#8450 = PCURVE('',#3357,#8451);
#8451 = DEFINITIONAL_REPRESENTATION('',(#8452),#8456);
#8452 = LINE('',#8453,#8454);
#8453 = CARTESIAN_POINT('',(-0.,-0.5));
#8454 = VECTOR('',#8455,1.);
#8455 = DIRECTION('',(-1.,0.));
#8456 = ( GEOMETRIC_REPRESENTATION_CONTEXT(2) 
PARAMETRIC_REPRESENTATION_CONTEXT() REPRESENTATION_CONTEXT('2D SPACE',''
  ) );
#8457 = PCURVE('',#8458,#8463);
#8458 = PLANE('',#8459);
#8459 = AXIS2_PLACEMENT_3D('',#8460,#8461,#8462);
#8460 = CARTESIAN_POINT('',(183.775,15.,0.5));
#8461 = DIRECTION('',(0.,0.,1.));
#8462 = DIRECTION('',(1.,0.,-0.));
#8463 = DEFINITIONAL_REPRESENTATION('',(#8464),#8468);
#8464 = CIRCLE('',#8465,6.);
#8465 = AXIS2_PLACEMENT_2D('',#8466,#8467);
#8466 = CARTESIAN_POINT('',(0.,0.));
#8467 = DIRECTION('',(1.,0.));
#8468 = ( GEOMETRIC_REPRESENTATION_CONTEXT(2) 
PARAMETRIC_REPRESENTATION_CONTEXT() REPRESENTATION_CONTEXT('2D SPACE',''
  ) );
#8469 = ORIENTED_EDGE('',*,*,#8420,.F.);
#8470 = ORIENTED_EDGE('',*,*,#3340,.F.);
#8471 = ADVANCED_FACE('',(#8472),#3392,.F.);
#8472 = FACE_BOUND('',#8473,.T.);
#8473 = EDGE_LOOP('',(#8474,#8475,#8498,#8525));
#8474 = ORIENTED_EDGE('',*,*,#3371,.T.);
#8475 = ORIENTED_EDGE('',*,*,#8476,.T.);
#8476 = EDGE_CURVE('',#3372,#8477,#8479,.T.);
#8477 = VERTEX_POINT('',#8478);
#8478 = CARTESIAN_POINT('',(12.75,139.,4.7));
#8479 = SEAM_CURVE('',#8480,(#8484,#8491),.PCURVE_S1.);
#8480 = LINE('',#8481,#8482);
#8481 = CARTESIAN_POINT('',(12.75,139.,-35.3));
#8482 = VECTOR('',#8483,1.);
#8483 = DIRECTION('',(0.,0.,1.));
#8484 = PCURVE('',#3392,#8485);
#8485 = DEFINITIONAL_REPRESENTATION('',(#8486),#8490);
#8486 = LINE('',#8487,#8488);
#8487 = CARTESIAN_POINT('',(-6.28318530718,0.));
#8488 = VECTOR('',#8489,1.);
#8489 = DIRECTION('',(-0.,-1.));
#8490 = ( GEOMETRIC_REPRESENTATION_CONTEXT(2) 
PARAMETRIC_REPRESENTATION_CONTEXT() REPRESENTATION_CONTEXT('2D SPACE',''
  ) );
#8491 = PCURVE('',#3392,#8492);
#8492 = DEFINITIONAL_REPRESENTATION('',(#8493),#8497);
#8493 = LINE('',#8494,#8495);
#8494 = CARTESIAN_POINT('',(-0.,0.));
#8495 = VECTOR('',#8496,1.);
#8496 = DIRECTION('',(-0.,-1.));
#8497 = ( GEOMETRIC_REPRESENTATION_CONTEXT(2) 
PARAMETRIC_REPRESENTATION_CONTEXT() REPRESENTATION_CONTEXT('2D SPACE',''
  ) );
#8498 = ORIENTED_EDGE('',*,*,#8499,.T.);
#8499 = EDGE_CURVE('',#8477,#8477,#8500,.T.);
#8500 = SURFACE_CURVE('',#8501,(#8506,#8513),.PCURVE_S1.);
#8501 = CIRCLE('',#8502,4.25);
#8502 = AXIS2_PLACEMENT_3D('',#8503,#8504,#8505);
#8503 = CARTESIAN_POINT('',(8.5,139.,4.7));
#8504 = DIRECTION('',(0.,0.,1.));
#8505 = DIRECTION('',(1.,0.,0.));
#8506 = PCURVE('',#3392,#8507);
#8507 = DEFINITIONAL_REPRESENTATION('',(#8508),#8512);
#8508 = LINE('',#8509,#8510);
#8509 = CARTESIAN_POINT('',(-0.,-40.));
#8510 = VECTOR('',#8511,1.);
#8511 = DIRECTION('',(-1.,0.));
#8512 = ( GEOMETRIC_REPRESENTATION_CONTEXT(2) 
PARAMETRIC_REPRESENTATION_CONTEXT() REPRESENTATION_CONTEXT('2D SPACE',''
  ) );
#8513 = PCURVE('',#8514,#8519);
#8514 = PLANE('',#8515);
#8515 = AXIS2_PLACEMENT_3D('',#8516,#8517,#8518);
#8516 = CARTESIAN_POINT('',(8.5,139.,4.7));
#8517 = DIRECTION('',(0.,0.,1.));
#8518 = DIRECTION('',(1.,0.,-0.));
#8519 = DEFINITIONAL_REPRESENTATION('',(#8520),#8524);
#8520 = CIRCLE('',#8521,4.25);
#8521 = AXIS2_PLACEMENT_2D('',#8522,#8523);
#8522 = CARTESIAN_POINT('',(0.,0.));
#8523 = DIRECTION('',(1.,0.));
#8524 = ( GEOMETRIC_REPRESENTATION_CONTEXT(2) 
PARAMETRIC_REPRESENTATION_CONTEXT() REPRESENTATION_CONTEXT('2D SPACE',''
  ) );
#8525 = ORIENTED_EDGE('',*,*,#8476,.F.);
#8526 = ADVANCED_FACE('',(#8527),#3423,.F.);
#8527 = FACE_BOUND('',#8528,.T.);
#8528 = EDGE_LOOP('',(#8529,#8552,#8579,#8580));
#8529 = ORIENTED_EDGE('',*,*,#8530,.T.);
#8530 = EDGE_CURVE('',#3407,#8531,#8533,.T.);
#8531 = VERTEX_POINT('',#8532);
#8532 = CARTESIAN_POINT('',(36.,142.20842373802,0.5));
#8533 = SEAM_CURVE('',#8534,(#8538,#8545),.PCURVE_S1.);
#8534 = LINE('',#8535,#8536);
#8535 = CARTESIAN_POINT('',(36.,142.20842373802,0.));
#8536 = VECTOR('',#8537,1.);
#8537 = DIRECTION('',(0.,0.,1.));
#8538 = PCURVE('',#3423,#8539);
#8539 = DEFINITIONAL_REPRESENTATION('',(#8540),#8544);
#8540 = LINE('',#8541,#8542);
#8541 = CARTESIAN_POINT('',(-0.,0.));
#8542 = VECTOR('',#8543,1.);
#8543 = DIRECTION('',(-0.,-1.));
#8544 = ( GEOMETRIC_REPRESENTATION_CONTEXT(2) 
PARAMETRIC_REPRESENTATION_CONTEXT() REPRESENTATION_CONTEXT('2D SPACE',''
  ) );
#8545 = PCURVE('',#3423,#8546);
#8546 = DEFINITIONAL_REPRESENTATION('',(#8547),#8551);
#8547 = LINE('',#8548,#8549);
#8548 = CARTESIAN_POINT('',(-6.28318530718,0.));
#8549 = VECTOR('',#8550,1.);
#8550 = DIRECTION('',(-0.,-1.));
#8551 = ( GEOMETRIC_REPRESENTATION_CONTEXT(2) 
PARAMETRIC_REPRESENTATION_CONTEXT() REPRESENTATION_CONTEXT('2D SPACE',''
  ) );
#8552 = ORIENTED_EDGE('',*,*,#8553,.T.);
#8553 = EDGE_CURVE('',#8531,#8531,#8554,.T.);
#8554 = SURFACE_CURVE('',#8555,(#8560,#8567),.PCURVE_S1.);
#8555 = CIRCLE('',#8556,6.);
#8556 = AXIS2_PLACEMENT_3D('',#8557,#8558,#8559);
#8557 = CARTESIAN_POINT('',(30.,142.20842373802,0.5));
#8558 = DIRECTION('',(0.,0.,1.));
#8559 = DIRECTION('',(1.,0.,0.));
#8560 = PCURVE('',#3423,#8561);
#8561 = DEFINITIONAL_REPRESENTATION('',(#8562),#8566);
#8562 = LINE('',#8563,#8564);
#8563 = CARTESIAN_POINT('',(-0.,-0.5));
#8564 = VECTOR('',#8565,1.);
#8565 = DIRECTION('',(-1.,0.));
#8566 = ( GEOMETRIC_REPRESENTATION_CONTEXT(2) 
PARAMETRIC_REPRESENTATION_CONTEXT() REPRESENTATION_CONTEXT('2D SPACE',''
  ) );
#8567 = PCURVE('',#8568,#8573);
#8568 = PLANE('',#8569);
#8569 = AXIS2_PLACEMENT_3D('',#8570,#8571,#8572);
#8570 = CARTESIAN_POINT('',(30.,142.20842373802,0.5));
#8571 = DIRECTION('',(0.,0.,1.));
#8572 = DIRECTION('',(1.,0.,-0.));
#8573 = DEFINITIONAL_REPRESENTATION('',(#8574),#8578);
#8574 = CIRCLE('',#8575,6.);
#8575 = AXIS2_PLACEMENT_2D('',#8576,#8577);
#8576 = CARTESIAN_POINT('',(0.,0.));
#8577 = DIRECTION('',(1.,0.));
#8578 = ( GEOMETRIC_REPRESENTATION_CONTEXT(2) 
PARAMETRIC_REPRESENTATION_CONTEXT() REPRESENTATION_CONTEXT('2D SPACE',''
  ) );
#8579 = ORIENTED_EDGE('',*,*,#8530,.F.);
#8580 = ORIENTED_EDGE('',*,*,#3406,.F.);
#8581 = ADVANCED_FACE('',(#8582),#3454,.F.);
#8582 = FACE_BOUND('',#8583,.T.);
#8583 = EDGE_LOOP('',(#8584,#8607,#8634,#8635));
#8584 = ORIENTED_EDGE('',*,*,#8585,.T.);
#8585 = EDGE_CURVE('',#3438,#8586,#8588,.T.);
#8586 = VERTEX_POINT('',#8587);
#8587 = CARTESIAN_POINT('',(161.,142.20842373802,0.5));
#8588 = SEAM_CURVE('',#8589,(#8593,#8600),.PCURVE_S1.);
#8589 = LINE('',#8590,#8591);
#8590 = CARTESIAN_POINT('',(161.,142.20842373802,0.));
#8591 = VECTOR('',#8592,1.);
#8592 = DIRECTION('',(0.,0.,1.));
#8593 = PCURVE('',#3454,#8594);
#8594 = DEFINITIONAL_REPRESENTATION('',(#8595),#8599);
#8595 = LINE('',#8596,#8597);
#8596 = CARTESIAN_POINT('',(-0.,0.));
#8597 = VECTOR('',#8598,1.);
#8598 = DIRECTION('',(-0.,-1.));
#8599 = ( GEOMETRIC_REPRESENTATION_CONTEXT(2) 
PARAMETRIC_REPRESENTATION_CONTEXT() REPRESENTATION_CONTEXT('2D SPACE',''
  ) );
#8600 = PCURVE('',#3454,#8601);
#8601 = DEFINITIONAL_REPRESENTATION('',(#8602),#8606);
#8602 = LINE('',#8603,#8604);
#8603 = CARTESIAN_POINT('',(-6.28318530718,0.));
#8604 = VECTOR('',#8605,1.);
#8605 = DIRECTION('',(-0.,-1.));
#8606 = ( GEOMETRIC_REPRESENTATION_CONTEXT(2) 
PARAMETRIC_REPRESENTATION_CONTEXT() REPRESENTATION_CONTEXT('2D SPACE',''
  ) );
#8607 = ORIENTED_EDGE('',*,*,#8608,.T.);
#8608 = EDGE_CURVE('',#8586,#8586,#8609,.T.);
#8609 = SURFACE_CURVE('',#8610,(#8615,#8622),.PCURVE_S1.);
#8610 = CIRCLE('',#8611,6.);
#8611 = AXIS2_PLACEMENT_3D('',#8612,#8613,#8614);
#8612 = CARTESIAN_POINT('',(155.,142.20842373802,0.5));
#8613 = DIRECTION('',(0.,0.,1.));
#8614 = DIRECTION('',(1.,0.,0.));
#8615 = PCURVE('',#3454,#8616);
#8616 = DEFINITIONAL_REPRESENTATION('',(#8617),#8621);
#8617 = LINE('',#8618,#8619);
#8618 = CARTESIAN_POINT('',(-0.,-0.5));
#8619 = VECTOR('',#8620,1.);
#8620 = DIRECTION('',(-1.,0.));
#8621 = ( GEOMETRIC_REPRESENTATION_CONTEXT(2) 
PARAMETRIC_REPRESENTATION_CONTEXT() REPRESENTATION_CONTEXT('2D SPACE',''
  ) );
#8622 = PCURVE('',#8623,#8628);
#8623 = PLANE('',#8624);
#8624 = AXIS2_PLACEMENT_3D('',#8625,#8626,#8627);
#8625 = CARTESIAN_POINT('',(155.,142.20842373802,0.5));
#8626 = DIRECTION('',(0.,0.,1.));
#8627 = DIRECTION('',(1.,0.,-0.));
#8628 = DEFINITIONAL_REPRESENTATION('',(#8629),#8633);
#8629 = CIRCLE('',#8630,6.);
#8630 = AXIS2_PLACEMENT_2D('',#8631,#8632);
#8631 = CARTESIAN_POINT('',(0.,0.));
#8632 = DIRECTION('',(1.,0.));
#8633 = ( GEOMETRIC_REPRESENTATION_CONTEXT(2) 
PARAMETRIC_REPRESENTATION_CONTEXT() REPRESENTATION_CONTEXT('2D SPACE',''
  ) );
#8634 = ORIENTED_EDGE('',*,*,#8585,.F.);
#8635 = ORIENTED_EDGE('',*,*,#3437,.F.);
#8636 = ADVANCED_FACE('',(#8637),#3489,.F.);
#8637 = FACE_BOUND('',#8638,.T.);
#8638 = EDGE_LOOP('',(#8639,#8640,#8663,#8690));
#8639 = ORIENTED_EDGE('',*,*,#3468,.T.);
#8640 = ORIENTED_EDGE('',*,*,#8641,.T.);
#8641 = EDGE_CURVE('',#3469,#8642,#8644,.T.);
#8642 = VERTEX_POINT('',#8643);
#8643 = CARTESIAN_POINT('',(194.65,139.,4.7));
#8644 = SEAM_CURVE('',#8645,(#8649,#8656),.PCURVE_S1.);
#8645 = LINE('',#8646,#8647);
#8646 = CARTESIAN_POINT('',(194.65,139.,-35.3));
#8647 = VECTOR('',#8648,1.);
#8648 = DIRECTION('',(0.,0.,1.));
#8649 = PCURVE('',#3489,#8650);
#8650 = DEFINITIONAL_REPRESENTATION('',(#8651),#8655);
#8651 = LINE('',#8652,#8653);
#8652 = CARTESIAN_POINT('',(-6.28318530718,0.));
#8653 = VECTOR('',#8654,1.);
#8654 = DIRECTION('',(-0.,-1.));
#8655 = ( GEOMETRIC_REPRESENTATION_CONTEXT(2) 
PARAMETRIC_REPRESENTATION_CONTEXT() REPRESENTATION_CONTEXT('2D SPACE',''
  ) );
#8656 = PCURVE('',#3489,#8657);
#8657 = DEFINITIONAL_REPRESENTATION('',(#8658),#8662);
#8658 = LINE('',#8659,#8660);
#8659 = CARTESIAN_POINT('',(-0.,0.));
#8660 = VECTOR('',#8661,1.);
#8661 = DIRECTION('',(-0.,-1.));
#8662 = ( GEOMETRIC_REPRESENTATION_CONTEXT(2) 
PARAMETRIC_REPRESENTATION_CONTEXT() REPRESENTATION_CONTEXT('2D SPACE',''
  ) );
#8663 = ORIENTED_EDGE('',*,*,#8664,.T.);
#8664 = EDGE_CURVE('',#8642,#8642,#8665,.T.);
#8665 = SURFACE_CURVE('',#8666,(#8671,#8678),.PCURVE_S1.);
#8666 = CIRCLE('',#8667,4.25);
#8667 = AXIS2_PLACEMENT_3D('',#8668,#8669,#8670);
#8668 = CARTESIAN_POINT('',(190.4,139.,4.7));
#8669 = DIRECTION('',(0.,0.,1.));
#8670 = DIRECTION('',(1.,0.,0.));
#8671 = PCURVE('',#3489,#8672);
#8672 = DEFINITIONAL_REPRESENTATION('',(#8673),#8677);
#8673 = LINE('',#8674,#8675);
#8674 = CARTESIAN_POINT('',(-0.,-40.));
#8675 = VECTOR('',#8676,1.);
#8676 = DIRECTION('',(-1.,0.));
#8677 = ( GEOMETRIC_REPRESENTATION_CONTEXT(2) 
PARAMETRIC_REPRESENTATION_CONTEXT() REPRESENTATION_CONTEXT('2D SPACE',''
  ) );
#8678 = PCURVE('',#8679,#8684);
#8679 = PLANE('',#8680);
#8680 = AXIS2_PLACEMENT_3D('',#8681,#8682,#8683);
#8681 = CARTESIAN_POINT('',(190.4,139.,4.7));
#8682 = DIRECTION('',(0.,0.,1.));
#8683 = DIRECTION('',(1.,0.,-0.));
#8684 = DEFINITIONAL_REPRESENTATION('',(#8685),#8689);
#8685 = CIRCLE('',#8686,4.25);
#8686 = AXIS2_PLACEMENT_2D('',#8687,#8688);
#8687 = CARTESIAN_POINT('',(0.,0.));
#8688 = DIRECTION('',(1.,0.));
#8689 = ( GEOMETRIC_REPRESENTATION_CONTEXT(2) 
PARAMETRIC_REPRESENTATION_CONTEXT() REPRESENTATION_CONTEXT('2D SPACE',''
  ) );
#8690 = ORIENTED_EDGE('',*,*,#8641,.F.);
#8691 = ADVANCED_FACE('',(#8692),#4345,.F.);
#8692 = FACE_BOUND('',#8693,.F.);
#8693 = EDGE_LOOP('',(#8694,#8695,#8696,#8717));
#8694 = ORIENTED_EDGE('',*,*,#6355,.F.);
#8695 = ORIENTED_EDGE('',*,*,#6124,.T.);
#8696 = ORIENTED_EDGE('',*,*,#8697,.T.);
#8697 = EDGE_CURVE('',#6125,#4302,#8698,.T.);
#8698 = SURFACE_CURVE('',#8699,(#8703,#8710),.PCURVE_S1.);
#8699 = LINE('',#8700,#8701);
#8700 = CARTESIAN_POINT('',(10.982142857143,123.03302648362,
    16.433443998149));
#8701 = VECTOR('',#8702,1.);
#8702 = DIRECTION('',(0.,0.,1.));
#8703 = PCURVE('',#4345,#8704);
#8704 = DEFINITIONAL_REPRESENTATION('',(#8705),#8709);
#8705 = LINE('',#8706,#8707);
#8706 = CARTESIAN_POINT('',(0.,-79.15));
#8707 = VECTOR('',#8708,1.);
#8708 = DIRECTION('',(1.,0.));
#8709 = ( GEOMETRIC_REPRESENTATION_CONTEXT(2) 
PARAMETRIC_REPRESENTATION_CONTEXT() REPRESENTATION_CONTEXT('2D SPACE',''
  ) );
#8710 = PCURVE('',#4317,#8711);
#8711 = DEFINITIONAL_REPRESENTATION('',(#8712),#8716);
#8712 = LINE('',#8713,#8714);
#8713 = CARTESIAN_POINT('',(0.,113.67));
#8714 = VECTOR('',#8715,1.);
#8715 = DIRECTION('',(1.,0.));
#8716 = ( GEOMETRIC_REPRESENTATION_CONTEXT(2) 
PARAMETRIC_REPRESENTATION_CONTEXT() REPRESENTATION_CONTEXT('2D SPACE',''
  ) );
#8717 = ORIENTED_EDGE('',*,*,#4329,.T.);
#8718 = ADVANCED_FACE('',(#8719),#4317,.F.);
#8719 = FACE_BOUND('',#8720,.F.);
#8720 = EDGE_LOOP('',(#8721,#8722,#8743,#8744));
#8721 = ORIENTED_EDGE('',*,*,#6147,.F.);
#8722 = ORIENTED_EDGE('',*,*,#8723,.F.);
#8723 = EDGE_CURVE('',#4274,#6148,#8724,.T.);
#8724 = SURFACE_CURVE('',#8725,(#8729,#8736),.PCURVE_S1.);
#8725 = LINE('',#8726,#8727);
#8726 = CARTESIAN_POINT('',(10.982142857143,104.89302648362,
    16.433443998149));
#8727 = VECTOR('',#8728,1.);
#8728 = DIRECTION('',(0.,0.,-1.));
#8729 = PCURVE('',#4317,#8730);
#8730 = DEFINITIONAL_REPRESENTATION('',(#8731),#8735);
#8731 = LINE('',#8732,#8733);
#8732 = CARTESIAN_POINT('',(0.,95.53));
#8733 = VECTOR('',#8734,1.);
#8734 = DIRECTION('',(-1.,0.));
#8735 = ( GEOMETRIC_REPRESENTATION_CONTEXT(2) 
PARAMETRIC_REPRESENTATION_CONTEXT() REPRESENTATION_CONTEXT('2D SPACE',''
  ) );
#8736 = PCURVE('',#4289,#8737);
#8737 = DEFINITIONAL_REPRESENTATION('',(#8738),#8742);
#8738 = LINE('',#8739,#8740);
#8739 = CARTESIAN_POINT('',(0.,-1.));
#8740 = VECTOR('',#8741,1.);
#8741 = DIRECTION('',(-1.,0.));
#8742 = ( GEOMETRIC_REPRESENTATION_CONTEXT(2) 
PARAMETRIC_REPRESENTATION_CONTEXT() REPRESENTATION_CONTEXT('2D SPACE',''
  ) );
#8743 = ORIENTED_EDGE('',*,*,#4301,.T.);
#8744 = ORIENTED_EDGE('',*,*,#8697,.F.);
#8745 = ADVANCED_FACE('',(#8746),#4289,.F.);
#8746 = FACE_BOUND('',#8747,.F.);
#8747 = EDGE_LOOP('',(#8748,#8749,#8750,#8771));
#8748 = ORIENTED_EDGE('',*,*,#8723,.T.);
#8749 = ORIENTED_EDGE('',*,*,#6170,.T.);
#8750 = ORIENTED_EDGE('',*,*,#8751,.T.);
#8751 = EDGE_CURVE('',#6171,#4246,#8752,.T.);
#8752 = SURFACE_CURVE('',#8753,(#8757,#8764),.PCURVE_S1.);
#8753 = LINE('',#8754,#8755);
#8754 = CARTESIAN_POINT('',(8.232142857143,104.89302648362,
    16.433443998149));
#8755 = VECTOR('',#8756,1.);
#8756 = DIRECTION('',(0.,0.,1.));
#8757 = PCURVE('',#4289,#8758);
#8758 = DEFINITIONAL_REPRESENTATION('',(#8759),#8763);
#8759 = LINE('',#8760,#8761);
#8760 = CARTESIAN_POINT('',(0.,-3.75));
#8761 = VECTOR('',#8762,1.);
#8762 = DIRECTION('',(1.,0.));
#8763 = ( GEOMETRIC_REPRESENTATION_CONTEXT(2) 
PARAMETRIC_REPRESENTATION_CONTEXT() REPRESENTATION_CONTEXT('2D SPACE',''
  ) );
#8764 = PCURVE('',#4261,#8765);
#8765 = DEFINITIONAL_REPRESENTATION('',(#8766),#8770);
#8766 = LINE('',#8767,#8768);
#8767 = CARTESIAN_POINT('',(0.,14.));
#8768 = VECTOR('',#8769,1.);
#8769 = DIRECTION('',(1.,0.));
#8770 = ( GEOMETRIC_REPRESENTATION_CONTEXT(2) 
PARAMETRIC_REPRESENTATION_CONTEXT() REPRESENTATION_CONTEXT('2D SPACE',''
  ) );
#8771 = ORIENTED_EDGE('',*,*,#4273,.F.);
#8772 = ADVANCED_FACE('',(#8773),#4261,.F.);
#8773 = FACE_BOUND('',#8774,.F.);
#8774 = EDGE_LOOP('',(#8775,#8776,#8777,#8798));
#8775 = ORIENTED_EDGE('',*,*,#8751,.F.);
#8776 = ORIENTED_EDGE('',*,*,#6193,.F.);
#8777 = ORIENTED_EDGE('',*,*,#8778,.T.);
#8778 = EDGE_CURVE('',#6194,#4218,#8779,.T.);
#8779 = SURFACE_CURVE('',#8780,(#8784,#8791),.PCURVE_S1.);
#8780 = LINE('',#8781,#8782);
#8781 = CARTESIAN_POINT('',(8.232142857143,90.893026483627,
    16.433443998149));
#8782 = VECTOR('',#8783,1.);
#8783 = DIRECTION('',(0.,0.,1.));
#8784 = PCURVE('',#4261,#8785);
#8785 = DEFINITIONAL_REPRESENTATION('',(#8786),#8790);
#8786 = LINE('',#8787,#8788);
#8787 = CARTESIAN_POINT('',(0.,0.));
#8788 = VECTOR('',#8789,1.);
#8789 = DIRECTION('',(1.,0.));
#8790 = ( GEOMETRIC_REPRESENTATION_CONTEXT(2) 
PARAMETRIC_REPRESENTATION_CONTEXT() REPRESENTATION_CONTEXT('2D SPACE',''
  ) );
#8791 = PCURVE('',#4233,#8792);
#8792 = DEFINITIONAL_REPRESENTATION('',(#8793),#8797);
#8793 = LINE('',#8794,#8795);
#8794 = CARTESIAN_POINT('',(0.,-3.75));
#8795 = VECTOR('',#8796,1.);
#8796 = DIRECTION('',(1.,0.));
#8797 = ( GEOMETRIC_REPRESENTATION_CONTEXT(2) 
PARAMETRIC_REPRESENTATION_CONTEXT() REPRESENTATION_CONTEXT('2D SPACE',''
  ) );
#8798 = ORIENTED_EDGE('',*,*,#4245,.F.);
#8799 = ADVANCED_FACE('',(#8800),#4233,.T.);
#8800 = FACE_BOUND('',#8801,.T.);
#8801 = EDGE_LOOP('',(#8802,#8823,#8824,#8825));
#8802 = ORIENTED_EDGE('',*,*,#8803,.T.);
#8803 = EDGE_CURVE('',#4190,#5872,#8804,.T.);
#8804 = SURFACE_CURVE('',#8805,(#8809,#8816),.PCURVE_S1.);
#8805 = LINE('',#8806,#8807);
#8806 = CARTESIAN_POINT('',(10.982142857143,90.893026483627,
    16.433443998149));
#8807 = VECTOR('',#8808,1.);
#8808 = DIRECTION('',(0.,0.,-1.));
#8809 = PCURVE('',#4233,#8810);
#8810 = DEFINITIONAL_REPRESENTATION('',(#8811),#8815);
#8811 = LINE('',#8812,#8813);
#8812 = CARTESIAN_POINT('',(0.,-1.));
#8813 = VECTOR('',#8814,1.);
#8814 = DIRECTION('',(-1.,0.));
#8815 = ( GEOMETRIC_REPRESENTATION_CONTEXT(2) 
PARAMETRIC_REPRESENTATION_CONTEXT() REPRESENTATION_CONTEXT('2D SPACE',''
  ) );
#8816 = PCURVE('',#4205,#8817);
#8817 = DEFINITIONAL_REPRESENTATION('',(#8818),#8822);
#8818 = LINE('',#8819,#8820);
#8819 = CARTESIAN_POINT('',(0.,81.53));
#8820 = VECTOR('',#8821,1.);
#8821 = DIRECTION('',(-1.,0.));
#8822 = ( GEOMETRIC_REPRESENTATION_CONTEXT(2) 
PARAMETRIC_REPRESENTATION_CONTEXT() REPRESENTATION_CONTEXT('2D SPACE',''
  ) );
#8823 = ORIENTED_EDGE('',*,*,#6216,.T.);
#8824 = ORIENTED_EDGE('',*,*,#8778,.T.);
#8825 = ORIENTED_EDGE('',*,*,#4217,.F.);
#8826 = ADVANCED_FACE('',(#8827),#4205,.F.);
#8827 = FACE_BOUND('',#8828,.F.);
#8828 = EDGE_LOOP('',(#8829,#8830,#8831));
#8829 = ORIENTED_EDGE('',*,*,#5871,.F.);
#8830 = ORIENTED_EDGE('',*,*,#4189,.T.);
#8831 = ORIENTED_EDGE('',*,*,#8803,.T.);
#8832 = ADVANCED_FACE('',(#8833),#4154,.T.);
#8833 = FACE_BOUND('',#8834,.T.);
#8834 = EDGE_LOOP('',(#8835,#8836,#8837));
#8835 = ORIENTED_EDGE('',*,*,#5895,.F.);
#8836 = ORIENTED_EDGE('',*,*,#4138,.F.);
#8837 = ORIENTED_EDGE('',*,*,#8838,.T.);
#8838 = EDGE_CURVE('',#4111,#5896,#8839,.T.);
#8839 = SURFACE_CURVE('',#8840,(#8844,#8851),.PCURVE_S1.);
#8840 = LINE('',#8841,#8842);
#8841 = CARTESIAN_POINT('',(11.382142857143,9.763026483627,3.2));
#8842 = VECTOR('',#8843,1.);
#8843 = DIRECTION('',(0.,0.,1.));
#8844 = PCURVE('',#4154,#8845);
#8845 = DEFINITIONAL_REPRESENTATION('',(#8846),#8850);
#8846 = LINE('',#8847,#8848);
#8847 = CARTESIAN_POINT('',(0.,0.));
#8848 = VECTOR('',#8849,1.);
#8849 = DIRECTION('',(1.,0.));
#8850 = ( GEOMETRIC_REPRESENTATION_CONTEXT(2) 
PARAMETRIC_REPRESENTATION_CONTEXT() REPRESENTATION_CONTEXT('2D SPACE',''
  ) );
#8851 = PCURVE('',#4126,#8852);
#8852 = DEFINITIONAL_REPRESENTATION('',(#8853),#8857);
#8853 = LINE('',#8854,#8855);
#8854 = CARTESIAN_POINT('',(0.,-78.35));
#8855 = VECTOR('',#8856,1.);
#8856 = DIRECTION('',(1.,0.));
#8857 = ( GEOMETRIC_REPRESENTATION_CONTEXT(2) 
PARAMETRIC_REPRESENTATION_CONTEXT() REPRESENTATION_CONTEXT('2D SPACE',''
  ) );
#8858 = ADVANCED_FACE('',(#8859),#4126,.F.);
#8859 = FACE_BOUND('',#8860,.F.);
#8860 = EDGE_LOOP('',(#8861,#8882,#8883,#8884));
#8861 = ORIENTED_EDGE('',*,*,#8862,.F.);
#8862 = EDGE_CURVE('',#4083,#5919,#8863,.T.);
#8863 = SURFACE_CURVE('',#8864,(#8868,#8875),.PCURVE_S1.);
#8864 = LINE('',#8865,#8866);
#8865 = CARTESIAN_POINT('',(89.732142857143,9.763026483627,3.2));
#8866 = VECTOR('',#8867,1.);
#8867 = DIRECTION('',(0.,0.,1.));
#8868 = PCURVE('',#4126,#8869);
#8869 = DEFINITIONAL_REPRESENTATION('',(#8870),#8874);
#8870 = LINE('',#8871,#8872);
#8871 = CARTESIAN_POINT('',(0.,0.));
#8872 = VECTOR('',#8873,1.);
#8873 = DIRECTION('',(1.,0.));
#8874 = ( GEOMETRIC_REPRESENTATION_CONTEXT(2) 
PARAMETRIC_REPRESENTATION_CONTEXT() REPRESENTATION_CONTEXT('2D SPACE',''
  ) );
#8875 = PCURVE('',#4098,#8876);
#8876 = DEFINITIONAL_REPRESENTATION('',(#8877),#8881);
#8877 = LINE('',#8878,#8879);
#8878 = CARTESIAN_POINT('',(0.,0.));
#8879 = VECTOR('',#8880,1.);
#8880 = DIRECTION('',(1.,0.));
#8881 = ( GEOMETRIC_REPRESENTATION_CONTEXT(2) 
PARAMETRIC_REPRESENTATION_CONTEXT() REPRESENTATION_CONTEXT('2D SPACE',''
  ) );
#8882 = ORIENTED_EDGE('',*,*,#4110,.F.);
#8883 = ORIENTED_EDGE('',*,*,#8838,.T.);
#8884 = ORIENTED_EDGE('',*,*,#5918,.F.);
#8885 = ADVANCED_FACE('',(#8886),#4098,.F.);
#8886 = FACE_BOUND('',#8887,.F.);
#8887 = EDGE_LOOP('',(#8888,#8889,#8890));
#8888 = ORIENTED_EDGE('',*,*,#5941,.F.);
#8889 = ORIENTED_EDGE('',*,*,#4082,.F.);
#8890 = ORIENTED_EDGE('',*,*,#8862,.T.);
#8891 = ADVANCED_FACE('',(#8892),#4047,.T.);
#8892 = FACE_BOUND('',#8893,.T.);
#8893 = EDGE_LOOP('',(#8894,#8895,#8896));
#8894 = ORIENTED_EDGE('',*,*,#5963,.F.);
#8895 = ORIENTED_EDGE('',*,*,#4031,.T.);
#8896 = ORIENTED_EDGE('',*,*,#8897,.T.);
#8897 = EDGE_CURVE('',#4004,#5964,#8898,.T.);
#8898 = SURFACE_CURVE('',#8899,(#8903,#8910),.PCURVE_S1.);
#8899 = LINE('',#8900,#8901);
#8900 = CARTESIAN_POINT('',(90.132142857143,90.893026483627,
    16.433443998149));
#8901 = VECTOR('',#8902,1.);
#8902 = DIRECTION('',(0.,0.,-1.));
#8903 = PCURVE('',#4047,#8904);
#8904 = DEFINITIONAL_REPRESENTATION('',(#8905),#8909);
#8905 = LINE('',#8906,#8907);
#8906 = CARTESIAN_POINT('',(0.,81.53));
#8907 = VECTOR('',#8908,1.);
#8908 = DIRECTION('',(-1.,0.));
#8909 = ( GEOMETRIC_REPRESENTATION_CONTEXT(2) 
PARAMETRIC_REPRESENTATION_CONTEXT() REPRESENTATION_CONTEXT('2D SPACE',''
  ) );
#8910 = PCURVE('',#4019,#8911);
#8911 = DEFINITIONAL_REPRESENTATION('',(#8912),#8916);
#8912 = LINE('',#8913,#8914);
#8913 = CARTESIAN_POINT('',(0.,-2.75));
#8914 = VECTOR('',#8915,1.);
#8915 = DIRECTION('',(-1.,0.));
#8916 = ( GEOMETRIC_REPRESENTATION_CONTEXT(2) 
PARAMETRIC_REPRESENTATION_CONTEXT() REPRESENTATION_CONTEXT('2D SPACE',''
  ) );
#8917 = ADVANCED_FACE('',(#8918),#4019,.T.);
#8918 = FACE_BOUND('',#8919,.T.);
#8919 = EDGE_LOOP('',(#8920,#8941,#8942,#8943));
#8920 = ORIENTED_EDGE('',*,*,#8921,.F.);
#8921 = EDGE_CURVE('',#5987,#3976,#8922,.T.);
#8922 = SURFACE_CURVE('',#8923,(#8927,#8934),.PCURVE_S1.);
#8923 = LINE('',#8924,#8925);
#8924 = CARTESIAN_POINT('',(92.882142857143,90.893026483627,
    16.433443998149));
#8925 = VECTOR('',#8926,1.);
#8926 = DIRECTION('',(0.,0.,1.));
#8927 = PCURVE('',#4019,#8928);
#8928 = DEFINITIONAL_REPRESENTATION('',(#8929),#8933);
#8929 = LINE('',#8930,#8931);
#8930 = CARTESIAN_POINT('',(0.,0.));
#8931 = VECTOR('',#8932,1.);
#8932 = DIRECTION('',(1.,0.));
#8933 = ( GEOMETRIC_REPRESENTATION_CONTEXT(2) 
PARAMETRIC_REPRESENTATION_CONTEXT() REPRESENTATION_CONTEXT('2D SPACE',''
  ) );
#8934 = PCURVE('',#3991,#8935);
#8935 = DEFINITIONAL_REPRESENTATION('',(#8936),#8940);
#8936 = LINE('',#8937,#8938);
#8937 = CARTESIAN_POINT('',(0.,0.));
#8938 = VECTOR('',#8939,1.);
#8939 = DIRECTION('',(1.,0.));
#8940 = ( GEOMETRIC_REPRESENTATION_CONTEXT(2) 
PARAMETRIC_REPRESENTATION_CONTEXT() REPRESENTATION_CONTEXT('2D SPACE',''
  ) );
#8941 = ORIENTED_EDGE('',*,*,#5986,.T.);
#8942 = ORIENTED_EDGE('',*,*,#8897,.F.);
#8943 = ORIENTED_EDGE('',*,*,#4003,.F.);
#8944 = ADVANCED_FACE('',(#8945),#3991,.T.);
#8945 = FACE_BOUND('',#8946,.T.);
#8946 = EDGE_LOOP('',(#8947,#8968,#8969,#8970));
#8947 = ORIENTED_EDGE('',*,*,#8948,.F.);
#8948 = EDGE_CURVE('',#6010,#3948,#8949,.T.);
#8949 = SURFACE_CURVE('',#8950,(#8954,#8961),.PCURVE_S1.);
#8950 = LINE('',#8951,#8952);
#8951 = CARTESIAN_POINT('',(92.882142857143,104.89302648362,
    16.433443998149));
#8952 = VECTOR('',#8953,1.);
#8953 = DIRECTION('',(0.,0.,1.));
#8954 = PCURVE('',#3991,#8955);
#8955 = DEFINITIONAL_REPRESENTATION('',(#8956),#8960);
#8956 = LINE('',#8957,#8958);
#8957 = CARTESIAN_POINT('',(0.,14.));
#8958 = VECTOR('',#8959,1.);
#8959 = DIRECTION('',(1.,0.));
#8960 = ( GEOMETRIC_REPRESENTATION_CONTEXT(2) 
PARAMETRIC_REPRESENTATION_CONTEXT() REPRESENTATION_CONTEXT('2D SPACE',''
  ) );
#8961 = PCURVE('',#3963,#8962);
#8962 = DEFINITIONAL_REPRESENTATION('',(#8963),#8967);
#8963 = LINE('',#8964,#8965);
#8964 = CARTESIAN_POINT('',(0.,0.));
#8965 = VECTOR('',#8966,1.);
#8966 = DIRECTION('',(1.,0.));
#8967 = ( GEOMETRIC_REPRESENTATION_CONTEXT(2) 
PARAMETRIC_REPRESENTATION_CONTEXT() REPRESENTATION_CONTEXT('2D SPACE',''
  ) );
#8968 = ORIENTED_EDGE('',*,*,#6009,.F.);
#8969 = ORIENTED_EDGE('',*,*,#8921,.T.);
#8970 = ORIENTED_EDGE('',*,*,#3975,.F.);
#8971 = ADVANCED_FACE('',(#8972),#3963,.F.);
#8972 = FACE_BOUND('',#8973,.F.);
#8973 = EDGE_LOOP('',(#8974,#8975,#8976,#8997));
#8974 = ORIENTED_EDGE('',*,*,#8948,.F.);
#8975 = ORIENTED_EDGE('',*,*,#6032,.T.);
#8976 = ORIENTED_EDGE('',*,*,#8977,.F.);
#8977 = EDGE_CURVE('',#3920,#6033,#8978,.T.);
#8978 = SURFACE_CURVE('',#8979,(#8983,#8990),.PCURVE_S1.);
#8979 = LINE('',#8980,#8981);
#8980 = CARTESIAN_POINT('',(90.132142857143,104.89302648362,
    16.433443998149));
#8981 = VECTOR('',#8982,1.);
#8982 = DIRECTION('',(0.,0.,-1.));
#8983 = PCURVE('',#3963,#8984);
#8984 = DEFINITIONAL_REPRESENTATION('',(#8985),#8989);
#8985 = LINE('',#8986,#8987);
#8986 = CARTESIAN_POINT('',(0.,-2.75));
#8987 = VECTOR('',#8988,1.);
#8988 = DIRECTION('',(-1.,0.));
#8989 = ( GEOMETRIC_REPRESENTATION_CONTEXT(2) 
PARAMETRIC_REPRESENTATION_CONTEXT() REPRESENTATION_CONTEXT('2D SPACE',''
  ) );
#8990 = PCURVE('',#3935,#8991);
#8991 = DEFINITIONAL_REPRESENTATION('',(#8992),#8996);
#8992 = LINE('',#8993,#8994);
#8993 = CARTESIAN_POINT('',(0.,95.53));
#8994 = VECTOR('',#8995,1.);
#8995 = DIRECTION('',(-1.,0.));
#8996 = ( GEOMETRIC_REPRESENTATION_CONTEXT(2) 
PARAMETRIC_REPRESENTATION_CONTEXT() REPRESENTATION_CONTEXT('2D SPACE',''
  ) );
#8997 = ORIENTED_EDGE('',*,*,#3947,.F.);
#8998 = ADVANCED_FACE('',(#8999),#3935,.T.);
#8999 = FACE_BOUND('',#9000,.T.);
#9000 = EDGE_LOOP('',(#9001,#9002,#9003,#9004));
#9001 = ORIENTED_EDGE('',*,*,#6055,.F.);
#9002 = ORIENTED_EDGE('',*,*,#8977,.F.);
#9003 = ORIENTED_EDGE('',*,*,#3919,.T.);
#9004 = ORIENTED_EDGE('',*,*,#9005,.F.);
#9005 = EDGE_CURVE('',#6056,#3892,#9006,.T.);
#9006 = SURFACE_CURVE('',#9007,(#9011,#9018),.PCURVE_S1.);
#9007 = LINE('',#9008,#9009);
#9008 = CARTESIAN_POINT('',(90.132142857143,123.03302648362,
    16.433443998149));
#9009 = VECTOR('',#9010,1.);
#9010 = DIRECTION('',(0.,0.,1.));
#9011 = PCURVE('',#3935,#9012);
#9012 = DEFINITIONAL_REPRESENTATION('',(#9013),#9017);
#9013 = LINE('',#9014,#9015);
#9014 = CARTESIAN_POINT('',(0.,113.67));
#9015 = VECTOR('',#9016,1.);
#9016 = DIRECTION('',(1.,0.));
#9017 = ( GEOMETRIC_REPRESENTATION_CONTEXT(2) 
PARAMETRIC_REPRESENTATION_CONTEXT() REPRESENTATION_CONTEXT('2D SPACE',''
  ) );
#9018 = PCURVE('',#3907,#9019);
#9019 = DEFINITIONAL_REPRESENTATION('',(#9020),#9024);
#9020 = LINE('',#9021,#9022);
#9021 = CARTESIAN_POINT('',(0.,0.));
#9022 = VECTOR('',#9023,1.);
#9023 = DIRECTION('',(1.,0.));
#9024 = ( GEOMETRIC_REPRESENTATION_CONTEXT(2) 
PARAMETRIC_REPRESENTATION_CONTEXT() REPRESENTATION_CONTEXT('2D SPACE',''
  ) );
#9025 = ADVANCED_FACE('',(#9026),#3907,.F.);
#9026 = FACE_BOUND('',#9027,.F.);
#9027 = EDGE_LOOP('',(#9028,#9029,#9030,#9031));
#9028 = ORIENTED_EDGE('',*,*,#9005,.F.);
#9029 = ORIENTED_EDGE('',*,*,#6078,.T.);
#9030 = ORIENTED_EDGE('',*,*,#5845,.T.);
#9031 = ORIENTED_EDGE('',*,*,#3891,.T.);
#9032 = ADVANCED_FACE('',(#9033),#4449,.F.);
#9033 = FACE_BOUND('',#9034,.F.);
#9034 = EDGE_LOOP('',(#9035,#9036,#9037,#9060));
#9035 = ORIENTED_EDGE('',*,*,#4431,.F.);
#9036 = ORIENTED_EDGE('',*,*,#5797,.F.);
#9037 = ORIENTED_EDGE('',*,*,#9038,.T.);
#9038 = EDGE_CURVE('',#5772,#9039,#9041,.T.);
#9039 = VERTEX_POINT('',#9040);
#9040 = CARTESIAN_POINT('',(107.325,32.5,11.2));
#9041 = SURFACE_CURVE('',#9042,(#9046,#9053),.PCURVE_S1.);
#9042 = LINE('',#9043,#9044);
#9043 = CARTESIAN_POINT('',(94.732142857143,32.5,11.2));
#9044 = VECTOR('',#9045,1.);
#9045 = DIRECTION('',(1.,0.,0.));
#9046 = PCURVE('',#4449,#9047);
#9047 = DEFINITIONAL_REPRESENTATION('',(#9048),#9052);
#9048 = LINE('',#9049,#9050);
#9049 = CARTESIAN_POINT('',(8.,0.));
#9050 = VECTOR('',#9051,1.);
#9051 = DIRECTION('',(0.,1.));
#9052 = ( GEOMETRIC_REPRESENTATION_CONTEXT(2) 
PARAMETRIC_REPRESENTATION_CONTEXT() REPRESENTATION_CONTEXT('2D SPACE',''
  ) );
#9053 = PCURVE('',#5786,#9054);
#9054 = DEFINITIONAL_REPRESENTATION('',(#9055),#9059);
#9055 = LINE('',#9056,#9057);
#9056 = CARTESIAN_POINT('',(0.,0.));
#9057 = VECTOR('',#9058,1.);
#9058 = DIRECTION('',(1.,0.));
#9059 = ( GEOMETRIC_REPRESENTATION_CONTEXT(2) 
PARAMETRIC_REPRESENTATION_CONTEXT() REPRESENTATION_CONTEXT('2D SPACE',''
  ) );
#9060 = ORIENTED_EDGE('',*,*,#9061,.T.);
#9061 = EDGE_CURVE('',#9039,#4434,#9062,.T.);
#9062 = SURFACE_CURVE('',#9063,(#9067,#9073),.PCURVE_S1.);
#9063 = LINE('',#9064,#9065);
#9064 = CARTESIAN_POINT('',(107.325,32.5,3.2));
#9065 = VECTOR('',#9066,1.);
#9066 = DIRECTION('',(0.,0.,-1.));
#9067 = PCURVE('',#4449,#9068);
#9068 = DEFINITIONAL_REPRESENTATION('',(#9069),#9072);
#9069 = B_SPLINE_CURVE_WITH_KNOTS('',1,(#9070,#9071),.UNSPECIFIED.,.F.,
  .F.,(2,2),(-8.,0.),.PIECEWISE_BEZIER_KNOTS.);
#9070 = CARTESIAN_POINT('',(8.,12.592857142857));
#9071 = CARTESIAN_POINT('',(0.,12.592857142857));
#9072 = ( GEOMETRIC_REPRESENTATION_CONTEXT(2) 
PARAMETRIC_REPRESENTATION_CONTEXT() REPRESENTATION_CONTEXT('2D SPACE',''
  ) );
#9073 = PCURVE('',#4573,#9074);
#9074 = DEFINITIONAL_REPRESENTATION('',(#9075),#9078);
#9075 = B_SPLINE_CURVE_WITH_KNOTS('',1,(#9076,#9077),.UNSPECIFIED.,.F.,
  .F.,(2,2),(-8.,0.),.PIECEWISE_BEZIER_KNOTS.);
#9076 = CARTESIAN_POINT('',(8.,24.736973516373));
#9077 = CARTESIAN_POINT('',(0.,24.736973516373));
#9078 = ( GEOMETRIC_REPRESENTATION_CONTEXT(2) 
PARAMETRIC_REPRESENTATION_CONTEXT() REPRESENTATION_CONTEXT('2D SPACE',''
  ) );
#9079 = ADVANCED_FACE('',(#9080),#4573,.T.);
#9080 = FACE_BOUND('',#9081,.T.);
#9081 = EDGE_LOOP('',(#9082,#9083,#9084,#9085,#9106,#9127,#9148,#9171,
    #9192,#9213,#9234,#9257,#9278,#9297,#9298,#9299));
#9082 = ORIENTED_EDGE('',*,*,#7670,.F.);
#9083 = ORIENTED_EDGE('',*,*,#7515,.T.);
#9084 = ORIENTED_EDGE('',*,*,#5346,.F.);
#9085 = ORIENTED_EDGE('',*,*,#9086,.F.);
#9086 = EDGE_CURVE('',#9087,#5319,#9089,.T.);
#9087 = VERTEX_POINT('',#9088);
#9088 = CARTESIAN_POINT('',(107.325,110.5,11.2));
#9089 = SURFACE_CURVE('',#9090,(#9094,#9100),.PCURVE_S1.);
#9090 = LINE('',#9091,#9092);
#9091 = CARTESIAN_POINT('',(107.325,110.5,3.2));
#9092 = VECTOR('',#9093,1.);
#9093 = DIRECTION('',(0.,0.,-1.));
#9094 = PCURVE('',#4573,#9095);
#9095 = DEFINITIONAL_REPRESENTATION('',(#9096),#9099);
#9096 = B_SPLINE_CURVE_WITH_KNOTS('',1,(#9097,#9098),.UNSPECIFIED.,.F.,
  .F.,(2,2),(-8.,0.),.PIECEWISE_BEZIER_KNOTS.);
#9097 = CARTESIAN_POINT('',(8.,102.73697351637));
#9098 = CARTESIAN_POINT('',(0.,102.73697351637));
#9099 = ( GEOMETRIC_REPRESENTATION_CONTEXT(2) 
PARAMETRIC_REPRESENTATION_CONTEXT() REPRESENTATION_CONTEXT('2D SPACE',''
  ) );
#9100 = PCURVE('',#5334,#9101);
#9101 = DEFINITIONAL_REPRESENTATION('',(#9102),#9105);
#9102 = B_SPLINE_CURVE_WITH_KNOTS('',1,(#9103,#9104),.UNSPECIFIED.,.F.,
  .F.,(2,2),(-8.,0.),.PIECEWISE_BEZIER_KNOTS.);
#9103 = CARTESIAN_POINT('',(8.,12.592857142857));
#9104 = CARTESIAN_POINT('',(0.,12.592857142857));
#9105 = ( GEOMETRIC_REPRESENTATION_CONTEXT(2) 
PARAMETRIC_REPRESENTATION_CONTEXT() REPRESENTATION_CONTEXT('2D SPACE',''
  ) );
#9106 = ORIENTED_EDGE('',*,*,#9107,.F.);
#9107 = EDGE_CURVE('',#9108,#9087,#9110,.T.);
#9108 = VERTEX_POINT('',#9109);
#9109 = CARTESIAN_POINT('',(107.325,105.5,11.2));
#9110 = SURFACE_CURVE('',#9111,(#9115,#9121),.PCURVE_S1.);
#9111 = LINE('',#9112,#9113);
#9112 = CARTESIAN_POINT('',(107.325,56.631513241813,11.2));
#9113 = VECTOR('',#9114,1.);
#9114 = DIRECTION('',(1.110223024625E-16,1.,-0.));
#9115 = PCURVE('',#4573,#9116);
#9116 = DEFINITIONAL_REPRESENTATION('',(#9117),#9120);
#9117 = B_SPLINE_CURVE_WITH_KNOTS('',1,(#9118,#9119),.UNSPECIFIED.,.F.,
  .F.,(2,2),(48.868486758187,53.868486758187),.PIECEWISE_BEZIER_KNOTS.);
#9118 = CARTESIAN_POINT('',(8.,97.736973516373));
#9119 = CARTESIAN_POINT('',(8.,102.73697351637));
#9120 = ( GEOMETRIC_REPRESENTATION_CONTEXT(2) 
PARAMETRIC_REPRESENTATION_CONTEXT() REPRESENTATION_CONTEXT('2D SPACE',''
  ) );
#9121 = PCURVE('',#5574,#9122);
#9122 = DEFINITIONAL_REPRESENTATION('',(#9123),#9126);
#9123 = B_SPLINE_CURVE_WITH_KNOTS('',1,(#9124,#9125),.UNSPECIFIED.,.F.,
  .F.,(2,2),(48.868486758187,53.868486758187),.PIECEWISE_BEZIER_KNOTS.);
#9124 = CARTESIAN_POINT('',(12.592857142857,0.));
#9125 = CARTESIAN_POINT('',(12.592857142857,5.));
#9126 = ( GEOMETRIC_REPRESENTATION_CONTEXT(2) 
PARAMETRIC_REPRESENTATION_CONTEXT() REPRESENTATION_CONTEXT('2D SPACE',''
  ) );
#9127 = ORIENTED_EDGE('',*,*,#9128,.T.);
#9128 = EDGE_CURVE('',#9108,#9129,#9131,.T.);
#9129 = VERTEX_POINT('',#9130);
#9130 = CARTESIAN_POINT('',(107.325,105.5,3.2));
#9131 = SURFACE_CURVE('',#9132,(#9136,#9142),.PCURVE_S1.);
#9132 = LINE('',#9133,#9134);
#9133 = CARTESIAN_POINT('',(107.325,105.5,3.2));
#9134 = VECTOR('',#9135,1.);
#9135 = DIRECTION('',(0.,0.,-1.));
#9136 = PCURVE('',#4573,#9137);
#9137 = DEFINITIONAL_REPRESENTATION('',(#9138),#9141);
#9138 = B_SPLINE_CURVE_WITH_KNOTS('',1,(#9139,#9140),.UNSPECIFIED.,.F.,
  .F.,(2,2),(-8.,0.),.PIECEWISE_BEZIER_KNOTS.);
#9139 = CARTESIAN_POINT('',(8.,97.736973516373));
#9140 = CARTESIAN_POINT('',(0.,97.736973516373));
#9141 = ( GEOMETRIC_REPRESENTATION_CONTEXT(2) 
PARAMETRIC_REPRESENTATION_CONTEXT() REPRESENTATION_CONTEXT('2D SPACE',''
  ) );
#9142 = PCURVE('',#5600,#9143);
#9143 = DEFINITIONAL_REPRESENTATION('',(#9144),#9147);
#9144 = B_SPLINE_CURVE_WITH_KNOTS('',1,(#9145,#9146),.UNSPECIFIED.,.F.,
  .F.,(2,2),(-8.,0.),.PIECEWISE_BEZIER_KNOTS.);
#9145 = CARTESIAN_POINT('',(8.,12.592857142857));
#9146 = CARTESIAN_POINT('',(0.,12.592857142857));
#9147 = ( GEOMETRIC_REPRESENTATION_CONTEXT(2) 
PARAMETRIC_REPRESENTATION_CONTEXT() REPRESENTATION_CONTEXT('2D SPACE',''
  ) );
#9148 = ORIENTED_EDGE('',*,*,#9149,.F.);
#9149 = EDGE_CURVE('',#9150,#9129,#9152,.T.);
#9150 = VERTEX_POINT('',#9151);
#9151 = CARTESIAN_POINT('',(107.325,68.5,3.2));
#9152 = SURFACE_CURVE('',#9153,(#9157,#9164),.PCURVE_S1.);
#9153 = LINE('',#9154,#9155);
#9154 = CARTESIAN_POINT('',(107.325,7.763026483627,3.2));
#9155 = VECTOR('',#9156,1.);
#9156 = DIRECTION('',(1.110223024625E-16,1.,0.));
#9157 = PCURVE('',#4573,#9158);
#9158 = DEFINITIONAL_REPRESENTATION('',(#9159),#9163);
#9159 = LINE('',#9160,#9161);
#9160 = CARTESIAN_POINT('',(0.,0.));
#9161 = VECTOR('',#9162,1.);
#9162 = DIRECTION('',(0.,1.));
#9163 = ( GEOMETRIC_REPRESENTATION_CONTEXT(2) 
PARAMETRIC_REPRESENTATION_CONTEXT() REPRESENTATION_CONTEXT('2D SPACE',''
  ) );
#9164 = PCURVE('',#5627,#9165);
#9165 = DEFINITIONAL_REPRESENTATION('',(#9166),#9170);
#9166 = LINE('',#9167,#9168);
#9167 = CARTESIAN_POINT('',(104.125,4.563026483627));
#9168 = VECTOR('',#9169,1.);
#9169 = DIRECTION('',(1.110223024625E-16,1.));
#9170 = ( GEOMETRIC_REPRESENTATION_CONTEXT(2) 
PARAMETRIC_REPRESENTATION_CONTEXT() REPRESENTATION_CONTEXT('2D SPACE',''
  ) );
#9171 = ORIENTED_EDGE('',*,*,#9172,.F.);
#9172 = EDGE_CURVE('',#9173,#9150,#9175,.T.);
#9173 = VERTEX_POINT('',#9174);
#9174 = CARTESIAN_POINT('',(107.325,68.5,11.2));
#9175 = SURFACE_CURVE('',#9176,(#9180,#9186),.PCURVE_S1.);
#9176 = LINE('',#9177,#9178);
#9177 = CARTESIAN_POINT('',(107.325,68.5,3.2));
#9178 = VECTOR('',#9179,1.);
#9179 = DIRECTION('',(0.,0.,-1.));
#9180 = PCURVE('',#4573,#9181);
#9181 = DEFINITIONAL_REPRESENTATION('',(#9182),#9185);
#9182 = B_SPLINE_CURVE_WITH_KNOTS('',1,(#9183,#9184),.UNSPECIFIED.,.F.,
  .F.,(2,2),(-8.,0.),.PIECEWISE_BEZIER_KNOTS.);
#9183 = CARTESIAN_POINT('',(8.,60.736973516373));
#9184 = CARTESIAN_POINT('',(0.,60.736973516373));
#9185 = ( GEOMETRIC_REPRESENTATION_CONTEXT(2) 
PARAMETRIC_REPRESENTATION_CONTEXT() REPRESENTATION_CONTEXT('2D SPACE',''
  ) );
#9186 = PCURVE('',#5654,#9187);
#9187 = DEFINITIONAL_REPRESENTATION('',(#9188),#9191);
#9188 = B_SPLINE_CURVE_WITH_KNOTS('',1,(#9189,#9190),.UNSPECIFIED.,.F.,
  .F.,(2,2),(-8.,0.),.PIECEWISE_BEZIER_KNOTS.);
#9189 = CARTESIAN_POINT('',(8.,12.592857142857));
#9190 = CARTESIAN_POINT('',(0.,12.592857142857));
#9191 = ( GEOMETRIC_REPRESENTATION_CONTEXT(2) 
PARAMETRIC_REPRESENTATION_CONTEXT() REPRESENTATION_CONTEXT('2D SPACE',''
  ) );
#9192 = ORIENTED_EDGE('',*,*,#9193,.F.);
#9193 = EDGE_CURVE('',#9194,#9173,#9196,.T.);
#9194 = VERTEX_POINT('',#9195);
#9195 = CARTESIAN_POINT('',(107.325,63.5,11.2));
#9196 = SURFACE_CURVE('',#9197,(#9201,#9207),.PCURVE_S1.);
#9197 = LINE('',#9198,#9199);
#9198 = CARTESIAN_POINT('',(107.325,35.631513241813,11.2));
#9199 = VECTOR('',#9200,1.);
#9200 = DIRECTION('',(1.110223024625E-16,1.,-0.));
#9201 = PCURVE('',#4573,#9202);
#9202 = DEFINITIONAL_REPRESENTATION('',(#9203),#9206);
#9203 = B_SPLINE_CURVE_WITH_KNOTS('',1,(#9204,#9205),.UNSPECIFIED.,.F.,
  .F.,(2,2),(27.868486758187,32.868486758187),.PIECEWISE_BEZIER_KNOTS.);
#9204 = CARTESIAN_POINT('',(8.,55.736973516373));
#9205 = CARTESIAN_POINT('',(8.,60.736973516373));
#9206 = ( GEOMETRIC_REPRESENTATION_CONTEXT(2) 
PARAMETRIC_REPRESENTATION_CONTEXT() REPRESENTATION_CONTEXT('2D SPACE',''
  ) );
#9207 = PCURVE('',#5680,#9208);
#9208 = DEFINITIONAL_REPRESENTATION('',(#9209),#9212);
#9209 = B_SPLINE_CURVE_WITH_KNOTS('',1,(#9210,#9211),.UNSPECIFIED.,.F.,
  .F.,(2,2),(27.868486758187,32.868486758187),.PIECEWISE_BEZIER_KNOTS.);
#9210 = CARTESIAN_POINT('',(12.592857142857,0.));
#9211 = CARTESIAN_POINT('',(12.592857142857,5.));
#9212 = ( GEOMETRIC_REPRESENTATION_CONTEXT(2) 
PARAMETRIC_REPRESENTATION_CONTEXT() REPRESENTATION_CONTEXT('2D SPACE',''
  ) );
#9213 = ORIENTED_EDGE('',*,*,#9214,.T.);
#9214 = EDGE_CURVE('',#9194,#9215,#9217,.T.);
#9215 = VERTEX_POINT('',#9216);
#9216 = CARTESIAN_POINT('',(107.325,63.5,3.2));
#9217 = SURFACE_CURVE('',#9218,(#9222,#9228),.PCURVE_S1.);
#9218 = LINE('',#9219,#9220);
#9219 = CARTESIAN_POINT('',(107.325,63.5,3.2));
#9220 = VECTOR('',#9221,1.);
#9221 = DIRECTION('',(0.,0.,-1.));
#9222 = PCURVE('',#4573,#9223);
#9223 = DEFINITIONAL_REPRESENTATION('',(#9224),#9227);
#9224 = B_SPLINE_CURVE_WITH_KNOTS('',1,(#9225,#9226),.UNSPECIFIED.,.F.,
  .F.,(2,2),(-8.,0.),.PIECEWISE_BEZIER_KNOTS.);
#9225 = CARTESIAN_POINT('',(8.,55.736973516373));
#9226 = CARTESIAN_POINT('',(0.,55.736973516373));
#9227 = ( GEOMETRIC_REPRESENTATION_CONTEXT(2) 
PARAMETRIC_REPRESENTATION_CONTEXT() REPRESENTATION_CONTEXT('2D SPACE',''
  ) );
#9228 = PCURVE('',#5706,#9229);
#9229 = DEFINITIONAL_REPRESENTATION('',(#9230),#9233);
#9230 = B_SPLINE_CURVE_WITH_KNOTS('',1,(#9231,#9232),.UNSPECIFIED.,.F.,
  .F.,(2,2),(-8.,0.),.PIECEWISE_BEZIER_KNOTS.);
#9231 = CARTESIAN_POINT('',(8.,12.592857142857));
#9232 = CARTESIAN_POINT('',(0.,12.592857142857));
#9233 = ( GEOMETRIC_REPRESENTATION_CONTEXT(2) 
PARAMETRIC_REPRESENTATION_CONTEXT() REPRESENTATION_CONTEXT('2D SPACE',''
  ) );
#9234 = ORIENTED_EDGE('',*,*,#9235,.F.);
#9235 = EDGE_CURVE('',#9236,#9215,#9238,.T.);
#9236 = VERTEX_POINT('',#9237);
#9237 = CARTESIAN_POINT('',(107.325,37.5,3.2));
#9238 = SURFACE_CURVE('',#9239,(#9243,#9250),.PCURVE_S1.);
#9239 = LINE('',#9240,#9241);
#9240 = CARTESIAN_POINT('',(107.325,7.763026483627,3.2));
#9241 = VECTOR('',#9242,1.);
#9242 = DIRECTION('',(1.110223024625E-16,1.,0.));
#9243 = PCURVE('',#4573,#9244);
#9244 = DEFINITIONAL_REPRESENTATION('',(#9245),#9249);
#9245 = LINE('',#9246,#9247);
#9246 = CARTESIAN_POINT('',(0.,0.));
#9247 = VECTOR('',#9248,1.);
#9248 = DIRECTION('',(0.,1.));
#9249 = ( GEOMETRIC_REPRESENTATION_CONTEXT(2) 
PARAMETRIC_REPRESENTATION_CONTEXT() REPRESENTATION_CONTEXT('2D SPACE',''
  ) );
#9250 = PCURVE('',#5733,#9251);
#9251 = DEFINITIONAL_REPRESENTATION('',(#9252),#9256);
#9252 = LINE('',#9253,#9254);
#9253 = CARTESIAN_POINT('',(104.125,4.563026483627));
#9254 = VECTOR('',#9255,1.);
#9255 = DIRECTION('',(1.110223024625E-16,1.));
#9256 = ( GEOMETRIC_REPRESENTATION_CONTEXT(2) 
PARAMETRIC_REPRESENTATION_CONTEXT() REPRESENTATION_CONTEXT('2D SPACE',''
  ) );
#9257 = ORIENTED_EDGE('',*,*,#9258,.F.);
#9258 = EDGE_CURVE('',#9259,#9236,#9261,.T.);
#9259 = VERTEX_POINT('',#9260);
#9260 = CARTESIAN_POINT('',(107.325,37.5,11.2));
#9261 = SURFACE_CURVE('',#9262,(#9266,#9272),.PCURVE_S1.);
#9262 = LINE('',#9263,#9264);
#9263 = CARTESIAN_POINT('',(107.325,37.5,3.2));
#9264 = VECTOR('',#9265,1.);
#9265 = DIRECTION('',(0.,0.,-1.));
#9266 = PCURVE('',#4573,#9267);
#9267 = DEFINITIONAL_REPRESENTATION('',(#9268),#9271);
#9268 = B_SPLINE_CURVE_WITH_KNOTS('',1,(#9269,#9270),.UNSPECIFIED.,.F.,
  .F.,(2,2),(-8.,0.),.PIECEWISE_BEZIER_KNOTS.);
#9269 = CARTESIAN_POINT('',(8.,29.736973516373));
#9270 = CARTESIAN_POINT('',(0.,29.736973516373));
#9271 = ( GEOMETRIC_REPRESENTATION_CONTEXT(2) 
PARAMETRIC_REPRESENTATION_CONTEXT() REPRESENTATION_CONTEXT('2D SPACE',''
  ) );
#9272 = PCURVE('',#5760,#9273);
#9273 = DEFINITIONAL_REPRESENTATION('',(#9274),#9277);
#9274 = B_SPLINE_CURVE_WITH_KNOTS('',1,(#9275,#9276),.UNSPECIFIED.,.F.,
  .F.,(2,2),(-8.,0.),.PIECEWISE_BEZIER_KNOTS.);
#9275 = CARTESIAN_POINT('',(8.,12.592857142857));
#9276 = CARTESIAN_POINT('',(0.,12.592857142857));
#9277 = ( GEOMETRIC_REPRESENTATION_CONTEXT(2) 
PARAMETRIC_REPRESENTATION_CONTEXT() REPRESENTATION_CONTEXT('2D SPACE',''
  ) );
#9278 = ORIENTED_EDGE('',*,*,#9279,.F.);
#9279 = EDGE_CURVE('',#9039,#9259,#9280,.T.);
#9280 = SURFACE_CURVE('',#9281,(#9285,#9291),.PCURVE_S1.);
#9281 = LINE('',#9282,#9283);
#9282 = CARTESIAN_POINT('',(107.325,20.131513241813,11.2));
#9283 = VECTOR('',#9284,1.);
#9284 = DIRECTION('',(1.110223024625E-16,1.,-0.));
#9285 = PCURVE('',#4573,#9286);
#9286 = DEFINITIONAL_REPRESENTATION('',(#9287),#9290);
#9287 = B_SPLINE_CURVE_WITH_KNOTS('',1,(#9288,#9289),.UNSPECIFIED.,.F.,
  .F.,(2,2),(12.368486758187,17.368486758187),.PIECEWISE_BEZIER_KNOTS.);
#9288 = CARTESIAN_POINT('',(8.,24.736973516373));
#9289 = CARTESIAN_POINT('',(8.,29.736973516373));
#9290 = ( GEOMETRIC_REPRESENTATION_CONTEXT(2) 
PARAMETRIC_REPRESENTATION_CONTEXT() REPRESENTATION_CONTEXT('2D SPACE',''
  ) );
#9291 = PCURVE('',#5786,#9292);
#9292 = DEFINITIONAL_REPRESENTATION('',(#9293),#9296);
#9293 = B_SPLINE_CURVE_WITH_KNOTS('',1,(#9294,#9295),.UNSPECIFIED.,.F.,
  .F.,(2,2),(12.368486758187,17.368486758187),.PIECEWISE_BEZIER_KNOTS.);
#9294 = CARTESIAN_POINT('',(12.592857142857,0.));
#9295 = CARTESIAN_POINT('',(12.592857142857,5.));
#9296 = ( GEOMETRIC_REPRESENTATION_CONTEXT(2) 
PARAMETRIC_REPRESENTATION_CONTEXT() REPRESENTATION_CONTEXT('2D SPACE',''
  ) );
#9297 = ORIENTED_EDGE('',*,*,#9061,.T.);
#9298 = ORIENTED_EDGE('',*,*,#4559,.F.);
#9299 = ORIENTED_EDGE('',*,*,#8250,.T.);
#9300 = ADVANCED_FACE('',(#9301),#4605,.F.);
#9301 = FACE_BOUND('',#9302,.F.);
#9302 = EDGE_LOOP('',(#9303,#9326,#9327,#9350));
#9303 = ORIENTED_EDGE('',*,*,#9304,.F.);
#9304 = EDGE_CURVE('',#4588,#9305,#9307,.T.);
#9305 = VERTEX_POINT('',#9306);
#9306 = CARTESIAN_POINT('',(96.13,14.,7.865260262892));
#9307 = SURFACE_CURVE('',#9308,(#9312,#9319),.PCURVE_S1.);
#9308 = LINE('',#9309,#9310);
#9309 = CARTESIAN_POINT('',(96.13,14.,3.2));
#9310 = VECTOR('',#9311,1.);
#9311 = DIRECTION('',(0.,0.,1.));
#9312 = PCURVE('',#4605,#9313);
#9313 = DEFINITIONAL_REPRESENTATION('',(#9314),#9318);
#9314 = LINE('',#9315,#9316);
#9315 = CARTESIAN_POINT('',(0.,0.));
#9316 = VECTOR('',#9317,1.);
#9317 = DIRECTION('',(1.,0.));
#9318 = ( GEOMETRIC_REPRESENTATION_CONTEXT(2) 
PARAMETRIC_REPRESENTATION_CONTEXT() REPRESENTATION_CONTEXT('2D SPACE',''
  ) );
#9319 = PCURVE('',#4687,#9320);
#9320 = DEFINITIONAL_REPRESENTATION('',(#9321),#9325);
#9321 = LINE('',#9322,#9323);
#9322 = CARTESIAN_POINT('',(0.,0.));
#9323 = VECTOR('',#9324,1.);
#9324 = DIRECTION('',(1.,0.));
#9325 = ( GEOMETRIC_REPRESENTATION_CONTEXT(2) 
PARAMETRIC_REPRESENTATION_CONTEXT() REPRESENTATION_CONTEXT('2D SPACE',''
  ) );
#9326 = ORIENTED_EDGE('',*,*,#4587,.T.);
#9327 = ORIENTED_EDGE('',*,*,#9328,.T.);
#9328 = EDGE_CURVE('',#4590,#9329,#9331,.T.);
#9329 = VERTEX_POINT('',#9330);
#9330 = CARTESIAN_POINT('',(96.13,26.,10.525209885058));
#9331 = SURFACE_CURVE('',#9332,(#9336,#9343),.PCURVE_S1.);
#9332 = LINE('',#9333,#9334);
#9333 = CARTESIAN_POINT('',(96.13,26.,3.2));
#9334 = VECTOR('',#9335,1.);
#9335 = DIRECTION('',(0.,0.,1.));
#9336 = PCURVE('',#4605,#9337);
#9337 = DEFINITIONAL_REPRESENTATION('',(#9338),#9342);
#9338 = LINE('',#9339,#9340);
#9339 = CARTESIAN_POINT('',(0.,-12.));
#9340 = VECTOR('',#9341,1.);
#9341 = DIRECTION('',(1.,0.));
#9342 = ( GEOMETRIC_REPRESENTATION_CONTEXT(2) 
PARAMETRIC_REPRESENTATION_CONTEXT() REPRESENTATION_CONTEXT('2D SPACE',''
  ) );
#9343 = PCURVE('',#4633,#9344);
#9344 = DEFINITIONAL_REPRESENTATION('',(#9345),#9349);
#9345 = LINE('',#9346,#9347);
#9346 = CARTESIAN_POINT('',(0.,0.));
#9347 = VECTOR('',#9348,1.);
#9348 = DIRECTION('',(1.,0.));
#9349 = ( GEOMETRIC_REPRESENTATION_CONTEXT(2) 
PARAMETRIC_REPRESENTATION_CONTEXT() REPRESENTATION_CONTEXT('2D SPACE',''
  ) );
#9350 = ORIENTED_EDGE('',*,*,#9351,.T.);
#9351 = EDGE_CURVE('',#9329,#9305,#9352,.T.);
#9352 = SURFACE_CURVE('',#9353,(#9357,#9363),.PCURVE_S1.);
#9353 = LINE('',#9354,#9355);
#9354 = CARTESIAN_POINT('',(96.13,-213.1609370533,-42.48779379427));
#9355 = VECTOR('',#9356,1.);
#9356 = DIRECTION('',(0.,-0.976302648363,-0.216409655053));
#9357 = PCURVE('',#4605,#9358);
#9358 = DEFINITIONAL_REPRESENTATION('',(#9359),#9362);
#9359 = B_SPLINE_CURVE_WITH_KNOTS('',1,(#9360,#9361),.UNSPECIFIED.,.F.,
  .F.,(2,2),(-244.9659820696,-232.674711509),.PIECEWISE_BEZIER_KNOTS.);
#9360 = CARTESIAN_POINT('',(7.325209885058,-12.));
#9361 = CARTESIAN_POINT('',(4.665260262892,1.011018754174E-14));
#9362 = ( GEOMETRIC_REPRESENTATION_CONTEXT(2) 
PARAMETRIC_REPRESENTATION_CONTEXT() REPRESENTATION_CONTEXT('2D SPACE',''
  ) );
#9363 = PCURVE('',#9364,#9369);
#9364 = PLANE('',#9365);
#9365 = AXIS2_PLACEMENT_3D('',#9366,#9367,#9368);
#9366 = CARTESIAN_POINT('',(-450.,-439.3361917632,-92.62235907001));
#9367 = DIRECTION('',(0.,-0.216409655053,0.976302648363));
#9368 = DIRECTION('',(1.,0.,0.));
#9369 = DEFINITIONAL_REPRESENTATION('',(#9370),#9373);
#9370 = B_SPLINE_CURVE_WITH_KNOTS('',1,(#9371,#9372),.UNSPECIFIED.,.F.,
  .F.,(2,2),(-244.9659820696,-232.674711509),.PIECEWISE_BEZIER_KNOTS.);
#9371 = CARTESIAN_POINT('',(546.13,476.6310862145));
#9372 = CARTESIAN_POINT('',(546.13,464.33981565396));
#9373 = ( GEOMETRIC_REPRESENTATION_CONTEXT(2) 
PARAMETRIC_REPRESENTATION_CONTEXT() REPRESENTATION_CONTEXT('2D SPACE',''
  ) );
#9374 = ADVANCED_FACE('',(#9375),#4633,.T.);
#9375 = FACE_BOUND('',#9376,.T.);
#9376 = EDGE_LOOP('',(#9377,#9400,#9401,#9402));
#9377 = ORIENTED_EDGE('',*,*,#9378,.F.);
#9378 = EDGE_CURVE('',#4618,#9379,#9381,.T.);
#9379 = VERTEX_POINT('',#9380);
#9380 = CARTESIAN_POINT('',(106.13,26.,10.525209885058));
#9381 = SURFACE_CURVE('',#9382,(#9386,#9393),.PCURVE_S1.);
#9382 = LINE('',#9383,#9384);
#9383 = CARTESIAN_POINT('',(106.13,26.,3.2));
#9384 = VECTOR('',#9385,1.);
#9385 = DIRECTION('',(0.,0.,1.));
#9386 = PCURVE('',#4633,#9387);
#9387 = DEFINITIONAL_REPRESENTATION('',(#9388),#9392);
#9388 = LINE('',#9389,#9390);
#9389 = CARTESIAN_POINT('',(0.,10.));
#9390 = VECTOR('',#9391,1.);
#9391 = DIRECTION('',(1.,0.));
#9392 = ( GEOMETRIC_REPRESENTATION_CONTEXT(2) 
PARAMETRIC_REPRESENTATION_CONTEXT() REPRESENTATION_CONTEXT('2D SPACE',''
  ) );
#9393 = PCURVE('',#4661,#9394);
#9394 = DEFINITIONAL_REPRESENTATION('',(#9395),#9399);
#9395 = LINE('',#9396,#9397);
#9396 = CARTESIAN_POINT('',(0.,-12.));
#9397 = VECTOR('',#9398,1.);
#9398 = DIRECTION('',(1.,0.));
#9399 = ( GEOMETRIC_REPRESENTATION_CONTEXT(2) 
PARAMETRIC_REPRESENTATION_CONTEXT() REPRESENTATION_CONTEXT('2D SPACE',''
  ) );
#9400 = ORIENTED_EDGE('',*,*,#4617,.F.);
#9401 = ORIENTED_EDGE('',*,*,#9328,.T.);
#9402 = ORIENTED_EDGE('',*,*,#9403,.T.);
#9403 = EDGE_CURVE('',#9329,#9379,#9404,.T.);
#9404 = SURFACE_CURVE('',#9405,(#9409,#9415),.PCURVE_S1.);
#9405 = LINE('',#9406,#9407);
#9406 = CARTESIAN_POINT('',(-176.935,26.,10.525209885058));
#9407 = VECTOR('',#9408,1.);
#9408 = DIRECTION('',(1.,0.,-0.));
#9409 = PCURVE('',#4633,#9410);
#9410 = DEFINITIONAL_REPRESENTATION('',(#9411),#9414);
#9411 = B_SPLINE_CURVE_WITH_KNOTS('',1,(#9412,#9413),.UNSPECIFIED.,.F.,
  .F.,(2,2),(273.065,283.065),.PIECEWISE_BEZIER_KNOTS.);
#9412 = CARTESIAN_POINT('',(7.325209885058,0.));
#9413 = CARTESIAN_POINT('',(7.325209885058,10.));
#9414 = ( GEOMETRIC_REPRESENTATION_CONTEXT(2) 
PARAMETRIC_REPRESENTATION_CONTEXT() REPRESENTATION_CONTEXT('2D SPACE',''
  ) );
#9415 = PCURVE('',#9364,#9416);
#9416 = DEFINITIONAL_REPRESENTATION('',(#9417),#9420);
#9417 = B_SPLINE_CURVE_WITH_KNOTS('',1,(#9418,#9419),.UNSPECIFIED.,.F.,
  .F.,(2,2),(273.065,283.065),.PIECEWISE_BEZIER_KNOTS.);
#9418 = CARTESIAN_POINT('',(546.13,476.6310862145));
#9419 = CARTESIAN_POINT('',(556.13,476.6310862145));
#9420 = ( GEOMETRIC_REPRESENTATION_CONTEXT(2) 
PARAMETRIC_REPRESENTATION_CONTEXT() REPRESENTATION_CONTEXT('2D SPACE',''
  ) );
#9421 = ADVANCED_FACE('',(#9422),#4687,.F.);
#9422 = FACE_BOUND('',#9423,.F.);
#9423 = EDGE_LOOP('',(#9424,#9447,#9448,#9449));
#9424 = ORIENTED_EDGE('',*,*,#9425,.F.);
#9425 = EDGE_CURVE('',#4646,#9426,#9428,.T.);
#9426 = VERTEX_POINT('',#9427);
#9427 = CARTESIAN_POINT('',(106.13,14.,7.865260262892));
#9428 = SURFACE_CURVE('',#9429,(#9433,#9440),.PCURVE_S1.);
#9429 = LINE('',#9430,#9431);
#9430 = CARTESIAN_POINT('',(106.13,14.,3.2));
#9431 = VECTOR('',#9432,1.);
#9432 = DIRECTION('',(0.,0.,1.));
#9433 = PCURVE('',#4687,#9434);
#9434 = DEFINITIONAL_REPRESENTATION('',(#9435),#9439);
#9435 = LINE('',#9436,#9437);
#9436 = CARTESIAN_POINT('',(0.,10.));
#9437 = VECTOR('',#9438,1.);
#9438 = DIRECTION('',(1.,0.));
#9439 = ( GEOMETRIC_REPRESENTATION_CONTEXT(2) 
PARAMETRIC_REPRESENTATION_CONTEXT() REPRESENTATION_CONTEXT('2D SPACE',''
  ) );
#9440 = PCURVE('',#4661,#9441);
#9441 = DEFINITIONAL_REPRESENTATION('',(#9442),#9446);
#9442 = LINE('',#9443,#9444);
#9443 = CARTESIAN_POINT('',(0.,0.));
#9444 = VECTOR('',#9445,1.);
#9445 = DIRECTION('',(1.,0.));
#9446 = ( GEOMETRIC_REPRESENTATION_CONTEXT(2) 
PARAMETRIC_REPRESENTATION_CONTEXT() REPRESENTATION_CONTEXT('2D SPACE',''
  ) );
#9447 = ORIENTED_EDGE('',*,*,#4673,.F.);
#9448 = ORIENTED_EDGE('',*,*,#9304,.T.);
#9449 = ORIENTED_EDGE('',*,*,#9450,.T.);
#9450 = EDGE_CURVE('',#9305,#9426,#9451,.T.);
#9451 = SURFACE_CURVE('',#9452,(#9456,#9462),.PCURVE_S1.);
#9452 = LINE('',#9453,#9454);
#9453 = CARTESIAN_POINT('',(-176.935,14.,7.865260262892));
#9454 = VECTOR('',#9455,1.);
#9455 = DIRECTION('',(1.,0.,-0.));
#9456 = PCURVE('',#4687,#9457);
#9457 = DEFINITIONAL_REPRESENTATION('',(#9458),#9461);
#9458 = B_SPLINE_CURVE_WITH_KNOTS('',1,(#9459,#9460),.UNSPECIFIED.,.F.,
  .F.,(2,2),(273.065,283.065),.PIECEWISE_BEZIER_KNOTS.);
#9459 = CARTESIAN_POINT('',(4.665260262892,0.));
#9460 = CARTESIAN_POINT('',(4.665260262892,10.));
#9461 = ( GEOMETRIC_REPRESENTATION_CONTEXT(2) 
PARAMETRIC_REPRESENTATION_CONTEXT() REPRESENTATION_CONTEXT('2D SPACE',''
  ) );
#9462 = PCURVE('',#9364,#9463);
#9463 = DEFINITIONAL_REPRESENTATION('',(#9464),#9467);
#9464 = B_SPLINE_CURVE_WITH_KNOTS('',1,(#9465,#9466),.UNSPECIFIED.,.F.,
  .F.,(2,2),(273.065,283.065),.PIECEWISE_BEZIER_KNOTS.);
#9465 = CARTESIAN_POINT('',(546.13,464.33981565396));
#9466 = CARTESIAN_POINT('',(556.13,464.33981565396));
#9467 = ( GEOMETRIC_REPRESENTATION_CONTEXT(2) 
PARAMETRIC_REPRESENTATION_CONTEXT() REPRESENTATION_CONTEXT('2D SPACE',''
  ) );
#9468 = ADVANCED_FACE('',(#9469),#4661,.T.);
#9469 = FACE_BOUND('',#9470,.T.);
#9470 = EDGE_LOOP('',(#9471,#9472,#9473,#9474));
#9471 = ORIENTED_EDGE('',*,*,#9425,.F.);
#9472 = ORIENTED_EDGE('',*,*,#4645,.T.);
#9473 = ORIENTED_EDGE('',*,*,#9378,.T.);
#9474 = ORIENTED_EDGE('',*,*,#9475,.T.);
#9475 = EDGE_CURVE('',#9379,#9426,#9476,.T.);
#9476 = SURFACE_CURVE('',#9477,(#9481,#9487),.PCURVE_S1.);
#9477 = LINE('',#9478,#9479);
#9478 = CARTESIAN_POINT('',(106.13,-213.1609370533,-42.48779379427));
#9479 = VECTOR('',#9480,1.);
#9480 = DIRECTION('',(0.,-0.976302648363,-0.216409655053));
#9481 = PCURVE('',#4661,#9482);
#9482 = DEFINITIONAL_REPRESENTATION('',(#9483),#9486);
#9483 = B_SPLINE_CURVE_WITH_KNOTS('',1,(#9484,#9485),.UNSPECIFIED.,.F.,
  .F.,(2,2),(-244.9659820696,-232.674711509),.PIECEWISE_BEZIER_KNOTS.);
#9484 = CARTESIAN_POINT('',(7.325209885058,-12.));
#9485 = CARTESIAN_POINT('',(4.665260262892,1.011018754174E-14));
#9486 = ( GEOMETRIC_REPRESENTATION_CONTEXT(2) 
PARAMETRIC_REPRESENTATION_CONTEXT() REPRESENTATION_CONTEXT('2D SPACE',''
  ) );
#9487 = PCURVE('',#9364,#9488);
#9488 = DEFINITIONAL_REPRESENTATION('',(#9489),#9492);
#9489 = B_SPLINE_CURVE_WITH_KNOTS('',1,(#9490,#9491),.UNSPECIFIED.,.F.,
  .F.,(2,2),(-244.9659820696,-232.674711509),.PIECEWISE_BEZIER_KNOTS.);
#9490 = CARTESIAN_POINT('',(556.13,476.6310862145));
#9491 = CARTESIAN_POINT('',(556.13,464.33981565396));
#9492 = ( GEOMETRIC_REPRESENTATION_CONTEXT(2) 
PARAMETRIC_REPRESENTATION_CONTEXT() REPRESENTATION_CONTEXT('2D SPACE',''
  ) );
#9493 = ADVANCED_FACE('',(#9494),#4817,.F.);
#9494 = FACE_BOUND('',#9495,.F.);
#9495 = EDGE_LOOP('',(#9496,#9519,#9520,#9521,#9544));
#9496 = ORIENTED_EDGE('',*,*,#9497,.F.);
#9497 = EDGE_CURVE('',#4951,#9498,#9500,.T.);
#9498 = VERTEX_POINT('',#9499);
#9499 = CARTESIAN_POINT('',(13.5,133.,34.243094016041));
#9500 = SURFACE_CURVE('',#9501,(#9505,#9512),.PCURVE_S1.);
#9501 = LINE('',#9502,#9503);
#9502 = CARTESIAN_POINT('',(13.5,133.,3.2));
#9503 = VECTOR('',#9504,1.);
#9504 = DIRECTION('',(0.,0.,1.));
#9505 = PCURVE('',#4817,#9506);
#9506 = DEFINITIONAL_REPRESENTATION('',(#9507),#9511);
#9507 = LINE('',#9508,#9509);
#9508 = CARTESIAN_POINT('',(0.,10.));
#9509 = VECTOR('',#9510,1.);
#9510 = DIRECTION('',(1.,0.));
#9511 = ( GEOMETRIC_REPRESENTATION_CONTEXT(2) 
PARAMETRIC_REPRESENTATION_CONTEXT() REPRESENTATION_CONTEXT('2D SPACE',''
  ) );
#9512 = PCURVE('',#4966,#9513);
#9513 = DEFINITIONAL_REPRESENTATION('',(#9514),#9518);
#9514 = LINE('',#9515,#9516);
#9515 = CARTESIAN_POINT('',(0.,0.));
#9516 = VECTOR('',#9517,1.);
#9517 = DIRECTION('',(1.,0.));
#9518 = ( GEOMETRIC_REPRESENTATION_CONTEXT(2) 
PARAMETRIC_REPRESENTATION_CONTEXT() REPRESENTATION_CONTEXT('2D SPACE',''
  ) );
#9519 = ORIENTED_EDGE('',*,*,#4978,.F.);
#9520 = ORIENTED_EDGE('',*,*,#4802,.F.);
#9521 = ORIENTED_EDGE('',*,*,#9522,.T.);
#9522 = EDGE_CURVE('',#4777,#9523,#9525,.T.);
#9523 = VERTEX_POINT('',#9524);
#9524 = CARTESIAN_POINT('',(3.5,133.,34.243094016041));
#9525 = SURFACE_CURVE('',#9526,(#9530,#9537),.PCURVE_S1.);
#9526 = LINE('',#9527,#9528);
#9527 = CARTESIAN_POINT('',(3.5,133.,3.2));
#9528 = VECTOR('',#9529,1.);
#9529 = DIRECTION('',(0.,0.,1.));
#9530 = PCURVE('',#4817,#9531);
#9531 = DEFINITIONAL_REPRESENTATION('',(#9532),#9536);
#9532 = LINE('',#9533,#9534);
#9533 = CARTESIAN_POINT('',(0.,0.));
#9534 = VECTOR('',#9535,1.);
#9535 = DIRECTION('',(1.,0.));
#9536 = ( GEOMETRIC_REPRESENTATION_CONTEXT(2) 
PARAMETRIC_REPRESENTATION_CONTEXT() REPRESENTATION_CONTEXT('2D SPACE',''
  ) );
#9537 = PCURVE('',#4791,#9538);
#9538 = DEFINITIONAL_REPRESENTATION('',(#9539),#9543);
#9539 = LINE('',#9540,#9541);
#9540 = CARTESIAN_POINT('',(0.,0.));
#9541 = VECTOR('',#9542,1.);
#9542 = DIRECTION('',(1.,0.));
#9543 = ( GEOMETRIC_REPRESENTATION_CONTEXT(2) 
PARAMETRIC_REPRESENTATION_CONTEXT() REPRESENTATION_CONTEXT('2D SPACE',''
  ) );
#9544 = ORIENTED_EDGE('',*,*,#9545,.T.);
#9545 = EDGE_CURVE('',#9523,#9498,#9546,.T.);
#9546 = SURFACE_CURVE('',#9547,(#9551,#9557),.PCURVE_S1.);
#9547 = LINE('',#9548,#9549);
#9548 = CARTESIAN_POINT('',(-223.25,133.,34.243094016041));
#9549 = VECTOR('',#9550,1.);
#9550 = DIRECTION('',(1.,0.,-0.));
#9551 = PCURVE('',#4817,#9552);
#9552 = DEFINITIONAL_REPRESENTATION('',(#9553),#9556);
#9553 = B_SPLINE_CURVE_WITH_KNOTS('',1,(#9554,#9555),.UNSPECIFIED.,.F.,
  .F.,(2,2),(226.75,236.75),.PIECEWISE_BEZIER_KNOTS.);
#9554 = CARTESIAN_POINT('',(31.043094016041,0.));
#9555 = CARTESIAN_POINT('',(31.043094016041,10.));
#9556 = ( GEOMETRIC_REPRESENTATION_CONTEXT(2) 
PARAMETRIC_REPRESENTATION_CONTEXT() REPRESENTATION_CONTEXT('2D SPACE',''
  ) );
#9557 = PCURVE('',#9558,#9563);
#9558 = PLANE('',#9559);
#9559 = AXIS2_PLACEMENT_3D('',#9560,#9561,#9562);
#9560 = CARTESIAN_POINT('',(-450.,-439.3361917632,-92.62235907001));
#9561 = DIRECTION('',(0.,-0.216409655053,0.976302648363));
#9562 = DIRECTION('',(1.,0.,0.));
#9563 = DEFINITIONAL_REPRESENTATION('',(#9564),#9567);
#9564 = B_SPLINE_CURVE_WITH_KNOTS('',1,(#9565,#9566),.UNSPECIFIED.,.F.,
  .F.,(2,2),(226.75,236.75),.PIECEWISE_BEZIER_KNOTS.);
#9565 = CARTESIAN_POINT('',(453.5,586.22824871268));
#9566 = CARTESIAN_POINT('',(463.5,586.22824871268));
#9567 = ( GEOMETRIC_REPRESENTATION_CONTEXT(2) 
PARAMETRIC_REPRESENTATION_CONTEXT() REPRESENTATION_CONTEXT('2D SPACE',''
  ) );
#9568 = ADVANCED_FACE('',(#9569),#4791,.F.);
#9569 = FACE_BOUND('',#9570,.F.);
#9570 = EDGE_LOOP('',(#9571,#9572,#9573,#9596));
#9571 = ORIENTED_EDGE('',*,*,#9522,.F.);
#9572 = ORIENTED_EDGE('',*,*,#4776,.F.);
#9573 = ORIENTED_EDGE('',*,*,#9574,.T.);
#9574 = EDGE_CURVE('',#4751,#9575,#9577,.T.);
#9575 = VERTEX_POINT('',#9576);
#9576 = CARTESIAN_POINT('',(3.5,145.,36.903043638207));
#9577 = SURFACE_CURVE('',#9578,(#9582,#9589),.PCURVE_S1.);
#9578 = LINE('',#9579,#9580);
#9579 = CARTESIAN_POINT('',(3.5,145.,3.2));
#9580 = VECTOR('',#9581,1.);
#9581 = DIRECTION('',(0.,0.,1.));
#9582 = PCURVE('',#4791,#9583);
#9583 = DEFINITIONAL_REPRESENTATION('',(#9584),#9588);
#9584 = LINE('',#9585,#9586);
#9585 = CARTESIAN_POINT('',(0.,-12.));
#9586 = VECTOR('',#9587,1.);
#9587 = DIRECTION('',(1.,0.));
#9588 = ( GEOMETRIC_REPRESENTATION_CONTEXT(2) 
PARAMETRIC_REPRESENTATION_CONTEXT() REPRESENTATION_CONTEXT('2D SPACE',''
  ) );
#9589 = PCURVE('',#4765,#9590);
#9590 = DEFINITIONAL_REPRESENTATION('',(#9591),#9595);
#9591 = LINE('',#9592,#9593);
#9592 = CARTESIAN_POINT('',(0.,0.));
#9593 = VECTOR('',#9594,1.);
#9594 = DIRECTION('',(1.,0.));
#9595 = ( GEOMETRIC_REPRESENTATION_CONTEXT(2) 
PARAMETRIC_REPRESENTATION_CONTEXT() REPRESENTATION_CONTEXT('2D SPACE',''
  ) );
#9596 = ORIENTED_EDGE('',*,*,#9597,.T.);
#9597 = EDGE_CURVE('',#9575,#9523,#9598,.T.);
#9598 = SURFACE_CURVE('',#9599,(#9603,#9609),.PCURVE_S1.);
#9599 = LINE('',#9600,#9601);
#9600 = CARTESIAN_POINT('',(3.5,-156.4475088119,-29.9165552924));
#9601 = VECTOR('',#9602,1.);
#9602 = DIRECTION('',(0.,-0.976302648363,-0.216409655053));
#9603 = PCURVE('',#4791,#9604);
#9604 = DEFINITIONAL_REPRESENTATION('',(#9605),#9608);
#9605 = B_SPLINE_CURVE_WITH_KNOTS('',1,(#9606,#9607),.UNSPECIFIED.,.F.,
  .F.,(2,2),(-308.7644075507,-296.4731369902),.PIECEWISE_BEZIER_KNOTS.);
#9606 = CARTESIAN_POINT('',(33.703043638207,-12.));
#9607 = CARTESIAN_POINT('',(31.043094016041,-1.963327596884E-14));
#9608 = ( GEOMETRIC_REPRESENTATION_CONTEXT(2) 
PARAMETRIC_REPRESENTATION_CONTEXT() REPRESENTATION_CONTEXT('2D SPACE',''
  ) );
#9609 = PCURVE('',#9558,#9610);
#9610 = DEFINITIONAL_REPRESENTATION('',(#9611),#9614);
#9611 = B_SPLINE_CURVE_WITH_KNOTS('',1,(#9612,#9613),.UNSPECIFIED.,.F.,
  .F.,(2,2),(-308.7644075507,-296.4731369902),.PIECEWISE_BEZIER_KNOTS.);
#9612 = CARTESIAN_POINT('',(453.5,598.51951927322));
#9613 = CARTESIAN_POINT('',(453.5,586.22824871268));
#9614 = ( GEOMETRIC_REPRESENTATION_CONTEXT(2) 
PARAMETRIC_REPRESENTATION_CONTEXT() REPRESENTATION_CONTEXT('2D SPACE',''
  ) );
#9615 = ADVANCED_FACE('',(#9616),#4765,.T.);
#9616 = FACE_BOUND('',#9617,.T.);
#9617 = EDGE_LOOP('',(#9618,#9641,#9642,#9643,#9644));
#9618 = ORIENTED_EDGE('',*,*,#9619,.F.);
#9619 = EDGE_CURVE('',#4928,#9620,#9622,.T.);
#9620 = VERTEX_POINT('',#9621);
#9621 = CARTESIAN_POINT('',(13.5,145.,36.903043638207));
#9622 = SURFACE_CURVE('',#9623,(#9627,#9634),.PCURVE_S1.);
#9623 = LINE('',#9624,#9625);
#9624 = CARTESIAN_POINT('',(13.5,145.,3.2));
#9625 = VECTOR('',#9626,1.);
#9626 = DIRECTION('',(0.,0.,1.));
#9627 = PCURVE('',#4765,#9628);
#9628 = DEFINITIONAL_REPRESENTATION('',(#9629),#9633);
#9629 = LINE('',#9630,#9631);
#9630 = CARTESIAN_POINT('',(0.,10.));
#9631 = VECTOR('',#9632,1.);
#9632 = DIRECTION('',(1.,0.));
#9633 = ( GEOMETRIC_REPRESENTATION_CONTEXT(2) 
PARAMETRIC_REPRESENTATION_CONTEXT() REPRESENTATION_CONTEXT('2D SPACE',''
  ) );
#9634 = PCURVE('',#4966,#9635);
#9635 = DEFINITIONAL_REPRESENTATION('',(#9636),#9640);
#9636 = LINE('',#9637,#9638);
#9637 = CARTESIAN_POINT('',(0.,-12.));
#9638 = VECTOR('',#9639,1.);
#9639 = DIRECTION('',(1.,0.));
#9640 = ( GEOMETRIC_REPRESENTATION_CONTEXT(2) 
PARAMETRIC_REPRESENTATION_CONTEXT() REPRESENTATION_CONTEXT('2D SPACE',''
  ) );
#9641 = ORIENTED_EDGE('',*,*,#4927,.F.);
#9642 = ORIENTED_EDGE('',*,*,#4750,.F.);
#9643 = ORIENTED_EDGE('',*,*,#9574,.T.);
#9644 = ORIENTED_EDGE('',*,*,#9645,.T.);
#9645 = EDGE_CURVE('',#9575,#9620,#9646,.T.);
#9646 = SURFACE_CURVE('',#9647,(#9651,#9657),.PCURVE_S1.);
#9647 = LINE('',#9648,#9649);
#9648 = CARTESIAN_POINT('',(-223.25,145.,36.903043638207));
#9649 = VECTOR('',#9650,1.);
#9650 = DIRECTION('',(1.,0.,-0.));
#9651 = PCURVE('',#4765,#9652);
#9652 = DEFINITIONAL_REPRESENTATION('',(#9653),#9656);
#9653 = B_SPLINE_CURVE_WITH_KNOTS('',1,(#9654,#9655),.UNSPECIFIED.,.F.,
  .F.,(2,2),(226.75,236.75),.PIECEWISE_BEZIER_KNOTS.);
#9654 = CARTESIAN_POINT('',(33.703043638207,0.));
#9655 = CARTESIAN_POINT('',(33.703043638207,10.));
#9656 = ( GEOMETRIC_REPRESENTATION_CONTEXT(2) 
PARAMETRIC_REPRESENTATION_CONTEXT() REPRESENTATION_CONTEXT('2D SPACE',''
  ) );
#9657 = PCURVE('',#9558,#9658);
#9658 = DEFINITIONAL_REPRESENTATION('',(#9659),#9662);
#9659 = B_SPLINE_CURVE_WITH_KNOTS('',1,(#9660,#9661),.UNSPECIFIED.,.F.,
  .F.,(2,2),(226.75,236.75),.PIECEWISE_BEZIER_KNOTS.);
#9660 = CARTESIAN_POINT('',(453.5,598.51951927322));
#9661 = CARTESIAN_POINT('',(463.5,598.51951927322));
#9662 = ( GEOMETRIC_REPRESENTATION_CONTEXT(2) 
PARAMETRIC_REPRESENTATION_CONTEXT() REPRESENTATION_CONTEXT('2D SPACE',''
  ) );
#9663 = ADVANCED_FACE('',(#9664),#4966,.T.);
#9664 = FACE_BOUND('',#9665,.T.);
#9665 = EDGE_LOOP('',(#9666,#9667,#9668,#9669));
#9666 = ORIENTED_EDGE('',*,*,#9497,.F.);
#9667 = ORIENTED_EDGE('',*,*,#4950,.T.);
#9668 = ORIENTED_EDGE('',*,*,#9619,.T.);
#9669 = ORIENTED_EDGE('',*,*,#9670,.T.);
#9670 = EDGE_CURVE('',#9620,#9498,#9671,.T.);
#9671 = SURFACE_CURVE('',#9672,(#9676,#9682),.PCURVE_S1.);
#9672 = LINE('',#9673,#9674);
#9673 = CARTESIAN_POINT('',(13.5,-156.4475088119,-29.9165552924));
#9674 = VECTOR('',#9675,1.);
#9675 = DIRECTION('',(0.,-0.976302648363,-0.216409655053));
#9676 = PCURVE('',#4966,#9677);
#9677 = DEFINITIONAL_REPRESENTATION('',(#9678),#9681);
#9678 = B_SPLINE_CURVE_WITH_KNOTS('',1,(#9679,#9680),.UNSPECIFIED.,.F.,
  .F.,(2,2),(-308.7644075507,-296.4731369902),.PIECEWISE_BEZIER_KNOTS.);
#9679 = CARTESIAN_POINT('',(33.703043638207,-12.));
#9680 = CARTESIAN_POINT('',(31.043094016041,-1.963327596884E-14));
#9681 = ( GEOMETRIC_REPRESENTATION_CONTEXT(2) 
PARAMETRIC_REPRESENTATION_CONTEXT() REPRESENTATION_CONTEXT('2D SPACE',''
  ) );
#9682 = PCURVE('',#9558,#9683);
#9683 = DEFINITIONAL_REPRESENTATION('',(#9684),#9687);
#9684 = B_SPLINE_CURVE_WITH_KNOTS('',1,(#9685,#9686),.UNSPECIFIED.,.F.,
  .F.,(2,2),(-308.7644075507,-296.4731369902),.PIECEWISE_BEZIER_KNOTS.);
#9685 = CARTESIAN_POINT('',(463.5,598.51951927322));
#9686 = CARTESIAN_POINT('',(463.5,586.22824871268));
#9687 = ( GEOMETRIC_REPRESENTATION_CONTEXT(2) 
PARAMETRIC_REPRESENTATION_CONTEXT() REPRESENTATION_CONTEXT('2D SPACE',''
  ) );
#9688 = ADVANCED_FACE('',(#9689),#5477,.F.);
#9689 = FACE_BOUND('',#9690,.F.);
#9690 = EDGE_LOOP('',(#9691,#9692,#9693,#9694));
#9691 = ORIENTED_EDGE('',*,*,#5461,.F.);
#9692 = ORIENTED_EDGE('',*,*,#6851,.T.);
#9693 = ORIENTED_EDGE('',*,*,#6927,.T.);
#9694 = ORIENTED_EDGE('',*,*,#7209,.F.);
#9695 = ADVANCED_FACE('',(#9696),#5334,.T.);
#9696 = FACE_BOUND('',#9697,.T.);
#9697 = EDGE_LOOP('',(#9698,#9699,#9700,#9721));
#9698 = ORIENTED_EDGE('',*,*,#5318,.F.);
#9699 = ORIENTED_EDGE('',*,*,#5538,.F.);
#9700 = ORIENTED_EDGE('',*,*,#9701,.T.);
#9701 = EDGE_CURVE('',#5539,#9087,#9702,.T.);
#9702 = SURFACE_CURVE('',#9703,(#9707,#9714),.PCURVE_S1.);
#9703 = LINE('',#9704,#9705);
#9704 = CARTESIAN_POINT('',(94.732142857143,110.5,11.2));
#9705 = VECTOR('',#9706,1.);
#9706 = DIRECTION('',(1.,0.,0.));
#9707 = PCURVE('',#5334,#9708);
#9708 = DEFINITIONAL_REPRESENTATION('',(#9709),#9713);
#9709 = LINE('',#9710,#9711);
#9710 = CARTESIAN_POINT('',(8.,0.));
#9711 = VECTOR('',#9712,1.);
#9712 = DIRECTION('',(0.,1.));
#9713 = ( GEOMETRIC_REPRESENTATION_CONTEXT(2) 
PARAMETRIC_REPRESENTATION_CONTEXT() REPRESENTATION_CONTEXT('2D SPACE',''
  ) );
#9714 = PCURVE('',#5574,#9715);
#9715 = DEFINITIONAL_REPRESENTATION('',(#9716),#9720);
#9716 = LINE('',#9717,#9718);
#9717 = CARTESIAN_POINT('',(0.,5.));
#9718 = VECTOR('',#9719,1.);
#9719 = DIRECTION('',(1.,0.));
#9720 = ( GEOMETRIC_REPRESENTATION_CONTEXT(2) 
PARAMETRIC_REPRESENTATION_CONTEXT() REPRESENTATION_CONTEXT('2D SPACE',''
  ) );
#9721 = ORIENTED_EDGE('',*,*,#9086,.T.);
#9722 = ADVANCED_FACE('',(#9723),#5786,.T.);
#9723 = FACE_BOUND('',#9724,.T.);
#9724 = EDGE_LOOP('',(#9725,#9746,#9747,#9748));
#9725 = ORIENTED_EDGE('',*,*,#9726,.F.);
#9726 = EDGE_CURVE('',#5746,#9259,#9727,.T.);
#9727 = SURFACE_CURVE('',#9728,(#9732,#9739),.PCURVE_S1.);
#9728 = LINE('',#9729,#9730);
#9729 = CARTESIAN_POINT('',(94.732142857143,37.5,11.2));
#9730 = VECTOR('',#9731,1.);
#9731 = DIRECTION('',(1.,0.,0.));
#9732 = PCURVE('',#5786,#9733);
#9733 = DEFINITIONAL_REPRESENTATION('',(#9734),#9738);
#9734 = LINE('',#9735,#9736);
#9735 = CARTESIAN_POINT('',(0.,5.));
#9736 = VECTOR('',#9737,1.);
#9737 = DIRECTION('',(1.,0.));
#9738 = ( GEOMETRIC_REPRESENTATION_CONTEXT(2) 
PARAMETRIC_REPRESENTATION_CONTEXT() REPRESENTATION_CONTEXT('2D SPACE',''
  ) );
#9739 = PCURVE('',#5760,#9740);
#9740 = DEFINITIONAL_REPRESENTATION('',(#9741),#9745);
#9741 = LINE('',#9742,#9743);
#9742 = CARTESIAN_POINT('',(8.,0.));
#9743 = VECTOR('',#9744,1.);
#9744 = DIRECTION('',(0.,1.));
#9745 = ( GEOMETRIC_REPRESENTATION_CONTEXT(2) 
PARAMETRIC_REPRESENTATION_CONTEXT() REPRESENTATION_CONTEXT('2D SPACE',''
  ) );
#9746 = ORIENTED_EDGE('',*,*,#5771,.F.);
#9747 = ORIENTED_EDGE('',*,*,#9038,.T.);
#9748 = ORIENTED_EDGE('',*,*,#9279,.T.);
#9749 = ADVANCED_FACE('',(#9750),#5760,.T.);
#9750 = FACE_BOUND('',#9751,.T.);
#9751 = EDGE_LOOP('',(#9752,#9773,#9774,#9775));
#9752 = ORIENTED_EDGE('',*,*,#9753,.F.);
#9753 = EDGE_CURVE('',#5718,#9236,#9754,.T.);
#9754 = SURFACE_CURVE('',#9755,(#9759,#9766),.PCURVE_S1.);
#9755 = LINE('',#9756,#9757);
#9756 = CARTESIAN_POINT('',(94.732142857143,37.5,3.2));
#9757 = VECTOR('',#9758,1.);
#9758 = DIRECTION('',(1.,0.,0.));
#9759 = PCURVE('',#5760,#9760);
#9760 = DEFINITIONAL_REPRESENTATION('',(#9761),#9765);
#9761 = LINE('',#9762,#9763);
#9762 = CARTESIAN_POINT('',(0.,0.));
#9763 = VECTOR('',#9764,1.);
#9764 = DIRECTION('',(0.,1.));
#9765 = ( GEOMETRIC_REPRESENTATION_CONTEXT(2) 
PARAMETRIC_REPRESENTATION_CONTEXT() REPRESENTATION_CONTEXT('2D SPACE',''
  ) );
#9766 = PCURVE('',#5733,#9767);
#9767 = DEFINITIONAL_REPRESENTATION('',(#9768),#9772);
#9768 = LINE('',#9769,#9770);
#9769 = CARTESIAN_POINT('',(91.532142857143,34.3));
#9770 = VECTOR('',#9771,1.);
#9771 = DIRECTION('',(1.,0.));
#9772 = ( GEOMETRIC_REPRESENTATION_CONTEXT(2) 
PARAMETRIC_REPRESENTATION_CONTEXT() REPRESENTATION_CONTEXT('2D SPACE',''
  ) );
#9773 = ORIENTED_EDGE('',*,*,#5745,.F.);
#9774 = ORIENTED_EDGE('',*,*,#9726,.T.);
#9775 = ORIENTED_EDGE('',*,*,#9258,.T.);
#9776 = ADVANCED_FACE('',(#9777),#5733,.T.);
#9777 = FACE_BOUND('',#9778,.T.);
#9778 = EDGE_LOOP('',(#9779,#9800,#9801,#9802));
#9779 = ORIENTED_EDGE('',*,*,#9780,.F.);
#9780 = EDGE_CURVE('',#5692,#9215,#9781,.T.);
#9781 = SURFACE_CURVE('',#9782,(#9786,#9793),.PCURVE_S1.);
#9782 = LINE('',#9783,#9784);
#9783 = CARTESIAN_POINT('',(94.732142857143,63.5,3.2));
#9784 = VECTOR('',#9785,1.);
#9785 = DIRECTION('',(1.,0.,0.));
#9786 = PCURVE('',#5733,#9787);
#9787 = DEFINITIONAL_REPRESENTATION('',(#9788),#9792);
#9788 = LINE('',#9789,#9790);
#9789 = CARTESIAN_POINT('',(91.532142857143,60.3));
#9790 = VECTOR('',#9791,1.);
#9791 = DIRECTION('',(1.,0.));
#9792 = ( GEOMETRIC_REPRESENTATION_CONTEXT(2) 
PARAMETRIC_REPRESENTATION_CONTEXT() REPRESENTATION_CONTEXT('2D SPACE',''
  ) );
#9793 = PCURVE('',#5706,#9794);
#9794 = DEFINITIONAL_REPRESENTATION('',(#9795),#9799);
#9795 = LINE('',#9796,#9797);
#9796 = CARTESIAN_POINT('',(0.,0.));
#9797 = VECTOR('',#9798,1.);
#9798 = DIRECTION('',(0.,1.));
#9799 = ( GEOMETRIC_REPRESENTATION_CONTEXT(2) 
PARAMETRIC_REPRESENTATION_CONTEXT() REPRESENTATION_CONTEXT('2D SPACE',''
  ) );
#9800 = ORIENTED_EDGE('',*,*,#5717,.F.);
#9801 = ORIENTED_EDGE('',*,*,#9753,.T.);
#9802 = ORIENTED_EDGE('',*,*,#9235,.T.);
#9803 = ADVANCED_FACE('',(#9804),#5706,.F.);
#9804 = FACE_BOUND('',#9805,.F.);
#9805 = EDGE_LOOP('',(#9806,#9807,#9808,#9829));
#9806 = ORIENTED_EDGE('',*,*,#9780,.F.);
#9807 = ORIENTED_EDGE('',*,*,#5691,.F.);
#9808 = ORIENTED_EDGE('',*,*,#9809,.T.);
#9809 = EDGE_CURVE('',#5666,#9194,#9810,.T.);
#9810 = SURFACE_CURVE('',#9811,(#9815,#9822),.PCURVE_S1.);
#9811 = LINE('',#9812,#9813);
#9812 = CARTESIAN_POINT('',(94.732142857143,63.5,11.2));
#9813 = VECTOR('',#9814,1.);
#9814 = DIRECTION('',(1.,0.,0.));
#9815 = PCURVE('',#5706,#9816);
#9816 = DEFINITIONAL_REPRESENTATION('',(#9817),#9821);
#9817 = LINE('',#9818,#9819);
#9818 = CARTESIAN_POINT('',(8.,0.));
#9819 = VECTOR('',#9820,1.);
#9820 = DIRECTION('',(0.,1.));
#9821 = ( GEOMETRIC_REPRESENTATION_CONTEXT(2) 
PARAMETRIC_REPRESENTATION_CONTEXT() REPRESENTATION_CONTEXT('2D SPACE',''
  ) );
#9822 = PCURVE('',#5680,#9823);
#9823 = DEFINITIONAL_REPRESENTATION('',(#9824),#9828);
#9824 = LINE('',#9825,#9826);
#9825 = CARTESIAN_POINT('',(0.,0.));
#9826 = VECTOR('',#9827,1.);
#9827 = DIRECTION('',(1.,0.));
#9828 = ( GEOMETRIC_REPRESENTATION_CONTEXT(2) 
PARAMETRIC_REPRESENTATION_CONTEXT() REPRESENTATION_CONTEXT('2D SPACE',''
  ) );
#9829 = ORIENTED_EDGE('',*,*,#9214,.T.);
#9830 = ADVANCED_FACE('',(#9831),#5680,.T.);
#9831 = FACE_BOUND('',#9832,.T.);
#9832 = EDGE_LOOP('',(#9833,#9854,#9855,#9856));
#9833 = ORIENTED_EDGE('',*,*,#9834,.F.);
#9834 = EDGE_CURVE('',#5640,#9173,#9835,.T.);
#9835 = SURFACE_CURVE('',#9836,(#9840,#9847),.PCURVE_S1.);
#9836 = LINE('',#9837,#9838);
#9837 = CARTESIAN_POINT('',(94.732142857143,68.5,11.2));
#9838 = VECTOR('',#9839,1.);
#9839 = DIRECTION('',(1.,0.,0.));
#9840 = PCURVE('',#5680,#9841);
#9841 = DEFINITIONAL_REPRESENTATION('',(#9842),#9846);
#9842 = LINE('',#9843,#9844);
#9843 = CARTESIAN_POINT('',(0.,5.));
#9844 = VECTOR('',#9845,1.);
#9845 = DIRECTION('',(1.,0.));
#9846 = ( GEOMETRIC_REPRESENTATION_CONTEXT(2) 
PARAMETRIC_REPRESENTATION_CONTEXT() REPRESENTATION_CONTEXT('2D SPACE',''
  ) );
#9847 = PCURVE('',#5654,#9848);
#9848 = DEFINITIONAL_REPRESENTATION('',(#9849),#9853);
#9849 = LINE('',#9850,#9851);
#9850 = CARTESIAN_POINT('',(8.,0.));
#9851 = VECTOR('',#9852,1.);
#9852 = DIRECTION('',(0.,1.));
#9853 = ( GEOMETRIC_REPRESENTATION_CONTEXT(2) 
PARAMETRIC_REPRESENTATION_CONTEXT() REPRESENTATION_CONTEXT('2D SPACE',''
  ) );
#9854 = ORIENTED_EDGE('',*,*,#5665,.F.);
#9855 = ORIENTED_EDGE('',*,*,#9809,.T.);
#9856 = ORIENTED_EDGE('',*,*,#9193,.T.);
#9857 = ADVANCED_FACE('',(#9858),#5654,.T.);
#9858 = FACE_BOUND('',#9859,.T.);
#9859 = EDGE_LOOP('',(#9860,#9881,#9882,#9883));
#9860 = ORIENTED_EDGE('',*,*,#9861,.F.);
#9861 = EDGE_CURVE('',#5612,#9150,#9862,.T.);
#9862 = SURFACE_CURVE('',#9863,(#9867,#9874),.PCURVE_S1.);
#9863 = LINE('',#9864,#9865);
#9864 = CARTESIAN_POINT('',(94.732142857143,68.5,3.2));
#9865 = VECTOR('',#9866,1.);
#9866 = DIRECTION('',(1.,0.,0.));
#9867 = PCURVE('',#5654,#9868);
#9868 = DEFINITIONAL_REPRESENTATION('',(#9869),#9873);
#9869 = LINE('',#9870,#9871);
#9870 = CARTESIAN_POINT('',(0.,0.));
#9871 = VECTOR('',#9872,1.);
#9872 = DIRECTION('',(0.,1.));
#9873 = ( GEOMETRIC_REPRESENTATION_CONTEXT(2) 
PARAMETRIC_REPRESENTATION_CONTEXT() REPRESENTATION_CONTEXT('2D SPACE',''
  ) );
#9874 = PCURVE('',#5627,#9875);
#9875 = DEFINITIONAL_REPRESENTATION('',(#9876),#9880);
#9876 = LINE('',#9877,#9878);
#9877 = CARTESIAN_POINT('',(91.532142857143,65.3));
#9878 = VECTOR('',#9879,1.);
#9879 = DIRECTION('',(1.,0.));
#9880 = ( GEOMETRIC_REPRESENTATION_CONTEXT(2) 
PARAMETRIC_REPRESENTATION_CONTEXT() REPRESENTATION_CONTEXT('2D SPACE',''
  ) );
#9881 = ORIENTED_EDGE('',*,*,#5639,.F.);
#9882 = ORIENTED_EDGE('',*,*,#9834,.T.);
#9883 = ORIENTED_EDGE('',*,*,#9172,.T.);
#9884 = ADVANCED_FACE('',(#9885),#5627,.T.);
#9885 = FACE_BOUND('',#9886,.T.);
#9886 = EDGE_LOOP('',(#9887,#9908,#9909,#9910));
#9887 = ORIENTED_EDGE('',*,*,#9888,.F.);
#9888 = EDGE_CURVE('',#5586,#9129,#9889,.T.);
#9889 = SURFACE_CURVE('',#9890,(#9894,#9901),.PCURVE_S1.);
#9890 = LINE('',#9891,#9892);
#9891 = CARTESIAN_POINT('',(94.732142857143,105.5,3.2));
#9892 = VECTOR('',#9893,1.);
#9893 = DIRECTION('',(1.,0.,0.));
#9894 = PCURVE('',#5627,#9895);
#9895 = DEFINITIONAL_REPRESENTATION('',(#9896),#9900);
#9896 = LINE('',#9897,#9898);
#9897 = CARTESIAN_POINT('',(91.532142857143,102.3));
#9898 = VECTOR('',#9899,1.);
#9899 = DIRECTION('',(1.,0.));
#9900 = ( GEOMETRIC_REPRESENTATION_CONTEXT(2) 
PARAMETRIC_REPRESENTATION_CONTEXT() REPRESENTATION_CONTEXT('2D SPACE',''
  ) );
#9901 = PCURVE('',#5600,#9902);
#9902 = DEFINITIONAL_REPRESENTATION('',(#9903),#9907);
#9903 = LINE('',#9904,#9905);
#9904 = CARTESIAN_POINT('',(0.,0.));
#9905 = VECTOR('',#9906,1.);
#9906 = DIRECTION('',(0.,1.));
#9907 = ( GEOMETRIC_REPRESENTATION_CONTEXT(2) 
PARAMETRIC_REPRESENTATION_CONTEXT() REPRESENTATION_CONTEXT('2D SPACE',''
  ) );
#9908 = ORIENTED_EDGE('',*,*,#5611,.F.);
#9909 = ORIENTED_EDGE('',*,*,#9861,.T.);
#9910 = ORIENTED_EDGE('',*,*,#9149,.T.);
#9911 = ADVANCED_FACE('',(#9912),#5600,.F.);
#9912 = FACE_BOUND('',#9913,.F.);
#9913 = EDGE_LOOP('',(#9914,#9915,#9916,#9937));
#9914 = ORIENTED_EDGE('',*,*,#9888,.F.);
#9915 = ORIENTED_EDGE('',*,*,#5585,.F.);
#9916 = ORIENTED_EDGE('',*,*,#9917,.T.);
#9917 = EDGE_CURVE('',#5560,#9108,#9918,.T.);
#9918 = SURFACE_CURVE('',#9919,(#9923,#9930),.PCURVE_S1.);
#9919 = LINE('',#9920,#9921);
#9920 = CARTESIAN_POINT('',(94.732142857143,105.5,11.2));
#9921 = VECTOR('',#9922,1.);
#9922 = DIRECTION('',(1.,0.,0.));
#9923 = PCURVE('',#5600,#9924);
#9924 = DEFINITIONAL_REPRESENTATION('',(#9925),#9929);
#9925 = LINE('',#9926,#9927);
#9926 = CARTESIAN_POINT('',(8.,0.));
#9927 = VECTOR('',#9928,1.);
#9928 = DIRECTION('',(0.,1.));
#9929 = ( GEOMETRIC_REPRESENTATION_CONTEXT(2) 
PARAMETRIC_REPRESENTATION_CONTEXT() REPRESENTATION_CONTEXT('2D SPACE',''
  ) );
#9930 = PCURVE('',#5574,#9931);
#9931 = DEFINITIONAL_REPRESENTATION('',(#9932),#9936);
#9932 = LINE('',#9933,#9934);
#9933 = CARTESIAN_POINT('',(0.,0.));
#9934 = VECTOR('',#9935,1.);
#9935 = DIRECTION('',(1.,0.));
#9936 = ( GEOMETRIC_REPRESENTATION_CONTEXT(2) 
PARAMETRIC_REPRESENTATION_CONTEXT() REPRESENTATION_CONTEXT('2D SPACE',''
  ) );
#9937 = ORIENTED_EDGE('',*,*,#9128,.T.);
#9938 = ADVANCED_FACE('',(#9939),#5574,.T.);
#9939 = FACE_BOUND('',#9940,.T.);
#9940 = EDGE_LOOP('',(#9941,#9942,#9943,#9944));
#9941 = ORIENTED_EDGE('',*,*,#9701,.F.);
#9942 = ORIENTED_EDGE('',*,*,#5559,.F.);
#9943 = ORIENTED_EDGE('',*,*,#9917,.T.);
#9944 = ORIENTED_EDGE('',*,*,#9107,.T.);
#9945 = ADVANCED_FACE('',(#9946),#6257,.T.);
#9946 = FACE_BOUND('',#9947,.T.);
#9947 = EDGE_LOOP('',(#9948,#9971,#9999,#10020));
#9948 = ORIENTED_EDGE('',*,*,#9949,.F.);
#9949 = EDGE_CURVE('',#9950,#6240,#9952,.T.);
#9950 = VERTEX_POINT('',#9951);
#9951 = CARTESIAN_POINT('',(83.162142857143,14.403026483627,
    15.233443998149));
#9952 = SURFACE_CURVE('',#9953,(#9957,#9964),.PCURVE_S1.);
#9953 = LINE('',#9954,#9955);
#9954 = CARTESIAN_POINT('',(83.162142857143,14.403026483627,
    15.233443998149));
#9955 = VECTOR('',#9956,1.);
#9956 = DIRECTION('',(0.,0.,1.));
#9957 = PCURVE('',#6257,#9958);
#9958 = DEFINITIONAL_REPRESENTATION('',(#9959),#9963);
#9959 = LINE('',#9960,#9961);
#9960 = CARTESIAN_POINT('',(0.,0.));
#9961 = VECTOR('',#9962,1.);
#9962 = DIRECTION('',(1.,0.));
#9963 = ( GEOMETRIC_REPRESENTATION_CONTEXT(2) 
PARAMETRIC_REPRESENTATION_CONTEXT() REPRESENTATION_CONTEXT('2D SPACE',''
  ) );
#9964 = PCURVE('',#6339,#9965);
#9965 = DEFINITIONAL_REPRESENTATION('',(#9966),#9970);
#9966 = LINE('',#9967,#9968);
#9967 = CARTESIAN_POINT('',(0.,0.));
#9968 = VECTOR('',#9969,1.);
#9969 = DIRECTION('',(1.,0.));
#9970 = ( GEOMETRIC_REPRESENTATION_CONTEXT(2) 
PARAMETRIC_REPRESENTATION_CONTEXT() REPRESENTATION_CONTEXT('2D SPACE',''
  ) );
#9971 = ORIENTED_EDGE('',*,*,#9972,.T.);
#9972 = EDGE_CURVE('',#9950,#9973,#9975,.T.);
#9973 = VERTEX_POINT('',#9974);
#9974 = CARTESIAN_POINT('',(17.952142857143,14.403026483627,
    15.233443998149));
#9975 = SURFACE_CURVE('',#9976,(#9980,#9987),.PCURVE_S1.);
#9976 = LINE('',#9977,#9978);
#9977 = CARTESIAN_POINT('',(83.162142857143,14.403026483627,
    15.233443998149));
#9978 = VECTOR('',#9979,1.);
#9979 = DIRECTION('',(-1.,1.110223024625E-16,0.));
#9980 = PCURVE('',#6257,#9981);
#9981 = DEFINITIONAL_REPRESENTATION('',(#9982),#9986);
#9982 = LINE('',#9983,#9984);
#9983 = CARTESIAN_POINT('',(0.,0.));
#9984 = VECTOR('',#9985,1.);
#9985 = DIRECTION('',(0.,-1.));
#9986 = ( GEOMETRIC_REPRESENTATION_CONTEXT(2) 
PARAMETRIC_REPRESENTATION_CONTEXT() REPRESENTATION_CONTEXT('2D SPACE',''
  ) );
#9987 = PCURVE('',#9988,#9993);
#9988 = PLANE('',#9989);
#9989 = AXIS2_PLACEMENT_3D('',#9990,#9991,#9992);
#9990 = CARTESIAN_POINT('',(83.162142857143,14.403026483627,
    15.233443998149));
#9991 = DIRECTION('',(0.,0.,1.));
#9992 = DIRECTION('',(1.110223024625E-16,1.,0.));
#9993 = DEFINITIONAL_REPRESENTATION('',(#9994),#9998);
#9994 = LINE('',#9995,#9996);
#9995 = CARTESIAN_POINT('',(0.,0.));
#9996 = VECTOR('',#9997,1.);
#9997 = DIRECTION('',(0.,1.));
#9998 = ( GEOMETRIC_REPRESENTATION_CONTEXT(2) 
PARAMETRIC_REPRESENTATION_CONTEXT() REPRESENTATION_CONTEXT('2D SPACE',''
  ) );
#9999 = ORIENTED_EDGE('',*,*,#10000,.T.);
#10000 = EDGE_CURVE('',#9973,#6242,#10001,.T.);
#10001 = SURFACE_CURVE('',#10002,(#10006,#10013),.PCURVE_S1.);
#10002 = LINE('',#10003,#10004);
#10003 = CARTESIAN_POINT('',(17.952142857143,14.403026483627,
    15.233443998149));
#10004 = VECTOR('',#10005,1.);
#10005 = DIRECTION('',(0.,0.,1.));
#10006 = PCURVE('',#6257,#10007);
#10007 = DEFINITIONAL_REPRESENTATION('',(#10008),#10012);
#10008 = LINE('',#10009,#10010);
#10009 = CARTESIAN_POINT('',(0.,-65.21));
#10010 = VECTOR('',#10011,1.);
#10011 = DIRECTION('',(1.,0.));
#10012 = ( GEOMETRIC_REPRESENTATION_CONTEXT(2) 
PARAMETRIC_REPRESENTATION_CONTEXT() REPRESENTATION_CONTEXT('2D SPACE',''
  ) );
#10013 = PCURVE('',#6285,#10014);
#10014 = DEFINITIONAL_REPRESENTATION('',(#10015),#10019);
#10015 = LINE('',#10016,#10017);
#10016 = CARTESIAN_POINT('',(0.,0.));
#10017 = VECTOR('',#10018,1.);
#10018 = DIRECTION('',(1.,0.));
#10019 = ( GEOMETRIC_REPRESENTATION_CONTEXT(2) 
PARAMETRIC_REPRESENTATION_CONTEXT() REPRESENTATION_CONTEXT('2D SPACE',''
  ) );
#10020 = ORIENTED_EDGE('',*,*,#6239,.F.);
#10021 = ADVANCED_FACE('',(#10022),#6285,.F.);
#10022 = FACE_BOUND('',#10023,.F.);
#10023 = EDGE_LOOP('',(#10024,#10047,#10048,#10049));
#10024 = ORIENTED_EDGE('',*,*,#10025,.F.);
#10025 = EDGE_CURVE('',#9973,#10026,#10028,.T.);
#10026 = VERTEX_POINT('',#10027);
#10027 = CARTESIAN_POINT('',(17.952142857143,105.00302648362,
    15.233443998149));
#10028 = SURFACE_CURVE('',#10029,(#10033,#10040),.PCURVE_S1.);
#10029 = LINE('',#10030,#10031);
#10030 = CARTESIAN_POINT('',(17.952142857143,14.403026483627,
    15.233443998149));
#10031 = VECTOR('',#10032,1.);
#10032 = DIRECTION('',(1.110223024625E-16,1.,0.));
#10033 = PCURVE('',#6285,#10034);
#10034 = DEFINITIONAL_REPRESENTATION('',(#10035),#10039);
#10035 = LINE('',#10036,#10037);
#10036 = CARTESIAN_POINT('',(0.,0.));
#10037 = VECTOR('',#10038,1.);
#10038 = DIRECTION('',(0.,1.));
#10039 = ( GEOMETRIC_REPRESENTATION_CONTEXT(2) 
PARAMETRIC_REPRESENTATION_CONTEXT() REPRESENTATION_CONTEXT('2D SPACE',''
  ) );
#10040 = PCURVE('',#9988,#10041);
#10041 = DEFINITIONAL_REPRESENTATION('',(#10042),#10046);
#10042 = LINE('',#10043,#10044);
#10043 = CARTESIAN_POINT('',(6.971090371621E-15,65.21));
#10044 = VECTOR('',#10045,1.);
#10045 = DIRECTION('',(1.,0.));
#10046 = ( GEOMETRIC_REPRESENTATION_CONTEXT(2) 
PARAMETRIC_REPRESENTATION_CONTEXT() REPRESENTATION_CONTEXT('2D SPACE',''
  ) );
#10047 = ORIENTED_EDGE('',*,*,#10000,.T.);
#10048 = ORIENTED_EDGE('',*,*,#6269,.T.);
#10049 = ORIENTED_EDGE('',*,*,#10050,.F.);
#10050 = EDGE_CURVE('',#10026,#6270,#10051,.T.);
#10051 = SURFACE_CURVE('',#10052,(#10056,#10063),.PCURVE_S1.);
#10052 = LINE('',#10053,#10054);
#10053 = CARTESIAN_POINT('',(17.952142857143,105.00302648362,
    15.233443998149));
#10054 = VECTOR('',#10055,1.);
#10055 = DIRECTION('',(0.,0.,1.));
#10056 = PCURVE('',#6285,#10057);
#10057 = DEFINITIONAL_REPRESENTATION('',(#10058),#10062);
#10058 = LINE('',#10059,#10060);
#10059 = CARTESIAN_POINT('',(0.,90.6));
#10060 = VECTOR('',#10061,1.);
#10061 = DIRECTION('',(1.,0.));
#10062 = ( GEOMETRIC_REPRESENTATION_CONTEXT(2) 
PARAMETRIC_REPRESENTATION_CONTEXT() REPRESENTATION_CONTEXT('2D SPACE',''
  ) );
#10063 = PCURVE('',#6313,#10064);
#10064 = DEFINITIONAL_REPRESENTATION('',(#10065),#10069);
#10065 = LINE('',#10066,#10067);
#10066 = CARTESIAN_POINT('',(0.,-65.21));
#10067 = VECTOR('',#10068,1.);
#10068 = DIRECTION('',(1.,0.));
#10069 = ( GEOMETRIC_REPRESENTATION_CONTEXT(2) 
PARAMETRIC_REPRESENTATION_CONTEXT() REPRESENTATION_CONTEXT('2D SPACE',''
  ) );
#10070 = ADVANCED_FACE('',(#10071),#6339,.T.);
#10071 = FACE_BOUND('',#10072,.T.);
#10072 = EDGE_LOOP('',(#10073,#10096,#10097,#10098));
#10073 = ORIENTED_EDGE('',*,*,#10074,.F.);
#10074 = EDGE_CURVE('',#9950,#10075,#10077,.T.);
#10075 = VERTEX_POINT('',#10076);
#10076 = CARTESIAN_POINT('',(83.162142857143,105.00302648362,
    15.233443998149));
#10077 = SURFACE_CURVE('',#10078,(#10082,#10089),.PCURVE_S1.);
#10078 = LINE('',#10079,#10080);
#10079 = CARTESIAN_POINT('',(83.162142857143,14.403026483627,
    15.233443998149));
#10080 = VECTOR('',#10081,1.);
#10081 = DIRECTION('',(1.110223024625E-16,1.,0.));
#10082 = PCURVE('',#6339,#10083);
#10083 = DEFINITIONAL_REPRESENTATION('',(#10084),#10088);
#10084 = LINE('',#10085,#10086);
#10085 = CARTESIAN_POINT('',(0.,0.));
#10086 = VECTOR('',#10087,1.);
#10087 = DIRECTION('',(0.,1.));
#10088 = ( GEOMETRIC_REPRESENTATION_CONTEXT(2) 
PARAMETRIC_REPRESENTATION_CONTEXT() REPRESENTATION_CONTEXT('2D SPACE',''
  ) );
#10089 = PCURVE('',#9988,#10090);
#10090 = DEFINITIONAL_REPRESENTATION('',(#10091),#10095);
#10091 = LINE('',#10092,#10093);
#10092 = CARTESIAN_POINT('',(0.,0.));
#10093 = VECTOR('',#10094,1.);
#10094 = DIRECTION('',(1.,0.));
#10095 = ( GEOMETRIC_REPRESENTATION_CONTEXT(2) 
PARAMETRIC_REPRESENTATION_CONTEXT() REPRESENTATION_CONTEXT('2D SPACE',''
  ) );
#10096 = ORIENTED_EDGE('',*,*,#9949,.T.);
#10097 = ORIENTED_EDGE('',*,*,#6325,.T.);
#10098 = ORIENTED_EDGE('',*,*,#10099,.F.);
#10099 = EDGE_CURVE('',#10075,#6298,#10100,.T.);
#10100 = SURFACE_CURVE('',#10101,(#10105,#10112),.PCURVE_S1.);
#10101 = LINE('',#10102,#10103);
#10102 = CARTESIAN_POINT('',(83.162142857143,105.00302648362,
    15.233443998149));
#10103 = VECTOR('',#10104,1.);
#10104 = DIRECTION('',(0.,0.,1.));
#10105 = PCURVE('',#6339,#10106);
#10106 = DEFINITIONAL_REPRESENTATION('',(#10107),#10111);
#10107 = LINE('',#10108,#10109);
#10108 = CARTESIAN_POINT('',(0.,90.6));
#10109 = VECTOR('',#10110,1.);
#10110 = DIRECTION('',(1.,0.));
#10111 = ( GEOMETRIC_REPRESENTATION_CONTEXT(2) 
PARAMETRIC_REPRESENTATION_CONTEXT() REPRESENTATION_CONTEXT('2D SPACE',''
  ) );
#10112 = PCURVE('',#6313,#10113);
#10113 = DEFINITIONAL_REPRESENTATION('',(#10114),#10118);
#10114 = LINE('',#10115,#10116);
#10115 = CARTESIAN_POINT('',(0.,0.));
#10116 = VECTOR('',#10117,1.);
#10117 = DIRECTION('',(1.,0.));
#10118 = ( GEOMETRIC_REPRESENTATION_CONTEXT(2) 
PARAMETRIC_REPRESENTATION_CONTEXT() REPRESENTATION_CONTEXT('2D SPACE',''
  ) );
#10119 = ADVANCED_FACE('',(#10120),#6313,.F.);
#10120 = FACE_BOUND('',#10121,.F.);
#10121 = EDGE_LOOP('',(#10122,#10123,#10144,#10145));
#10122 = ORIENTED_EDGE('',*,*,#10099,.F.);
#10123 = ORIENTED_EDGE('',*,*,#10124,.T.);
#10124 = EDGE_CURVE('',#10075,#10026,#10125,.T.);
#10125 = SURFACE_CURVE('',#10126,(#10130,#10137),.PCURVE_S1.);
#10126 = LINE('',#10127,#10128);
#10127 = CARTESIAN_POINT('',(83.162142857143,105.00302648362,
    15.233443998149));
#10128 = VECTOR('',#10129,1.);
#10129 = DIRECTION('',(-1.,1.110223024625E-16,0.));
#10130 = PCURVE('',#6313,#10131);
#10131 = DEFINITIONAL_REPRESENTATION('',(#10132),#10136);
#10132 = LINE('',#10133,#10134);
#10133 = CARTESIAN_POINT('',(0.,0.));
#10134 = VECTOR('',#10135,1.);
#10135 = DIRECTION('',(0.,-1.));
#10136 = ( GEOMETRIC_REPRESENTATION_CONTEXT(2) 
PARAMETRIC_REPRESENTATION_CONTEXT() REPRESENTATION_CONTEXT('2D SPACE',''
  ) );
#10137 = PCURVE('',#9988,#10138);
#10138 = DEFINITIONAL_REPRESENTATION('',(#10139),#10143);
#10139 = LINE('',#10140,#10141);
#10140 = CARTESIAN_POINT('',(90.6,-4.152234112098E-15));
#10141 = VECTOR('',#10142,1.);
#10142 = DIRECTION('',(0.,1.));
#10143 = ( GEOMETRIC_REPRESENTATION_CONTEXT(2) 
PARAMETRIC_REPRESENTATION_CONTEXT() REPRESENTATION_CONTEXT('2D SPACE',''
  ) );
#10144 = ORIENTED_EDGE('',*,*,#10050,.T.);
#10145 = ORIENTED_EDGE('',*,*,#6297,.F.);
#10146 = ADVANCED_FACE('',(#10147),#6474,.T.);
#10147 = FACE_BOUND('',#10148,.T.);
#10148 = EDGE_LOOP('',(#10149,#10150,#10151,#10152,#10153,#10176,#10204,
    #10225,#10226));
#10149 = ORIENTED_EDGE('',*,*,#6460,.F.);
#10150 = ORIENTED_EDGE('',*,*,#6540,.F.);
#10151 = ORIENTED_EDGE('',*,*,#7466,.F.);
#10152 = ORIENTED_EDGE('',*,*,#7340,.F.);
#10153 = ORIENTED_EDGE('',*,*,#10154,.F.);
#10154 = EDGE_CURVE('',#10155,#7341,#10157,.T.);
#10155 = VERTEX_POINT('',#10156);
#10156 = CARTESIAN_POINT('',(185.4,133.,3.2));
#10157 = SURFACE_CURVE('',#10158,(#10162,#10169),.PCURVE_S1.);
#10158 = LINE('',#10159,#10160);
#10159 = CARTESIAN_POINT('',(185.4,133.,3.2));
#10160 = VECTOR('',#10161,1.);
#10161 = DIRECTION('',(1.,0.,0.));
#10162 = PCURVE('',#6474,#10163);
#10163 = DEFINITIONAL_REPRESENTATION('',(#10164),#10168);
#10164 = LINE('',#10165,#10166);
#10165 = CARTESIAN_POINT('',(182.2,129.8));
#10166 = VECTOR('',#10167,1.);
#10167 = DIRECTION('',(1.,0.));
#10168 = ( GEOMETRIC_REPRESENTATION_CONTEXT(2) 
PARAMETRIC_REPRESENTATION_CONTEXT() REPRESENTATION_CONTEXT('2D SPACE',''
  ) );
#10169 = PCURVE('',#7378,#10170);
#10170 = DEFINITIONAL_REPRESENTATION('',(#10171),#10175);
#10171 = LINE('',#10172,#10173);
#10172 = CARTESIAN_POINT('',(0.,0.));
#10173 = VECTOR('',#10174,1.);
#10174 = DIRECTION('',(0.,1.));
#10175 = ( GEOMETRIC_REPRESENTATION_CONTEXT(2) 
PARAMETRIC_REPRESENTATION_CONTEXT() REPRESENTATION_CONTEXT('2D SPACE',''
  ) );
#10176 = ORIENTED_EDGE('',*,*,#10177,.T.);
#10177 = EDGE_CURVE('',#10155,#10178,#10180,.T.);
#10178 = VERTEX_POINT('',#10179);
#10179 = CARTESIAN_POINT('',(185.4,145.,3.2));
#10180 = SURFACE_CURVE('',#10181,(#10185,#10192),.PCURVE_S1.);
#10181 = LINE('',#10182,#10183);
#10182 = CARTESIAN_POINT('',(185.4,133.,3.2));
#10183 = VECTOR('',#10184,1.);
#10184 = DIRECTION('',(0.,1.,0.));
#10185 = PCURVE('',#6474,#10186);
#10186 = DEFINITIONAL_REPRESENTATION('',(#10187),#10191);
#10187 = LINE('',#10188,#10189);
#10188 = CARTESIAN_POINT('',(182.2,129.8));
#10189 = VECTOR('',#10190,1.);
#10190 = DIRECTION('',(0.,1.));
#10191 = ( GEOMETRIC_REPRESENTATION_CONTEXT(2) 
PARAMETRIC_REPRESENTATION_CONTEXT() REPRESENTATION_CONTEXT('2D SPACE',''
  ) );
#10192 = PCURVE('',#10193,#10198);
#10193 = PLANE('',#10194);
#10194 = AXIS2_PLACEMENT_3D('',#10195,#10196,#10197);
#10195 = CARTESIAN_POINT('',(185.4,133.,3.2));
#10196 = DIRECTION('',(1.,0.,0.));
#10197 = DIRECTION('',(0.,0.,1.));
#10198 = DEFINITIONAL_REPRESENTATION('',(#10199),#10203);
#10199 = LINE('',#10200,#10201);
#10200 = CARTESIAN_POINT('',(0.,0.));
#10201 = VECTOR('',#10202,1.);
#10202 = DIRECTION('',(0.,-1.));
#10203 = ( GEOMETRIC_REPRESENTATION_CONTEXT(2) 
PARAMETRIC_REPRESENTATION_CONTEXT() REPRESENTATION_CONTEXT('2D SPACE',''
  ) );
#10204 = ORIENTED_EDGE('',*,*,#10205,.T.);
#10205 = EDGE_CURVE('',#10178,#7416,#10206,.T.);
#10206 = SURFACE_CURVE('',#10207,(#10211,#10218),.PCURVE_S1.);
#10207 = LINE('',#10208,#10209);
#10208 = CARTESIAN_POINT('',(185.4,145.,3.2));
#10209 = VECTOR('',#10210,1.);
#10210 = DIRECTION('',(1.,0.,0.));
#10211 = PCURVE('',#6474,#10212);
#10212 = DEFINITIONAL_REPRESENTATION('',(#10213),#10217);
#10213 = LINE('',#10214,#10215);
#10214 = CARTESIAN_POINT('',(182.2,141.8));
#10215 = VECTOR('',#10216,1.);
#10216 = DIRECTION('',(1.,0.));
#10217 = ( GEOMETRIC_REPRESENTATION_CONTEXT(2) 
PARAMETRIC_REPRESENTATION_CONTEXT() REPRESENTATION_CONTEXT('2D SPACE',''
  ) );
#10218 = PCURVE('',#7430,#10219);
#10219 = DEFINITIONAL_REPRESENTATION('',(#10220),#10224);
#10220 = LINE('',#10221,#10222);
#10221 = CARTESIAN_POINT('',(0.,0.));
#10222 = VECTOR('',#10223,1.);
#10223 = DIRECTION('',(0.,1.));
#10224 = ( GEOMETRIC_REPRESENTATION_CONTEXT(2) 
PARAMETRIC_REPRESENTATION_CONTEXT() REPRESENTATION_CONTEXT('2D SPACE',''
  ) );
#10225 = ORIENTED_EDGE('',*,*,#7441,.F.);
#10226 = ORIENTED_EDGE('',*,*,#7288,.F.);
#10227 = ADVANCED_FACE('',(#10228),#6651,.T.);
#10228 = FACE_BOUND('',#10229,.T.);
#10229 = EDGE_LOOP('',(#10230,#10231,#10232,#10233));
#10230 = ORIENTED_EDGE('',*,*,#6709,.F.);
#10231 = ORIENTED_EDGE('',*,*,#6802,.F.);
#10232 = ORIENTED_EDGE('',*,*,#7490,.F.);
#10233 = ORIENTED_EDGE('',*,*,#6635,.T.);
#10234 = ADVANCED_FACE('',(#10235),#7008,.T.);
#10235 = FACE_BOUND('',#10236,.T.);
#10236 = EDGE_LOOP('',(#10237,#10238,#10239,#10240));
#10237 = ORIENTED_EDGE('',*,*,#7236,.F.);
#10238 = ORIENTED_EDGE('',*,*,#7160,.F.);
#10239 = ORIENTED_EDGE('',*,*,#7085,.T.);
#10240 = ORIENTED_EDGE('',*,*,#6993,.F.);
#10241 = ADVANCED_FACE('',(#10242),#7430,.T.);
#10242 = FACE_BOUND('',#10243,.T.);
#10243 = EDGE_LOOP('',(#10244,#10267,#10268,#10269,#10292));
#10244 = ORIENTED_EDGE('',*,*,#10245,.F.);
#10245 = EDGE_CURVE('',#7390,#10246,#10248,.T.);
#10246 = VERTEX_POINT('',#10247);
#10247 = CARTESIAN_POINT('',(195.4,145.,36.903043638207));
#10248 = SURFACE_CURVE('',#10249,(#10253,#10260),.PCURVE_S1.);
#10249 = LINE('',#10250,#10251);
#10250 = CARTESIAN_POINT('',(195.4,145.,3.2));
#10251 = VECTOR('',#10252,1.);
#10252 = DIRECTION('',(0.,0.,1.));
#10253 = PCURVE('',#7430,#10254);
#10254 = DEFINITIONAL_REPRESENTATION('',(#10255),#10259);
#10255 = LINE('',#10256,#10257);
#10256 = CARTESIAN_POINT('',(0.,10.));
#10257 = VECTOR('',#10258,1.);
#10258 = DIRECTION('',(1.,0.));
#10259 = ( GEOMETRIC_REPRESENTATION_CONTEXT(2) 
PARAMETRIC_REPRESENTATION_CONTEXT() REPRESENTATION_CONTEXT('2D SPACE',''
  ) );
#10260 = PCURVE('',#7404,#10261);
#10261 = DEFINITIONAL_REPRESENTATION('',(#10262),#10266);
#10262 = LINE('',#10263,#10264);
#10263 = CARTESIAN_POINT('',(0.,-12.));
#10264 = VECTOR('',#10265,1.);
#10265 = DIRECTION('',(1.,0.));
#10266 = ( GEOMETRIC_REPRESENTATION_CONTEXT(2) 
PARAMETRIC_REPRESENTATION_CONTEXT() REPRESENTATION_CONTEXT('2D SPACE',''
  ) );
#10267 = ORIENTED_EDGE('',*,*,#7415,.F.);
#10268 = ORIENTED_EDGE('',*,*,#10205,.F.);
#10269 = ORIENTED_EDGE('',*,*,#10270,.T.);
#10270 = EDGE_CURVE('',#10178,#10271,#10273,.T.);
#10271 = VERTEX_POINT('',#10272);
#10272 = CARTESIAN_POINT('',(185.4,145.,36.903043638207));
#10273 = SURFACE_CURVE('',#10274,(#10278,#10285),.PCURVE_S1.);
#10274 = LINE('',#10275,#10276);
#10275 = CARTESIAN_POINT('',(185.4,145.,3.2));
#10276 = VECTOR('',#10277,1.);
#10277 = DIRECTION('',(0.,0.,1.));
#10278 = PCURVE('',#7430,#10279);
#10279 = DEFINITIONAL_REPRESENTATION('',(#10280),#10284);
#10280 = LINE('',#10281,#10282);
#10281 = CARTESIAN_POINT('',(0.,0.));
#10282 = VECTOR('',#10283,1.);
#10283 = DIRECTION('',(1.,0.));
#10284 = ( GEOMETRIC_REPRESENTATION_CONTEXT(2) 
PARAMETRIC_REPRESENTATION_CONTEXT() REPRESENTATION_CONTEXT('2D SPACE',''
  ) );
#10285 = PCURVE('',#10193,#10286);
#10286 = DEFINITIONAL_REPRESENTATION('',(#10287),#10291);
#10287 = LINE('',#10288,#10289);
#10288 = CARTESIAN_POINT('',(0.,-12.));
#10289 = VECTOR('',#10290,1.);
#10290 = DIRECTION('',(1.,0.));
#10291 = ( GEOMETRIC_REPRESENTATION_CONTEXT(2) 
PARAMETRIC_REPRESENTATION_CONTEXT() REPRESENTATION_CONTEXT('2D SPACE',''
  ) );
#10292 = ORIENTED_EDGE('',*,*,#10293,.T.);
#10293 = EDGE_CURVE('',#10271,#10246,#10294,.T.);
#10294 = SURFACE_CURVE('',#10295,(#10299,#10305),.PCURVE_S1.);
#10295 = LINE('',#10296,#10297);
#10296 = CARTESIAN_POINT('',(-132.3,145.,36.903043638207));
#10297 = VECTOR('',#10298,1.);
#10298 = DIRECTION('',(1.,0.,-0.));
#10299 = PCURVE('',#7430,#10300);
#10300 = DEFINITIONAL_REPRESENTATION('',(#10301),#10304);
#10301 = B_SPLINE_CURVE_WITH_KNOTS('',1,(#10302,#10303),.UNSPECIFIED.,
  .F.,.F.,(2,2),(317.7,327.7),.PIECEWISE_BEZIER_KNOTS.);
#10302 = CARTESIAN_POINT('',(33.703043638207,0.));
#10303 = CARTESIAN_POINT('',(33.703043638207,10.));
#10304 = ( GEOMETRIC_REPRESENTATION_CONTEXT(2) 
PARAMETRIC_REPRESENTATION_CONTEXT() REPRESENTATION_CONTEXT('2D SPACE',''
  ) );
#10305 = PCURVE('',#10306,#10311);
#10306 = PLANE('',#10307);
#10307 = AXIS2_PLACEMENT_3D('',#10308,#10309,#10310);
#10308 = CARTESIAN_POINT('',(-450.,-439.3361917632,-92.62235907001));
#10309 = DIRECTION('',(0.,-0.216409655053,0.976302648363));
#10310 = DIRECTION('',(1.,0.,0.));
#10311 = DEFINITIONAL_REPRESENTATION('',(#10312),#10315);
#10312 = B_SPLINE_CURVE_WITH_KNOTS('',1,(#10313,#10314),.UNSPECIFIED.,
  .F.,.F.,(2,2),(317.7,327.7),.PIECEWISE_BEZIER_KNOTS.);
#10313 = CARTESIAN_POINT('',(635.4,598.51951927322));
#10314 = CARTESIAN_POINT('',(645.4,598.51951927322));
#10315 = ( GEOMETRIC_REPRESENTATION_CONTEXT(2) 
PARAMETRIC_REPRESENTATION_CONTEXT() REPRESENTATION_CONTEXT('2D SPACE',''
  ) );
#10316 = ADVANCED_FACE('',(#10317),#7404,.T.);
#10317 = FACE_BOUND('',#10318,.T.);
#10318 = EDGE_LOOP('',(#10319,#10342,#10343,#10344));
#10319 = ORIENTED_EDGE('',*,*,#10320,.F.);
#10320 = EDGE_CURVE('',#7364,#10321,#10323,.T.);
#10321 = VERTEX_POINT('',#10322);
#10322 = CARTESIAN_POINT('',(195.4,133.,34.243094016041));
#10323 = SURFACE_CURVE('',#10324,(#10328,#10335),.PCURVE_S1.);
#10324 = LINE('',#10325,#10326);
#10325 = CARTESIAN_POINT('',(195.4,133.,3.2));
#10326 = VECTOR('',#10327,1.);
#10327 = DIRECTION('',(0.,0.,1.));
#10328 = PCURVE('',#7404,#10329);
#10329 = DEFINITIONAL_REPRESENTATION('',(#10330),#10334);
#10330 = LINE('',#10331,#10332);
#10331 = CARTESIAN_POINT('',(0.,0.));
#10332 = VECTOR('',#10333,1.);
#10333 = DIRECTION('',(1.,0.));
#10334 = ( GEOMETRIC_REPRESENTATION_CONTEXT(2) 
PARAMETRIC_REPRESENTATION_CONTEXT() REPRESENTATION_CONTEXT('2D SPACE',''
  ) );
#10335 = PCURVE('',#7378,#10336);
#10336 = DEFINITIONAL_REPRESENTATION('',(#10337),#10341);
#10337 = LINE('',#10338,#10339);
#10338 = CARTESIAN_POINT('',(0.,10.));
#10339 = VECTOR('',#10340,1.);
#10340 = DIRECTION('',(1.,0.));
#10341 = ( GEOMETRIC_REPRESENTATION_CONTEXT(2) 
PARAMETRIC_REPRESENTATION_CONTEXT() REPRESENTATION_CONTEXT('2D SPACE',''
  ) );
#10342 = ORIENTED_EDGE('',*,*,#7389,.F.);
#10343 = ORIENTED_EDGE('',*,*,#10245,.T.);
#10344 = ORIENTED_EDGE('',*,*,#10345,.T.);
#10345 = EDGE_CURVE('',#10246,#10321,#10346,.T.);
#10346 = SURFACE_CURVE('',#10347,(#10351,#10357),.PCURVE_S1.);
#10347 = LINE('',#10348,#10349);
#10348 = CARTESIAN_POINT('',(195.4,-156.4475088119,-29.9165552924));
#10349 = VECTOR('',#10350,1.);
#10350 = DIRECTION('',(0.,-0.976302648363,-0.216409655053));
#10351 = PCURVE('',#7404,#10352);
#10352 = DEFINITIONAL_REPRESENTATION('',(#10353),#10356);
#10353 = B_SPLINE_CURVE_WITH_KNOTS('',1,(#10354,#10355),.UNSPECIFIED.,
  .F.,.F.,(2,2),(-308.7644075507,-296.4731369902),
  .PIECEWISE_BEZIER_KNOTS.);
#10354 = CARTESIAN_POINT('',(33.703043638207,-12.));
#10355 = CARTESIAN_POINT('',(31.043094016041,-1.963327596884E-14));
#10356 = ( GEOMETRIC_REPRESENTATION_CONTEXT(2) 
PARAMETRIC_REPRESENTATION_CONTEXT() REPRESENTATION_CONTEXT('2D SPACE',''
  ) );
#10357 = PCURVE('',#10306,#10358);
#10358 = DEFINITIONAL_REPRESENTATION('',(#10359),#10362);
#10359 = B_SPLINE_CURVE_WITH_KNOTS('',1,(#10360,#10361),.UNSPECIFIED.,
  .F.,.F.,(2,2),(-308.7644075507,-296.4731369902),
  .PIECEWISE_BEZIER_KNOTS.);
#10360 = CARTESIAN_POINT('',(645.4,598.51951927322));
#10361 = CARTESIAN_POINT('',(645.4,586.22824871268));
#10362 = ( GEOMETRIC_REPRESENTATION_CONTEXT(2) 
PARAMETRIC_REPRESENTATION_CONTEXT() REPRESENTATION_CONTEXT('2D SPACE',''
  ) );
#10363 = ADVANCED_FACE('',(#10364),#7378,.F.);
#10364 = FACE_BOUND('',#10365,.F.);
#10365 = EDGE_LOOP('',(#10366,#10367,#10368,#10369,#10392));
#10366 = ORIENTED_EDGE('',*,*,#10320,.F.);
#10367 = ORIENTED_EDGE('',*,*,#7363,.F.);
#10368 = ORIENTED_EDGE('',*,*,#10154,.F.);
#10369 = ORIENTED_EDGE('',*,*,#10370,.T.);
#10370 = EDGE_CURVE('',#10155,#10371,#10373,.T.);
#10371 = VERTEX_POINT('',#10372);
#10372 = CARTESIAN_POINT('',(185.4,133.,34.243094016041));
#10373 = SURFACE_CURVE('',#10374,(#10378,#10385),.PCURVE_S1.);
#10374 = LINE('',#10375,#10376);
#10375 = CARTESIAN_POINT('',(185.4,133.,3.2));
#10376 = VECTOR('',#10377,1.);
#10377 = DIRECTION('',(0.,0.,1.));
#10378 = PCURVE('',#7378,#10379);
#10379 = DEFINITIONAL_REPRESENTATION('',(#10380),#10384);
#10380 = LINE('',#10381,#10382);
#10381 = CARTESIAN_POINT('',(0.,0.));
#10382 = VECTOR('',#10383,1.);
#10383 = DIRECTION('',(1.,0.));
#10384 = ( GEOMETRIC_REPRESENTATION_CONTEXT(2) 
PARAMETRIC_REPRESENTATION_CONTEXT() REPRESENTATION_CONTEXT('2D SPACE',''
  ) );
#10385 = PCURVE('',#10193,#10386);
#10386 = DEFINITIONAL_REPRESENTATION('',(#10387),#10391);
#10387 = LINE('',#10388,#10389);
#10388 = CARTESIAN_POINT('',(0.,0.));
#10389 = VECTOR('',#10390,1.);
#10390 = DIRECTION('',(1.,0.));
#10391 = ( GEOMETRIC_REPRESENTATION_CONTEXT(2) 
PARAMETRIC_REPRESENTATION_CONTEXT() REPRESENTATION_CONTEXT('2D SPACE',''
  ) );
#10392 = ORIENTED_EDGE('',*,*,#10393,.T.);
#10393 = EDGE_CURVE('',#10371,#10321,#10394,.T.);
#10394 = SURFACE_CURVE('',#10395,(#10399,#10405),.PCURVE_S1.);
#10395 = LINE('',#10396,#10397);
#10396 = CARTESIAN_POINT('',(-132.3,133.,34.243094016041));
#10397 = VECTOR('',#10398,1.);
#10398 = DIRECTION('',(1.,0.,-0.));
#10399 = PCURVE('',#7378,#10400);
#10400 = DEFINITIONAL_REPRESENTATION('',(#10401),#10404);
#10401 = B_SPLINE_CURVE_WITH_KNOTS('',1,(#10402,#10403),.UNSPECIFIED.,
  .F.,.F.,(2,2),(317.7,327.7),.PIECEWISE_BEZIER_KNOTS.);
#10402 = CARTESIAN_POINT('',(31.043094016041,0.));
#10403 = CARTESIAN_POINT('',(31.043094016041,10.));
#10404 = ( GEOMETRIC_REPRESENTATION_CONTEXT(2) 
PARAMETRIC_REPRESENTATION_CONTEXT() REPRESENTATION_CONTEXT('2D SPACE',''
  ) );
#10405 = PCURVE('',#10306,#10406);
#10406 = DEFINITIONAL_REPRESENTATION('',(#10407),#10410);
#10407 = B_SPLINE_CURVE_WITH_KNOTS('',1,(#10408,#10409),.UNSPECIFIED.,
  .F.,.F.,(2,2),(317.7,327.7),.PIECEWISE_BEZIER_KNOTS.);
#10408 = CARTESIAN_POINT('',(635.4,586.22824871268));
#10409 = CARTESIAN_POINT('',(645.4,586.22824871268));
#10410 = ( GEOMETRIC_REPRESENTATION_CONTEXT(2) 
PARAMETRIC_REPRESENTATION_CONTEXT() REPRESENTATION_CONTEXT('2D SPACE',''
  ) );
#10411 = ADVANCED_FACE('',(#10412),#7633,.T.);
#10412 = FACE_BOUND('',#10413,.T.);
#10413 = EDGE_LOOP('',(#10414,#10437,#10458,#10459));
#10414 = ORIENTED_EDGE('',*,*,#10415,.F.);
#10415 = EDGE_CURVE('',#10416,#7590,#10418,.T.);
#10416 = VERTEX_POINT('',#10417);
#10417 = CARTESIAN_POINT('',(157.7,123.03302648362,16.433443998149));
#10418 = SURFACE_CURVE('',#10419,(#10423,#10430),.PCURVE_S1.);
#10419 = LINE('',#10420,#10421);
#10420 = CARTESIAN_POINT('',(157.7,121.13302648362,16.433443998149));
#10421 = VECTOR('',#10422,1.);
#10422 = DIRECTION('',(1.110223024625E-16,1.,0.));
#10423 = PCURVE('',#7633,#10424);
#10424 = DEFINITIONAL_REPRESENTATION('',(#10425),#10429);
#10425 = LINE('',#10426,#10427);
#10426 = CARTESIAN_POINT('',(0.,0.));
#10427 = VECTOR('',#10428,1.);
#10428 = DIRECTION('',(0.,1.));
#10429 = ( GEOMETRIC_REPRESENTATION_CONTEXT(2) 
PARAMETRIC_REPRESENTATION_CONTEXT() REPRESENTATION_CONTEXT('2D SPACE',''
  ) );
#10430 = PCURVE('',#7605,#10431);
#10431 = DEFINITIONAL_REPRESENTATION('',(#10432),#10436);
#10432 = LINE('',#10433,#10434);
#10433 = CARTESIAN_POINT('',(113.37,38.375));
#10434 = VECTOR('',#10435,1.);
#10435 = DIRECTION('',(1.,0.));
#10436 = ( GEOMETRIC_REPRESENTATION_CONTEXT(2) 
PARAMETRIC_REPRESENTATION_CONTEXT() REPRESENTATION_CONTEXT('2D SPACE',''
  ) );
#10437 = ORIENTED_EDGE('',*,*,#10438,.T.);
#10438 = EDGE_CURVE('',#10416,#7717,#10439,.T.);
#10439 = SURFACE_CURVE('',#10440,(#10444,#10451),.PCURVE_S1.);
#10440 = LINE('',#10441,#10442);
#10441 = CARTESIAN_POINT('',(157.7,123.03302648362,16.433443998149));
#10442 = VECTOR('',#10443,1.);
#10443 = DIRECTION('',(0.,0.,1.));
#10444 = PCURVE('',#7633,#10445);
#10445 = DEFINITIONAL_REPRESENTATION('',(#10446),#10450);
#10446 = LINE('',#10447,#10448);
#10447 = CARTESIAN_POINT('',(0.,1.9));
#10448 = VECTOR('',#10449,1.);
#10449 = DIRECTION('',(1.,0.));
#10450 = ( GEOMETRIC_REPRESENTATION_CONTEXT(2) 
PARAMETRIC_REPRESENTATION_CONTEXT() REPRESENTATION_CONTEXT('2D SPACE',''
  ) );
#10451 = PCURVE('',#7755,#10452);
#10452 = DEFINITIONAL_REPRESENTATION('',(#10453),#10457);
#10453 = LINE('',#10454,#10455);
#10454 = CARTESIAN_POINT('',(0.,-33.575));
#10455 = VECTOR('',#10456,1.);
#10456 = DIRECTION('',(1.,0.));
#10457 = ( GEOMETRIC_REPRESENTATION_CONTEXT(2) 
PARAMETRIC_REPRESENTATION_CONTEXT() REPRESENTATION_CONTEXT('2D SPACE',''
  ) );
#10458 = ORIENTED_EDGE('',*,*,#7716,.F.);
#10459 = ORIENTED_EDGE('',*,*,#7617,.F.);
#10460 = ADVANCED_FACE('',(#10461,#10829),#7605,.T.);
#10461 = FACE_BOUND('',#10462,.T.);
#10462 = EDGE_LOOP('',(#10463,#10486,#10487,#10510,#10533,#10554,#10555,
    #10578,#10601,#10624,#10647,#10670,#10691,#10692,#10693,#10716,
    #10739,#10762,#10785,#10808));
#10463 = ORIENTED_EDGE('',*,*,#10464,.F.);
#10464 = EDGE_CURVE('',#8015,#10465,#10467,.T.);
#10465 = VERTEX_POINT('',#10466);
#10466 = CARTESIAN_POINT('',(112.125,90.893026483627,16.433443998149));
#10467 = SURFACE_CURVE('',#10468,(#10472,#10479),.PCURVE_S1.);
#10468 = LINE('',#10469,#10470);
#10469 = CARTESIAN_POINT('',(112.125,9.363026483627,16.433443998149));
#10470 = VECTOR('',#10471,1.);
#10471 = DIRECTION('',(1.110223024625E-16,1.,0.));
#10472 = PCURVE('',#7605,#10473);
#10473 = DEFINITIONAL_REPRESENTATION('',(#10474),#10478);
#10474 = LINE('',#10475,#10476);
#10475 = CARTESIAN_POINT('',(1.6,83.95));
#10476 = VECTOR('',#10477,1.);
#10477 = DIRECTION('',(1.,0.));
#10478 = ( GEOMETRIC_REPRESENTATION_CONTEXT(2) 
PARAMETRIC_REPRESENTATION_CONTEXT() REPRESENTATION_CONTEXT('2D SPACE',''
  ) );
#10479 = PCURVE('',#8053,#10480);
#10480 = DEFINITIONAL_REPRESENTATION('',(#10481),#10485);
#10481 = LINE('',#10482,#10483);
#10482 = CARTESIAN_POINT('',(0.,0.));
#10483 = VECTOR('',#10484,1.);
#10484 = DIRECTION('',(0.,1.));
#10485 = ( GEOMETRIC_REPRESENTATION_CONTEXT(2) 
PARAMETRIC_REPRESENTATION_CONTEXT() REPRESENTATION_CONTEXT('2D SPACE',''
  ) );
#10486 = ORIENTED_EDGE('',*,*,#8014,.T.);
#10487 = ORIENTED_EDGE('',*,*,#10488,.T.);
#10488 = EDGE_CURVE('',#7987,#10489,#10491,.T.);
#10489 = VERTEX_POINT('',#10490);
#10490 = CARTESIAN_POINT('',(112.525,9.763026483627,16.433443998149));
#10491 = SURFACE_CURVE('',#10492,(#10496,#10503),.PCURVE_S1.);
#10492 = LINE('',#10493,#10494);
#10493 = CARTESIAN_POINT('',(112.525,8.763026483627,16.433443998149));
#10494 = VECTOR('',#10495,1.);
#10495 = DIRECTION('',(-1.110223024625E-16,-1.,0.));
#10496 = PCURVE('',#7605,#10497);
#10497 = DEFINITIONAL_REPRESENTATION('',(#10498),#10502);
#10498 = LINE('',#10499,#10500);
#10499 = CARTESIAN_POINT('',(1.,83.55));
#10500 = VECTOR('',#10501,1.);
#10501 = DIRECTION('',(-1.,0.));
#10502 = ( GEOMETRIC_REPRESENTATION_CONTEXT(2) 
PARAMETRIC_REPRESENTATION_CONTEXT() REPRESENTATION_CONTEXT('2D SPACE',''
  ) );
#10503 = PCURVE('',#8002,#10504);
#10504 = DEFINITIONAL_REPRESENTATION('',(#10505),#10509);
#10505 = LINE('',#10506,#10507);
#10506 = CARTESIAN_POINT('',(13.233443998149,-1.));
#10507 = VECTOR('',#10508,1.);
#10508 = DIRECTION('',(0.,-1.));
#10509 = ( GEOMETRIC_REPRESENTATION_CONTEXT(2) 
PARAMETRIC_REPRESENTATION_CONTEXT() REPRESENTATION_CONTEXT('2D SPACE',''
  ) );
#10510 = ORIENTED_EDGE('',*,*,#10511,.F.);
#10511 = EDGE_CURVE('',#10512,#10489,#10514,.T.);
#10512 = VERTEX_POINT('',#10513);
#10513 = CARTESIAN_POINT('',(190.875,9.763026483627,16.433443998149));
#10514 = SURFACE_CURVE('',#10515,(#10519,#10526),.PCURVE_S1.);
#10515 = LINE('',#10516,#10517);
#10516 = CARTESIAN_POINT('',(193.475,9.763026483627,16.433443998149));
#10517 = VECTOR('',#10518,1.);
#10518 = DIRECTION('',(-1.,1.110223024625E-16,0.));
#10519 = PCURVE('',#7605,#10520);
#10520 = DEFINITIONAL_REPRESENTATION('',(#10521),#10525);
#10521 = LINE('',#10522,#10523);
#10522 = CARTESIAN_POINT('',(2.,2.6));
#10523 = VECTOR('',#10524,1.);
#10524 = DIRECTION('',(0.,1.));
#10525 = ( GEOMETRIC_REPRESENTATION_CONTEXT(2) 
PARAMETRIC_REPRESENTATION_CONTEXT() REPRESENTATION_CONTEXT('2D SPACE',''
  ) );
#10526 = PCURVE('',#7974,#10527);
#10527 = DEFINITIONAL_REPRESENTATION('',(#10528),#10532);
#10528 = LINE('',#10529,#10530);
#10529 = CARTESIAN_POINT('',(13.233443998149,2.6));
#10530 = VECTOR('',#10531,1.);
#10531 = DIRECTION('',(0.,-1.));
#10532 = ( GEOMETRIC_REPRESENTATION_CONTEXT(2) 
PARAMETRIC_REPRESENTATION_CONTEXT() REPRESENTATION_CONTEXT('2D SPACE',''
  ) );
#10533 = ORIENTED_EDGE('',*,*,#10534,.F.);
#10534 = EDGE_CURVE('',#7908,#10512,#10535,.T.);
#10535 = SURFACE_CURVE('',#10536,(#10540,#10547),.PCURVE_S1.);
#10536 = LINE('',#10537,#10538);
#10537 = CARTESIAN_POINT('',(190.875,8.763026483627,16.433443998149));
#10538 = VECTOR('',#10539,1.);
#10539 = DIRECTION('',(-1.110223024625E-16,-1.,0.));
#10540 = PCURVE('',#7605,#10541);
#10541 = DEFINITIONAL_REPRESENTATION('',(#10542),#10546);
#10542 = LINE('',#10543,#10544);
#10543 = CARTESIAN_POINT('',(1.,5.2));
#10544 = VECTOR('',#10545,1.);
#10545 = DIRECTION('',(-1.,0.));
#10546 = ( GEOMETRIC_REPRESENTATION_CONTEXT(2) 
PARAMETRIC_REPRESENTATION_CONTEXT() REPRESENTATION_CONTEXT('2D SPACE',''
  ) );
#10547 = PCURVE('',#7946,#10548);
#10548 = DEFINITIONAL_REPRESENTATION('',(#10549),#10553);
#10549 = LINE('',#10550,#10551);
#10550 = CARTESIAN_POINT('',(13.233443998149,-1.));
#10551 = VECTOR('',#10552,1.);
#10552 = DIRECTION('',(0.,-1.));
#10553 = ( GEOMETRIC_REPRESENTATION_CONTEXT(2) 
PARAMETRIC_REPRESENTATION_CONTEXT() REPRESENTATION_CONTEXT('2D SPACE',''
  ) );
#10554 = ORIENTED_EDGE('',*,*,#7907,.T.);
#10555 = ORIENTED_EDGE('',*,*,#10556,.T.);
#10556 = EDGE_CURVE('',#7880,#10557,#10559,.T.);
#10557 = VERTEX_POINT('',#10558);
#10558 = CARTESIAN_POINT('',(191.275,90.893026483627,16.433443998149));
#10559 = SURFACE_CURVE('',#10560,(#10564,#10571),.PCURVE_S1.);
#10560 = LINE('',#10561,#10562);
#10561 = CARTESIAN_POINT('',(191.275,9.363026483627,16.433443998149));
#10562 = VECTOR('',#10563,1.);
#10563 = DIRECTION('',(1.110223024625E-16,1.,0.));
#10564 = PCURVE('',#7605,#10565);
#10565 = DEFINITIONAL_REPRESENTATION('',(#10566),#10570);
#10566 = LINE('',#10567,#10568);
#10567 = CARTESIAN_POINT('',(1.6,4.8));
#10568 = VECTOR('',#10569,1.);
#10569 = DIRECTION('',(1.,0.));
#10570 = ( GEOMETRIC_REPRESENTATION_CONTEXT(2) 
PARAMETRIC_REPRESENTATION_CONTEXT() REPRESENTATION_CONTEXT('2D SPACE',''
  ) );
#10571 = PCURVE('',#7895,#10572);
#10572 = DEFINITIONAL_REPRESENTATION('',(#10573),#10577);
#10573 = LINE('',#10574,#10575);
#10574 = CARTESIAN_POINT('',(0.,0.));
#10575 = VECTOR('',#10576,1.);
#10576 = DIRECTION('',(0.,1.));
#10577 = ( GEOMETRIC_REPRESENTATION_CONTEXT(2) 
PARAMETRIC_REPRESENTATION_CONTEXT() REPRESENTATION_CONTEXT('2D SPACE',''
  ) );
#10578 = ORIENTED_EDGE('',*,*,#10579,.F.);
#10579 = EDGE_CURVE('',#10580,#10557,#10582,.T.);
#10580 = VERTEX_POINT('',#10581);
#10581 = CARTESIAN_POINT('',(194.025,90.893026483627,16.433443998149));
#10582 = SURFACE_CURVE('',#10583,(#10587,#10594),.PCURVE_S1.);
#10583 = LINE('',#10584,#10585);
#10584 = CARTESIAN_POINT('',(194.025,90.893026483627,16.433443998149));
#10585 = VECTOR('',#10586,1.);
#10586 = DIRECTION('',(-1.,1.110223024625E-16,0.));
#10587 = PCURVE('',#7605,#10588);
#10588 = DEFINITIONAL_REPRESENTATION('',(#10589),#10593);
#10589 = LINE('',#10590,#10591);
#10590 = CARTESIAN_POINT('',(83.13,2.05));
#10591 = VECTOR('',#10592,1.);
#10592 = DIRECTION('',(0.,1.));
#10593 = ( GEOMETRIC_REPRESENTATION_CONTEXT(2) 
PARAMETRIC_REPRESENTATION_CONTEXT() REPRESENTATION_CONTEXT('2D SPACE',''
  ) );
#10594 = PCURVE('',#7867,#10595);
#10595 = DEFINITIONAL_REPRESENTATION('',(#10596),#10600);
#10596 = LINE('',#10597,#10598);
#10597 = CARTESIAN_POINT('',(0.,0.));
#10598 = VECTOR('',#10599,1.);
#10599 = DIRECTION('',(0.,-1.));
#10600 = ( GEOMETRIC_REPRESENTATION_CONTEXT(2) 
PARAMETRIC_REPRESENTATION_CONTEXT() REPRESENTATION_CONTEXT('2D SPACE',''
  ) );
#10601 = ORIENTED_EDGE('',*,*,#10602,.T.);
#10602 = EDGE_CURVE('',#10580,#10603,#10605,.T.);
#10603 = VERTEX_POINT('',#10604);
#10604 = CARTESIAN_POINT('',(194.025,104.89302648362,16.433443998149));
#10605 = SURFACE_CURVE('',#10606,(#10610,#10617),.PCURVE_S1.);
#10606 = LINE('',#10607,#10608);
#10607 = CARTESIAN_POINT('',(194.025,90.893026483627,16.433443998149));
#10608 = VECTOR('',#10609,1.);
#10609 = DIRECTION('',(1.110223024625E-16,1.,0.));
#10610 = PCURVE('',#7605,#10611);
#10611 = DEFINITIONAL_REPRESENTATION('',(#10612),#10616);
#10612 = LINE('',#10613,#10614);
#10613 = CARTESIAN_POINT('',(83.13,2.05));
#10614 = VECTOR('',#10615,1.);
#10615 = DIRECTION('',(1.,0.));
#10616 = ( GEOMETRIC_REPRESENTATION_CONTEXT(2) 
PARAMETRIC_REPRESENTATION_CONTEXT() REPRESENTATION_CONTEXT('2D SPACE',''
  ) );
#10617 = PCURVE('',#7839,#10618);
#10618 = DEFINITIONAL_REPRESENTATION('',(#10619),#10623);
#10619 = LINE('',#10620,#10621);
#10620 = CARTESIAN_POINT('',(0.,0.));
#10621 = VECTOR('',#10622,1.);
#10622 = DIRECTION('',(0.,1.));
#10623 = ( GEOMETRIC_REPRESENTATION_CONTEXT(2) 
PARAMETRIC_REPRESENTATION_CONTEXT() REPRESENTATION_CONTEXT('2D SPACE',''
  ) );
#10624 = ORIENTED_EDGE('',*,*,#10625,.T.);
#10625 = EDGE_CURVE('',#10603,#10626,#10628,.T.);
#10626 = VERTEX_POINT('',#10627);
#10627 = CARTESIAN_POINT('',(191.275,104.89302648362,16.433443998149));
#10628 = SURFACE_CURVE('',#10629,(#10633,#10640),.PCURVE_S1.);
#10629 = LINE('',#10630,#10631);
#10630 = CARTESIAN_POINT('',(194.025,104.89302648362,16.433443998149));
#10631 = VECTOR('',#10632,1.);
#10632 = DIRECTION('',(-1.,1.110223024625E-16,0.));
#10633 = PCURVE('',#7605,#10634);
#10634 = DEFINITIONAL_REPRESENTATION('',(#10635),#10639);
#10635 = LINE('',#10636,#10637);
#10636 = CARTESIAN_POINT('',(97.13,2.05));
#10637 = VECTOR('',#10638,1.);
#10638 = DIRECTION('',(0.,1.));
#10639 = ( GEOMETRIC_REPRESENTATION_CONTEXT(2) 
PARAMETRIC_REPRESENTATION_CONTEXT() REPRESENTATION_CONTEXT('2D SPACE',''
  ) );
#10640 = PCURVE('',#7811,#10641);
#10641 = DEFINITIONAL_REPRESENTATION('',(#10642),#10646);
#10642 = LINE('',#10643,#10644);
#10643 = CARTESIAN_POINT('',(0.,0.));
#10644 = VECTOR('',#10645,1.);
#10645 = DIRECTION('',(0.,-1.));
#10646 = ( GEOMETRIC_REPRESENTATION_CONTEXT(2) 
PARAMETRIC_REPRESENTATION_CONTEXT() REPRESENTATION_CONTEXT('2D SPACE',''
  ) );
#10647 = ORIENTED_EDGE('',*,*,#10648,.T.);
#10648 = EDGE_CURVE('',#10626,#10649,#10651,.T.);
#10649 = VERTEX_POINT('',#10650);
#10650 = CARTESIAN_POINT('',(191.275,123.03302648362,16.433443998149));
#10651 = SURFACE_CURVE('',#10652,(#10656,#10663),.PCURVE_S1.);
#10652 = LINE('',#10653,#10654);
#10653 = CARTESIAN_POINT('',(191.275,9.363026483627,16.433443998149));
#10654 = VECTOR('',#10655,1.);
#10655 = DIRECTION('',(1.110223024625E-16,1.,0.));
#10656 = PCURVE('',#7605,#10657);
#10657 = DEFINITIONAL_REPRESENTATION('',(#10658),#10662);
#10658 = LINE('',#10659,#10660);
#10659 = CARTESIAN_POINT('',(1.6,4.8));
#10660 = VECTOR('',#10661,1.);
#10661 = DIRECTION('',(1.,0.));
#10662 = ( GEOMETRIC_REPRESENTATION_CONTEXT(2) 
PARAMETRIC_REPRESENTATION_CONTEXT() REPRESENTATION_CONTEXT('2D SPACE',''
  ) );
#10663 = PCURVE('',#7783,#10664);
#10664 = DEFINITIONAL_REPRESENTATION('',(#10665),#10669);
#10665 = LINE('',#10666,#10667);
#10666 = CARTESIAN_POINT('',(0.,0.));
#10667 = VECTOR('',#10668,1.);
#10668 = DIRECTION('',(0.,1.));
#10669 = ( GEOMETRIC_REPRESENTATION_CONTEXT(2) 
PARAMETRIC_REPRESENTATION_CONTEXT() REPRESENTATION_CONTEXT('2D SPACE',''
  ) );
#10670 = ORIENTED_EDGE('',*,*,#10671,.T.);
#10671 = EDGE_CURVE('',#10649,#10416,#10672,.T.);
#10672 = SURFACE_CURVE('',#10673,(#10677,#10684),.PCURVE_S1.);
#10673 = LINE('',#10674,#10675);
#10674 = CARTESIAN_POINT('',(191.275,123.03302648362,16.433443998149));
#10675 = VECTOR('',#10676,1.);
#10676 = DIRECTION('',(-1.,1.110223024625E-16,0.));
#10677 = PCURVE('',#7605,#10678);
#10678 = DEFINITIONAL_REPRESENTATION('',(#10679),#10683);
#10679 = LINE('',#10680,#10681);
#10680 = CARTESIAN_POINT('',(115.27,4.8));
#10681 = VECTOR('',#10682,1.);
#10682 = DIRECTION('',(0.,1.));
#10683 = ( GEOMETRIC_REPRESENTATION_CONTEXT(2) 
PARAMETRIC_REPRESENTATION_CONTEXT() REPRESENTATION_CONTEXT('2D SPACE',''
  ) );
#10684 = PCURVE('',#7755,#10685);
#10685 = DEFINITIONAL_REPRESENTATION('',(#10686),#10690);
#10686 = LINE('',#10687,#10688);
#10687 = CARTESIAN_POINT('',(0.,0.));
#10688 = VECTOR('',#10689,1.);
#10689 = DIRECTION('',(0.,-1.));
#10690 = ( GEOMETRIC_REPRESENTATION_CONTEXT(2) 
PARAMETRIC_REPRESENTATION_CONTEXT() REPRESENTATION_CONTEXT('2D SPACE',''
  ) );
#10691 = ORIENTED_EDGE('',*,*,#10415,.T.);
#10692 = ORIENTED_EDGE('',*,*,#7589,.T.);
#10693 = ORIENTED_EDGE('',*,*,#10694,.F.);
#10694 = EDGE_CURVE('',#10695,#7562,#10697,.T.);
#10695 = VERTEX_POINT('',#10696);
#10696 = CARTESIAN_POINT('',(145.7,123.03302648362,16.433443998149));
#10697 = SURFACE_CURVE('',#10698,(#10702,#10709),.PCURVE_S1.);
#10698 = LINE('',#10699,#10700);
#10699 = CARTESIAN_POINT('',(145.7,121.13302648362,16.433443998149));
#10700 = VECTOR('',#10701,1.);
#10701 = DIRECTION('',(1.110223024625E-16,1.,0.));
#10702 = PCURVE('',#7605,#10703);
#10703 = DEFINITIONAL_REPRESENTATION('',(#10704),#10708);
#10704 = LINE('',#10705,#10706);
#10705 = CARTESIAN_POINT('',(113.37,50.375));
#10706 = VECTOR('',#10707,1.);
#10707 = DIRECTION('',(1.,0.));
#10708 = ( GEOMETRIC_REPRESENTATION_CONTEXT(2) 
PARAMETRIC_REPRESENTATION_CONTEXT() REPRESENTATION_CONTEXT('2D SPACE',''
  ) );
#10709 = PCURVE('',#7577,#10710);
#10710 = DEFINITIONAL_REPRESENTATION('',(#10711),#10715);
#10711 = LINE('',#10712,#10713);
#10712 = CARTESIAN_POINT('',(0.,0.));
#10713 = VECTOR('',#10714,1.);
#10714 = DIRECTION('',(0.,1.));
#10715 = ( GEOMETRIC_REPRESENTATION_CONTEXT(2) 
PARAMETRIC_REPRESENTATION_CONTEXT() REPRESENTATION_CONTEXT('2D SPACE',''
  ) );
#10716 = ORIENTED_EDGE('',*,*,#10717,.T.);
#10717 = EDGE_CURVE('',#10695,#10718,#10720,.T.);
#10718 = VERTEX_POINT('',#10719);
#10719 = CARTESIAN_POINT('',(112.125,123.03302648362,16.433443998149));
#10720 = SURFACE_CURVE('',#10721,(#10725,#10732),.PCURVE_S1.);
#10721 = LINE('',#10722,#10723);
#10722 = CARTESIAN_POINT('',(191.275,123.03302648362,16.433443998149));
#10723 = VECTOR('',#10724,1.);
#10724 = DIRECTION('',(-1.,1.110223024625E-16,0.));
#10725 = PCURVE('',#7605,#10726);
#10726 = DEFINITIONAL_REPRESENTATION('',(#10727),#10731);
#10727 = LINE('',#10728,#10729);
#10728 = CARTESIAN_POINT('',(115.27,4.8));
#10729 = VECTOR('',#10730,1.);
#10730 = DIRECTION('',(0.,1.));
#10731 = ( GEOMETRIC_REPRESENTATION_CONTEXT(2) 
PARAMETRIC_REPRESENTATION_CONTEXT() REPRESENTATION_CONTEXT('2D SPACE',''
  ) );
#10732 = PCURVE('',#8193,#10733);
#10733 = DEFINITIONAL_REPRESENTATION('',(#10734),#10738);
#10734 = LINE('',#10735,#10736);
#10735 = CARTESIAN_POINT('',(0.,0.));
#10736 = VECTOR('',#10737,1.);
#10737 = DIRECTION('',(0.,-1.));
#10738 = ( GEOMETRIC_REPRESENTATION_CONTEXT(2) 
PARAMETRIC_REPRESENTATION_CONTEXT() REPRESENTATION_CONTEXT('2D SPACE',''
  ) );
#10739 = ORIENTED_EDGE('',*,*,#10740,.F.);
#10740 = EDGE_CURVE('',#10741,#10718,#10743,.T.);
#10741 = VERTEX_POINT('',#10742);
#10742 = CARTESIAN_POINT('',(112.125,104.89302648362,16.433443998149));
#10743 = SURFACE_CURVE('',#10744,(#10748,#10755),.PCURVE_S1.);
#10744 = LINE('',#10745,#10746);
#10745 = CARTESIAN_POINT('',(112.125,9.363026483627,16.433443998149));
#10746 = VECTOR('',#10747,1.);
#10747 = DIRECTION('',(1.110223024625E-16,1.,0.));
#10748 = PCURVE('',#7605,#10749);
#10749 = DEFINITIONAL_REPRESENTATION('',(#10750),#10754);
#10750 = LINE('',#10751,#10752);
#10751 = CARTESIAN_POINT('',(1.6,83.95));
#10752 = VECTOR('',#10753,1.);
#10753 = DIRECTION('',(1.,0.));
#10754 = ( GEOMETRIC_REPRESENTATION_CONTEXT(2) 
PARAMETRIC_REPRESENTATION_CONTEXT() REPRESENTATION_CONTEXT('2D SPACE',''
  ) );
#10755 = PCURVE('',#8165,#10756);
#10756 = DEFINITIONAL_REPRESENTATION('',(#10757),#10761);
#10757 = LINE('',#10758,#10759);
#10758 = CARTESIAN_POINT('',(0.,0.));
#10759 = VECTOR('',#10760,1.);
#10760 = DIRECTION('',(0.,1.));
#10761 = ( GEOMETRIC_REPRESENTATION_CONTEXT(2) 
PARAMETRIC_REPRESENTATION_CONTEXT() REPRESENTATION_CONTEXT('2D SPACE',''
  ) );
#10762 = ORIENTED_EDGE('',*,*,#10763,.T.);
#10763 = EDGE_CURVE('',#10741,#10764,#10766,.T.);
#10764 = VERTEX_POINT('',#10765);
#10765 = CARTESIAN_POINT('',(109.375,104.89302648362,16.433443998149));
#10766 = SURFACE_CURVE('',#10767,(#10771,#10778),.PCURVE_S1.);
#10767 = LINE('',#10768,#10769);
#10768 = CARTESIAN_POINT('',(113.125,104.89302648362,16.433443998149));
#10769 = VECTOR('',#10770,1.);
#10770 = DIRECTION('',(-1.,1.110223024625E-16,0.));
#10771 = PCURVE('',#7605,#10772);
#10772 = DEFINITIONAL_REPRESENTATION('',(#10773),#10777);
#10773 = LINE('',#10774,#10775);
#10774 = CARTESIAN_POINT('',(97.13,82.95));
#10775 = VECTOR('',#10776,1.);
#10776 = DIRECTION('',(0.,1.));
#10777 = ( GEOMETRIC_REPRESENTATION_CONTEXT(2) 
PARAMETRIC_REPRESENTATION_CONTEXT() REPRESENTATION_CONTEXT('2D SPACE',''
  ) );
#10778 = PCURVE('',#8137,#10779);
#10779 = DEFINITIONAL_REPRESENTATION('',(#10780),#10784);
#10780 = LINE('',#10781,#10782);
#10781 = CARTESIAN_POINT('',(0.,0.));
#10782 = VECTOR('',#10783,1.);
#10783 = DIRECTION('',(0.,-1.));
#10784 = ( GEOMETRIC_REPRESENTATION_CONTEXT(2) 
PARAMETRIC_REPRESENTATION_CONTEXT() REPRESENTATION_CONTEXT('2D SPACE',''
  ) );
#10785 = ORIENTED_EDGE('',*,*,#10786,.F.);
#10786 = EDGE_CURVE('',#10787,#10764,#10789,.T.);
#10787 = VERTEX_POINT('',#10788);
#10788 = CARTESIAN_POINT('',(109.375,90.893026483627,16.433443998149));
#10789 = SURFACE_CURVE('',#10790,(#10794,#10801),.PCURVE_S1.);
#10790 = LINE('',#10791,#10792);
#10791 = CARTESIAN_POINT('',(109.375,90.893026483627,16.433443998149));
#10792 = VECTOR('',#10793,1.);
#10793 = DIRECTION('',(1.110223024625E-16,1.,0.));
#10794 = PCURVE('',#7605,#10795);
#10795 = DEFINITIONAL_REPRESENTATION('',(#10796),#10800);
#10796 = LINE('',#10797,#10798);
#10797 = CARTESIAN_POINT('',(83.13,86.7));
#10798 = VECTOR('',#10799,1.);
#10799 = DIRECTION('',(1.,0.));
#10800 = ( GEOMETRIC_REPRESENTATION_CONTEXT(2) 
PARAMETRIC_REPRESENTATION_CONTEXT() REPRESENTATION_CONTEXT('2D SPACE',''
  ) );
#10801 = PCURVE('',#8109,#10802);
#10802 = DEFINITIONAL_REPRESENTATION('',(#10803),#10807);
#10803 = LINE('',#10804,#10805);
#10804 = CARTESIAN_POINT('',(0.,0.));
#10805 = VECTOR('',#10806,1.);
#10806 = DIRECTION('',(0.,1.));
#10807 = ( GEOMETRIC_REPRESENTATION_CONTEXT(2) 
PARAMETRIC_REPRESENTATION_CONTEXT() REPRESENTATION_CONTEXT('2D SPACE',''
  ) );
#10808 = ORIENTED_EDGE('',*,*,#10809,.F.);
#10809 = EDGE_CURVE('',#10465,#10787,#10810,.T.);
#10810 = SURFACE_CURVE('',#10811,(#10815,#10822),.PCURVE_S1.);
#10811 = LINE('',#10812,#10813);
#10812 = CARTESIAN_POINT('',(113.125,90.893026483627,16.433443998149));
#10813 = VECTOR('',#10814,1.);
#10814 = DIRECTION('',(-1.,1.110223024625E-16,0.));
#10815 = PCURVE('',#7605,#10816);
#10816 = DEFINITIONAL_REPRESENTATION('',(#10817),#10821);
#10817 = LINE('',#10818,#10819);
#10818 = CARTESIAN_POINT('',(83.13,82.95));
#10819 = VECTOR('',#10820,1.);
#10820 = DIRECTION('',(0.,1.));
#10821 = ( GEOMETRIC_REPRESENTATION_CONTEXT(2) 
PARAMETRIC_REPRESENTATION_CONTEXT() REPRESENTATION_CONTEXT('2D SPACE',''
  ) );
#10822 = PCURVE('',#8081,#10823);
#10823 = DEFINITIONAL_REPRESENTATION('',(#10824),#10828);
#10824 = LINE('',#10825,#10826);
#10825 = CARTESIAN_POINT('',(0.,0.));
#10826 = VECTOR('',#10827,1.);
#10827 = DIRECTION('',(0.,-1.));
#10828 = ( GEOMETRIC_REPRESENTATION_CONTEXT(2) 
PARAMETRIC_REPRESENTATION_CONTEXT() REPRESENTATION_CONTEXT('2D SPACE',''
  ) );
#10829 = FACE_BOUND('',#10830,.T.);
#10830 = EDGE_LOOP('',(#10831,#10861,#10889,#10917));
#10831 = ORIENTED_EDGE('',*,*,#10832,.T.);
#10832 = EDGE_CURVE('',#10833,#10835,#10837,.T.);
#10833 = VERTEX_POINT('',#10834);
#10834 = CARTESIAN_POINT('',(184.305,14.403026483627,16.433443998149));
#10835 = VERTEX_POINT('',#10836);
#10836 = CARTESIAN_POINT('',(119.095,14.403026483627,16.433443998149));
#10837 = SURFACE_CURVE('',#10838,(#10842,#10849),.PCURVE_S1.);
#10838 = LINE('',#10839,#10840);
#10839 = CARTESIAN_POINT('',(184.305,14.403026483627,16.433443998149));
#10840 = VECTOR('',#10841,1.);
#10841 = DIRECTION('',(-1.,1.110223024625E-16,0.));
#10842 = PCURVE('',#7605,#10843);
#10843 = DEFINITIONAL_REPRESENTATION('',(#10844),#10848);
#10844 = LINE('',#10845,#10846);
#10845 = CARTESIAN_POINT('',(6.64,11.77));
#10846 = VECTOR('',#10847,1.);
#10847 = DIRECTION('',(0.,1.));
#10848 = ( GEOMETRIC_REPRESENTATION_CONTEXT(2) 
PARAMETRIC_REPRESENTATION_CONTEXT() REPRESENTATION_CONTEXT('2D SPACE',''
  ) );
#10849 = PCURVE('',#10850,#10855);
#10850 = PLANE('',#10851);
#10851 = AXIS2_PLACEMENT_3D('',#10852,#10853,#10854);
#10852 = CARTESIAN_POINT('',(184.305,14.403026483627,15.233443998149));
#10853 = DIRECTION('',(1.110223024625E-16,1.,0.));
#10854 = DIRECTION('',(0.,0.,1.));
#10855 = DEFINITIONAL_REPRESENTATION('',(#10856),#10860);
#10856 = LINE('',#10857,#10858);
#10857 = CARTESIAN_POINT('',(1.2,0.));
#10858 = VECTOR('',#10859,1.);
#10859 = DIRECTION('',(0.,-1.));
#10860 = ( GEOMETRIC_REPRESENTATION_CONTEXT(2) 
PARAMETRIC_REPRESENTATION_CONTEXT() REPRESENTATION_CONTEXT('2D SPACE',''
  ) );
#10861 = ORIENTED_EDGE('',*,*,#10862,.T.);
#10862 = EDGE_CURVE('',#10835,#10863,#10865,.T.);
#10863 = VERTEX_POINT('',#10864);
#10864 = CARTESIAN_POINT('',(119.095,105.00302648362,16.433443998149));
#10865 = SURFACE_CURVE('',#10866,(#10870,#10877),.PCURVE_S1.);
#10866 = LINE('',#10867,#10868);
#10867 = CARTESIAN_POINT('',(119.095,14.403026483627,16.433443998149));
#10868 = VECTOR('',#10869,1.);
#10869 = DIRECTION('',(1.110223024625E-16,1.,0.));
#10870 = PCURVE('',#7605,#10871);
#10871 = DEFINITIONAL_REPRESENTATION('',(#10872),#10876);
#10872 = LINE('',#10873,#10874);
#10873 = CARTESIAN_POINT('',(6.64,76.98));
#10874 = VECTOR('',#10875,1.);
#10875 = DIRECTION('',(1.,0.));
#10876 = ( GEOMETRIC_REPRESENTATION_CONTEXT(2) 
PARAMETRIC_REPRESENTATION_CONTEXT() REPRESENTATION_CONTEXT('2D SPACE',''
  ) );
#10877 = PCURVE('',#10878,#10883);
#10878 = PLANE('',#10879);
#10879 = AXIS2_PLACEMENT_3D('',#10880,#10881,#10882);
#10880 = CARTESIAN_POINT('',(119.095,14.403026483627,15.233443998149));
#10881 = DIRECTION('',(-1.,1.110223024625E-16,0.));
#10882 = DIRECTION('',(0.,0.,1.));
#10883 = DEFINITIONAL_REPRESENTATION('',(#10884),#10888);
#10884 = LINE('',#10885,#10886);
#10885 = CARTESIAN_POINT('',(1.2,0.));
#10886 = VECTOR('',#10887,1.);
#10887 = DIRECTION('',(0.,1.));
#10888 = ( GEOMETRIC_REPRESENTATION_CONTEXT(2) 
PARAMETRIC_REPRESENTATION_CONTEXT() REPRESENTATION_CONTEXT('2D SPACE',''
  ) );
#10889 = ORIENTED_EDGE('',*,*,#10890,.F.);
#10890 = EDGE_CURVE('',#10891,#10863,#10893,.T.);
#10891 = VERTEX_POINT('',#10892);
#10892 = CARTESIAN_POINT('',(184.305,105.00302648362,16.433443998149));
#10893 = SURFACE_CURVE('',#10894,(#10898,#10905),.PCURVE_S1.);
#10894 = LINE('',#10895,#10896);
#10895 = CARTESIAN_POINT('',(184.305,105.00302648362,16.433443998149));
#10896 = VECTOR('',#10897,1.);
#10897 = DIRECTION('',(-1.,1.110223024625E-16,0.));
#10898 = PCURVE('',#7605,#10899);
#10899 = DEFINITIONAL_REPRESENTATION('',(#10900),#10904);
#10900 = LINE('',#10901,#10902);
#10901 = CARTESIAN_POINT('',(97.24,11.77));
#10902 = VECTOR('',#10903,1.);
#10903 = DIRECTION('',(0.,1.));
#10904 = ( GEOMETRIC_REPRESENTATION_CONTEXT(2) 
PARAMETRIC_REPRESENTATION_CONTEXT() REPRESENTATION_CONTEXT('2D SPACE',''
  ) );
#10905 = PCURVE('',#10906,#10911);
#10906 = PLANE('',#10907);
#10907 = AXIS2_PLACEMENT_3D('',#10908,#10909,#10910);
#10908 = CARTESIAN_POINT('',(184.305,105.00302648362,15.233443998149));
#10909 = DIRECTION('',(1.110223024625E-16,1.,0.));
#10910 = DIRECTION('',(0.,0.,1.));
#10911 = DEFINITIONAL_REPRESENTATION('',(#10912),#10916);
#10912 = LINE('',#10913,#10914);
#10913 = CARTESIAN_POINT('',(1.2,0.));
#10914 = VECTOR('',#10915,1.);
#10915 = DIRECTION('',(0.,-1.));
#10916 = ( GEOMETRIC_REPRESENTATION_CONTEXT(2) 
PARAMETRIC_REPRESENTATION_CONTEXT() REPRESENTATION_CONTEXT('2D SPACE',''
  ) );
#10917 = ORIENTED_EDGE('',*,*,#10918,.F.);
#10918 = EDGE_CURVE('',#10833,#10891,#10919,.T.);
#10919 = SURFACE_CURVE('',#10920,(#10924,#10931),.PCURVE_S1.);
#10920 = LINE('',#10921,#10922);
#10921 = CARTESIAN_POINT('',(184.305,14.403026483627,16.433443998149));
#10922 = VECTOR('',#10923,1.);
#10923 = DIRECTION('',(1.110223024625E-16,1.,0.));
#10924 = PCURVE('',#7605,#10925);
#10925 = DEFINITIONAL_REPRESENTATION('',(#10926),#10930);
#10926 = LINE('',#10927,#10928);
#10927 = CARTESIAN_POINT('',(6.64,11.77));
#10928 = VECTOR('',#10929,1.);
#10929 = DIRECTION('',(1.,0.));
#10930 = ( GEOMETRIC_REPRESENTATION_CONTEXT(2) 
PARAMETRIC_REPRESENTATION_CONTEXT() REPRESENTATION_CONTEXT('2D SPACE',''
  ) );
#10931 = PCURVE('',#10932,#10937);
#10932 = PLANE('',#10933);
#10933 = AXIS2_PLACEMENT_3D('',#10934,#10935,#10936);
#10934 = CARTESIAN_POINT('',(184.305,14.403026483627,15.233443998149));
#10935 = DIRECTION('',(-1.,1.110223024625E-16,0.));
#10936 = DIRECTION('',(0.,0.,1.));
#10937 = DEFINITIONAL_REPRESENTATION('',(#10938),#10942);
#10938 = LINE('',#10939,#10940);
#10939 = CARTESIAN_POINT('',(1.2,0.));
#10940 = VECTOR('',#10941,1.);
#10941 = DIRECTION('',(0.,1.));
#10942 = ( GEOMETRIC_REPRESENTATION_CONTEXT(2) 
PARAMETRIC_REPRESENTATION_CONTEXT() REPRESENTATION_CONTEXT('2D SPACE',''
  ) );
#10943 = ADVANCED_FACE('',(#10944),#7577,.F.);
#10944 = FACE_BOUND('',#10945,.F.);
#10945 = EDGE_LOOP('',(#10946,#10947,#10968,#10969));
#10946 = ORIENTED_EDGE('',*,*,#10694,.F.);
#10947 = ORIENTED_EDGE('',*,*,#10948,.T.);
#10948 = EDGE_CURVE('',#10695,#8178,#10949,.T.);
#10949 = SURFACE_CURVE('',#10950,(#10954,#10961),.PCURVE_S1.);
#10950 = LINE('',#10951,#10952);
#10951 = CARTESIAN_POINT('',(145.7,123.03302648362,16.433443998149));
#10952 = VECTOR('',#10953,1.);
#10953 = DIRECTION('',(0.,0.,1.));
#10954 = PCURVE('',#7577,#10955);
#10955 = DEFINITIONAL_REPRESENTATION('',(#10956),#10960);
#10956 = LINE('',#10957,#10958);
#10957 = CARTESIAN_POINT('',(0.,1.9));
#10958 = VECTOR('',#10959,1.);
#10959 = DIRECTION('',(1.,0.));
#10960 = ( GEOMETRIC_REPRESENTATION_CONTEXT(2) 
PARAMETRIC_REPRESENTATION_CONTEXT() REPRESENTATION_CONTEXT('2D SPACE',''
  ) );
#10961 = PCURVE('',#8193,#10962);
#10962 = DEFINITIONAL_REPRESENTATION('',(#10963),#10967);
#10963 = LINE('',#10964,#10965);
#10964 = CARTESIAN_POINT('',(0.,-45.575));
#10965 = VECTOR('',#10966,1.);
#10966 = DIRECTION('',(1.,0.));
#10967 = ( GEOMETRIC_REPRESENTATION_CONTEXT(2) 
PARAMETRIC_REPRESENTATION_CONTEXT() REPRESENTATION_CONTEXT('2D SPACE',''
  ) );
#10968 = ORIENTED_EDGE('',*,*,#8205,.F.);
#10969 = ORIENTED_EDGE('',*,*,#7561,.F.);
#10970 = ADVANCED_FACE('',(#10971),#8193,.F.);
#10971 = FACE_BOUND('',#10972,.F.);
#10972 = EDGE_LOOP('',(#10973,#10974,#10975,#10996));
#10973 = ORIENTED_EDGE('',*,*,#10948,.F.);
#10974 = ORIENTED_EDGE('',*,*,#10717,.T.);
#10975 = ORIENTED_EDGE('',*,*,#10976,.T.);
#10976 = EDGE_CURVE('',#10718,#8150,#10977,.T.);
#10977 = SURFACE_CURVE('',#10978,(#10982,#10989),.PCURVE_S1.);
#10978 = LINE('',#10979,#10980);
#10979 = CARTESIAN_POINT('',(112.125,123.03302648362,16.433443998149));
#10980 = VECTOR('',#10981,1.);
#10981 = DIRECTION('',(0.,0.,1.));
#10982 = PCURVE('',#8193,#10983);
#10983 = DEFINITIONAL_REPRESENTATION('',(#10984),#10988);
#10984 = LINE('',#10985,#10986);
#10985 = CARTESIAN_POINT('',(0.,-79.15));
#10986 = VECTOR('',#10987,1.);
#10987 = DIRECTION('',(1.,0.));
#10988 = ( GEOMETRIC_REPRESENTATION_CONTEXT(2) 
PARAMETRIC_REPRESENTATION_CONTEXT() REPRESENTATION_CONTEXT('2D SPACE',''
  ) );
#10989 = PCURVE('',#8165,#10990);
#10990 = DEFINITIONAL_REPRESENTATION('',(#10991),#10995);
#10991 = LINE('',#10992,#10993);
#10992 = CARTESIAN_POINT('',(0.,113.67));
#10993 = VECTOR('',#10994,1.);
#10994 = DIRECTION('',(1.,0.));
#10995 = ( GEOMETRIC_REPRESENTATION_CONTEXT(2) 
PARAMETRIC_REPRESENTATION_CONTEXT() REPRESENTATION_CONTEXT('2D SPACE',''
  ) );
#10996 = ORIENTED_EDGE('',*,*,#8177,.T.);
#10997 = ADVANCED_FACE('',(#10998),#8165,.F.);
#10998 = FACE_BOUND('',#10999,.F.);
#10999 = EDGE_LOOP('',(#11000,#11001,#11022,#11023));
#11000 = ORIENTED_EDGE('',*,*,#10740,.F.);
#11001 = ORIENTED_EDGE('',*,*,#11002,.F.);
#11002 = EDGE_CURVE('',#8122,#10741,#11003,.T.);
#11003 = SURFACE_CURVE('',#11004,(#11008,#11015),.PCURVE_S1.);
#11004 = LINE('',#11005,#11006);
#11005 = CARTESIAN_POINT('',(112.125,104.89302648362,16.433443998149));
#11006 = VECTOR('',#11007,1.);
#11007 = DIRECTION('',(0.,0.,-1.));
#11008 = PCURVE('',#8165,#11009);
#11009 = DEFINITIONAL_REPRESENTATION('',(#11010),#11014);
#11010 = LINE('',#11011,#11012);
#11011 = CARTESIAN_POINT('',(0.,95.53));
#11012 = VECTOR('',#11013,1.);
#11013 = DIRECTION('',(-1.,0.));
#11014 = ( GEOMETRIC_REPRESENTATION_CONTEXT(2) 
PARAMETRIC_REPRESENTATION_CONTEXT() REPRESENTATION_CONTEXT('2D SPACE',''
  ) );
#11015 = PCURVE('',#8137,#11016);
#11016 = DEFINITIONAL_REPRESENTATION('',(#11017),#11021);
#11017 = LINE('',#11018,#11019);
#11018 = CARTESIAN_POINT('',(0.,-1.));
#11019 = VECTOR('',#11020,1.);
#11020 = DIRECTION('',(-1.,0.));
#11021 = ( GEOMETRIC_REPRESENTATION_CONTEXT(2) 
PARAMETRIC_REPRESENTATION_CONTEXT() REPRESENTATION_CONTEXT('2D SPACE',''
  ) );
#11022 = ORIENTED_EDGE('',*,*,#8149,.T.);
#11023 = ORIENTED_EDGE('',*,*,#10976,.F.);
#11024 = ADVANCED_FACE('',(#11025),#8137,.F.);
#11025 = FACE_BOUND('',#11026,.F.);
#11026 = EDGE_LOOP('',(#11027,#11028,#11029,#11050));
#11027 = ORIENTED_EDGE('',*,*,#11002,.T.);
#11028 = ORIENTED_EDGE('',*,*,#10763,.T.);
#11029 = ORIENTED_EDGE('',*,*,#11030,.T.);
#11030 = EDGE_CURVE('',#10764,#8094,#11031,.T.);
#11031 = SURFACE_CURVE('',#11032,(#11036,#11043),.PCURVE_S1.);
#11032 = LINE('',#11033,#11034);
#11033 = CARTESIAN_POINT('',(109.375,104.89302648362,16.433443998149));
#11034 = VECTOR('',#11035,1.);
#11035 = DIRECTION('',(0.,0.,1.));
#11036 = PCURVE('',#8137,#11037);
#11037 = DEFINITIONAL_REPRESENTATION('',(#11038),#11042);
#11038 = LINE('',#11039,#11040);
#11039 = CARTESIAN_POINT('',(0.,-3.75));
#11040 = VECTOR('',#11041,1.);
#11041 = DIRECTION('',(1.,0.));
#11042 = ( GEOMETRIC_REPRESENTATION_CONTEXT(2) 
PARAMETRIC_REPRESENTATION_CONTEXT() REPRESENTATION_CONTEXT('2D SPACE',''
  ) );
#11043 = PCURVE('',#8109,#11044);
#11044 = DEFINITIONAL_REPRESENTATION('',(#11045),#11049);
#11045 = LINE('',#11046,#11047);
#11046 = CARTESIAN_POINT('',(0.,14.));
#11047 = VECTOR('',#11048,1.);
#11048 = DIRECTION('',(1.,0.));
#11049 = ( GEOMETRIC_REPRESENTATION_CONTEXT(2) 
PARAMETRIC_REPRESENTATION_CONTEXT() REPRESENTATION_CONTEXT('2D SPACE',''
  ) );
#11050 = ORIENTED_EDGE('',*,*,#8121,.F.);
#11051 = ADVANCED_FACE('',(#11052),#8109,.F.);
#11052 = FACE_BOUND('',#11053,.F.);
#11053 = EDGE_LOOP('',(#11054,#11055,#11056,#11077));
#11054 = ORIENTED_EDGE('',*,*,#11030,.F.);
#11055 = ORIENTED_EDGE('',*,*,#10786,.F.);
#11056 = ORIENTED_EDGE('',*,*,#11057,.T.);
#11057 = EDGE_CURVE('',#10787,#8066,#11058,.T.);
#11058 = SURFACE_CURVE('',#11059,(#11063,#11070),.PCURVE_S1.);
#11059 = LINE('',#11060,#11061);
#11060 = CARTESIAN_POINT('',(109.375,90.893026483627,16.433443998149));
#11061 = VECTOR('',#11062,1.);
#11062 = DIRECTION('',(0.,0.,1.));
#11063 = PCURVE('',#8109,#11064);
#11064 = DEFINITIONAL_REPRESENTATION('',(#11065),#11069);
#11065 = LINE('',#11066,#11067);
#11066 = CARTESIAN_POINT('',(0.,0.));
#11067 = VECTOR('',#11068,1.);
#11068 = DIRECTION('',(1.,0.));
#11069 = ( GEOMETRIC_REPRESENTATION_CONTEXT(2) 
PARAMETRIC_REPRESENTATION_CONTEXT() REPRESENTATION_CONTEXT('2D SPACE',''
  ) );
#11070 = PCURVE('',#8081,#11071);
#11071 = DEFINITIONAL_REPRESENTATION('',(#11072),#11076);
#11072 = LINE('',#11073,#11074);
#11073 = CARTESIAN_POINT('',(0.,-3.75));
#11074 = VECTOR('',#11075,1.);
#11075 = DIRECTION('',(1.,0.));
#11076 = ( GEOMETRIC_REPRESENTATION_CONTEXT(2) 
PARAMETRIC_REPRESENTATION_CONTEXT() REPRESENTATION_CONTEXT('2D SPACE',''
  ) );
#11077 = ORIENTED_EDGE('',*,*,#8093,.F.);
#11078 = ADVANCED_FACE('',(#11079),#8081,.T.);
#11079 = FACE_BOUND('',#11080,.T.);
#11080 = EDGE_LOOP('',(#11081,#11102,#11103,#11104));
#11081 = ORIENTED_EDGE('',*,*,#11082,.T.);
#11082 = EDGE_CURVE('',#8038,#10465,#11083,.T.);
#11083 = SURFACE_CURVE('',#11084,(#11088,#11095),.PCURVE_S1.);
#11084 = LINE('',#11085,#11086);
#11085 = CARTESIAN_POINT('',(112.125,90.893026483627,16.433443998149));
#11086 = VECTOR('',#11087,1.);
#11087 = DIRECTION('',(0.,0.,-1.));
#11088 = PCURVE('',#8081,#11089);
#11089 = DEFINITIONAL_REPRESENTATION('',(#11090),#11094);
#11090 = LINE('',#11091,#11092);
#11091 = CARTESIAN_POINT('',(0.,-1.));
#11092 = VECTOR('',#11093,1.);
#11093 = DIRECTION('',(-1.,0.));
#11094 = ( GEOMETRIC_REPRESENTATION_CONTEXT(2) 
PARAMETRIC_REPRESENTATION_CONTEXT() REPRESENTATION_CONTEXT('2D SPACE',''
  ) );
#11095 = PCURVE('',#8053,#11096);
#11096 = DEFINITIONAL_REPRESENTATION('',(#11097),#11101);
#11097 = LINE('',#11098,#11099);
#11098 = CARTESIAN_POINT('',(0.,81.53));
#11099 = VECTOR('',#11100,1.);
#11100 = DIRECTION('',(-1.,0.));
#11101 = ( GEOMETRIC_REPRESENTATION_CONTEXT(2) 
PARAMETRIC_REPRESENTATION_CONTEXT() REPRESENTATION_CONTEXT('2D SPACE',''
  ) );
#11102 = ORIENTED_EDGE('',*,*,#10809,.T.);
#11103 = ORIENTED_EDGE('',*,*,#11057,.T.);
#11104 = ORIENTED_EDGE('',*,*,#8065,.F.);
#11105 = ADVANCED_FACE('',(#11106),#8053,.F.);
#11106 = FACE_BOUND('',#11107,.F.);
#11107 = EDGE_LOOP('',(#11108,#11109,#11110));
#11108 = ORIENTED_EDGE('',*,*,#10464,.F.);
#11109 = ORIENTED_EDGE('',*,*,#8037,.T.);
#11110 = ORIENTED_EDGE('',*,*,#11082,.T.);
#11111 = ADVANCED_FACE('',(#11112),#8002,.T.);
#11112 = FACE_BOUND('',#11113,.T.);
#11113 = EDGE_LOOP('',(#11114,#11115,#11116));
#11114 = ORIENTED_EDGE('',*,*,#10488,.F.);
#11115 = ORIENTED_EDGE('',*,*,#7986,.F.);
#11116 = ORIENTED_EDGE('',*,*,#11117,.T.);
#11117 = EDGE_CURVE('',#7959,#10489,#11118,.T.);
#11118 = SURFACE_CURVE('',#11119,(#11123,#11130),.PCURVE_S1.);
#11119 = LINE('',#11120,#11121);
#11120 = CARTESIAN_POINT('',(112.525,9.763026483627,3.2));
#11121 = VECTOR('',#11122,1.);
#11122 = DIRECTION('',(0.,0.,1.));
#11123 = PCURVE('',#8002,#11124);
#11124 = DEFINITIONAL_REPRESENTATION('',(#11125),#11129);
#11125 = LINE('',#11126,#11127);
#11126 = CARTESIAN_POINT('',(0.,0.));
#11127 = VECTOR('',#11128,1.);
#11128 = DIRECTION('',(1.,0.));
#11129 = ( GEOMETRIC_REPRESENTATION_CONTEXT(2) 
PARAMETRIC_REPRESENTATION_CONTEXT() REPRESENTATION_CONTEXT('2D SPACE',''
  ) );
#11130 = PCURVE('',#7974,#11131);
#11131 = DEFINITIONAL_REPRESENTATION('',(#11132),#11136);
#11132 = LINE('',#11133,#11134);
#11133 = CARTESIAN_POINT('',(0.,-78.35));
#11134 = VECTOR('',#11135,1.);
#11135 = DIRECTION('',(1.,0.));
#11136 = ( GEOMETRIC_REPRESENTATION_CONTEXT(2) 
PARAMETRIC_REPRESENTATION_CONTEXT() REPRESENTATION_CONTEXT('2D SPACE',''
  ) );
#11137 = ADVANCED_FACE('',(#11138),#7974,.F.);
#11138 = FACE_BOUND('',#11139,.F.);
#11139 = EDGE_LOOP('',(#11140,#11161,#11162,#11163));
#11140 = ORIENTED_EDGE('',*,*,#11141,.F.);
#11141 = EDGE_CURVE('',#7931,#10512,#11142,.T.);
#11142 = SURFACE_CURVE('',#11143,(#11147,#11154),.PCURVE_S1.);
#11143 = LINE('',#11144,#11145);
#11144 = CARTESIAN_POINT('',(190.875,9.763026483627,3.2));
#11145 = VECTOR('',#11146,1.);
#11146 = DIRECTION('',(0.,0.,1.));
#11147 = PCURVE('',#7974,#11148);
#11148 = DEFINITIONAL_REPRESENTATION('',(#11149),#11153);
#11149 = LINE('',#11150,#11151);
#11150 = CARTESIAN_POINT('',(0.,0.));
#11151 = VECTOR('',#11152,1.);
#11152 = DIRECTION('',(1.,0.));
#11153 = ( GEOMETRIC_REPRESENTATION_CONTEXT(2) 
PARAMETRIC_REPRESENTATION_CONTEXT() REPRESENTATION_CONTEXT('2D SPACE',''
  ) );
#11154 = PCURVE('',#7946,#11155);
#11155 = DEFINITIONAL_REPRESENTATION('',(#11156),#11160);
#11156 = LINE('',#11157,#11158);
#11157 = CARTESIAN_POINT('',(0.,0.));
#11158 = VECTOR('',#11159,1.);
#11159 = DIRECTION('',(1.,0.));
#11160 = ( GEOMETRIC_REPRESENTATION_CONTEXT(2) 
PARAMETRIC_REPRESENTATION_CONTEXT() REPRESENTATION_CONTEXT('2D SPACE',''
  ) );
#11161 = ORIENTED_EDGE('',*,*,#7958,.F.);
#11162 = ORIENTED_EDGE('',*,*,#11117,.T.);
#11163 = ORIENTED_EDGE('',*,*,#10511,.F.);
#11164 = ADVANCED_FACE('',(#11165),#7946,.F.);
#11165 = FACE_BOUND('',#11166,.F.);
#11166 = EDGE_LOOP('',(#11167,#11168,#11169));
#11167 = ORIENTED_EDGE('',*,*,#10534,.F.);
#11168 = ORIENTED_EDGE('',*,*,#7930,.F.);
#11169 = ORIENTED_EDGE('',*,*,#11141,.T.);
#11170 = ADVANCED_FACE('',(#11171),#7895,.T.);
#11171 = FACE_BOUND('',#11172,.T.);
#11172 = EDGE_LOOP('',(#11173,#11174,#11175));
#11173 = ORIENTED_EDGE('',*,*,#10556,.F.);
#11174 = ORIENTED_EDGE('',*,*,#7879,.T.);
#11175 = ORIENTED_EDGE('',*,*,#11176,.T.);
#11176 = EDGE_CURVE('',#7852,#10557,#11177,.T.);
#11177 = SURFACE_CURVE('',#11178,(#11182,#11189),.PCURVE_S1.);
#11178 = LINE('',#11179,#11180);
#11179 = CARTESIAN_POINT('',(191.275,90.893026483627,16.433443998149));
#11180 = VECTOR('',#11181,1.);
#11181 = DIRECTION('',(0.,0.,-1.));
#11182 = PCURVE('',#7895,#11183);
#11183 = DEFINITIONAL_REPRESENTATION('',(#11184),#11188);
#11184 = LINE('',#11185,#11186);
#11185 = CARTESIAN_POINT('',(0.,81.53));
#11186 = VECTOR('',#11187,1.);
#11187 = DIRECTION('',(-1.,0.));
#11188 = ( GEOMETRIC_REPRESENTATION_CONTEXT(2) 
PARAMETRIC_REPRESENTATION_CONTEXT() REPRESENTATION_CONTEXT('2D SPACE',''
  ) );
#11189 = PCURVE('',#7867,#11190);
#11190 = DEFINITIONAL_REPRESENTATION('',(#11191),#11195);
#11191 = LINE('',#11192,#11193);
#11192 = CARTESIAN_POINT('',(0.,-2.75));
#11193 = VECTOR('',#11194,1.);
#11194 = DIRECTION('',(-1.,0.));
#11195 = ( GEOMETRIC_REPRESENTATION_CONTEXT(2) 
PARAMETRIC_REPRESENTATION_CONTEXT() REPRESENTATION_CONTEXT('2D SPACE',''
  ) );
#11196 = ADVANCED_FACE('',(#11197),#7867,.T.);
#11197 = FACE_BOUND('',#11198,.T.);
#11198 = EDGE_LOOP('',(#11199,#11220,#11221,#11222));
#11199 = ORIENTED_EDGE('',*,*,#11200,.F.);
#11200 = EDGE_CURVE('',#10580,#7824,#11201,.T.);
#11201 = SURFACE_CURVE('',#11202,(#11206,#11213),.PCURVE_S1.);
#11202 = LINE('',#11203,#11204);
#11203 = CARTESIAN_POINT('',(194.025,90.893026483627,16.433443998149));
#11204 = VECTOR('',#11205,1.);
#11205 = DIRECTION('',(0.,0.,1.));
#11206 = PCURVE('',#7867,#11207);
#11207 = DEFINITIONAL_REPRESENTATION('',(#11208),#11212);
#11208 = LINE('',#11209,#11210);
#11209 = CARTESIAN_POINT('',(0.,0.));
#11210 = VECTOR('',#11211,1.);
#11211 = DIRECTION('',(1.,0.));
#11212 = ( GEOMETRIC_REPRESENTATION_CONTEXT(2) 
PARAMETRIC_REPRESENTATION_CONTEXT() REPRESENTATION_CONTEXT('2D SPACE',''
  ) );
#11213 = PCURVE('',#7839,#11214);
#11214 = DEFINITIONAL_REPRESENTATION('',(#11215),#11219);
#11215 = LINE('',#11216,#11217);
#11216 = CARTESIAN_POINT('',(0.,0.));
#11217 = VECTOR('',#11218,1.);
#11218 = DIRECTION('',(1.,0.));
#11219 = ( GEOMETRIC_REPRESENTATION_CONTEXT(2) 
PARAMETRIC_REPRESENTATION_CONTEXT() REPRESENTATION_CONTEXT('2D SPACE',''
  ) );
#11220 = ORIENTED_EDGE('',*,*,#10579,.T.);
#11221 = ORIENTED_EDGE('',*,*,#11176,.F.);
#11222 = ORIENTED_EDGE('',*,*,#7851,.F.);
#11223 = ADVANCED_FACE('',(#11224),#7839,.T.);
#11224 = FACE_BOUND('',#11225,.T.);
#11225 = EDGE_LOOP('',(#11226,#11247,#11248,#11249));
#11226 = ORIENTED_EDGE('',*,*,#11227,.F.);
#11227 = EDGE_CURVE('',#10603,#7796,#11228,.T.);
#11228 = SURFACE_CURVE('',#11229,(#11233,#11240),.PCURVE_S1.);
#11229 = LINE('',#11230,#11231);
#11230 = CARTESIAN_POINT('',(194.025,104.89302648362,16.433443998149));
#11231 = VECTOR('',#11232,1.);
#11232 = DIRECTION('',(0.,0.,1.));
#11233 = PCURVE('',#7839,#11234);
#11234 = DEFINITIONAL_REPRESENTATION('',(#11235),#11239);
#11235 = LINE('',#11236,#11237);
#11236 = CARTESIAN_POINT('',(0.,14.));
#11237 = VECTOR('',#11238,1.);
#11238 = DIRECTION('',(1.,0.));
#11239 = ( GEOMETRIC_REPRESENTATION_CONTEXT(2) 
PARAMETRIC_REPRESENTATION_CONTEXT() REPRESENTATION_CONTEXT('2D SPACE',''
  ) );
#11240 = PCURVE('',#7811,#11241);
#11241 = DEFINITIONAL_REPRESENTATION('',(#11242),#11246);
#11242 = LINE('',#11243,#11244);
#11243 = CARTESIAN_POINT('',(0.,0.));
#11244 = VECTOR('',#11245,1.);
#11245 = DIRECTION('',(1.,0.));
#11246 = ( GEOMETRIC_REPRESENTATION_CONTEXT(2) 
PARAMETRIC_REPRESENTATION_CONTEXT() REPRESENTATION_CONTEXT('2D SPACE',''
  ) );
#11247 = ORIENTED_EDGE('',*,*,#10602,.F.);
#11248 = ORIENTED_EDGE('',*,*,#11200,.T.);
#11249 = ORIENTED_EDGE('',*,*,#7823,.F.);
#11250 = ADVANCED_FACE('',(#11251),#7811,.F.);
#11251 = FACE_BOUND('',#11252,.F.);
#11252 = EDGE_LOOP('',(#11253,#11254,#11255,#11276));
#11253 = ORIENTED_EDGE('',*,*,#11227,.F.);
#11254 = ORIENTED_EDGE('',*,*,#10625,.T.);
#11255 = ORIENTED_EDGE('',*,*,#11256,.F.);
#11256 = EDGE_CURVE('',#7768,#10626,#11257,.T.);
#11257 = SURFACE_CURVE('',#11258,(#11262,#11269),.PCURVE_S1.);
#11258 = LINE('',#11259,#11260);
#11259 = CARTESIAN_POINT('',(191.275,104.89302648362,16.433443998149));
#11260 = VECTOR('',#11261,1.);
#11261 = DIRECTION('',(0.,0.,-1.));
#11262 = PCURVE('',#7811,#11263);
#11263 = DEFINITIONAL_REPRESENTATION('',(#11264),#11268);
#11264 = LINE('',#11265,#11266);
#11265 = CARTESIAN_POINT('',(0.,-2.75));
#11266 = VECTOR('',#11267,1.);
#11267 = DIRECTION('',(-1.,0.));
#11268 = ( GEOMETRIC_REPRESENTATION_CONTEXT(2) 
PARAMETRIC_REPRESENTATION_CONTEXT() REPRESENTATION_CONTEXT('2D SPACE',''
  ) );
#11269 = PCURVE('',#7783,#11270);
#11270 = DEFINITIONAL_REPRESENTATION('',(#11271),#11275);
#11271 = LINE('',#11272,#11273);
#11272 = CARTESIAN_POINT('',(0.,95.53));
#11273 = VECTOR('',#11274,1.);
#11274 = DIRECTION('',(-1.,0.));
#11275 = ( GEOMETRIC_REPRESENTATION_CONTEXT(2) 
PARAMETRIC_REPRESENTATION_CONTEXT() REPRESENTATION_CONTEXT('2D SPACE',''
  ) );
#11276 = ORIENTED_EDGE('',*,*,#7795,.F.);
#11277 = ADVANCED_FACE('',(#11278),#7783,.T.);
#11278 = FACE_BOUND('',#11279,.T.);
#11279 = EDGE_LOOP('',(#11280,#11281,#11282,#11283));
#11280 = ORIENTED_EDGE('',*,*,#10648,.F.);
#11281 = ORIENTED_EDGE('',*,*,#11256,.F.);
#11282 = ORIENTED_EDGE('',*,*,#7767,.T.);
#11283 = ORIENTED_EDGE('',*,*,#11284,.F.);
#11284 = EDGE_CURVE('',#10649,#7740,#11285,.T.);
#11285 = SURFACE_CURVE('',#11286,(#11290,#11297),.PCURVE_S1.);
#11286 = LINE('',#11287,#11288);
#11287 = CARTESIAN_POINT('',(191.275,123.03302648362,16.433443998149));
#11288 = VECTOR('',#11289,1.);
#11289 = DIRECTION('',(0.,0.,1.));
#11290 = PCURVE('',#7783,#11291);
#11291 = DEFINITIONAL_REPRESENTATION('',(#11292),#11296);
#11292 = LINE('',#11293,#11294);
#11293 = CARTESIAN_POINT('',(0.,113.67));
#11294 = VECTOR('',#11295,1.);
#11295 = DIRECTION('',(1.,0.));
#11296 = ( GEOMETRIC_REPRESENTATION_CONTEXT(2) 
PARAMETRIC_REPRESENTATION_CONTEXT() REPRESENTATION_CONTEXT('2D SPACE',''
  ) );
#11297 = PCURVE('',#7755,#11298);
#11298 = DEFINITIONAL_REPRESENTATION('',(#11299),#11303);
#11299 = LINE('',#11300,#11301);
#11300 = CARTESIAN_POINT('',(0.,0.));
#11301 = VECTOR('',#11302,1.);
#11302 = DIRECTION('',(1.,0.));
#11303 = ( GEOMETRIC_REPRESENTATION_CONTEXT(2) 
PARAMETRIC_REPRESENTATION_CONTEXT() REPRESENTATION_CONTEXT('2D SPACE',''
  ) );
#11304 = ADVANCED_FACE('',(#11305),#7755,.F.);
#11305 = FACE_BOUND('',#11306,.F.);
#11306 = EDGE_LOOP('',(#11307,#11308,#11309,#11310));
#11307 = ORIENTED_EDGE('',*,*,#11284,.F.);
#11308 = ORIENTED_EDGE('',*,*,#10671,.T.);
#11309 = ORIENTED_EDGE('',*,*,#10438,.T.);
#11310 = ORIENTED_EDGE('',*,*,#7739,.T.);
#11311 = ADVANCED_FACE('',(#11312,#11315),#8348,.F.);
#11312 = FACE_BOUND('',#11313,.F.);
#11313 = EDGE_LOOP('',(#11314));
#11314 = ORIENTED_EDGE('',*,*,#8333,.T.);
#11315 = FACE_BOUND('',#11316,.F.);
#11316 = EDGE_LOOP('',(#11317));
#11317 = ORIENTED_EDGE('',*,*,#11318,.F.);
#11318 = EDGE_CURVE('',#11319,#11319,#11321,.T.);
#11319 = VERTEX_POINT('',#11320);
#11320 = CARTESIAN_POINT('',(19.8,15.,0.5));
#11321 = SURFACE_CURVE('',#11322,(#11327,#11334),.PCURVE_S1.);
#11322 = CIRCLE('',#11323,4.8);
#11323 = AXIS2_PLACEMENT_3D('',#11324,#11325,#11326);
#11324 = CARTESIAN_POINT('',(15.,15.,0.5));
#11325 = DIRECTION('',(0.,0.,1.));
#11326 = DIRECTION('',(1.,0.,0.));
#11327 = PCURVE('',#8348,#11328);
#11328 = DEFINITIONAL_REPRESENTATION('',(#11329),#11333);
#11329 = CIRCLE('',#11330,4.8);
#11330 = AXIS2_PLACEMENT_2D('',#11331,#11332);
#11331 = CARTESIAN_POINT('',(2.84217094304E-14,0.));
#11332 = DIRECTION('',(1.,0.));
#11333 = ( GEOMETRIC_REPRESENTATION_CONTEXT(2) 
PARAMETRIC_REPRESENTATION_CONTEXT() REPRESENTATION_CONTEXT('2D SPACE',''
  ) );
#11334 = PCURVE('',#11335,#11340);
#11335 = CYLINDRICAL_SURFACE('',#11336,4.8);
#11336 = AXIS2_PLACEMENT_3D('',#11337,#11338,#11339);
#11337 = CARTESIAN_POINT('',(15.,15.,0.));
#11338 = DIRECTION('',(-0.,-0.,-1.));
#11339 = DIRECTION('',(1.,0.,0.));
#11340 = DEFINITIONAL_REPRESENTATION('',(#11341),#11345);
#11341 = LINE('',#11342,#11343);
#11342 = CARTESIAN_POINT('',(-0.,-0.5));
#11343 = VECTOR('',#11344,1.);
#11344 = DIRECTION('',(-1.,0.));
#11345 = ( GEOMETRIC_REPRESENTATION_CONTEXT(2) 
PARAMETRIC_REPRESENTATION_CONTEXT() REPRESENTATION_CONTEXT('2D SPACE',''
  ) );
#11346 = ADVANCED_FACE('',(#11347,#11350),#8404,.F.);
#11347 = FACE_BOUND('',#11348,.F.);
#11348 = EDGE_LOOP('',(#11349));
#11349 = ORIENTED_EDGE('',*,*,#8389,.T.);
#11350 = FACE_BOUND('',#11351,.F.);
#11351 = EDGE_LOOP('',(#11352));
#11352 = ORIENTED_EDGE('',*,*,#11353,.T.);
#11353 = EDGE_CURVE('',#11354,#11354,#11356,.T.);
#11354 = VERTEX_POINT('',#11355);
#11355 = CARTESIAN_POINT('',(102.93,20.,4.7));
#11356 = SURFACE_CURVE('',#11357,(#11362,#11373),.PCURVE_S1.);
#11357 = CIRCLE('',#11358,1.8);
#11358 = AXIS2_PLACEMENT_3D('',#11359,#11360,#11361);
#11359 = CARTESIAN_POINT('',(101.13,20.,4.7));
#11360 = DIRECTION('',(0.,0.,-1.));
#11361 = DIRECTION('',(1.,0.,0.));
#11362 = PCURVE('',#8404,#11363);
#11363 = DEFINITIONAL_REPRESENTATION('',(#11364),#11372);
#11364 = ( BOUNDED_CURVE() B_SPLINE_CURVE(2,(#11365,#11366,#11367,#11368
    ,#11369,#11370,#11371),.UNSPECIFIED.,.T.,.F.) 
B_SPLINE_CURVE_WITH_KNOTS((1,2,2,2,2,1),(-2.094395102393,0.,
    2.094395102393,4.188790204786,6.28318530718,8.377580409573),
.UNSPECIFIED.) CURVE() GEOMETRIC_REPRESENTATION_ITEM() 
RATIONAL_B_SPLINE_CURVE((1.,0.5,1.,0.5,1.,0.5,1.)) REPRESENTATION_ITEM(
  '') );
#11365 = CARTESIAN_POINT('',(1.8,0.));
#11366 = CARTESIAN_POINT('',(1.8,-3.117691453624));
#11367 = CARTESIAN_POINT('',(-0.9,-1.558845726812));
#11368 = CARTESIAN_POINT('',(-3.6,-4.40872847693E-16));
#11369 = CARTESIAN_POINT('',(-0.9,1.558845726812));
#11370 = CARTESIAN_POINT('',(1.8,3.117691453624));
#11371 = CARTESIAN_POINT('',(1.8,0.));
#11372 = ( GEOMETRIC_REPRESENTATION_CONTEXT(2) 
PARAMETRIC_REPRESENTATION_CONTEXT() REPRESENTATION_CONTEXT('2D SPACE',''
  ) );
#11373 = PCURVE('',#11374,#11379);
#11374 = CYLINDRICAL_SURFACE('',#11375,1.8);
#11375 = AXIS2_PLACEMENT_3D('',#11376,#11377,#11378);
#11376 = CARTESIAN_POINT('',(101.13,20.,-5.));
#11377 = DIRECTION('',(-0.,-0.,-1.));
#11378 = DIRECTION('',(1.,0.,0.));
#11379 = DEFINITIONAL_REPRESENTATION('',(#11380),#11384);
#11380 = LINE('',#11381,#11382);
#11381 = CARTESIAN_POINT('',(-6.28318530718,-9.7));
#11382 = VECTOR('',#11383,1.);
#11383 = DIRECTION('',(1.,-0.));
#11384 = ( GEOMETRIC_REPRESENTATION_CONTEXT(2) 
PARAMETRIC_REPRESENTATION_CONTEXT() REPRESENTATION_CONTEXT('2D SPACE',''
  ) );
#11385 = ADVANCED_FACE('',(#11386,#11389),#8458,.F.);
#11386 = FACE_BOUND('',#11387,.F.);
#11387 = EDGE_LOOP('',(#11388));
#11388 = ORIENTED_EDGE('',*,*,#8443,.T.);
#11389 = FACE_BOUND('',#11390,.F.);
#11390 = EDGE_LOOP('',(#11391));
#11391 = ORIENTED_EDGE('',*,*,#11392,.F.);
#11392 = EDGE_CURVE('',#11393,#11393,#11395,.T.);
#11393 = VERTEX_POINT('',#11394);
#11394 = CARTESIAN_POINT('',(188.575,15.,0.5));
#11395 = SURFACE_CURVE('',#11396,(#11401,#11408),.PCURVE_S1.);
#11396 = CIRCLE('',#11397,4.8);
#11397 = AXIS2_PLACEMENT_3D('',#11398,#11399,#11400);
#11398 = CARTESIAN_POINT('',(183.775,15.,0.5));
#11399 = DIRECTION('',(0.,0.,1.));
#11400 = DIRECTION('',(1.,0.,0.));
#11401 = PCURVE('',#8458,#11402);
#11402 = DEFINITIONAL_REPRESENTATION('',(#11403),#11407);
#11403 = CIRCLE('',#11404,4.8);
#11404 = AXIS2_PLACEMENT_2D('',#11405,#11406);
#11405 = CARTESIAN_POINT('',(2.84217094304E-14,0.));
#11406 = DIRECTION('',(1.,0.));
#11407 = ( GEOMETRIC_REPRESENTATION_CONTEXT(2) 
PARAMETRIC_REPRESENTATION_CONTEXT() REPRESENTATION_CONTEXT('2D SPACE',''
  ) );
#11408 = PCURVE('',#11409,#11414);
#11409 = CYLINDRICAL_SURFACE('',#11410,4.8);
#11410 = AXIS2_PLACEMENT_3D('',#11411,#11412,#11413);
#11411 = CARTESIAN_POINT('',(183.775,15.,0.));
#11412 = DIRECTION('',(-0.,-0.,-1.));
#11413 = DIRECTION('',(1.,0.,0.));
#11414 = DEFINITIONAL_REPRESENTATION('',(#11415),#11419);
#11415 = LINE('',#11416,#11417);
#11416 = CARTESIAN_POINT('',(-0.,-0.5));
#11417 = VECTOR('',#11418,1.);
#11418 = DIRECTION('',(-1.,0.));
#11419 = ( GEOMETRIC_REPRESENTATION_CONTEXT(2) 
PARAMETRIC_REPRESENTATION_CONTEXT() REPRESENTATION_CONTEXT('2D SPACE',''
  ) );
#11420 = ADVANCED_FACE('',(#11421,#11424),#8514,.F.);
#11421 = FACE_BOUND('',#11422,.F.);
#11422 = EDGE_LOOP('',(#11423));
#11423 = ORIENTED_EDGE('',*,*,#8499,.T.);
#11424 = FACE_BOUND('',#11425,.F.);
#11425 = EDGE_LOOP('',(#11426));
#11426 = ORIENTED_EDGE('',*,*,#11427,.T.);
#11427 = EDGE_CURVE('',#11428,#11428,#11430,.T.);
#11428 = VERTEX_POINT('',#11429);
#11429 = CARTESIAN_POINT('',(10.3,139.,4.7));
#11430 = SURFACE_CURVE('',#11431,(#11436,#11447),.PCURVE_S1.);
#11431 = CIRCLE('',#11432,1.8);
#11432 = AXIS2_PLACEMENT_3D('',#11433,#11434,#11435);
#11433 = CARTESIAN_POINT('',(8.5,139.,4.7));
#11434 = DIRECTION('',(0.,0.,-1.));
#11435 = DIRECTION('',(1.,0.,0.));
#11436 = PCURVE('',#8514,#11437);
#11437 = DEFINITIONAL_REPRESENTATION('',(#11438),#11446);
#11438 = ( BOUNDED_CURVE() B_SPLINE_CURVE(2,(#11439,#11440,#11441,#11442
    ,#11443,#11444,#11445),.UNSPECIFIED.,.T.,.F.) 
B_SPLINE_CURVE_WITH_KNOTS((1,2,2,2,2,1),(-2.094395102393,0.,
    2.094395102393,4.188790204786,6.28318530718,8.377580409573),
.UNSPECIFIED.) CURVE() GEOMETRIC_REPRESENTATION_ITEM() 
RATIONAL_B_SPLINE_CURVE((1.,0.5,1.,0.5,1.,0.5,1.)) REPRESENTATION_ITEM(
  '') );
#11439 = CARTESIAN_POINT('',(1.8,0.));
#11440 = CARTESIAN_POINT('',(1.8,-3.117691453624));
#11441 = CARTESIAN_POINT('',(-0.9,-1.558845726812));
#11442 = CARTESIAN_POINT('',(-3.6,-4.40872847693E-16));
#11443 = CARTESIAN_POINT('',(-0.9,1.558845726812));
#11444 = CARTESIAN_POINT('',(1.8,3.117691453624));
#11445 = CARTESIAN_POINT('',(1.8,0.));
#11446 = ( GEOMETRIC_REPRESENTATION_CONTEXT(2) 
PARAMETRIC_REPRESENTATION_CONTEXT() REPRESENTATION_CONTEXT('2D SPACE',''
  ) );
#11447 = PCURVE('',#11448,#11453);
#11448 = CYLINDRICAL_SURFACE('',#11449,1.8);
#11449 = AXIS2_PLACEMENT_3D('',#11450,#11451,#11452);
#11450 = CARTESIAN_POINT('',(8.5,139.,-5.));
#11451 = DIRECTION('',(-0.,-0.,-1.));
#11452 = DIRECTION('',(1.,0.,0.));
#11453 = DEFINITIONAL_REPRESENTATION('',(#11454),#11458);
#11454 = LINE('',#11455,#11456);
#11455 = CARTESIAN_POINT('',(-6.28318530718,-9.7));
#11456 = VECTOR('',#11457,1.);
#11457 = DIRECTION('',(1.,-0.));
#11458 = ( GEOMETRIC_REPRESENTATION_CONTEXT(2) 
PARAMETRIC_REPRESENTATION_CONTEXT() REPRESENTATION_CONTEXT('2D SPACE',''
  ) );
#11459 = ADVANCED_FACE('',(#11460,#11463),#8568,.F.);
#11460 = FACE_BOUND('',#11461,.F.);
#11461 = EDGE_LOOP('',(#11462));
#11462 = ORIENTED_EDGE('',*,*,#8553,.T.);
#11463 = FACE_BOUND('',#11464,.F.);
#11464 = EDGE_LOOP('',(#11465));
#11465 = ORIENTED_EDGE('',*,*,#11466,.F.);
#11466 = EDGE_CURVE('',#11467,#11467,#11469,.T.);
#11467 = VERTEX_POINT('',#11468);
#11468 = CARTESIAN_POINT('',(34.8,142.20842373802,0.5));
#11469 = SURFACE_CURVE('',#11470,(#11475,#11482),.PCURVE_S1.);
#11470 = CIRCLE('',#11471,4.8);
#11471 = AXIS2_PLACEMENT_3D('',#11472,#11473,#11474);
#11472 = CARTESIAN_POINT('',(30.,142.20842373802,0.5));
#11473 = DIRECTION('',(0.,0.,1.));
#11474 = DIRECTION('',(1.,0.,0.));
#11475 = PCURVE('',#8568,#11476);
#11476 = DEFINITIONAL_REPRESENTATION('',(#11477),#11481);
#11477 = CIRCLE('',#11478,4.8);
#11478 = AXIS2_PLACEMENT_2D('',#11479,#11480);
#11479 = CARTESIAN_POINT('',(2.84217094304E-14,0.));
#11480 = DIRECTION('',(1.,0.));
#11481 = ( GEOMETRIC_REPRESENTATION_CONTEXT(2) 
PARAMETRIC_REPRESENTATION_CONTEXT() REPRESENTATION_CONTEXT('2D SPACE',''
  ) );
#11482 = PCURVE('',#11483,#11488);
#11483 = CYLINDRICAL_SURFACE('',#11484,4.8);
#11484 = AXIS2_PLACEMENT_3D('',#11485,#11486,#11487);
#11485 = CARTESIAN_POINT('',(30.,142.20842373802,0.));
#11486 = DIRECTION('',(-0.,-0.,-1.));
#11487 = DIRECTION('',(1.,0.,0.));
#11488 = DEFINITIONAL_REPRESENTATION('',(#11489),#11493);
#11489 = LINE('',#11490,#11491);
#11490 = CARTESIAN_POINT('',(-0.,-0.5));
#11491 = VECTOR('',#11492,1.);
#11492 = DIRECTION('',(-1.,0.));
#11493 = ( GEOMETRIC_REPRESENTATION_CONTEXT(2) 
PARAMETRIC_REPRESENTATION_CONTEXT() REPRESENTATION_CONTEXT('2D SPACE',''
  ) );
#11494 = ADVANCED_FACE('',(#11495,#11498),#8623,.F.);
#11495 = FACE_BOUND('',#11496,.F.);
#11496 = EDGE_LOOP('',(#11497));
#11497 = ORIENTED_EDGE('',*,*,#8608,.T.);
#11498 = FACE_BOUND('',#11499,.F.);
#11499 = EDGE_LOOP('',(#11500));
#11500 = ORIENTED_EDGE('',*,*,#11501,.F.);
#11501 = EDGE_CURVE('',#11502,#11502,#11504,.T.);
#11502 = VERTEX_POINT('',#11503);
#11503 = CARTESIAN_POINT('',(159.8,142.20842373802,0.5));
#11504 = SURFACE_CURVE('',#11505,(#11510,#11517),.PCURVE_S1.);
#11505 = CIRCLE('',#11506,4.8);
#11506 = AXIS2_PLACEMENT_3D('',#11507,#11508,#11509);
#11507 = CARTESIAN_POINT('',(155.,142.20842373802,0.5));
#11508 = DIRECTION('',(0.,0.,1.));
#11509 = DIRECTION('',(1.,0.,0.));
#11510 = PCURVE('',#8623,#11511);
#11511 = DEFINITIONAL_REPRESENTATION('',(#11512),#11516);
#11512 = CIRCLE('',#11513,4.8);
#11513 = AXIS2_PLACEMENT_2D('',#11514,#11515);
#11514 = CARTESIAN_POINT('',(2.84217094304E-14,0.));
#11515 = DIRECTION('',(1.,0.));
#11516 = ( GEOMETRIC_REPRESENTATION_CONTEXT(2) 
PARAMETRIC_REPRESENTATION_CONTEXT() REPRESENTATION_CONTEXT('2D SPACE',''
  ) );
#11517 = PCURVE('',#11518,#11523);
#11518 = CYLINDRICAL_SURFACE('',#11519,4.8);
#11519 = AXIS2_PLACEMENT_3D('',#11520,#11521,#11522);
#11520 = CARTESIAN_POINT('',(155.,142.20842373802,0.));
#11521 = DIRECTION('',(-0.,-0.,-1.));
#11522 = DIRECTION('',(1.,0.,0.));
#11523 = DEFINITIONAL_REPRESENTATION('',(#11524),#11528);
#11524 = LINE('',#11525,#11526);
#11525 = CARTESIAN_POINT('',(-0.,-0.5));
#11526 = VECTOR('',#11527,1.);
#11527 = DIRECTION('',(-1.,0.));
#11528 = ( GEOMETRIC_REPRESENTATION_CONTEXT(2) 
PARAMETRIC_REPRESENTATION_CONTEXT() REPRESENTATION_CONTEXT('2D SPACE',''
  ) );
#11529 = ADVANCED_FACE('',(#11530,#11533),#8679,.F.);
#11530 = FACE_BOUND('',#11531,.F.);
#11531 = EDGE_LOOP('',(#11532));
#11532 = ORIENTED_EDGE('',*,*,#8664,.T.);
#11533 = FACE_BOUND('',#11534,.F.);
#11534 = EDGE_LOOP('',(#11535));
#11535 = ORIENTED_EDGE('',*,*,#11536,.T.);
#11536 = EDGE_CURVE('',#11537,#11537,#11539,.T.);
#11537 = VERTEX_POINT('',#11538);
#11538 = CARTESIAN_POINT('',(192.2,139.,4.7));
#11539 = SURFACE_CURVE('',#11540,(#11545,#11556),.PCURVE_S1.);
#11540 = CIRCLE('',#11541,1.8);
#11541 = AXIS2_PLACEMENT_3D('',#11542,#11543,#11544);
#11542 = CARTESIAN_POINT('',(190.4,139.,4.7));
#11543 = DIRECTION('',(0.,0.,-1.));
#11544 = DIRECTION('',(1.,0.,0.));
#11545 = PCURVE('',#8679,#11546);
#11546 = DEFINITIONAL_REPRESENTATION('',(#11547),#11555);
#11547 = ( BOUNDED_CURVE() B_SPLINE_CURVE(2,(#11548,#11549,#11550,#11551
    ,#11552,#11553,#11554),.UNSPECIFIED.,.T.,.F.) 
B_SPLINE_CURVE_WITH_KNOTS((1,2,2,2,2,1),(-2.094395102393,0.,
    2.094395102393,4.188790204786,6.28318530718,8.377580409573),
.UNSPECIFIED.) CURVE() GEOMETRIC_REPRESENTATION_ITEM() 
RATIONAL_B_SPLINE_CURVE((1.,0.5,1.,0.5,1.,0.5,1.)) REPRESENTATION_ITEM(
  '') );
#11548 = CARTESIAN_POINT('',(1.8,0.));
#11549 = CARTESIAN_POINT('',(1.8,-3.117691453624));
#11550 = CARTESIAN_POINT('',(-0.9,-1.558845726812));
#11551 = CARTESIAN_POINT('',(-3.6,-4.40872847693E-16));
#11552 = CARTESIAN_POINT('',(-0.9,1.558845726812));
#11553 = CARTESIAN_POINT('',(1.8,3.117691453624));
#11554 = CARTESIAN_POINT('',(1.8,0.));
#11555 = ( GEOMETRIC_REPRESENTATION_CONTEXT(2) 
PARAMETRIC_REPRESENTATION_CONTEXT() REPRESENTATION_CONTEXT('2D SPACE',''
  ) );
#11556 = PCURVE('',#11557,#11562);
#11557 = CYLINDRICAL_SURFACE('',#11558,1.8);
#11558 = AXIS2_PLACEMENT_3D('',#11559,#11560,#11561);
#11559 = CARTESIAN_POINT('',(190.4,139.,-5.));
#11560 = DIRECTION('',(-0.,-0.,-1.));
#11561 = DIRECTION('',(1.,0.,0.));
#11562 = DEFINITIONAL_REPRESENTATION('',(#11563),#11567);
#11563 = LINE('',#11564,#11565);
#11564 = CARTESIAN_POINT('',(-6.28318530718,-9.7));
#11565 = VECTOR('',#11566,1.);
#11566 = DIRECTION('',(1.,-0.));
#11567 = ( GEOMETRIC_REPRESENTATION_CONTEXT(2) 
PARAMETRIC_REPRESENTATION_CONTEXT() REPRESENTATION_CONTEXT('2D SPACE',''
  ) );
#11568 = ADVANCED_FACE('',(#11569,#11575),#9364,.T.);
#11569 = FACE_BOUND('',#11570,.T.);
#11570 = EDGE_LOOP('',(#11571,#11572,#11573,#11574));
#11571 = ORIENTED_EDGE('',*,*,#9403,.F.);
#11572 = ORIENTED_EDGE('',*,*,#9351,.T.);
#11573 = ORIENTED_EDGE('',*,*,#9450,.T.);
#11574 = ORIENTED_EDGE('',*,*,#9475,.F.);
#11575 = FACE_BOUND('',#11576,.T.);
#11576 = EDGE_LOOP('',(#11577));
#11577 = ORIENTED_EDGE('',*,*,#11578,.F.);
#11578 = EDGE_CURVE('',#11579,#11579,#11581,.T.);
#11579 = VERTEX_POINT('',#11580);
#11580 = CARTESIAN_POINT('',(102.93,20.,9.195235073975));
#11581 = SURFACE_CURVE('',#11582,(#11587,#11594),.PCURVE_S1.);
#11582 = ELLIPSE('',#11583,1.843690584081,1.8);
#11583 = AXIS2_PLACEMENT_3D('',#11584,#11585,#11586);
#11584 = CARTESIAN_POINT('',(101.13,20.,9.195235073975));
#11585 = DIRECTION('',(0.,-0.216409655053,0.976302648363));
#11586 = DIRECTION('',(0.,-0.976302648363,-0.216409655053));
#11587 = PCURVE('',#9364,#11588);
#11588 = DEFINITIONAL_REPRESENTATION('',(#11589),#11593);
#11589 = ELLIPSE('',#11590,1.843690584081,1.8);
#11590 = AXIS2_PLACEMENT_2D('',#11591,#11592);
#11591 = CARTESIAN_POINT('',(551.13,470.48545093423));
#11592 = DIRECTION('',(0.,-1.));
#11593 = ( GEOMETRIC_REPRESENTATION_CONTEXT(2) 
PARAMETRIC_REPRESENTATION_CONTEXT() REPRESENTATION_CONTEXT('2D SPACE',''
  ) );
#11594 = PCURVE('',#11374,#11595);
#11595 = DEFINITIONAL_REPRESENTATION('',(#11596),#11613);
#11596 = B_SPLINE_CURVE_WITH_KNOTS('',8,(#11597,#11598,#11599,#11600,
    #11601,#11602,#11603,#11604,#11605,#11606,#11607,#11608,#11609,
    #11610,#11611,#11612),.UNSPECIFIED.,.F.,.F.,(9,7,9),(1.570796326795,
    4.712388980385,7.853981633974),.UNSPECIFIED.);
#11597 = CARTESIAN_POINT('',(0.,-14.19523507397));
#11598 = CARTESIAN_POINT('',(-0.392699081699,-14.35191904007));
#11599 = CARTESIAN_POINT('',(-0.785398163397,-14.5086042555));
#11600 = CARTESIAN_POINT('',(-1.178097245095,-14.62845681039));
#11601 = CARTESIAN_POINT('',(-1.570796326793,-14.67474361239));
#11602 = CARTESIAN_POINT('',(-1.963495408495,-14.62845681038));
#11603 = CARTESIAN_POINT('',(-2.356194490191,-14.50860425549));
#11604 = CARTESIAN_POINT('',(-2.748893571891,-14.35191904007));
#11605 = CARTESIAN_POINT('',(-3.534291735289,-14.03855110787));
#11606 = CARTESIAN_POINT('',(-3.926990816985,-13.88186589245));
#11607 = CARTESIAN_POINT('',(-4.319689898685,-13.76201333746));
#11608 = CARTESIAN_POINT('',(-4.712388980379,-13.71572653563));
#11609 = CARTESIAN_POINT('',(-5.10508806208,-13.76201333746));
#11610 = CARTESIAN_POINT('',(-5.497787143781,-13.88186589246));
#11611 = CARTESIAN_POINT('',(-5.890486225481,-14.03855110787));
#11612 = CARTESIAN_POINT('',(-6.28318530718,-14.19523507397));
#11613 = ( GEOMETRIC_REPRESENTATION_CONTEXT(2) 
PARAMETRIC_REPRESENTATION_CONTEXT() REPRESENTATION_CONTEXT('2D SPACE',''
  ) );
#11614 = ADVANCED_FACE('',(#11615,#11621),#9558,.T.);
#11615 = FACE_BOUND('',#11616,.T.);
#11616 = EDGE_LOOP('',(#11617,#11618,#11619,#11620));
#11617 = ORIENTED_EDGE('',*,*,#9645,.F.);
#11618 = ORIENTED_EDGE('',*,*,#9597,.T.);
#11619 = ORIENTED_EDGE('',*,*,#9545,.T.);
#11620 = ORIENTED_EDGE('',*,*,#9670,.F.);
#11621 = FACE_BOUND('',#11622,.T.);
#11622 = EDGE_LOOP('',(#11623));
#11623 = ORIENTED_EDGE('',*,*,#11624,.F.);
#11624 = EDGE_CURVE('',#11625,#11625,#11627,.T.);
#11625 = VERTEX_POINT('',#11626);
#11626 = CARTESIAN_POINT('',(10.3,139.,35.573068827124));
#11627 = SURFACE_CURVE('',#11628,(#11633,#11640),.PCURVE_S1.);
#11628 = ELLIPSE('',#11629,1.843690584081,1.8);
#11629 = AXIS2_PLACEMENT_3D('',#11630,#11631,#11632);
#11630 = CARTESIAN_POINT('',(8.5,139.,35.573068827124));
#11631 = DIRECTION('',(0.,-0.216409655053,0.976302648363));
#11632 = DIRECTION('',(0.,-0.976302648363,-0.216409655053));
#11633 = PCURVE('',#9558,#11634);
#11634 = DEFINITIONAL_REPRESENTATION('',(#11635),#11639);
#11635 = ELLIPSE('',#11636,1.843690584081,1.8);
#11636 = AXIS2_PLACEMENT_2D('',#11637,#11638);
#11637 = CARTESIAN_POINT('',(458.5,592.37388399295));
#11638 = DIRECTION('',(0.,-1.));
#11639 = ( GEOMETRIC_REPRESENTATION_CONTEXT(2) 
PARAMETRIC_REPRESENTATION_CONTEXT() REPRESENTATION_CONTEXT('2D SPACE',''
  ) );
#11640 = PCURVE('',#11448,#11641);
#11641 = DEFINITIONAL_REPRESENTATION('',(#11642),#11659);
#11642 = B_SPLINE_CURVE_WITH_KNOTS('',8,(#11643,#11644,#11645,#11646,
    #11647,#11648,#11649,#11650,#11651,#11652,#11653,#11654,#11655,
    #11656,#11657,#11658),.UNSPECIFIED.,.F.,.F.,(9,7,9),(1.570796326795,
    4.712388980385,7.853981633974),.UNSPECIFIED.);
#11643 = CARTESIAN_POINT('',(0.,-40.57306882712));
#11644 = CARTESIAN_POINT('',(-0.392699081699,-40.72975279322));
#11645 = CARTESIAN_POINT('',(-0.785398163398,-40.8864380086));
#11646 = CARTESIAN_POINT('',(-1.178097245092,-41.0062905636));
#11647 = CARTESIAN_POINT('',(-1.570796326795,-41.05257736534));
#11648 = CARTESIAN_POINT('',(-1.963495408493,-41.00629056366));
#11649 = CARTESIAN_POINT('',(-2.356194490192,-40.8864380086));
#11650 = CARTESIAN_POINT('',(-2.748893571891,-40.72975279322));
#11651 = CARTESIAN_POINT('',(-3.534291735289,-40.41638486102));
#11652 = CARTESIAN_POINT('',(-3.926990816987,-40.25969964563));
#11653 = CARTESIAN_POINT('',(-4.319689898675,-40.13984709051));
#11654 = CARTESIAN_POINT('',(-4.71238898038,-40.09356028885));
#11655 = CARTESIAN_POINT('',(-5.105088062069,-40.13984709052));
#11656 = CARTESIAN_POINT('',(-5.497787143782,-40.25969964562));
#11657 = CARTESIAN_POINT('',(-5.890486225481,-40.41638486102));
#11658 = CARTESIAN_POINT('',(-6.28318530718,-40.57306882712));
#11659 = ( GEOMETRIC_REPRESENTATION_CONTEXT(2) 
PARAMETRIC_REPRESENTATION_CONTEXT() REPRESENTATION_CONTEXT('2D SPACE',''
  ) );
#11660 = ADVANCED_FACE('',(#11661),#9988,.T.);
#11661 = FACE_BOUND('',#11662,.T.);
#11662 = EDGE_LOOP('',(#11663,#11664,#11665,#11666));
#11663 = ORIENTED_EDGE('',*,*,#9972,.F.);
#11664 = ORIENTED_EDGE('',*,*,#10074,.T.);
#11665 = ORIENTED_EDGE('',*,*,#10124,.T.);
#11666 = ORIENTED_EDGE('',*,*,#10025,.F.);
#11667 = ADVANCED_FACE('',(#11668),#10193,.F.);
#11668 = FACE_BOUND('',#11669,.F.);
#11669 = EDGE_LOOP('',(#11670,#11671,#11672,#11673));
#11670 = ORIENTED_EDGE('',*,*,#10370,.F.);
#11671 = ORIENTED_EDGE('',*,*,#10177,.T.);
#11672 = ORIENTED_EDGE('',*,*,#10270,.T.);
#11673 = ORIENTED_EDGE('',*,*,#11674,.T.);
#11674 = EDGE_CURVE('',#10271,#10371,#11675,.T.);
#11675 = SURFACE_CURVE('',#11676,(#11680,#11686),.PCURVE_S1.);
#11676 = LINE('',#11677,#11678);
#11677 = CARTESIAN_POINT('',(185.4,-156.4475088119,-29.9165552924));
#11678 = VECTOR('',#11679,1.);
#11679 = DIRECTION('',(0.,-0.976302648363,-0.216409655053));
#11680 = PCURVE('',#10193,#11681);
#11681 = DEFINITIONAL_REPRESENTATION('',(#11682),#11685);
#11682 = B_SPLINE_CURVE_WITH_KNOTS('',1,(#11683,#11684),.UNSPECIFIED.,
  .F.,.F.,(2,2),(-308.7644075507,-296.4731369902),
  .PIECEWISE_BEZIER_KNOTS.);
#11683 = CARTESIAN_POINT('',(33.703043638207,-12.));
#11684 = CARTESIAN_POINT('',(31.043094016041,-1.963327596884E-14));
#11685 = ( GEOMETRIC_REPRESENTATION_CONTEXT(2) 
PARAMETRIC_REPRESENTATION_CONTEXT() REPRESENTATION_CONTEXT('2D SPACE',''
  ) );
#11686 = PCURVE('',#10306,#11687);
#11687 = DEFINITIONAL_REPRESENTATION('',(#11688),#11691);
#11688 = B_SPLINE_CURVE_WITH_KNOTS('',1,(#11689,#11690),.UNSPECIFIED.,
  .F.,.F.,(2,2),(-308.7644075507,-296.4731369902),
  .PIECEWISE_BEZIER_KNOTS.);
#11689 = CARTESIAN_POINT('',(635.4,598.51951927322));
#11690 = CARTESIAN_POINT('',(635.4,586.22824871268));
#11691 = ( GEOMETRIC_REPRESENTATION_CONTEXT(2) 
PARAMETRIC_REPRESENTATION_CONTEXT() REPRESENTATION_CONTEXT('2D SPACE',''
  ) );
#11692 = ADVANCED_FACE('',(#11693,#11699),#10306,.T.);
#11693 = FACE_BOUND('',#11694,.T.);
#11694 = EDGE_LOOP('',(#11695,#11696,#11697,#11698));
#11695 = ORIENTED_EDGE('',*,*,#10293,.F.);
#11696 = ORIENTED_EDGE('',*,*,#11674,.T.);
#11697 = ORIENTED_EDGE('',*,*,#10393,.T.);
#11698 = ORIENTED_EDGE('',*,*,#10345,.F.);
#11699 = FACE_BOUND('',#11700,.T.);
#11700 = EDGE_LOOP('',(#11701));
#11701 = ORIENTED_EDGE('',*,*,#11702,.F.);
#11702 = EDGE_CURVE('',#11703,#11703,#11705,.T.);
#11703 = VERTEX_POINT('',#11704);
#11704 = CARTESIAN_POINT('',(192.2,139.,35.573068827124));
#11705 = SURFACE_CURVE('',#11706,(#11711,#11718),.PCURVE_S1.);
#11706 = ELLIPSE('',#11707,1.843690584081,1.8);
#11707 = AXIS2_PLACEMENT_3D('',#11708,#11709,#11710);
#11708 = CARTESIAN_POINT('',(190.4,139.,35.573068827124));
#11709 = DIRECTION('',(0.,-0.216409655053,0.976302648363));
#11710 = DIRECTION('',(0.,-0.976302648363,-0.216409655053));
#11711 = PCURVE('',#10306,#11712);
#11712 = DEFINITIONAL_REPRESENTATION('',(#11713),#11717);
#11713 = ELLIPSE('',#11714,1.843690584081,1.8);
#11714 = AXIS2_PLACEMENT_2D('',#11715,#11716);
#11715 = CARTESIAN_POINT('',(640.4,592.37388399295));
#11716 = DIRECTION('',(0.,-1.));
#11717 = ( GEOMETRIC_REPRESENTATION_CONTEXT(2) 
PARAMETRIC_REPRESENTATION_CONTEXT() REPRESENTATION_CONTEXT('2D SPACE',''
  ) );
#11718 = PCURVE('',#11557,#11719);
#11719 = DEFINITIONAL_REPRESENTATION('',(#11720),#11737);
#11720 = B_SPLINE_CURVE_WITH_KNOTS('',8,(#11721,#11722,#11723,#11724,
    #11725,#11726,#11727,#11728,#11729,#11730,#11731,#11732,#11733,
    #11734,#11735,#11736),.UNSPECIFIED.,.F.,.F.,(9,7,9),(1.570796326795,
    4.712388980385,7.853981633974),.UNSPECIFIED.);
#11721 = CARTESIAN_POINT('',(0.,-40.57306882712));
#11722 = CARTESIAN_POINT('',(-0.392699081699,-40.72975279322));
#11723 = CARTESIAN_POINT('',(-0.785398163397,-40.8864380086));
#11724 = CARTESIAN_POINT('',(-1.178097245093,-41.0062905636));
#11725 = CARTESIAN_POINT('',(-1.570796326791,-41.05257736534));
#11726 = CARTESIAN_POINT('',(-1.96349540849,-41.00629056366));
#11727 = CARTESIAN_POINT('',(-2.356194490192,-40.8864380086));
#11728 = CARTESIAN_POINT('',(-2.748893571891,-40.72975279322));
#11729 = CARTESIAN_POINT('',(-3.534291735289,-40.41638486102));
#11730 = CARTESIAN_POINT('',(-3.926990816983,-40.25969964563));
#11731 = CARTESIAN_POINT('',(-4.319689898685,-40.13984709051));
#11732 = CARTESIAN_POINT('',(-4.712388980365,-40.09356028885));
#11733 = CARTESIAN_POINT('',(-5.105088062087,-40.13984709052));
#11734 = CARTESIAN_POINT('',(-5.497787143781,-40.25969964562));
#11735 = CARTESIAN_POINT('',(-5.890486225481,-40.41638486102));
#11736 = CARTESIAN_POINT('',(-6.28318530718,-40.57306882712));
#11737 = ( GEOMETRIC_REPRESENTATION_CONTEXT(2) 
PARAMETRIC_REPRESENTATION_CONTEXT() REPRESENTATION_CONTEXT('2D SPACE',''
  ) );
#11738 = ADVANCED_FACE('',(#11739),#10850,.T.);
#11739 = FACE_BOUND('',#11740,.T.);
#11740 = EDGE_LOOP('',(#11741,#11764,#11792,#11813));
#11741 = ORIENTED_EDGE('',*,*,#11742,.F.);
#11742 = EDGE_CURVE('',#11743,#10833,#11745,.T.);
#11743 = VERTEX_POINT('',#11744);
#11744 = CARTESIAN_POINT('',(184.305,14.403026483627,15.233443998149));
#11745 = SURFACE_CURVE('',#11746,(#11750,#11757),.PCURVE_S1.);
#11746 = LINE('',#11747,#11748);
#11747 = CARTESIAN_POINT('',(184.305,14.403026483627,15.233443998149));
#11748 = VECTOR('',#11749,1.);
#11749 = DIRECTION('',(0.,0.,1.));
#11750 = PCURVE('',#10850,#11751);
#11751 = DEFINITIONAL_REPRESENTATION('',(#11752),#11756);
#11752 = LINE('',#11753,#11754);
#11753 = CARTESIAN_POINT('',(0.,0.));
#11754 = VECTOR('',#11755,1.);
#11755 = DIRECTION('',(1.,0.));
#11756 = ( GEOMETRIC_REPRESENTATION_CONTEXT(2) 
PARAMETRIC_REPRESENTATION_CONTEXT() REPRESENTATION_CONTEXT('2D SPACE',''
  ) );
#11757 = PCURVE('',#10932,#11758);
#11758 = DEFINITIONAL_REPRESENTATION('',(#11759),#11763);
#11759 = LINE('',#11760,#11761);
#11760 = CARTESIAN_POINT('',(0.,0.));
#11761 = VECTOR('',#11762,1.);
#11762 = DIRECTION('',(1.,0.));
#11763 = ( GEOMETRIC_REPRESENTATION_CONTEXT(2) 
PARAMETRIC_REPRESENTATION_CONTEXT() REPRESENTATION_CONTEXT('2D SPACE',''
  ) );
#11764 = ORIENTED_EDGE('',*,*,#11765,.T.);
#11765 = EDGE_CURVE('',#11743,#11766,#11768,.T.);
#11766 = VERTEX_POINT('',#11767);
#11767 = CARTESIAN_POINT('',(119.095,14.403026483627,15.233443998149));
#11768 = SURFACE_CURVE('',#11769,(#11773,#11780),.PCURVE_S1.);
#11769 = LINE('',#11770,#11771);
#11770 = CARTESIAN_POINT('',(184.305,14.403026483627,15.233443998149));
#11771 = VECTOR('',#11772,1.);
#11772 = DIRECTION('',(-1.,1.110223024625E-16,0.));
#11773 = PCURVE('',#10850,#11774);
#11774 = DEFINITIONAL_REPRESENTATION('',(#11775),#11779);
#11775 = LINE('',#11776,#11777);
#11776 = CARTESIAN_POINT('',(0.,0.));
#11777 = VECTOR('',#11778,1.);
#11778 = DIRECTION('',(0.,-1.));
#11779 = ( GEOMETRIC_REPRESENTATION_CONTEXT(2) 
PARAMETRIC_REPRESENTATION_CONTEXT() REPRESENTATION_CONTEXT('2D SPACE',''
  ) );
#11780 = PCURVE('',#11781,#11786);
#11781 = PLANE('',#11782);
#11782 = AXIS2_PLACEMENT_3D('',#11783,#11784,#11785);
#11783 = CARTESIAN_POINT('',(184.305,14.403026483627,15.233443998149));
#11784 = DIRECTION('',(0.,0.,1.));
#11785 = DIRECTION('',(1.110223024625E-16,1.,0.));
#11786 = DEFINITIONAL_REPRESENTATION('',(#11787),#11791);
#11787 = LINE('',#11788,#11789);
#11788 = CARTESIAN_POINT('',(0.,0.));
#11789 = VECTOR('',#11790,1.);
#11790 = DIRECTION('',(0.,1.));
#11791 = ( GEOMETRIC_REPRESENTATION_CONTEXT(2) 
PARAMETRIC_REPRESENTATION_CONTEXT() REPRESENTATION_CONTEXT('2D SPACE',''
  ) );
#11792 = ORIENTED_EDGE('',*,*,#11793,.T.);
#11793 = EDGE_CURVE('',#11766,#10835,#11794,.T.);
#11794 = SURFACE_CURVE('',#11795,(#11799,#11806),.PCURVE_S1.);
#11795 = LINE('',#11796,#11797);
#11796 = CARTESIAN_POINT('',(119.095,14.403026483627,15.233443998149));
#11797 = VECTOR('',#11798,1.);
#11798 = DIRECTION('',(0.,0.,1.));
#11799 = PCURVE('',#10850,#11800);
#11800 = DEFINITIONAL_REPRESENTATION('',(#11801),#11805);
#11801 = LINE('',#11802,#11803);
#11802 = CARTESIAN_POINT('',(0.,-65.21));
#11803 = VECTOR('',#11804,1.);
#11804 = DIRECTION('',(1.,0.));
#11805 = ( GEOMETRIC_REPRESENTATION_CONTEXT(2) 
PARAMETRIC_REPRESENTATION_CONTEXT() REPRESENTATION_CONTEXT('2D SPACE',''
  ) );
#11806 = PCURVE('',#10878,#11807);
#11807 = DEFINITIONAL_REPRESENTATION('',(#11808),#11812);
#11808 = LINE('',#11809,#11810);
#11809 = CARTESIAN_POINT('',(0.,0.));
#11810 = VECTOR('',#11811,1.);
#11811 = DIRECTION('',(1.,0.));
#11812 = ( GEOMETRIC_REPRESENTATION_CONTEXT(2) 
PARAMETRIC_REPRESENTATION_CONTEXT() REPRESENTATION_CONTEXT('2D SPACE',''
  ) );
#11813 = ORIENTED_EDGE('',*,*,#10832,.F.);
#11814 = ADVANCED_FACE('',(#11815),#10878,.F.);
#11815 = FACE_BOUND('',#11816,.F.);
#11816 = EDGE_LOOP('',(#11817,#11840,#11841,#11842));
#11817 = ORIENTED_EDGE('',*,*,#11818,.F.);
#11818 = EDGE_CURVE('',#11766,#11819,#11821,.T.);
#11819 = VERTEX_POINT('',#11820);
#11820 = CARTESIAN_POINT('',(119.095,105.00302648362,15.233443998149));
#11821 = SURFACE_CURVE('',#11822,(#11826,#11833),.PCURVE_S1.);
#11822 = LINE('',#11823,#11824);
#11823 = CARTESIAN_POINT('',(119.095,14.403026483627,15.233443998149));
#11824 = VECTOR('',#11825,1.);
#11825 = DIRECTION('',(1.110223024625E-16,1.,0.));
#11826 = PCURVE('',#10878,#11827);
#11827 = DEFINITIONAL_REPRESENTATION('',(#11828),#11832);
#11828 = LINE('',#11829,#11830);
#11829 = CARTESIAN_POINT('',(0.,0.));
#11830 = VECTOR('',#11831,1.);
#11831 = DIRECTION('',(0.,1.));
#11832 = ( GEOMETRIC_REPRESENTATION_CONTEXT(2) 
PARAMETRIC_REPRESENTATION_CONTEXT() REPRESENTATION_CONTEXT('2D SPACE',''
  ) );
#11833 = PCURVE('',#11781,#11834);
#11834 = DEFINITIONAL_REPRESENTATION('',(#11835),#11839);
#11835 = LINE('',#11836,#11837);
#11836 = CARTESIAN_POINT('',(6.971090371621E-15,65.21));
#11837 = VECTOR('',#11838,1.);
#11838 = DIRECTION('',(1.,0.));
#11839 = ( GEOMETRIC_REPRESENTATION_CONTEXT(2) 
PARAMETRIC_REPRESENTATION_CONTEXT() REPRESENTATION_CONTEXT('2D SPACE',''
  ) );
#11840 = ORIENTED_EDGE('',*,*,#11793,.T.);
#11841 = ORIENTED_EDGE('',*,*,#10862,.T.);
#11842 = ORIENTED_EDGE('',*,*,#11843,.F.);
#11843 = EDGE_CURVE('',#11819,#10863,#11844,.T.);
#11844 = SURFACE_CURVE('',#11845,(#11849,#11856),.PCURVE_S1.);
#11845 = LINE('',#11846,#11847);
#11846 = CARTESIAN_POINT('',(119.095,105.00302648362,15.233443998149));
#11847 = VECTOR('',#11848,1.);
#11848 = DIRECTION('',(0.,0.,1.));
#11849 = PCURVE('',#10878,#11850);
#11850 = DEFINITIONAL_REPRESENTATION('',(#11851),#11855);
#11851 = LINE('',#11852,#11853);
#11852 = CARTESIAN_POINT('',(0.,90.6));
#11853 = VECTOR('',#11854,1.);
#11854 = DIRECTION('',(1.,0.));
#11855 = ( GEOMETRIC_REPRESENTATION_CONTEXT(2) 
PARAMETRIC_REPRESENTATION_CONTEXT() REPRESENTATION_CONTEXT('2D SPACE',''
  ) );
#11856 = PCURVE('',#10906,#11857);
#11857 = DEFINITIONAL_REPRESENTATION('',(#11858),#11862);
#11858 = LINE('',#11859,#11860);
#11859 = CARTESIAN_POINT('',(0.,-65.21));
#11860 = VECTOR('',#11861,1.);
#11861 = DIRECTION('',(1.,0.));
#11862 = ( GEOMETRIC_REPRESENTATION_CONTEXT(2) 
PARAMETRIC_REPRESENTATION_CONTEXT() REPRESENTATION_CONTEXT('2D SPACE',''
  ) );
#11863 = ADVANCED_FACE('',(#11864),#10932,.T.);
#11864 = FACE_BOUND('',#11865,.T.);
#11865 = EDGE_LOOP('',(#11866,#11889,#11890,#11891));
#11866 = ORIENTED_EDGE('',*,*,#11867,.F.);
#11867 = EDGE_CURVE('',#11743,#11868,#11870,.T.);
#11868 = VERTEX_POINT('',#11869);
#11869 = CARTESIAN_POINT('',(184.305,105.00302648362,15.233443998149));
#11870 = SURFACE_CURVE('',#11871,(#11875,#11882),.PCURVE_S1.);
#11871 = LINE('',#11872,#11873);
#11872 = CARTESIAN_POINT('',(184.305,14.403026483627,15.233443998149));
#11873 = VECTOR('',#11874,1.);
#11874 = DIRECTION('',(1.110223024625E-16,1.,0.));
#11875 = PCURVE('',#10932,#11876);
#11876 = DEFINITIONAL_REPRESENTATION('',(#11877),#11881);
#11877 = LINE('',#11878,#11879);
#11878 = CARTESIAN_POINT('',(0.,0.));
#11879 = VECTOR('',#11880,1.);
#11880 = DIRECTION('',(0.,1.));
#11881 = ( GEOMETRIC_REPRESENTATION_CONTEXT(2) 
PARAMETRIC_REPRESENTATION_CONTEXT() REPRESENTATION_CONTEXT('2D SPACE',''
  ) );
#11882 = PCURVE('',#11781,#11883);
#11883 = DEFINITIONAL_REPRESENTATION('',(#11884),#11888);
#11884 = LINE('',#11885,#11886);
#11885 = CARTESIAN_POINT('',(0.,0.));
#11886 = VECTOR('',#11887,1.);
#11887 = DIRECTION('',(1.,0.));
#11888 = ( GEOMETRIC_REPRESENTATION_CONTEXT(2) 
PARAMETRIC_REPRESENTATION_CONTEXT() REPRESENTATION_CONTEXT('2D SPACE',''
  ) );
#11889 = ORIENTED_EDGE('',*,*,#11742,.T.);
#11890 = ORIENTED_EDGE('',*,*,#10918,.T.);
#11891 = ORIENTED_EDGE('',*,*,#11892,.F.);
#11892 = EDGE_CURVE('',#11868,#10891,#11893,.T.);
#11893 = SURFACE_CURVE('',#11894,(#11898,#11905),.PCURVE_S1.);
#11894 = LINE('',#11895,#11896);
#11895 = CARTESIAN_POINT('',(184.305,105.00302648362,15.233443998149));
#11896 = VECTOR('',#11897,1.);
#11897 = DIRECTION('',(0.,0.,1.));
#11898 = PCURVE('',#10932,#11899);
#11899 = DEFINITIONAL_REPRESENTATION('',(#11900),#11904);
#11900 = LINE('',#11901,#11902);
#11901 = CARTESIAN_POINT('',(0.,90.6));
#11902 = VECTOR('',#11903,1.);
#11903 = DIRECTION('',(1.,0.));
#11904 = ( GEOMETRIC_REPRESENTATION_CONTEXT(2) 
PARAMETRIC_REPRESENTATION_CONTEXT() REPRESENTATION_CONTEXT('2D SPACE',''
  ) );
#11905 = PCURVE('',#10906,#11906);
#11906 = DEFINITIONAL_REPRESENTATION('',(#11907),#11911);
#11907 = LINE('',#11908,#11909);
#11908 = CARTESIAN_POINT('',(0.,0.));
#11909 = VECTOR('',#11910,1.);
#11910 = DIRECTION('',(1.,0.));
#11911 = ( GEOMETRIC_REPRESENTATION_CONTEXT(2) 
PARAMETRIC_REPRESENTATION_CONTEXT() REPRESENTATION_CONTEXT('2D SPACE',''
  ) );
#11912 = ADVANCED_FACE('',(#11913),#10906,.F.);
#11913 = FACE_BOUND('',#11914,.F.);
#11914 = EDGE_LOOP('',(#11915,#11916,#11937,#11938));
#11915 = ORIENTED_EDGE('',*,*,#11892,.F.);
#11916 = ORIENTED_EDGE('',*,*,#11917,.T.);
#11917 = EDGE_CURVE('',#11868,#11819,#11918,.T.);
#11918 = SURFACE_CURVE('',#11919,(#11923,#11930),.PCURVE_S1.);
#11919 = LINE('',#11920,#11921);
#11920 = CARTESIAN_POINT('',(184.305,105.00302648362,15.233443998149));
#11921 = VECTOR('',#11922,1.);
#11922 = DIRECTION('',(-1.,1.110223024625E-16,0.));
#11923 = PCURVE('',#10906,#11924);
#11924 = DEFINITIONAL_REPRESENTATION('',(#11925),#11929);
#11925 = LINE('',#11926,#11927);
#11926 = CARTESIAN_POINT('',(0.,0.));
#11927 = VECTOR('',#11928,1.);
#11928 = DIRECTION('',(0.,-1.));
#11929 = ( GEOMETRIC_REPRESENTATION_CONTEXT(2) 
PARAMETRIC_REPRESENTATION_CONTEXT() REPRESENTATION_CONTEXT('2D SPACE',''
  ) );
#11930 = PCURVE('',#11781,#11931);
#11931 = DEFINITIONAL_REPRESENTATION('',(#11932),#11936);
#11932 = LINE('',#11933,#11934);
#11933 = CARTESIAN_POINT('',(90.6,-1.83630888273E-14));
#11934 = VECTOR('',#11935,1.);
#11935 = DIRECTION('',(0.,1.));
#11936 = ( GEOMETRIC_REPRESENTATION_CONTEXT(2) 
PARAMETRIC_REPRESENTATION_CONTEXT() REPRESENTATION_CONTEXT('2D SPACE',''
  ) );
#11937 = ORIENTED_EDGE('',*,*,#11843,.T.);
#11938 = ORIENTED_EDGE('',*,*,#10890,.F.);
#11939 = ADVANCED_FACE('',(#11940),#11335,.T.);
#11940 = FACE_BOUND('',#11941,.F.);
#11941 = EDGE_LOOP('',(#11942,#11965,#11966,#11967));
#11942 = ORIENTED_EDGE('',*,*,#11943,.T.);
#11943 = EDGE_CURVE('',#11944,#11319,#11946,.T.);
#11944 = VERTEX_POINT('',#11945);
#11945 = CARTESIAN_POINT('',(19.8,15.,0.));
#11946 = SEAM_CURVE('',#11947,(#11951,#11958),.PCURVE_S1.);
#11947 = LINE('',#11948,#11949);
#11948 = CARTESIAN_POINT('',(19.8,15.,0.));
#11949 = VECTOR('',#11950,1.);
#11950 = DIRECTION('',(0.,0.,1.));
#11951 = PCURVE('',#11335,#11952);
#11952 = DEFINITIONAL_REPRESENTATION('',(#11953),#11957);
#11953 = LINE('',#11954,#11955);
#11954 = CARTESIAN_POINT('',(-0.,0.));
#11955 = VECTOR('',#11956,1.);
#11956 = DIRECTION('',(-0.,-1.));
#11957 = ( GEOMETRIC_REPRESENTATION_CONTEXT(2) 
PARAMETRIC_REPRESENTATION_CONTEXT() REPRESENTATION_CONTEXT('2D SPACE',''
  ) );
#11958 = PCURVE('',#11335,#11959);
#11959 = DEFINITIONAL_REPRESENTATION('',(#11960),#11964);
#11960 = LINE('',#11961,#11962);
#11961 = CARTESIAN_POINT('',(-6.28318530718,0.));
#11962 = VECTOR('',#11963,1.);
#11963 = DIRECTION('',(-0.,-1.));
#11964 = ( GEOMETRIC_REPRESENTATION_CONTEXT(2) 
PARAMETRIC_REPRESENTATION_CONTEXT() REPRESENTATION_CONTEXT('2D SPACE',''
  ) );
#11965 = ORIENTED_EDGE('',*,*,#11318,.T.);
#11966 = ORIENTED_EDGE('',*,*,#11943,.F.);
#11967 = ORIENTED_EDGE('',*,*,#11968,.F.);
#11968 = EDGE_CURVE('',#11944,#11944,#11969,.T.);
#11969 = SURFACE_CURVE('',#11970,(#11975,#11982),.PCURVE_S1.);
#11970 = CIRCLE('',#11971,4.8);
#11971 = AXIS2_PLACEMENT_3D('',#11972,#11973,#11974);
#11972 = CARTESIAN_POINT('',(15.,15.,0.));
#11973 = DIRECTION('',(0.,0.,1.));
#11974 = DIRECTION('',(1.,0.,0.));
#11975 = PCURVE('',#11335,#11976);
#11976 = DEFINITIONAL_REPRESENTATION('',(#11977),#11981);
#11977 = LINE('',#11978,#11979);
#11978 = CARTESIAN_POINT('',(-0.,0.));
#11979 = VECTOR('',#11980,1.);
#11980 = DIRECTION('',(-1.,0.));
#11981 = ( GEOMETRIC_REPRESENTATION_CONTEXT(2) 
PARAMETRIC_REPRESENTATION_CONTEXT() REPRESENTATION_CONTEXT('2D SPACE',''
  ) );
#11982 = PCURVE('',#11983,#11988);
#11983 = PLANE('',#11984);
#11984 = AXIS2_PLACEMENT_3D('',#11985,#11986,#11987);
#11985 = CARTESIAN_POINT('',(0.,0.,0.));
#11986 = DIRECTION('',(0.,0.,1.));
#11987 = DIRECTION('',(1.,0.,0.));
#11988 = DEFINITIONAL_REPRESENTATION('',(#11989),#11993);
#11989 = CIRCLE('',#11990,4.8);
#11990 = AXIS2_PLACEMENT_2D('',#11991,#11992);
#11991 = CARTESIAN_POINT('',(15.,15.));
#11992 = DIRECTION('',(1.,0.));
#11993 = ( GEOMETRIC_REPRESENTATION_CONTEXT(2) 
PARAMETRIC_REPRESENTATION_CONTEXT() REPRESENTATION_CONTEXT('2D SPACE',''
  ) );
#11994 = ADVANCED_FACE('',(#11995),#11374,.F.);
#11995 = FACE_BOUND('',#11996,.T.);
#11996 = EDGE_LOOP('',(#11997,#11998,#12019,#12020));
#11997 = ORIENTED_EDGE('',*,*,#11353,.T.);
#11998 = ORIENTED_EDGE('',*,*,#11999,.T.);
#11999 = EDGE_CURVE('',#11354,#11579,#12000,.T.);
#12000 = SEAM_CURVE('',#12001,(#12005,#12012),.PCURVE_S1.);
#12001 = LINE('',#12002,#12003);
#12002 = CARTESIAN_POINT('',(102.93,20.,-5.));
#12003 = VECTOR('',#12004,1.);
#12004 = DIRECTION('',(0.,0.,1.));
#12005 = PCURVE('',#11374,#12006);
#12006 = DEFINITIONAL_REPRESENTATION('',(#12007),#12011);
#12007 = LINE('',#12008,#12009);
#12008 = CARTESIAN_POINT('',(-6.28318530718,0.));
#12009 = VECTOR('',#12010,1.);
#12010 = DIRECTION('',(-0.,-1.));
#12011 = ( GEOMETRIC_REPRESENTATION_CONTEXT(2) 
PARAMETRIC_REPRESENTATION_CONTEXT() REPRESENTATION_CONTEXT('2D SPACE',''
  ) );
#12012 = PCURVE('',#11374,#12013);
#12013 = DEFINITIONAL_REPRESENTATION('',(#12014),#12018);
#12014 = LINE('',#12015,#12016);
#12015 = CARTESIAN_POINT('',(-0.,0.));
#12016 = VECTOR('',#12017,1.);
#12017 = DIRECTION('',(-0.,-1.));
#12018 = ( GEOMETRIC_REPRESENTATION_CONTEXT(2) 
PARAMETRIC_REPRESENTATION_CONTEXT() REPRESENTATION_CONTEXT('2D SPACE',''
  ) );
#12019 = ORIENTED_EDGE('',*,*,#11578,.T.);
#12020 = ORIENTED_EDGE('',*,*,#11999,.F.);
#12021 = ADVANCED_FACE('',(#12022),#11409,.T.);
#12022 = FACE_BOUND('',#12023,.F.);
#12023 = EDGE_LOOP('',(#12024,#12047,#12048,#12049));
#12024 = ORIENTED_EDGE('',*,*,#12025,.T.);
#12025 = EDGE_CURVE('',#12026,#11393,#12028,.T.);
#12026 = VERTEX_POINT('',#12027);
#12027 = CARTESIAN_POINT('',(188.575,15.,0.));
#12028 = SEAM_CURVE('',#12029,(#12033,#12040),.PCURVE_S1.);
#12029 = LINE('',#12030,#12031);
#12030 = CARTESIAN_POINT('',(188.575,15.,0.));
#12031 = VECTOR('',#12032,1.);
#12032 = DIRECTION('',(0.,0.,1.));
#12033 = PCURVE('',#11409,#12034);
#12034 = DEFINITIONAL_REPRESENTATION('',(#12035),#12039);
#12035 = LINE('',#12036,#12037);
#12036 = CARTESIAN_POINT('',(-0.,0.));
#12037 = VECTOR('',#12038,1.);
#12038 = DIRECTION('',(-0.,-1.));
#12039 = ( GEOMETRIC_REPRESENTATION_CONTEXT(2) 
PARAMETRIC_REPRESENTATION_CONTEXT() REPRESENTATION_CONTEXT('2D SPACE',''
  ) );
#12040 = PCURVE('',#11409,#12041);
#12041 = DEFINITIONAL_REPRESENTATION('',(#12042),#12046);
#12042 = LINE('',#12043,#12044);
#12043 = CARTESIAN_POINT('',(-6.28318530718,0.));
#12044 = VECTOR('',#12045,1.);
#12045 = DIRECTION('',(-0.,-1.));
#12046 = ( GEOMETRIC_REPRESENTATION_CONTEXT(2) 
PARAMETRIC_REPRESENTATION_CONTEXT() REPRESENTATION_CONTEXT('2D SPACE',''
  ) );
#12047 = ORIENTED_EDGE('',*,*,#11392,.T.);
#12048 = ORIENTED_EDGE('',*,*,#12025,.F.);
#12049 = ORIENTED_EDGE('',*,*,#12050,.F.);
#12050 = EDGE_CURVE('',#12026,#12026,#12051,.T.);
#12051 = SURFACE_CURVE('',#12052,(#12057,#12064),.PCURVE_S1.);
#12052 = CIRCLE('',#12053,4.8);
#12053 = AXIS2_PLACEMENT_3D('',#12054,#12055,#12056);
#12054 = CARTESIAN_POINT('',(183.775,15.,0.));
#12055 = DIRECTION('',(0.,0.,1.));
#12056 = DIRECTION('',(1.,0.,0.));
#12057 = PCURVE('',#11409,#12058);
#12058 = DEFINITIONAL_REPRESENTATION('',(#12059),#12063);
#12059 = LINE('',#12060,#12061);
#12060 = CARTESIAN_POINT('',(-0.,0.));
#12061 = VECTOR('',#12062,1.);
#12062 = DIRECTION('',(-1.,0.));
#12063 = ( GEOMETRIC_REPRESENTATION_CONTEXT(2) 
PARAMETRIC_REPRESENTATION_CONTEXT() REPRESENTATION_CONTEXT('2D SPACE',''
  ) );
#12064 = PCURVE('',#12065,#12070);
#12065 = PLANE('',#12066);
#12066 = AXIS2_PLACEMENT_3D('',#12067,#12068,#12069);
#12067 = CARTESIAN_POINT('',(0.,0.,0.));
#12068 = DIRECTION('',(0.,0.,1.));
#12069 = DIRECTION('',(1.,0.,0.));
#12070 = DEFINITIONAL_REPRESENTATION('',(#12071),#12075);
#12071 = CIRCLE('',#12072,4.8);
#12072 = AXIS2_PLACEMENT_2D('',#12073,#12074);
#12073 = CARTESIAN_POINT('',(183.775,15.));
#12074 = DIRECTION('',(1.,0.));
#12075 = ( GEOMETRIC_REPRESENTATION_CONTEXT(2) 
PARAMETRIC_REPRESENTATION_CONTEXT() REPRESENTATION_CONTEXT('2D SPACE',''
  ) );
#12076 = ADVANCED_FACE('',(#12077),#11448,.F.);
#12077 = FACE_BOUND('',#12078,.T.);
#12078 = EDGE_LOOP('',(#12079,#12080,#12101,#12102));
#12079 = ORIENTED_EDGE('',*,*,#11427,.T.);
#12080 = ORIENTED_EDGE('',*,*,#12081,.T.);
#12081 = EDGE_CURVE('',#11428,#11625,#12082,.T.);
#12082 = SEAM_CURVE('',#12083,(#12087,#12094),.PCURVE_S1.);
#12083 = LINE('',#12084,#12085);
#12084 = CARTESIAN_POINT('',(10.3,139.,-5.));
#12085 = VECTOR('',#12086,1.);
#12086 = DIRECTION('',(0.,0.,1.));
#12087 = PCURVE('',#11448,#12088);
#12088 = DEFINITIONAL_REPRESENTATION('',(#12089),#12093);
#12089 = LINE('',#12090,#12091);
#12090 = CARTESIAN_POINT('',(-6.28318530718,0.));
#12091 = VECTOR('',#12092,1.);
#12092 = DIRECTION('',(-0.,-1.));
#12093 = ( GEOMETRIC_REPRESENTATION_CONTEXT(2) 
PARAMETRIC_REPRESENTATION_CONTEXT() REPRESENTATION_CONTEXT('2D SPACE',''
  ) );
#12094 = PCURVE('',#11448,#12095);
#12095 = DEFINITIONAL_REPRESENTATION('',(#12096),#12100);
#12096 = LINE('',#12097,#12098);
#12097 = CARTESIAN_POINT('',(-0.,0.));
#12098 = VECTOR('',#12099,1.);
#12099 = DIRECTION('',(-0.,-1.));
#12100 = ( GEOMETRIC_REPRESENTATION_CONTEXT(2) 
PARAMETRIC_REPRESENTATION_CONTEXT() REPRESENTATION_CONTEXT('2D SPACE',''
  ) );
#12101 = ORIENTED_EDGE('',*,*,#11624,.T.);
#12102 = ORIENTED_EDGE('',*,*,#12081,.F.);
#12103 = ADVANCED_FACE('',(#12104),#11483,.T.);
#12104 = FACE_BOUND('',#12105,.F.);
#12105 = EDGE_LOOP('',(#12106,#12129,#12130,#12131));
#12106 = ORIENTED_EDGE('',*,*,#12107,.T.);
#12107 = EDGE_CURVE('',#12108,#11467,#12110,.T.);
#12108 = VERTEX_POINT('',#12109);
#12109 = CARTESIAN_POINT('',(34.8,142.20842373802,0.));
#12110 = SEAM_CURVE('',#12111,(#12115,#12122),.PCURVE_S1.);
#12111 = LINE('',#12112,#12113);
#12112 = CARTESIAN_POINT('',(34.8,142.20842373802,0.));
#12113 = VECTOR('',#12114,1.);
#12114 = DIRECTION('',(0.,0.,1.));
#12115 = PCURVE('',#11483,#12116);
#12116 = DEFINITIONAL_REPRESENTATION('',(#12117),#12121);
#12117 = LINE('',#12118,#12119);
#12118 = CARTESIAN_POINT('',(-0.,0.));
#12119 = VECTOR('',#12120,1.);
#12120 = DIRECTION('',(-0.,-1.));
#12121 = ( GEOMETRIC_REPRESENTATION_CONTEXT(2) 
PARAMETRIC_REPRESENTATION_CONTEXT() REPRESENTATION_CONTEXT('2D SPACE',''
  ) );
#12122 = PCURVE('',#11483,#12123);
#12123 = DEFINITIONAL_REPRESENTATION('',(#12124),#12128);
#12124 = LINE('',#12125,#12126);
#12125 = CARTESIAN_POINT('',(-6.28318530718,0.));
#12126 = VECTOR('',#12127,1.);
#12127 = DIRECTION('',(-0.,-1.));
#12128 = ( GEOMETRIC_REPRESENTATION_CONTEXT(2) 
PARAMETRIC_REPRESENTATION_CONTEXT() REPRESENTATION_CONTEXT('2D SPACE',''
  ) );
#12129 = ORIENTED_EDGE('',*,*,#11466,.T.);
#12130 = ORIENTED_EDGE('',*,*,#12107,.F.);
#12131 = ORIENTED_EDGE('',*,*,#12132,.F.);
#12132 = EDGE_CURVE('',#12108,#12108,#12133,.T.);
#12133 = SURFACE_CURVE('',#12134,(#12139,#12146),.PCURVE_S1.);
#12134 = CIRCLE('',#12135,4.8);
#12135 = AXIS2_PLACEMENT_3D('',#12136,#12137,#12138);
#12136 = CARTESIAN_POINT('',(30.,142.20842373802,0.));
#12137 = DIRECTION('',(0.,0.,1.));
#12138 = DIRECTION('',(1.,0.,0.));
#12139 = PCURVE('',#11483,#12140);
#12140 = DEFINITIONAL_REPRESENTATION('',(#12141),#12145);
#12141 = LINE('',#12142,#12143);
#12142 = CARTESIAN_POINT('',(-0.,0.));
#12143 = VECTOR('',#12144,1.);
#12144 = DIRECTION('',(-1.,0.));
#12145 = ( GEOMETRIC_REPRESENTATION_CONTEXT(2) 
PARAMETRIC_REPRESENTATION_CONTEXT() REPRESENTATION_CONTEXT('2D SPACE',''
  ) );
#12146 = PCURVE('',#12147,#12152);
#12147 = PLANE('',#12148);
#12148 = AXIS2_PLACEMENT_3D('',#12149,#12150,#12151);
#12149 = CARTESIAN_POINT('',(0.,0.,0.));
#12150 = DIRECTION('',(0.,0.,1.));
#12151 = DIRECTION('',(1.,0.,0.));
#12152 = DEFINITIONAL_REPRESENTATION('',(#12153),#12157);
#12153 = CIRCLE('',#12154,4.8);
#12154 = AXIS2_PLACEMENT_2D('',#12155,#12156);
#12155 = CARTESIAN_POINT('',(30.,142.20842373802));
#12156 = DIRECTION('',(1.,0.));
#12157 = ( GEOMETRIC_REPRESENTATION_CONTEXT(2) 
PARAMETRIC_REPRESENTATION_CONTEXT() REPRESENTATION_CONTEXT('2D SPACE',''
  ) );
#12158 = ADVANCED_FACE('',(#12159),#11518,.T.);
#12159 = FACE_BOUND('',#12160,.F.);
#12160 = EDGE_LOOP('',(#12161,#12184,#12185,#12186));
#12161 = ORIENTED_EDGE('',*,*,#12162,.T.);
#12162 = EDGE_CURVE('',#12163,#11502,#12165,.T.);
#12163 = VERTEX_POINT('',#12164);
#12164 = CARTESIAN_POINT('',(159.8,142.20842373802,0.));
#12165 = SEAM_CURVE('',#12166,(#12170,#12177),.PCURVE_S1.);
#12166 = LINE('',#12167,#12168);
#12167 = CARTESIAN_POINT('',(159.8,142.20842373802,0.));
#12168 = VECTOR('',#12169,1.);
#12169 = DIRECTION('',(0.,0.,1.));
#12170 = PCURVE('',#11518,#12171);
#12171 = DEFINITIONAL_REPRESENTATION('',(#12172),#12176);
#12172 = LINE('',#12173,#12174);
#12173 = CARTESIAN_POINT('',(-0.,0.));
#12174 = VECTOR('',#12175,1.);
#12175 = DIRECTION('',(-0.,-1.));
#12176 = ( GEOMETRIC_REPRESENTATION_CONTEXT(2) 
PARAMETRIC_REPRESENTATION_CONTEXT() REPRESENTATION_CONTEXT('2D SPACE',''
  ) );
#12177 = PCURVE('',#11518,#12178);
#12178 = DEFINITIONAL_REPRESENTATION('',(#12179),#12183);
#12179 = LINE('',#12180,#12181);
#12180 = CARTESIAN_POINT('',(-6.28318530718,0.));
#12181 = VECTOR('',#12182,1.);
#12182 = DIRECTION('',(-0.,-1.));
#12183 = ( GEOMETRIC_REPRESENTATION_CONTEXT(2) 
PARAMETRIC_REPRESENTATION_CONTEXT() REPRESENTATION_CONTEXT('2D SPACE',''
  ) );
#12184 = ORIENTED_EDGE('',*,*,#11501,.T.);
#12185 = ORIENTED_EDGE('',*,*,#12162,.F.);
#12186 = ORIENTED_EDGE('',*,*,#12187,.F.);
#12187 = EDGE_CURVE('',#12163,#12163,#12188,.T.);
#12188 = SURFACE_CURVE('',#12189,(#12194,#12201),.PCURVE_S1.);
#12189 = CIRCLE('',#12190,4.8);
#12190 = AXIS2_PLACEMENT_3D('',#12191,#12192,#12193);
#12191 = CARTESIAN_POINT('',(155.,142.20842373802,0.));
#12192 = DIRECTION('',(0.,0.,1.));
#12193 = DIRECTION('',(1.,0.,0.));
#12194 = PCURVE('',#11518,#12195);
#12195 = DEFINITIONAL_REPRESENTATION('',(#12196),#12200);
#12196 = LINE('',#12197,#12198);
#12197 = CARTESIAN_POINT('',(-0.,0.));
#12198 = VECTOR('',#12199,1.);
#12199 = DIRECTION('',(-1.,0.));
#12200 = ( GEOMETRIC_REPRESENTATION_CONTEXT(2) 
PARAMETRIC_REPRESENTATION_CONTEXT() REPRESENTATION_CONTEXT('2D SPACE',''
  ) );
#12201 = PCURVE('',#12202,#12207);
#12202 = PLANE('',#12203);
#12203 = AXIS2_PLACEMENT_3D('',#12204,#12205,#12206);
#12204 = CARTESIAN_POINT('',(0.,0.,0.));
#12205 = DIRECTION('',(0.,0.,1.));
#12206 = DIRECTION('',(1.,0.,0.));
#12207 = DEFINITIONAL_REPRESENTATION('',(#12208),#12212);
#12208 = CIRCLE('',#12209,4.8);
#12209 = AXIS2_PLACEMENT_2D('',#12210,#12211);
#12210 = CARTESIAN_POINT('',(155.,142.20842373802));
#12211 = DIRECTION('',(1.,0.));
#12212 = ( GEOMETRIC_REPRESENTATION_CONTEXT(2) 
PARAMETRIC_REPRESENTATION_CONTEXT() REPRESENTATION_CONTEXT('2D SPACE',''
  ) );
#12213 = ADVANCED_FACE('',(#12214),#11557,.F.);
#12214 = FACE_BOUND('',#12215,.T.);
#12215 = EDGE_LOOP('',(#12216,#12217,#12238,#12239));
#12216 = ORIENTED_EDGE('',*,*,#11536,.T.);
#12217 = ORIENTED_EDGE('',*,*,#12218,.T.);
#12218 = EDGE_CURVE('',#11537,#11703,#12219,.T.);
#12219 = SEAM_CURVE('',#12220,(#12224,#12231),.PCURVE_S1.);
#12220 = LINE('',#12221,#12222);
#12221 = CARTESIAN_POINT('',(192.2,139.,-5.));
#12222 = VECTOR('',#12223,1.);
#12223 = DIRECTION('',(0.,0.,1.));
#12224 = PCURVE('',#11557,#12225);
#12225 = DEFINITIONAL_REPRESENTATION('',(#12226),#12230);
#12226 = LINE('',#12227,#12228);
#12227 = CARTESIAN_POINT('',(-6.28318530718,0.));
#12228 = VECTOR('',#12229,1.);
#12229 = DIRECTION('',(-0.,-1.));
#12230 = ( GEOMETRIC_REPRESENTATION_CONTEXT(2) 
PARAMETRIC_REPRESENTATION_CONTEXT() REPRESENTATION_CONTEXT('2D SPACE',''
  ) );
#12231 = PCURVE('',#11557,#12232);
#12232 = DEFINITIONAL_REPRESENTATION('',(#12233),#12237);
#12233 = LINE('',#12234,#12235);
#12234 = CARTESIAN_POINT('',(-0.,0.));
#12235 = VECTOR('',#12236,1.);
#12236 = DIRECTION('',(-0.,-1.));
#12237 = ( GEOMETRIC_REPRESENTATION_CONTEXT(2) 
PARAMETRIC_REPRESENTATION_CONTEXT() REPRESENTATION_CONTEXT('2D SPACE',''
  ) );
#12238 = ORIENTED_EDGE('',*,*,#11702,.T.);
#12239 = ORIENTED_EDGE('',*,*,#12218,.F.);
#12240 = ADVANCED_FACE('',(#12241),#11781,.T.);
#12241 = FACE_BOUND('',#12242,.T.);
#12242 = EDGE_LOOP('',(#12243,#12244,#12245,#12246));
#12243 = ORIENTED_EDGE('',*,*,#11765,.F.);
#12244 = ORIENTED_EDGE('',*,*,#11867,.T.);
#12245 = ORIENTED_EDGE('',*,*,#11917,.T.);
#12246 = ORIENTED_EDGE('',*,*,#11818,.F.);
#12247 = ADVANCED_FACE('',(#12248),#11983,.F.);
#12248 = FACE_BOUND('',#12249,.F.);
#12249 = EDGE_LOOP('',(#12250));
#12250 = ORIENTED_EDGE('',*,*,#11968,.T.);
#12251 = ADVANCED_FACE('',(#12252),#12065,.F.);
#12252 = FACE_BOUND('',#12253,.F.);
#12253 = EDGE_LOOP('',(#12254));
#12254 = ORIENTED_EDGE('',*,*,#12050,.T.);
#12255 = ADVANCED_FACE('',(#12256),#12147,.F.);
#12256 = FACE_BOUND('',#12257,.F.);
#12257 = EDGE_LOOP('',(#12258));
#12258 = ORIENTED_EDGE('',*,*,#12132,.T.);
#12259 = ADVANCED_FACE('',(#12260),#12202,.F.);
#12260 = FACE_BOUND('',#12261,.F.);
#12261 = EDGE_LOOP('',(#12262));
#12262 = ORIENTED_EDGE('',*,*,#12187,.T.);
#12263 = ( GEOMETRIC_REPRESENTATION_CONTEXT(3) 
GLOBAL_UNCERTAINTY_ASSIGNED_CONTEXT((#12267)) 
GLOBAL_UNIT_ASSIGNED_CONTEXT((#12264,#12265,#12266)) 
REPRESENTATION_CONTEXT('Context #1',
  '3D Context with UNIT and UNCERTAINTY') );
#12264 = ( LENGTH_UNIT() NAMED_UNIT(*) SI_UNIT(.MILLI.,.METRE.) );
#12265 = ( NAMED_UNIT(*) PLANE_ANGLE_UNIT() SI_UNIT($,.RADIAN.) );
#12266 = ( NAMED_UNIT(*) SI_UNIT($,.STERADIAN.) SOLID_ANGLE_UNIT() );
#12267 = UNCERTAINTY_MEASURE_WITH_UNIT(LENGTH_MEASURE(1.E-07),#12264,
  'distance_accuracy_value','confusion accuracy');
#12268 = CONTEXT_DEPENDENT_SHAPE_REPRESENTATION(#12269,#12271);
#12269 = ( REPRESENTATION_RELATIONSHIP('','',#36,#10) 
REPRESENTATION_RELATIONSHIP_WITH_TRANSFORMATION(#12270) 
SHAPE_REPRESENTATION_RELATIONSHIP() );
#12270 = ITEM_DEFINED_TRANSFORMATION('','',#11,#15);
#12271 = PRODUCT_DEFINITION_SHAPE('Placement','Placement of an item',
  #12272);
#12272 = NEXT_ASSEMBLY_USAGE_OCCURRENCE('1','','',#5,#31,$);
#12273 = PRODUCT_RELATED_PRODUCT_CATEGORY('part',$,(#33));
#12274 = SHAPE_DEFINITION_REPRESENTATION(#12275,#12281);
#12275 = PRODUCT_DEFINITION_SHAPE('','',#12276);
#12276 = PRODUCT_DEFINITION('design','',#12277,#12280);
#12277 = PRODUCT_DEFINITION_FORMATION('','',#12278);
#12278 = PRODUCT('Open CASCADE STEP translator 7.9 5.2',
  'Open CASCADE STEP translator 7.9 5.2','',(#12279));
#12279 = PRODUCT_CONTEXT('',#2,'mechanical');
#12280 = PRODUCT_DEFINITION_CONTEXT('part definition',#2,'design');
#12281 = ADVANCED_BREP_SHAPE_REPRESENTATION('',(#11,#12282),#19195);
#12282 = MANIFOLD_SOLID_BREP('',#12283);
#12283 = CLOSED_SHELL('',(#12284,#12404,#13080,#13130,#13184,#14543,
    #14570,#14597,#14624,#14651,#14658,#14705,#14732,#14759,#14766,
    #14813,#14840,#14867,#14874,#14950,#15000,#15050,#15077,#15153,
    #15203,#15252,#15280,#15356,#15405,#15454,#15481,#15557,#15606,
    #15655,#15682,#15758,#15807,#15856,#15883,#15959,#16008,#16057,
    #16084,#16161,#16210,#16259,#16287,#16363,#16412,#16461,#16488,
    #16565,#16614,#16664,#16691,#16767,#16816,#16865,#16892,#16968,
    #17017,#17066,#17093,#17216,#17339,#17346,#17397,#17404,#17455,
    #17576,#17583,#17704,#17755,#17762,#17838,#17893,#17948,#17980,
    #18056,#18111,#18166,#18198,#18253,#18308,#18381,#18428,#18475,
    #18501,#18574,#18621,#18668,#18694,#18749,#18825,#18875,#18925,
    #18952,#19028,#19078,#19128,#19155,#19159,#19163,#19170,#19177,
    #19181,#19188));
#12284 = ADVANCED_FACE('',(#12285),#12299,.F.);
#12285 = FACE_BOUND('',#12286,.F.);
#12286 = EDGE_LOOP('',(#12287,#12322,#12350,#12378));
#12287 = ORIENTED_EDGE('',*,*,#12288,.F.);
#12288 = EDGE_CURVE('',#12289,#12291,#12293,.T.);
#12289 = VERTEX_POINT('',#12290);
#12290 = CARTESIAN_POINT('',(-8.881784197001E-16,5.424996580071,
    16.407229304435));
#12291 = VERTEX_POINT('',#12292);
#12292 = CARTESIAN_POINT('',(-8.881784197001E-16,149.91778853774,
    48.435858252232));
#12293 = SURFACE_CURVE('',#12294,(#12298,#12310),.PCURVE_S1.);
#12294 = LINE('',#12295,#12296);
#12295 = CARTESIAN_POINT('',(0.,-0.432819310105,15.108771374119));
#12296 = VECTOR('',#12297,1.);
#12297 = DIRECTION('',(0.,0.976302648363,0.216409655053));
#12298 = PCURVE('',#12299,#12304);
#12299 = PLANE('',#12300);
#12300 = AXIS2_PLACEMENT_3D('',#12301,#12302,#12303);
#12301 = CARTESIAN_POINT('',(0.,0.,13.156166077393));
#12302 = DIRECTION('',(1.,0.,0.));
#12303 = DIRECTION('',(0.,-0.216409655053,0.976302648363));
#12304 = DEFINITIONAL_REPRESENTATION('',(#12305),#12309);
#12305 = LINE('',#12306,#12307);
#12306 = CARTESIAN_POINT('',(2.,-2.690206186156E-17));
#12307 = VECTOR('',#12308,1.);
#12308 = DIRECTION('',(-1.057526724829E-17,-1.));
#12309 = ( GEOMETRIC_REPRESENTATION_CONTEXT(2) 
PARAMETRIC_REPRESENTATION_CONTEXT() REPRESENTATION_CONTEXT('2D SPACE',''
  ) );
#12310 = PCURVE('',#12311,#12316);
#12311 = PLANE('',#12312);
#12312 = AXIS2_PLACEMENT_3D('',#12313,#12314,#12315);
#12313 = CARTESIAN_POINT('',(0.,-0.432819310105,15.108771374119));
#12314 = DIRECTION('',(0.,-0.216409655053,0.976302648363));
#12315 = DIRECTION('',(1.,0.,0.));
#12316 = DEFINITIONAL_REPRESENTATION('',(#12317),#12321);
#12317 = LINE('',#12318,#12319);
#12318 = CARTESIAN_POINT('',(0.,0.));
#12319 = VECTOR('',#12320,1.);
#12320 = DIRECTION('',(0.,1.));
#12321 = ( GEOMETRIC_REPRESENTATION_CONTEXT(2) 
PARAMETRIC_REPRESENTATION_CONTEXT() REPRESENTATION_CONTEXT('2D SPACE',''
  ) );
#12322 = ORIENTED_EDGE('',*,*,#12323,.F.);
#12323 = EDGE_CURVE('',#12324,#12289,#12326,.T.);
#12324 = VERTEX_POINT('',#12325);
#12325 = CARTESIAN_POINT('',(-8.881784197001E-16,5.857815890176,
    14.454624007709));
#12326 = SURFACE_CURVE('',#12327,(#12331,#12338),.PCURVE_S1.);
#12327 = LINE('',#12328,#12329);
#12328 = CARTESIAN_POINT('',(-8.881784197001E-16,5.857815890176,
    14.454624007709));
#12329 = VECTOR('',#12330,1.);
#12330 = DIRECTION('',(0.,-0.216409655053,0.976302648363));
#12331 = PCURVE('',#12299,#12332);
#12332 = DEFINITIONAL_REPRESENTATION('',(#12333),#12337);
#12333 = LINE('',#12334,#12335);
#12334 = CARTESIAN_POINT('',(7.005498410427E-16,-6.));
#12335 = VECTOR('',#12336,1.);
#12336 = DIRECTION('',(1.,1.057526724829E-17));
#12337 = ( GEOMETRIC_REPRESENTATION_CONTEXT(2) 
PARAMETRIC_REPRESENTATION_CONTEXT() REPRESENTATION_CONTEXT('2D SPACE',''
  ) );
#12338 = PCURVE('',#12339,#12344);
#12339 = CYLINDRICAL_SURFACE('',#12340,6.);
#12340 = AXIS2_PLACEMENT_3D('',#12341,#12342,#12343);
#12341 = CARTESIAN_POINT('',(6.,5.857815890176,14.454624007709));
#12342 = DIRECTION('',(0.,-0.216409655053,0.976302648363));
#12343 = DIRECTION('',(-1.,-0.,0.));
#12344 = DEFINITIONAL_REPRESENTATION('',(#12345),#12349);
#12345 = LINE('',#12346,#12347);
#12346 = CARTESIAN_POINT('',(0.,0.));
#12347 = VECTOR('',#12348,1.);
#12348 = DIRECTION('',(0.,1.));
#12349 = ( GEOMETRIC_REPRESENTATION_CONTEXT(2) 
PARAMETRIC_REPRESENTATION_CONTEXT() REPRESENTATION_CONTEXT('2D SPACE',''
  ) );
#12350 = ORIENTED_EDGE('',*,*,#12351,.T.);
#12351 = EDGE_CURVE('',#12324,#12352,#12354,.T.);
#12352 = VERTEX_POINT('',#12353);
#12353 = CARTESIAN_POINT('',(-8.881784197001E-16,150.35060784785,
    46.483252955507));
#12354 = SURFACE_CURVE('',#12355,(#12359,#12366),.PCURVE_S1.);
#12355 = LINE('',#12356,#12357);
#12356 = CARTESIAN_POINT('',(0.,0.,13.156166077393));
#12357 = VECTOR('',#12358,1.);
#12358 = DIRECTION('',(0.,0.976302648363,0.216409655053));
#12359 = PCURVE('',#12299,#12360);
#12360 = DEFINITIONAL_REPRESENTATION('',(#12361),#12365);
#12361 = LINE('',#12362,#12363);
#12362 = CARTESIAN_POINT('',(0.,0.));
#12363 = VECTOR('',#12364,1.);
#12364 = DIRECTION('',(-1.057526724829E-17,-1.));
#12365 = ( GEOMETRIC_REPRESENTATION_CONTEXT(2) 
PARAMETRIC_REPRESENTATION_CONTEXT() REPRESENTATION_CONTEXT('2D SPACE',''
  ) );
#12366 = PCURVE('',#12367,#12372);
#12367 = PLANE('',#12368);
#12368 = AXIS2_PLACEMENT_3D('',#12369,#12370,#12371);
#12369 = CARTESIAN_POINT('',(0.,0.,13.156166077393));
#12370 = DIRECTION('',(0.,-0.216409655053,0.976302648363));
#12371 = DIRECTION('',(1.,0.,0.));
#12372 = DEFINITIONAL_REPRESENTATION('',(#12373),#12377);
#12373 = LINE('',#12374,#12375);
#12374 = CARTESIAN_POINT('',(0.,0.));
#12375 = VECTOR('',#12376,1.);
#12376 = DIRECTION('',(0.,1.));
#12377 = ( GEOMETRIC_REPRESENTATION_CONTEXT(2) 
PARAMETRIC_REPRESENTATION_CONTEXT() REPRESENTATION_CONTEXT('2D SPACE',''
  ) );
#12378 = ORIENTED_EDGE('',*,*,#12379,.T.);
#12379 = EDGE_CURVE('',#12352,#12291,#12380,.T.);
#12380 = SURFACE_CURVE('',#12381,(#12385,#12392),.PCURVE_S1.);
#12381 = LINE('',#12382,#12383);
#12382 = CARTESIAN_POINT('',(-8.881784197001E-16,150.35060784785,
    46.483252955507));
#12383 = VECTOR('',#12384,1.);
#12384 = DIRECTION('',(0.,-0.216409655053,0.976302648363));
#12385 = PCURVE('',#12299,#12386);
#12386 = DEFINITIONAL_REPRESENTATION('',(#12387),#12391);
#12387 = LINE('',#12388,#12389);
#12388 = CARTESIAN_POINT('',(9.651480859482E-15,-154.));
#12389 = VECTOR('',#12390,1.);
#12390 = DIRECTION('',(1.,1.057526724829E-17));
#12391 = ( GEOMETRIC_REPRESENTATION_CONTEXT(2) 
PARAMETRIC_REPRESENTATION_CONTEXT() REPRESENTATION_CONTEXT('2D SPACE',''
  ) );
#12392 = PCURVE('',#12393,#12398);
#12393 = CYLINDRICAL_SURFACE('',#12394,6.);
#12394 = AXIS2_PLACEMENT_3D('',#12395,#12396,#12397);
#12395 = CARTESIAN_POINT('',(6.,150.35060784785,46.483252955507));
#12396 = DIRECTION('',(0.,-0.216409655053,0.976302648363));
#12397 = DIRECTION('',(-1.,-0.,0.));
#12398 = DEFINITIONAL_REPRESENTATION('',(#12399),#12403);
#12399 = LINE('',#12400,#12401);
#12400 = CARTESIAN_POINT('',(-0.,0.));
#12401 = VECTOR('',#12402,1.);
#12402 = DIRECTION('',(-0.,1.));
#12403 = ( GEOMETRIC_REPRESENTATION_CONTEXT(2) 
PARAMETRIC_REPRESENTATION_CONTEXT() REPRESENTATION_CONTEXT('2D SPACE',''
  ) );
#12404 = ADVANCED_FACE('',(#12405,#12604,#12718,#12832,#12956),#12311,
  .T.);
#12405 = FACE_BOUND('',#12406,.T.);
#12406 = EDGE_LOOP('',(#12407,#12408,#12432,#12460,#12493,#12521,#12550,
    #12578));
#12407 = ORIENTED_EDGE('',*,*,#12288,.F.);
#12408 = ORIENTED_EDGE('',*,*,#12409,.T.);
#12409 = EDGE_CURVE('',#12289,#12410,#12412,.T.);
#12410 = VERTEX_POINT('',#12411);
#12411 = CARTESIAN_POINT('',(6.,-0.432819310105,15.108771374119));
#12412 = SURFACE_CURVE('',#12413,(#12418,#12425),.PCURVE_S1.);
#12413 = CIRCLE('',#12414,6.);
#12414 = AXIS2_PLACEMENT_3D('',#12415,#12416,#12417);
#12415 = CARTESIAN_POINT('',(6.,5.424996580071,16.407229304435));
#12416 = DIRECTION('',(0.,-0.216409655053,0.976302648363));
#12417 = DIRECTION('',(0.,-0.976302648363,-0.216409655053));
#12418 = PCURVE('',#12311,#12419);
#12419 = DEFINITIONAL_REPRESENTATION('',(#12420),#12424);
#12420 = CIRCLE('',#12421,6.);
#12421 = AXIS2_PLACEMENT_2D('',#12422,#12423);
#12422 = CARTESIAN_POINT('',(6.,6.));
#12423 = DIRECTION('',(0.,-1.));
#12424 = ( GEOMETRIC_REPRESENTATION_CONTEXT(2) 
PARAMETRIC_REPRESENTATION_CONTEXT() REPRESENTATION_CONTEXT('2D SPACE',''
  ) );
#12425 = PCURVE('',#12339,#12426);
#12426 = DEFINITIONAL_REPRESENTATION('',(#12427),#12431);
#12427 = LINE('',#12428,#12429);
#12428 = CARTESIAN_POINT('',(-4.712388980385,2.));
#12429 = VECTOR('',#12430,1.);
#12430 = DIRECTION('',(1.,0.));
#12431 = ( GEOMETRIC_REPRESENTATION_CONTEXT(2) 
PARAMETRIC_REPRESENTATION_CONTEXT() REPRESENTATION_CONTEXT('2D SPACE',''
  ) );
#12432 = ORIENTED_EDGE('',*,*,#12433,.T.);
#12433 = EDGE_CURVE('',#12410,#12434,#12436,.T.);
#12434 = VERTEX_POINT('',#12435);
#12435 = CARTESIAN_POINT('',(192.775,-0.432819310105,15.108771374119));
#12436 = SURFACE_CURVE('',#12437,(#12441,#12448),.PCURVE_S1.);
#12437 = LINE('',#12438,#12439);
#12438 = CARTESIAN_POINT('',(0.,-0.432819310105,15.108771374119));
#12439 = VECTOR('',#12440,1.);
#12440 = DIRECTION('',(1.,0.,0.));
#12441 = PCURVE('',#12311,#12442);
#12442 = DEFINITIONAL_REPRESENTATION('',(#12443),#12447);
#12443 = LINE('',#12444,#12445);
#12444 = CARTESIAN_POINT('',(0.,0.));
#12445 = VECTOR('',#12446,1.);
#12446 = DIRECTION('',(1.,0.));
#12447 = ( GEOMETRIC_REPRESENTATION_CONTEXT(2) 
PARAMETRIC_REPRESENTATION_CONTEXT() REPRESENTATION_CONTEXT('2D SPACE',''
  ) );
#12448 = PCURVE('',#12449,#12454);
#12449 = PLANE('',#12450);
#12450 = AXIS2_PLACEMENT_3D('',#12451,#12452,#12453);
#12451 = CARTESIAN_POINT('',(0.,0.,13.156166077393));
#12452 = DIRECTION('',(0.,0.976302648363,0.216409655053));
#12453 = DIRECTION('',(0.,-0.216409655053,0.976302648363));
#12454 = DEFINITIONAL_REPRESENTATION('',(#12455),#12459);
#12455 = LINE('',#12456,#12457);
#12456 = CARTESIAN_POINT('',(2.,0.));
#12457 = VECTOR('',#12458,1.);
#12458 = DIRECTION('',(0.,1.));
#12459 = ( GEOMETRIC_REPRESENTATION_CONTEXT(2) 
PARAMETRIC_REPRESENTATION_CONTEXT() REPRESENTATION_CONTEXT('2D SPACE',''
  ) );
#12460 = ORIENTED_EDGE('',*,*,#12461,.F.);
#12461 = EDGE_CURVE('',#12462,#12434,#12464,.T.);
#12462 = VERTEX_POINT('',#12463);
#12463 = CARTESIAN_POINT('',(198.775,5.424996580071,16.407229304435));
#12464 = SURFACE_CURVE('',#12465,(#12470,#12481),.PCURVE_S1.);
#12465 = CIRCLE('',#12466,6.);
#12466 = AXIS2_PLACEMENT_3D('',#12467,#12468,#12469);
#12467 = CARTESIAN_POINT('',(192.775,5.424996580071,16.407229304435));
#12468 = DIRECTION('',(0.,0.216409655053,-0.976302648363));
#12469 = DIRECTION('',(0.,-0.976302648363,-0.216409655053));
#12470 = PCURVE('',#12311,#12471);
#12471 = DEFINITIONAL_REPRESENTATION('',(#12472),#12480);
#12472 = ( BOUNDED_CURVE() B_SPLINE_CURVE(2,(#12473,#12474,#12475,#12476
    ,#12477,#12478,#12479),.UNSPECIFIED.,.T.,.F.) 
B_SPLINE_CURVE_WITH_KNOTS((1,2,2,2,2,1),(-2.094395102393,0.,
    2.094395102393,4.188790204786,6.28318530718,8.377580409573),
.UNSPECIFIED.) CURVE() GEOMETRIC_REPRESENTATION_ITEM() 
RATIONAL_B_SPLINE_CURVE((1.,0.5,1.,0.5,1.,0.5,1.)) REPRESENTATION_ITEM(
  '') );
#12473 = CARTESIAN_POINT('',(192.775,0.));
#12474 = CARTESIAN_POINT('',(182.38269515458,0.));
#12475 = CARTESIAN_POINT('',(187.57884757729,9.));
#12476 = CARTESIAN_POINT('',(192.775,18.));
#12477 = CARTESIAN_POINT('',(197.9711524227,9.));
#12478 = CARTESIAN_POINT('',(203.16730484541,8.881784197001E-15));
#12479 = CARTESIAN_POINT('',(192.775,0.));
#12480 = ( GEOMETRIC_REPRESENTATION_CONTEXT(2) 
PARAMETRIC_REPRESENTATION_CONTEXT() REPRESENTATION_CONTEXT('2D SPACE',''
  ) );
#12481 = PCURVE('',#12482,#12487);
#12482 = CYLINDRICAL_SURFACE('',#12483,6.);
#12483 = AXIS2_PLACEMENT_3D('',#12484,#12485,#12486);
#12484 = CARTESIAN_POINT('',(192.775,5.857815890176,14.454624007709));
#12485 = DIRECTION('',(0.,-0.216409655053,0.976302648363));
#12486 = DIRECTION('',(1.,0.,0.));
#12487 = DEFINITIONAL_REPRESENTATION('',(#12488),#12492);
#12488 = LINE('',#12489,#12490);
#12489 = CARTESIAN_POINT('',(4.712388980385,2.));
#12490 = VECTOR('',#12491,1.);
#12491 = DIRECTION('',(-1.,0.));
#12492 = ( GEOMETRIC_REPRESENTATION_CONTEXT(2) 
PARAMETRIC_REPRESENTATION_CONTEXT() REPRESENTATION_CONTEXT('2D SPACE',''
  ) );
#12493 = ORIENTED_EDGE('',*,*,#12494,.T.);
#12494 = EDGE_CURVE('',#12462,#12495,#12497,.T.);
#12495 = VERTEX_POINT('',#12496);
#12496 = CARTESIAN_POINT('',(198.775,149.91778853774,48.435858252232));
#12497 = SURFACE_CURVE('',#12498,(#12502,#12509),.PCURVE_S1.);
#12498 = LINE('',#12499,#12500);
#12499 = CARTESIAN_POINT('',(198.775,-0.432819310105,15.108771374119));
#12500 = VECTOR('',#12501,1.);
#12501 = DIRECTION('',(0.,0.976302648363,0.216409655053));
#12502 = PCURVE('',#12311,#12503);
#12503 = DEFINITIONAL_REPRESENTATION('',(#12504),#12508);
#12504 = LINE('',#12505,#12506);
#12505 = CARTESIAN_POINT('',(198.775,0.));
#12506 = VECTOR('',#12507,1.);
#12507 = DIRECTION('',(0.,1.));
#12508 = ( GEOMETRIC_REPRESENTATION_CONTEXT(2) 
PARAMETRIC_REPRESENTATION_CONTEXT() REPRESENTATION_CONTEXT('2D SPACE',''
  ) );
#12509 = PCURVE('',#12510,#12515);
#12510 = PLANE('',#12511);
#12511 = AXIS2_PLACEMENT_3D('',#12512,#12513,#12514);
#12512 = CARTESIAN_POINT('',(198.775,0.,13.156166077393));
#12513 = DIRECTION('',(1.,0.,0.));
#12514 = DIRECTION('',(0.,-0.216409655053,0.976302648363));
#12515 = DEFINITIONAL_REPRESENTATION('',(#12516),#12520);
#12516 = LINE('',#12517,#12518);
#12517 = CARTESIAN_POINT('',(2.,-2.690206186156E-17));
#12518 = VECTOR('',#12519,1.);
#12519 = DIRECTION('',(-1.057526724829E-17,-1.));
#12520 = ( GEOMETRIC_REPRESENTATION_CONTEXT(2) 
PARAMETRIC_REPRESENTATION_CONTEXT() REPRESENTATION_CONTEXT('2D SPACE',''
  ) );
#12521 = ORIENTED_EDGE('',*,*,#12522,.T.);
#12522 = EDGE_CURVE('',#12495,#12523,#12525,.T.);
#12523 = VERTEX_POINT('',#12524);
#12524 = CARTESIAN_POINT('',(192.775,155.77560442792,49.734316182548));
#12525 = SURFACE_CURVE('',#12526,(#12531,#12538),.PCURVE_S1.);
#12526 = CIRCLE('',#12527,6.);
#12527 = AXIS2_PLACEMENT_3D('',#12528,#12529,#12530);
#12528 = CARTESIAN_POINT('',(192.775,149.91778853774,48.435858252232));
#12529 = DIRECTION('',(0.,-0.216409655053,0.976302648363));
#12530 = DIRECTION('',(0.,-0.976302648363,-0.216409655053));
#12531 = PCURVE('',#12311,#12532);
#12532 = DEFINITIONAL_REPRESENTATION('',(#12533),#12537);
#12533 = CIRCLE('',#12534,6.);
#12534 = AXIS2_PLACEMENT_2D('',#12535,#12536);
#12535 = CARTESIAN_POINT('',(192.775,154.));
#12536 = DIRECTION('',(0.,-1.));
#12537 = ( GEOMETRIC_REPRESENTATION_CONTEXT(2) 
PARAMETRIC_REPRESENTATION_CONTEXT() REPRESENTATION_CONTEXT('2D SPACE',''
  ) );
#12538 = PCURVE('',#12539,#12544);
#12539 = CYLINDRICAL_SURFACE('',#12540,6.);
#12540 = AXIS2_PLACEMENT_3D('',#12541,#12542,#12543);
#12541 = CARTESIAN_POINT('',(192.775,150.35060784785,46.483252955507));
#12542 = DIRECTION('',(0.,-0.216409655053,0.976302648363));
#12543 = DIRECTION('',(1.,0.,0.));
#12544 = DEFINITIONAL_REPRESENTATION('',(#12545),#12549);
#12545 = LINE('',#12546,#12547);
#12546 = CARTESIAN_POINT('',(-1.570796326795,2.));
#12547 = VECTOR('',#12548,1.);
#12548 = DIRECTION('',(1.,0.));
#12549 = ( GEOMETRIC_REPRESENTATION_CONTEXT(2) 
PARAMETRIC_REPRESENTATION_CONTEXT() REPRESENTATION_CONTEXT('2D SPACE',''
  ) );
#12550 = ORIENTED_EDGE('',*,*,#12551,.F.);
#12551 = EDGE_CURVE('',#12552,#12523,#12554,.T.);
#12552 = VERTEX_POINT('',#12553);
#12553 = CARTESIAN_POINT('',(6.,155.77560442792,49.734316182548));
#12554 = SURFACE_CURVE('',#12555,(#12559,#12566),.PCURVE_S1.);
#12555 = LINE('',#12556,#12557);
#12556 = CARTESIAN_POINT('',(0.,155.77560442792,49.734316182548));
#12557 = VECTOR('',#12558,1.);
#12558 = DIRECTION('',(1.,0.,0.));
#12559 = PCURVE('',#12311,#12560);
#12560 = DEFINITIONAL_REPRESENTATION('',(#12561),#12565);
#12561 = LINE('',#12562,#12563);
#12562 = CARTESIAN_POINT('',(0.,160.));
#12563 = VECTOR('',#12564,1.);
#12564 = DIRECTION('',(1.,0.));
#12565 = ( GEOMETRIC_REPRESENTATION_CONTEXT(2) 
PARAMETRIC_REPRESENTATION_CONTEXT() REPRESENTATION_CONTEXT('2D SPACE',''
  ) );
#12566 = PCURVE('',#12567,#12572);
#12567 = PLANE('',#12568);
#12568 = AXIS2_PLACEMENT_3D('',#12569,#12570,#12571);
#12569 = CARTESIAN_POINT('',(0.,156.20842373802,47.781710885823));
#12570 = DIRECTION('',(0.,0.976302648363,0.216409655053));
#12571 = DIRECTION('',(0.,-0.216409655053,0.976302648363));
#12572 = DEFINITIONAL_REPRESENTATION('',(#12573),#12577);
#12573 = LINE('',#12574,#12575);
#12574 = CARTESIAN_POINT('',(2.,0.));
#12575 = VECTOR('',#12576,1.);
#12576 = DIRECTION('',(0.,1.));
#12577 = ( GEOMETRIC_REPRESENTATION_CONTEXT(2) 
PARAMETRIC_REPRESENTATION_CONTEXT() REPRESENTATION_CONTEXT('2D SPACE',''
  ) );
#12578 = ORIENTED_EDGE('',*,*,#12579,.F.);
#12579 = EDGE_CURVE('',#12291,#12552,#12580,.T.);
#12580 = SURFACE_CURVE('',#12581,(#12586,#12597),.PCURVE_S1.);
#12581 = CIRCLE('',#12582,6.);
#12582 = AXIS2_PLACEMENT_3D('',#12583,#12584,#12585);
#12583 = CARTESIAN_POINT('',(6.,149.91778853774,48.435858252232));
#12584 = DIRECTION('',(0.,0.216409655053,-0.976302648363));
#12585 = DIRECTION('',(0.,-0.976302648363,-0.216409655053));
#12586 = PCURVE('',#12311,#12587);
#12587 = DEFINITIONAL_REPRESENTATION('',(#12588),#12596);
#12588 = ( BOUNDED_CURVE() B_SPLINE_CURVE(2,(#12589,#12590,#12591,#12592
    ,#12593,#12594,#12595),.UNSPECIFIED.,.T.,.F.) 
B_SPLINE_CURVE_WITH_KNOTS((1,2,2,2,2,1),(-2.094395102393,0.,
    2.094395102393,4.188790204786,6.28318530718,8.377580409573),
.UNSPECIFIED.) CURVE() GEOMETRIC_REPRESENTATION_ITEM() 
RATIONAL_B_SPLINE_CURVE((1.,0.5,1.,0.5,1.,0.5,1.)) REPRESENTATION_ITEM(
  '') );
#12589 = CARTESIAN_POINT('',(6.,148.));
#12590 = CARTESIAN_POINT('',(-4.392304845413,148.));
#12591 = CARTESIAN_POINT('',(0.803847577293,157.));
#12592 = CARTESIAN_POINT('',(6.,166.));
#12593 = CARTESIAN_POINT('',(11.196152422707,157.));
#12594 = CARTESIAN_POINT('',(16.392304845413,148.));
#12595 = CARTESIAN_POINT('',(6.,148.));
#12596 = ( GEOMETRIC_REPRESENTATION_CONTEXT(2) 
PARAMETRIC_REPRESENTATION_CONTEXT() REPRESENTATION_CONTEXT('2D SPACE',''
  ) );
#12597 = PCURVE('',#12393,#12598);
#12598 = DEFINITIONAL_REPRESENTATION('',(#12599),#12603);
#12599 = LINE('',#12600,#12601);
#12600 = CARTESIAN_POINT('',(1.570796326795,2.));
#12601 = VECTOR('',#12602,1.);
#12602 = DIRECTION('',(-1.,0.));
#12603 = ( GEOMETRIC_REPRESENTATION_CONTEXT(2) 
PARAMETRIC_REPRESENTATION_CONTEXT() REPRESENTATION_CONTEXT('2D SPACE',''
  ) );
#12604 = FACE_BOUND('',#12605,.T.);
#12605 = EDGE_LOOP('',(#12606,#12636,#12664,#12692));
#12606 = ORIENTED_EDGE('',*,*,#12607,.T.);
#12607 = EDGE_CURVE('',#12608,#12610,#12612,.T.);
#12608 = VERTEX_POINT('',#12609);
#12609 = CARTESIAN_POINT('',(89.732142857143,9.330207173521,
    17.272867924646));
#12610 = VERTEX_POINT('',#12611);
#12611 = CARTESIAN_POINT('',(11.382142857143,9.330207173521,
    17.272867924646));
#12612 = SURFACE_CURVE('',#12613,(#12617,#12624),.PCURVE_S1.);
#12613 = LINE('',#12614,#12615);
#12614 = CARTESIAN_POINT('',(5.691071428571,9.330207173521,
    17.272867924646));
#12615 = VECTOR('',#12616,1.);
#12616 = DIRECTION('',(-1.,0.,0.));
#12617 = PCURVE('',#12311,#12618);
#12618 = DEFINITIONAL_REPRESENTATION('',(#12619),#12623);
#12619 = LINE('',#12620,#12621);
#12620 = CARTESIAN_POINT('',(5.691071428571,10.));
#12621 = VECTOR('',#12622,1.);
#12622 = DIRECTION('',(-1.,0.));
#12623 = ( GEOMETRIC_REPRESENTATION_CONTEXT(2) 
PARAMETRIC_REPRESENTATION_CONTEXT() REPRESENTATION_CONTEXT('2D SPACE',''
  ) );
#12624 = PCURVE('',#12625,#12630);
#12625 = PLANE('',#12626);
#12626 = AXIS2_PLACEMENT_3D('',#12627,#12628,#12629);
#12627 = CARTESIAN_POINT('',(11.382142857143,10.195845793732,
    13.367657331195));
#12628 = DIRECTION('',(0.,0.976302648363,0.216409655053));
#12629 = DIRECTION('',(0.,-0.216409655053,0.976302648363));
#12630 = DEFINITIONAL_REPRESENTATION('',(#12631),#12635);
#12631 = LINE('',#12632,#12633);
#12632 = CARTESIAN_POINT('',(4.,-5.691071428571));
#12633 = VECTOR('',#12634,1.);
#12634 = DIRECTION('',(0.,-1.));
#12635 = ( GEOMETRIC_REPRESENTATION_CONTEXT(2) 
PARAMETRIC_REPRESENTATION_CONTEXT() REPRESENTATION_CONTEXT('2D SPACE',''
  ) );
#12636 = ORIENTED_EDGE('',*,*,#12637,.T.);
#12637 = EDGE_CURVE('',#12610,#12638,#12640,.T.);
#12638 = VERTEX_POINT('',#12639);
#12639 = CARTESIAN_POINT('',(11.382142857143,122.20020717352,
    42.291910745804));
#12640 = SURFACE_CURVE('',#12641,(#12645,#12652),.PCURVE_S1.);
#12641 = LINE('',#12642,#12643);
#12642 = CARTESIAN_POINT('',(11.382142857143,4.448693931708,
    16.190819649382));
#12643 = VECTOR('',#12644,1.);
#12644 = DIRECTION('',(0.,0.976302648363,0.216409655053));
#12645 = PCURVE('',#12311,#12646);
#12646 = DEFINITIONAL_REPRESENTATION('',(#12647),#12651);
#12647 = LINE('',#12648,#12649);
#12648 = CARTESIAN_POINT('',(11.382142857143,5.));
#12649 = VECTOR('',#12650,1.);
#12650 = DIRECTION('',(0.,1.));
#12651 = ( GEOMETRIC_REPRESENTATION_CONTEXT(2) 
PARAMETRIC_REPRESENTATION_CONTEXT() REPRESENTATION_CONTEXT('2D SPACE',''
  ) );
#12652 = PCURVE('',#12653,#12658);
#12653 = PLANE('',#12654);
#12654 = AXIS2_PLACEMENT_3D('',#12655,#12656,#12657);
#12655 = CARTESIAN_POINT('',(11.382142857143,10.195845793732,
    13.367657331195));
#12656 = DIRECTION('',(1.,0.,0.));
#12657 = DIRECTION('',(0.,-0.216409655053,0.976302648363));
#12658 = DEFINITIONAL_REPRESENTATION('',(#12659),#12663);
#12659 = LINE('',#12660,#12661);
#12660 = CARTESIAN_POINT('',(4.,5.));
#12661 = VECTOR('',#12662,1.);
#12662 = DIRECTION('',(-1.057526724829E-17,-1.));
#12663 = ( GEOMETRIC_REPRESENTATION_CONTEXT(2) 
PARAMETRIC_REPRESENTATION_CONTEXT() REPRESENTATION_CONTEXT('2D SPACE',''
  ) );
#12664 = ORIENTED_EDGE('',*,*,#12665,.F.);
#12665 = EDGE_CURVE('',#12666,#12638,#12668,.T.);
#12666 = VERTEX_POINT('',#12667);
#12667 = CARTESIAN_POINT('',(89.732142857143,122.20020717352,
    42.291910745804));
#12668 = SURFACE_CURVE('',#12669,(#12673,#12680),.PCURVE_S1.);
#12669 = LINE('',#12670,#12671);
#12670 = CARTESIAN_POINT('',(5.691071428571,122.20020717352,
    42.291910745804));
#12671 = VECTOR('',#12672,1.);
#12672 = DIRECTION('',(-1.,0.,0.));
#12673 = PCURVE('',#12311,#12674);
#12674 = DEFINITIONAL_REPRESENTATION('',(#12675),#12679);
#12675 = LINE('',#12676,#12677);
#12676 = CARTESIAN_POINT('',(5.691071428571,125.60964234737));
#12677 = VECTOR('',#12678,1.);
#12678 = DIRECTION('',(-1.,0.));
#12679 = ( GEOMETRIC_REPRESENTATION_CONTEXT(2) 
PARAMETRIC_REPRESENTATION_CONTEXT() REPRESENTATION_CONTEXT('2D SPACE',''
  ) );
#12680 = PCURVE('',#12681,#12686);
#12681 = PLANE('',#12682);
#12682 = AXIS2_PLACEMENT_3D('',#12683,#12684,#12685);
#12683 = CARTESIAN_POINT('',(11.382142857143,123.06584579373,
    38.386700152354));
#12684 = DIRECTION('',(0.,0.976302648363,0.216409655053));
#12685 = DIRECTION('',(0.,-0.216409655053,0.976302648363));
#12686 = DEFINITIONAL_REPRESENTATION('',(#12687),#12691);
#12687 = LINE('',#12688,#12689);
#12688 = CARTESIAN_POINT('',(4.,-5.691071428571));
#12689 = VECTOR('',#12690,1.);
#12690 = DIRECTION('',(0.,-1.));
#12691 = ( GEOMETRIC_REPRESENTATION_CONTEXT(2) 
PARAMETRIC_REPRESENTATION_CONTEXT() REPRESENTATION_CONTEXT('2D SPACE',''
  ) );
#12692 = ORIENTED_EDGE('',*,*,#12693,.F.);
#12693 = EDGE_CURVE('',#12608,#12666,#12694,.T.);
#12694 = SURFACE_CURVE('',#12695,(#12699,#12706),.PCURVE_S1.);
#12695 = LINE('',#12696,#12697);
#12696 = CARTESIAN_POINT('',(89.732142857143,4.448693931708,
    16.190819649382));
#12697 = VECTOR('',#12698,1.);
#12698 = DIRECTION('',(0.,0.976302648363,0.216409655053));
#12699 = PCURVE('',#12311,#12700);
#12700 = DEFINITIONAL_REPRESENTATION('',(#12701),#12705);
#12701 = LINE('',#12702,#12703);
#12702 = CARTESIAN_POINT('',(89.732142857143,5.));
#12703 = VECTOR('',#12704,1.);
#12704 = DIRECTION('',(0.,1.));
#12705 = ( GEOMETRIC_REPRESENTATION_CONTEXT(2) 
PARAMETRIC_REPRESENTATION_CONTEXT() REPRESENTATION_CONTEXT('2D SPACE',''
  ) );
#12706 = PCURVE('',#12707,#12712);
#12707 = PLANE('',#12708);
#12708 = AXIS2_PLACEMENT_3D('',#12709,#12710,#12711);
#12709 = CARTESIAN_POINT('',(89.732142857143,10.195845793732,
    13.367657331195));
#12710 = DIRECTION('',(1.,0.,0.));
#12711 = DIRECTION('',(0.,-0.216409655053,0.976302648363));
#12712 = DEFINITIONAL_REPRESENTATION('',(#12713),#12717);
#12713 = LINE('',#12714,#12715);
#12714 = CARTESIAN_POINT('',(4.,5.));
#12715 = VECTOR('',#12716,1.);
#12716 = DIRECTION('',(-1.057526724829E-17,-1.));
#12717 = ( GEOMETRIC_REPRESENTATION_CONTEXT(2) 
PARAMETRIC_REPRESENTATION_CONTEXT() REPRESENTATION_CONTEXT('2D SPACE',''
  ) );
#12718 = FACE_BOUND('',#12719,.T.);
#12719 = EDGE_LOOP('',(#12720,#12750,#12778,#12806));
#12720 = ORIENTED_EDGE('',*,*,#12721,.T.);
#12721 = EDGE_CURVE('',#12722,#12724,#12726,.T.);
#12722 = VERTEX_POINT('',#12723);
#12723 = CARTESIAN_POINT('',(190.875,9.330207173521,17.272867924646));
#12724 = VERTEX_POINT('',#12725);
#12725 = CARTESIAN_POINT('',(112.525,9.330207173521,17.272867924646));
#12726 = SURFACE_CURVE('',#12727,(#12731,#12738),.PCURVE_S1.);
#12727 = LINE('',#12728,#12729);
#12728 = CARTESIAN_POINT('',(56.2625,9.330207173521,17.272867924646));
#12729 = VECTOR('',#12730,1.);
#12730 = DIRECTION('',(-1.,0.,0.));
#12731 = PCURVE('',#12311,#12732);
#12732 = DEFINITIONAL_REPRESENTATION('',(#12733),#12737);
#12733 = LINE('',#12734,#12735);
#12734 = CARTESIAN_POINT('',(56.2625,10.));
#12735 = VECTOR('',#12736,1.);
#12736 = DIRECTION('',(-1.,0.));
#12737 = ( GEOMETRIC_REPRESENTATION_CONTEXT(2) 
PARAMETRIC_REPRESENTATION_CONTEXT() REPRESENTATION_CONTEXT('2D SPACE',''
  ) );
#12738 = PCURVE('',#12739,#12744);
#12739 = PLANE('',#12740);
#12740 = AXIS2_PLACEMENT_3D('',#12741,#12742,#12743);
#12741 = CARTESIAN_POINT('',(112.525,10.195845793732,13.367657331195));
#12742 = DIRECTION('',(0.,0.976302648363,0.216409655053));
#12743 = DIRECTION('',(0.,-0.216409655053,0.976302648363));
#12744 = DEFINITIONAL_REPRESENTATION('',(#12745),#12749);
#12745 = LINE('',#12746,#12747);
#12746 = CARTESIAN_POINT('',(4.,-56.2625));
#12747 = VECTOR('',#12748,1.);
#12748 = DIRECTION('',(0.,-1.));
#12749 = ( GEOMETRIC_REPRESENTATION_CONTEXT(2) 
PARAMETRIC_REPRESENTATION_CONTEXT() REPRESENTATION_CONTEXT('2D SPACE',''
  ) );
#12750 = ORIENTED_EDGE('',*,*,#12751,.T.);
#12751 = EDGE_CURVE('',#12724,#12752,#12754,.T.);
#12752 = VERTEX_POINT('',#12753);
#12753 = CARTESIAN_POINT('',(112.525,122.20020717352,42.291910745804));
#12754 = SURFACE_CURVE('',#12755,(#12759,#12766),.PCURVE_S1.);
#12755 = LINE('',#12756,#12757);
#12756 = CARTESIAN_POINT('',(112.525,4.448693931708,16.190819649382));
#12757 = VECTOR('',#12758,1.);
#12758 = DIRECTION('',(0.,0.976302648363,0.216409655053));
#12759 = PCURVE('',#12311,#12760);
#12760 = DEFINITIONAL_REPRESENTATION('',(#12761),#12765);
#12761 = LINE('',#12762,#12763);
#12762 = CARTESIAN_POINT('',(112.525,5.));
#12763 = VECTOR('',#12764,1.);
#12764 = DIRECTION('',(0.,1.));
#12765 = ( GEOMETRIC_REPRESENTATION_CONTEXT(2) 
PARAMETRIC_REPRESENTATION_CONTEXT() REPRESENTATION_CONTEXT('2D SPACE',''
  ) );
#12766 = PCURVE('',#12767,#12772);
#12767 = PLANE('',#12768);
#12768 = AXIS2_PLACEMENT_3D('',#12769,#12770,#12771);
#12769 = CARTESIAN_POINT('',(112.525,10.195845793732,13.367657331195));
#12770 = DIRECTION('',(1.,0.,0.));
#12771 = DIRECTION('',(0.,-0.216409655053,0.976302648363));
#12772 = DEFINITIONAL_REPRESENTATION('',(#12773),#12777);
#12773 = LINE('',#12774,#12775);
#12774 = CARTESIAN_POINT('',(4.,5.));
#12775 = VECTOR('',#12776,1.);
#12776 = DIRECTION('',(-1.057526724829E-17,-1.));
#12777 = ( GEOMETRIC_REPRESENTATION_CONTEXT(2) 
PARAMETRIC_REPRESENTATION_CONTEXT() REPRESENTATION_CONTEXT('2D SPACE',''
  ) );
#12778 = ORIENTED_EDGE('',*,*,#12779,.F.);
#12779 = EDGE_CURVE('',#12780,#12752,#12782,.T.);
#12780 = VERTEX_POINT('',#12781);
#12781 = CARTESIAN_POINT('',(190.875,122.20020717352,42.291910745804));
#12782 = SURFACE_CURVE('',#12783,(#12787,#12794),.PCURVE_S1.);
#12783 = LINE('',#12784,#12785);
#12784 = CARTESIAN_POINT('',(56.2625,122.20020717352,42.291910745804));
#12785 = VECTOR('',#12786,1.);
#12786 = DIRECTION('',(-1.,0.,0.));
#12787 = PCURVE('',#12311,#12788);
#12788 = DEFINITIONAL_REPRESENTATION('',(#12789),#12793);
#12789 = LINE('',#12790,#12791);
#12790 = CARTESIAN_POINT('',(56.2625,125.60964234737));
#12791 = VECTOR('',#12792,1.);
#12792 = DIRECTION('',(-1.,0.));
#12793 = ( GEOMETRIC_REPRESENTATION_CONTEXT(2) 
PARAMETRIC_REPRESENTATION_CONTEXT() REPRESENTATION_CONTEXT('2D SPACE',''
  ) );
#12794 = PCURVE('',#12795,#12800);
#12795 = PLANE('',#12796);
#12796 = AXIS2_PLACEMENT_3D('',#12797,#12798,#12799);
#12797 = CARTESIAN_POINT('',(112.525,123.06584579373,38.386700152354));
#12798 = DIRECTION('',(0.,0.976302648363,0.216409655053));
#12799 = DIRECTION('',(0.,-0.216409655053,0.976302648363));
#12800 = DEFINITIONAL_REPRESENTATION('',(#12801),#12805);
#12801 = LINE('',#12802,#12803);
#12802 = CARTESIAN_POINT('',(4.,-56.2625));
#12803 = VECTOR('',#12804,1.);
#12804 = DIRECTION('',(0.,-1.));
#12805 = ( GEOMETRIC_REPRESENTATION_CONTEXT(2) 
PARAMETRIC_REPRESENTATION_CONTEXT() REPRESENTATION_CONTEXT('2D SPACE',''
  ) );
#12806 = ORIENTED_EDGE('',*,*,#12807,.F.);
#12807 = EDGE_CURVE('',#12722,#12780,#12808,.T.);
#12808 = SURFACE_CURVE('',#12809,(#12813,#12820),.PCURVE_S1.);
#12809 = LINE('',#12810,#12811);
#12810 = CARTESIAN_POINT('',(190.875,4.448693931708,16.190819649382));
#12811 = VECTOR('',#12812,1.);
#12812 = DIRECTION('',(0.,0.976302648363,0.216409655053));
#12813 = PCURVE('',#12311,#12814);
#12814 = DEFINITIONAL_REPRESENTATION('',(#12815),#12819);
#12815 = LINE('',#12816,#12817);
#12816 = CARTESIAN_POINT('',(190.875,5.));
#12817 = VECTOR('',#12818,1.);
#12818 = DIRECTION('',(0.,1.));
#12819 = ( GEOMETRIC_REPRESENTATION_CONTEXT(2) 
PARAMETRIC_REPRESENTATION_CONTEXT() REPRESENTATION_CONTEXT('2D SPACE',''
  ) );
#12820 = PCURVE('',#12821,#12826);
#12821 = PLANE('',#12822);
#12822 = AXIS2_PLACEMENT_3D('',#12823,#12824,#12825);
#12823 = CARTESIAN_POINT('',(190.875,10.195845793732,13.367657331195));
#12824 = DIRECTION('',(1.,0.,0.));
#12825 = DIRECTION('',(0.,-0.216409655053,0.976302648363));
#12826 = DEFINITIONAL_REPRESENTATION('',(#12827),#12831);
#12827 = LINE('',#12828,#12829);
#12828 = CARTESIAN_POINT('',(4.,5.));
#12829 = VECTOR('',#12830,1.);
#12830 = DIRECTION('',(-1.057526724829E-17,-1.));
#12831 = ( GEOMETRIC_REPRESENTATION_CONTEXT(2) 
PARAMETRIC_REPRESENTATION_CONTEXT() REPRESENTATION_CONTEXT('2D SPACE',''
  ) );
#12832 = FACE_BOUND('',#12833,.T.);
#12833 = EDGE_LOOP('',(#12834,#12864,#12897,#12925));
#12834 = ORIENTED_EDGE('',*,*,#12835,.F.);
#12835 = EDGE_CURVE('',#12836,#12838,#12840,.T.);
#12836 = VERTEX_POINT('',#12837);
#12837 = CARTESIAN_POINT('',(77.557142857143,136.84474689896,
    45.538055571594));
#12838 = VERTEX_POINT('',#12839);
#12839 = CARTESIAN_POINT('',(23.557142857143,136.84474689896,
    45.538055571594));
#12840 = SURFACE_CURVE('',#12841,(#12845,#12852),.PCURVE_S1.);
#12841 = LINE('',#12842,#12843);
#12842 = CARTESIAN_POINT('',(11.778571428571,136.84474689896,
    45.538055571594));
#12843 = VECTOR('',#12844,1.);
#12844 = DIRECTION('',(-1.,0.,0.));
#12845 = PCURVE('',#12311,#12846);
#12846 = DEFINITIONAL_REPRESENTATION('',(#12847),#12851);
#12847 = LINE('',#12848,#12849);
#12848 = CARTESIAN_POINT('',(11.778571428571,140.60964234737));
#12849 = VECTOR('',#12850,1.);
#12850 = DIRECTION('',(-1.,0.));
#12851 = ( GEOMETRIC_REPRESENTATION_CONTEXT(2) 
PARAMETRIC_REPRESENTATION_CONTEXT() REPRESENTATION_CONTEXT('2D SPACE',''
  ) );
#12852 = PCURVE('',#12853,#12858);
#12853 = PLANE('',#12854);
#12854 = AXIS2_PLACEMENT_3D('',#12855,#12856,#12857);
#12855 = CARTESIAN_POINT('',(23.557142857143,137.71038551917,
    41.632844978144));
#12856 = DIRECTION('',(0.,0.976302648363,0.216409655053));
#12857 = DIRECTION('',(1.,0.,0.));
#12858 = DEFINITIONAL_REPRESENTATION('',(#12859),#12863);
#12859 = LINE('',#12860,#12861);
#12860 = CARTESIAN_POINT('',(-11.77857142857,-4.));
#12861 = VECTOR('',#12862,1.);
#12862 = DIRECTION('',(-1.,0.));
#12863 = ( GEOMETRIC_REPRESENTATION_CONTEXT(2) 
PARAMETRIC_REPRESENTATION_CONTEXT() REPRESENTATION_CONTEXT('2D SPACE',''
  ) );
#12864 = ORIENTED_EDGE('',*,*,#12865,.T.);
#12865 = EDGE_CURVE('',#12836,#12866,#12868,.T.);
#12866 = VERTEX_POINT('',#12867);
#12867 = CARTESIAN_POINT('',(77.557142857143,130.98693100878,
    44.239597641278));
#12868 = SURFACE_CURVE('',#12869,(#12874,#12885),.PCURVE_S1.);
#12869 = CIRCLE('',#12870,3.);
#12870 = AXIS2_PLACEMENT_3D('',#12871,#12872,#12873);
#12871 = CARTESIAN_POINT('',(77.557142857143,133.91583895387,
    44.888826606436));
#12872 = DIRECTION('',(0.,0.216409655053,-0.976302648363));
#12873 = DIRECTION('',(0.,0.976302648363,0.216409655053));
#12874 = PCURVE('',#12311,#12875);
#12875 = DEFINITIONAL_REPRESENTATION('',(#12876),#12884);
#12876 = ( BOUNDED_CURVE() B_SPLINE_CURVE(2,(#12877,#12878,#12879,#12880
    ,#12881,#12882,#12883),.UNSPECIFIED.,.T.,.F.) 
B_SPLINE_CURVE_WITH_KNOTS((1,2,2,2,2,1),(-2.094395102393,0.,
    2.094395102393,4.188790204786,6.28318530718,8.377580409573),
.UNSPECIFIED.) CURVE() GEOMETRIC_REPRESENTATION_ITEM() 
RATIONAL_B_SPLINE_CURVE((1.,0.5,1.,0.5,1.,0.5,1.)) REPRESENTATION_ITEM(
  '') );
#12877 = CARTESIAN_POINT('',(77.557142857143,140.60964234737));
#12878 = CARTESIAN_POINT('',(82.75329527985,140.60964234737));
#12879 = CARTESIAN_POINT('',(80.155219068496,136.10964234737));
#12880 = CARTESIAN_POINT('',(77.557142857143,131.60964234737));
#12881 = CARTESIAN_POINT('',(74.95906664579,136.10964234737));
#12882 = CARTESIAN_POINT('',(72.360990434436,140.60964234737));
#12883 = CARTESIAN_POINT('',(77.557142857143,140.60964234737));
#12884 = ( GEOMETRIC_REPRESENTATION_CONTEXT(2) 
PARAMETRIC_REPRESENTATION_CONTEXT() REPRESENTATION_CONTEXT('2D SPACE',''
  ) );
#12885 = PCURVE('',#12886,#12891);
#12886 = CYLINDRICAL_SURFACE('',#12887,3.);
#12887 = AXIS2_PLACEMENT_3D('',#12888,#12889,#12890);
#12888 = CARTESIAN_POINT('',(77.557142857143,134.78147757408,
    40.983616012986));
#12889 = DIRECTION('',(0.,0.216409655053,-0.976302648363));
#12890 = DIRECTION('',(0.,0.976302648363,0.216409655053));
#12891 = DEFINITIONAL_REPRESENTATION('',(#12892),#12896);
#12892 = LINE('',#12893,#12894);
#12893 = CARTESIAN_POINT('',(0.,-4.));
#12894 = VECTOR('',#12895,1.);
#12895 = DIRECTION('',(1.,0.));
#12896 = ( GEOMETRIC_REPRESENTATION_CONTEXT(2) 
PARAMETRIC_REPRESENTATION_CONTEXT() REPRESENTATION_CONTEXT('2D SPACE',''
  ) );
#12897 = ORIENTED_EDGE('',*,*,#12898,.F.);
#12898 = EDGE_CURVE('',#12899,#12866,#12901,.T.);
#12899 = VERTEX_POINT('',#12900);
#12900 = CARTESIAN_POINT('',(23.557142857143,130.98693100878,
    44.239597641278));
#12901 = SURFACE_CURVE('',#12902,(#12906,#12913),.PCURVE_S1.);
#12902 = LINE('',#12903,#12904);
#12903 = CARTESIAN_POINT('',(38.778571428571,130.98693100878,
    44.239597641278));
#12904 = VECTOR('',#12905,1.);
#12905 = DIRECTION('',(1.,0.,0.));
#12906 = PCURVE('',#12311,#12907);
#12907 = DEFINITIONAL_REPRESENTATION('',(#12908),#12912);
#12908 = LINE('',#12909,#12910);
#12909 = CARTESIAN_POINT('',(38.778571428571,134.60964234737));
#12910 = VECTOR('',#12911,1.);
#12911 = DIRECTION('',(1.,0.));
#12912 = ( GEOMETRIC_REPRESENTATION_CONTEXT(2) 
PARAMETRIC_REPRESENTATION_CONTEXT() REPRESENTATION_CONTEXT('2D SPACE',''
  ) );
#12913 = PCURVE('',#12914,#12919);
#12914 = PLANE('',#12915);
#12915 = AXIS2_PLACEMENT_3D('',#12916,#12917,#12918);
#12916 = CARTESIAN_POINT('',(77.557142857143,131.85256962899,
    40.334387047828));
#12917 = DIRECTION('',(0.,-0.976302648363,-0.216409655053));
#12918 = DIRECTION('',(-1.,0.,0.));
#12919 = DEFINITIONAL_REPRESENTATION('',(#12920),#12924);
#12920 = LINE('',#12921,#12922);
#12921 = CARTESIAN_POINT('',(38.778571428571,-4.));
#12922 = VECTOR('',#12923,1.);
#12923 = DIRECTION('',(-1.,0.));
#12924 = ( GEOMETRIC_REPRESENTATION_CONTEXT(2) 
PARAMETRIC_REPRESENTATION_CONTEXT() REPRESENTATION_CONTEXT('2D SPACE',''
  ) );
#12925 = ORIENTED_EDGE('',*,*,#12926,.T.);
#12926 = EDGE_CURVE('',#12899,#12838,#12927,.T.);
#12927 = SURFACE_CURVE('',#12928,(#12933,#12944),.PCURVE_S1.);
#12928 = CIRCLE('',#12929,3.);
#12929 = AXIS2_PLACEMENT_3D('',#12930,#12931,#12932);
#12930 = CARTESIAN_POINT('',(23.557142857143,133.91583895387,
    44.888826606436));
#12931 = DIRECTION('',(-0.,0.216409655053,-0.976302648363));
#12932 = DIRECTION('',(0.,-0.976302648363,-0.216409655053));
#12933 = PCURVE('',#12311,#12934);
#12934 = DEFINITIONAL_REPRESENTATION('',(#12935),#12943);
#12935 = ( BOUNDED_CURVE() B_SPLINE_CURVE(2,(#12936,#12937,#12938,#12939
    ,#12940,#12941,#12942),.UNSPECIFIED.,.T.,.F.) 
B_SPLINE_CURVE_WITH_KNOTS((1,2,2,2,2,1),(-2.094395102393,0.,
    2.094395102393,4.188790204786,6.28318530718,8.377580409573),
.UNSPECIFIED.) CURVE() GEOMETRIC_REPRESENTATION_ITEM() 
RATIONAL_B_SPLINE_CURVE((1.,0.5,1.,0.5,1.,0.5,1.)) REPRESENTATION_ITEM(
  '') );
#12936 = CARTESIAN_POINT('',(23.557142857143,134.60964234737));
#12937 = CARTESIAN_POINT('',(18.360990434436,134.60964234737));
#12938 = CARTESIAN_POINT('',(20.95906664579,139.10964234737));
#12939 = CARTESIAN_POINT('',(23.557142857143,143.60964234737));
#12940 = CARTESIAN_POINT('',(26.155219068496,139.10964234737));
#12941 = CARTESIAN_POINT('',(28.75329527985,134.60964234737));
#12942 = CARTESIAN_POINT('',(23.557142857143,134.60964234737));
#12943 = ( GEOMETRIC_REPRESENTATION_CONTEXT(2) 
PARAMETRIC_REPRESENTATION_CONTEXT() REPRESENTATION_CONTEXT('2D SPACE',''
  ) );
#12944 = PCURVE('',#12945,#12950);
#12945 = CYLINDRICAL_SURFACE('',#12946,3.);
#12946 = AXIS2_PLACEMENT_3D('',#12947,#12948,#12949);
#12947 = CARTESIAN_POINT('',(23.557142857143,134.78147757408,
    40.983616012986));
#12948 = DIRECTION('',(0.,0.216409655053,-0.976302648363));
#12949 = DIRECTION('',(0.,-0.976302648363,-0.216409655053));
#12950 = DEFINITIONAL_REPRESENTATION('',(#12951),#12955);
#12951 = LINE('',#12952,#12953);
#12952 = CARTESIAN_POINT('',(0.,-4.));
#12953 = VECTOR('',#12954,1.);
#12954 = DIRECTION('',(1.,0.));
#12955 = ( GEOMETRIC_REPRESENTATION_CONTEXT(2) 
PARAMETRIC_REPRESENTATION_CONTEXT() REPRESENTATION_CONTEXT('2D SPACE',''
  ) );
#12956 = FACE_BOUND('',#12957,.T.);
#12957 = EDGE_LOOP('',(#12958,#12988,#13021,#13049));
#12958 = ORIENTED_EDGE('',*,*,#12959,.F.);
#12959 = EDGE_CURVE('',#12960,#12962,#12964,.T.);
#12960 = VERTEX_POINT('',#12961);
#12961 = CARTESIAN_POINT('',(178.7,136.84474689896,45.538055571594));
#12962 = VERTEX_POINT('',#12963);
#12963 = CARTESIAN_POINT('',(124.7,136.84474689896,45.538055571594));
#12964 = SURFACE_CURVE('',#12965,(#12969,#12976),.PCURVE_S1.);
#12965 = LINE('',#12966,#12967);
#12966 = CARTESIAN_POINT('',(62.35,136.84474689896,45.538055571594));
#12967 = VECTOR('',#12968,1.);
#12968 = DIRECTION('',(-1.,0.,0.));
#12969 = PCURVE('',#12311,#12970);
#12970 = DEFINITIONAL_REPRESENTATION('',(#12971),#12975);
#12971 = LINE('',#12972,#12973);
#12972 = CARTESIAN_POINT('',(62.35,140.60964234737));
#12973 = VECTOR('',#12974,1.);
#12974 = DIRECTION('',(-1.,0.));
#12975 = ( GEOMETRIC_REPRESENTATION_CONTEXT(2) 
PARAMETRIC_REPRESENTATION_CONTEXT() REPRESENTATION_CONTEXT('2D SPACE',''
  ) );
#12976 = PCURVE('',#12977,#12982);
#12977 = PLANE('',#12978);
#12978 = AXIS2_PLACEMENT_3D('',#12979,#12980,#12981);
#12979 = CARTESIAN_POINT('',(124.7,137.71038551917,41.632844978144));
#12980 = DIRECTION('',(0.,0.976302648363,0.216409655053));
#12981 = DIRECTION('',(1.,0.,0.));
#12982 = DEFINITIONAL_REPRESENTATION('',(#12983),#12987);
#12983 = LINE('',#12984,#12985);
#12984 = CARTESIAN_POINT('',(-62.35,-4.));
#12985 = VECTOR('',#12986,1.);
#12986 = DIRECTION('',(-1.,0.));
#12987 = ( GEOMETRIC_REPRESENTATION_CONTEXT(2) 
PARAMETRIC_REPRESENTATION_CONTEXT() REPRESENTATION_CONTEXT('2D SPACE',''
  ) );
#12988 = ORIENTED_EDGE('',*,*,#12989,.T.);
#12989 = EDGE_CURVE('',#12960,#12990,#12992,.T.);
#12990 = VERTEX_POINT('',#12991);
#12991 = CARTESIAN_POINT('',(178.7,130.98693100878,44.239597641278));
#12992 = SURFACE_CURVE('',#12993,(#12998,#13009),.PCURVE_S1.);
#12993 = CIRCLE('',#12994,3.);
#12994 = AXIS2_PLACEMENT_3D('',#12995,#12996,#12997);
#12995 = CARTESIAN_POINT('',(178.7,133.91583895387,44.888826606436));
#12996 = DIRECTION('',(0.,0.216409655053,-0.976302648363));
#12997 = DIRECTION('',(0.,0.976302648363,0.216409655053));
#12998 = PCURVE('',#12311,#12999);
#12999 = DEFINITIONAL_REPRESENTATION('',(#13000),#13008);
#13000 = ( BOUNDED_CURVE() B_SPLINE_CURVE(2,(#13001,#13002,#13003,#13004
    ,#13005,#13006,#13007),.UNSPECIFIED.,.T.,.F.) 
B_SPLINE_CURVE_WITH_KNOTS((1,2,2,2,2,1),(-2.094395102393,0.,
    2.094395102393,4.188790204786,6.28318530718,8.377580409573),
.UNSPECIFIED.) CURVE() GEOMETRIC_REPRESENTATION_ITEM() 
RATIONAL_B_SPLINE_CURVE((1.,0.5,1.,0.5,1.,0.5,1.)) REPRESENTATION_ITEM(
  '') );
#13001 = CARTESIAN_POINT('',(178.7,140.60964234737));
#13002 = CARTESIAN_POINT('',(183.8961524227,140.60964234737));
#13003 = CARTESIAN_POINT('',(181.29807621135,136.10964234737));
#13004 = CARTESIAN_POINT('',(178.7,131.60964234737));
#13005 = CARTESIAN_POINT('',(176.10192378864,136.10964234737));
#13006 = CARTESIAN_POINT('',(173.50384757729,140.60964234737));
#13007 = CARTESIAN_POINT('',(178.7,140.60964234737));
#13008 = ( GEOMETRIC_REPRESENTATION_CONTEXT(2) 
PARAMETRIC_REPRESENTATION_CONTEXT() REPRESENTATION_CONTEXT('2D SPACE',''
  ) );
#13009 = PCURVE('',#13010,#13015);
#13010 = CYLINDRICAL_SURFACE('',#13011,3.);
#13011 = AXIS2_PLACEMENT_3D('',#13012,#13013,#13014);
#13012 = CARTESIAN_POINT('',(178.7,134.78147757408,40.983616012986));
#13013 = DIRECTION('',(0.,0.216409655053,-0.976302648363));
#13014 = DIRECTION('',(0.,0.976302648363,0.216409655053));
#13015 = DEFINITIONAL_REPRESENTATION('',(#13016),#13020);
#13016 = LINE('',#13017,#13018);
#13017 = CARTESIAN_POINT('',(0.,-4.));
#13018 = VECTOR('',#13019,1.);
#13019 = DIRECTION('',(1.,0.));
#13020 = ( GEOMETRIC_REPRESENTATION_CONTEXT(2) 
PARAMETRIC_REPRESENTATION_CONTEXT() REPRESENTATION_CONTEXT('2D SPACE',''
  ) );
#13021 = ORIENTED_EDGE('',*,*,#13022,.F.);
#13022 = EDGE_CURVE('',#13023,#12990,#13025,.T.);
#13023 = VERTEX_POINT('',#13024);
#13024 = CARTESIAN_POINT('',(124.7,130.98693100878,44.239597641278));
#13025 = SURFACE_CURVE('',#13026,(#13030,#13037),.PCURVE_S1.);
#13026 = LINE('',#13027,#13028);
#13027 = CARTESIAN_POINT('',(89.35,130.98693100878,44.239597641278));
#13028 = VECTOR('',#13029,1.);
#13029 = DIRECTION('',(1.,0.,0.));
#13030 = PCURVE('',#12311,#13031);
#13031 = DEFINITIONAL_REPRESENTATION('',(#13032),#13036);
#13032 = LINE('',#13033,#13034);
#13033 = CARTESIAN_POINT('',(89.35,134.60964234737));
#13034 = VECTOR('',#13035,1.);
#13035 = DIRECTION('',(1.,0.));
#13036 = ( GEOMETRIC_REPRESENTATION_CONTEXT(2) 
PARAMETRIC_REPRESENTATION_CONTEXT() REPRESENTATION_CONTEXT('2D SPACE',''
  ) );
#13037 = PCURVE('',#13038,#13043);
#13038 = PLANE('',#13039);
#13039 = AXIS2_PLACEMENT_3D('',#13040,#13041,#13042);
#13040 = CARTESIAN_POINT('',(178.7,131.85256962899,40.334387047828));
#13041 = DIRECTION('',(0.,-0.976302648363,-0.216409655053));
#13042 = DIRECTION('',(-1.,0.,0.));
#13043 = DEFINITIONAL_REPRESENTATION('',(#13044),#13048);
#13044 = LINE('',#13045,#13046);
#13045 = CARTESIAN_POINT('',(89.35,-4.));
#13046 = VECTOR('',#13047,1.);
#13047 = DIRECTION('',(-1.,0.));
#13048 = ( GEOMETRIC_REPRESENTATION_CONTEXT(2) 
PARAMETRIC_REPRESENTATION_CONTEXT() REPRESENTATION_CONTEXT('2D SPACE',''
  ) );
#13049 = ORIENTED_EDGE('',*,*,#13050,.T.);
#13050 = EDGE_CURVE('',#13023,#12962,#13051,.T.);
#13051 = SURFACE_CURVE('',#13052,(#13057,#13068),.PCURVE_S1.);
#13052 = CIRCLE('',#13053,3.);
#13053 = AXIS2_PLACEMENT_3D('',#13054,#13055,#13056);
#13054 = CARTESIAN_POINT('',(124.7,133.91583895387,44.888826606436));
#13055 = DIRECTION('',(-0.,0.216409655053,-0.976302648363));
#13056 = DIRECTION('',(0.,-0.976302648363,-0.216409655053));
#13057 = PCURVE('',#12311,#13058);
#13058 = DEFINITIONAL_REPRESENTATION('',(#13059),#13067);
#13059 = ( BOUNDED_CURVE() B_SPLINE_CURVE(2,(#13060,#13061,#13062,#13063
    ,#13064,#13065,#13066),.UNSPECIFIED.,.T.,.F.) 
B_SPLINE_CURVE_WITH_KNOTS((1,2,2,2,2,1),(-2.094395102393,0.,
    2.094395102393,4.188790204786,6.28318530718,8.377580409573),
.UNSPECIFIED.) CURVE() GEOMETRIC_REPRESENTATION_ITEM() 
RATIONAL_B_SPLINE_CURVE((1.,0.5,1.,0.5,1.,0.5,1.)) REPRESENTATION_ITEM(
  '') );
#13060 = CARTESIAN_POINT('',(124.7,134.60964234737));
#13061 = CARTESIAN_POINT('',(119.50384757729,134.60964234737));
#13062 = CARTESIAN_POINT('',(122.10192378864,139.10964234737));
#13063 = CARTESIAN_POINT('',(124.7,143.60964234737));
#13064 = CARTESIAN_POINT('',(127.29807621135,139.10964234737));
#13065 = CARTESIAN_POINT('',(129.8961524227,134.60964234737));
#13066 = CARTESIAN_POINT('',(124.7,134.60964234737));
#13067 = ( GEOMETRIC_REPRESENTATION_CONTEXT(2) 
PARAMETRIC_REPRESENTATION_CONTEXT() REPRESENTATION_CONTEXT('2D SPACE',''
  ) );
#13068 = PCURVE('',#13069,#13074);
#13069 = CYLINDRICAL_SURFACE('',#13070,3.);
#13070 = AXIS2_PLACEMENT_3D('',#13071,#13072,#13073);
#13071 = CARTESIAN_POINT('',(124.7,134.78147757408,40.983616012986));
#13072 = DIRECTION('',(0.,0.216409655053,-0.976302648363));
#13073 = DIRECTION('',(0.,-0.976302648363,-0.216409655053));
#13074 = DEFINITIONAL_REPRESENTATION('',(#13075),#13079);
#13075 = LINE('',#13076,#13077);
#13076 = CARTESIAN_POINT('',(0.,-4.));
#13077 = VECTOR('',#13078,1.);
#13078 = DIRECTION('',(1.,0.));
#13079 = ( GEOMETRIC_REPRESENTATION_CONTEXT(2) 
PARAMETRIC_REPRESENTATION_CONTEXT() REPRESENTATION_CONTEXT('2D SPACE',''
  ) );
#13080 = ADVANCED_FACE('',(#13081),#12339,.T.);
#13081 = FACE_BOUND('',#13082,.T.);
#13082 = EDGE_LOOP('',(#13083,#13107,#13128,#13129));
#13083 = ORIENTED_EDGE('',*,*,#13084,.T.);
#13084 = EDGE_CURVE('',#12324,#13085,#13087,.T.);
#13085 = VERTEX_POINT('',#13086);
#13086 = CARTESIAN_POINT('',(6.,-8.671309433718E-16,13.156166077393));
#13087 = SURFACE_CURVE('',#13088,(#13093,#13100),.PCURVE_S1.);
#13088 = CIRCLE('',#13089,6.);
#13089 = AXIS2_PLACEMENT_3D('',#13090,#13091,#13092);
#13090 = CARTESIAN_POINT('',(6.,5.857815890176,14.454624007709));
#13091 = DIRECTION('',(0.,-0.216409655053,0.976302648363));
#13092 = DIRECTION('',(0.,-0.976302648363,-0.216409655053));
#13093 = PCURVE('',#12339,#13094);
#13094 = DEFINITIONAL_REPRESENTATION('',(#13095),#13099);
#13095 = LINE('',#13096,#13097);
#13096 = CARTESIAN_POINT('',(-4.712388980385,0.));
#13097 = VECTOR('',#13098,1.);
#13098 = DIRECTION('',(1.,0.));
#13099 = ( GEOMETRIC_REPRESENTATION_CONTEXT(2) 
PARAMETRIC_REPRESENTATION_CONTEXT() REPRESENTATION_CONTEXT('2D SPACE',''
  ) );
#13100 = PCURVE('',#12367,#13101);
#13101 = DEFINITIONAL_REPRESENTATION('',(#13102),#13106);
#13102 = CIRCLE('',#13103,6.);
#13103 = AXIS2_PLACEMENT_2D('',#13104,#13105);
#13104 = CARTESIAN_POINT('',(6.,6.));
#13105 = DIRECTION('',(0.,-1.));
#13106 = ( GEOMETRIC_REPRESENTATION_CONTEXT(2) 
PARAMETRIC_REPRESENTATION_CONTEXT() REPRESENTATION_CONTEXT('2D SPACE',''
  ) );
#13107 = ORIENTED_EDGE('',*,*,#13108,.T.);
#13108 = EDGE_CURVE('',#13085,#12410,#13109,.T.);
#13109 = SURFACE_CURVE('',#13110,(#13114,#13121),.PCURVE_S1.);
#13110 = LINE('',#13111,#13112);
#13111 = CARTESIAN_POINT('',(6.,-8.671309433718E-16,13.156166077393));
#13112 = VECTOR('',#13113,1.);
#13113 = DIRECTION('',(0.,-0.216409655053,0.976302648363));
#13114 = PCURVE('',#12339,#13115);
#13115 = DEFINITIONAL_REPRESENTATION('',(#13116),#13120);
#13116 = LINE('',#13117,#13118);
#13117 = CARTESIAN_POINT('',(1.570796326795,0.));
#13118 = VECTOR('',#13119,1.);
#13119 = DIRECTION('',(0.,1.));
#13120 = ( GEOMETRIC_REPRESENTATION_CONTEXT(2) 
PARAMETRIC_REPRESENTATION_CONTEXT() REPRESENTATION_CONTEXT('2D SPACE',''
  ) );
#13121 = PCURVE('',#12449,#13122);
#13122 = DEFINITIONAL_REPRESENTATION('',(#13123),#13127);
#13123 = LINE('',#13124,#13125);
#13124 = CARTESIAN_POINT('',(8.788496468704E-18,6.));
#13125 = VECTOR('',#13126,1.);
#13126 = DIRECTION('',(1.,0.));
#13127 = ( GEOMETRIC_REPRESENTATION_CONTEXT(2) 
PARAMETRIC_REPRESENTATION_CONTEXT() REPRESENTATION_CONTEXT('2D SPACE',''
  ) );
#13128 = ORIENTED_EDGE('',*,*,#12409,.F.);
#13129 = ORIENTED_EDGE('',*,*,#12323,.F.);
#13130 = ADVANCED_FACE('',(#13131),#12393,.T.);
#13131 = FACE_BOUND('',#13132,.F.);
#13132 = EDGE_LOOP('',(#13133,#13161,#13182,#13183));
#13133 = ORIENTED_EDGE('',*,*,#13134,.T.);
#13134 = EDGE_CURVE('',#12352,#13135,#13137,.T.);
#13135 = VERTEX_POINT('',#13136);
#13136 = CARTESIAN_POINT('',(6.,156.20842373802,47.781710885823));
#13137 = SURFACE_CURVE('',#13138,(#13143,#13150),.PCURVE_S1.);
#13138 = CIRCLE('',#13139,6.);
#13139 = AXIS2_PLACEMENT_3D('',#13140,#13141,#13142);
#13140 = CARTESIAN_POINT('',(6.,150.35060784785,46.483252955507));
#13141 = DIRECTION('',(0.,0.216409655053,-0.976302648363));
#13142 = DIRECTION('',(0.,-0.976302648363,-0.216409655053));
#13143 = PCURVE('',#12393,#13144);
#13144 = DEFINITIONAL_REPRESENTATION('',(#13145),#13149);
#13145 = LINE('',#13146,#13147);
#13146 = CARTESIAN_POINT('',(1.570796326795,-0.));
#13147 = VECTOR('',#13148,1.);
#13148 = DIRECTION('',(-1.,0.));
#13149 = ( GEOMETRIC_REPRESENTATION_CONTEXT(2) 
PARAMETRIC_REPRESENTATION_CONTEXT() REPRESENTATION_CONTEXT('2D SPACE',''
  ) );
#13150 = PCURVE('',#12367,#13151);
#13151 = DEFINITIONAL_REPRESENTATION('',(#13152),#13160);
#13152 = ( BOUNDED_CURVE() B_SPLINE_CURVE(2,(#13153,#13154,#13155,#13156
    ,#13157,#13158,#13159),.UNSPECIFIED.,.T.,.F.) 
B_SPLINE_CURVE_WITH_KNOTS((1,2,2,2,2,1),(-2.094395102393,0.,
    2.094395102393,4.188790204786,6.28318530718,8.377580409573),
.UNSPECIFIED.) CURVE() GEOMETRIC_REPRESENTATION_ITEM() 
RATIONAL_B_SPLINE_CURVE((1.,0.5,1.,0.5,1.,0.5,1.)) REPRESENTATION_ITEM(
  '') );
#13153 = CARTESIAN_POINT('',(6.,148.));
#13154 = CARTESIAN_POINT('',(-4.392304845413,148.));
#13155 = CARTESIAN_POINT('',(0.803847577293,157.));
#13156 = CARTESIAN_POINT('',(6.,166.));
#13157 = CARTESIAN_POINT('',(11.196152422707,157.));
#13158 = CARTESIAN_POINT('',(16.392304845413,148.));
#13159 = CARTESIAN_POINT('',(6.,148.));
#13160 = ( GEOMETRIC_REPRESENTATION_CONTEXT(2) 
PARAMETRIC_REPRESENTATION_CONTEXT() REPRESENTATION_CONTEXT('2D SPACE',''
  ) );
#13161 = ORIENTED_EDGE('',*,*,#13162,.T.);
#13162 = EDGE_CURVE('',#13135,#12552,#13163,.T.);
#13163 = SURFACE_CURVE('',#13164,(#13168,#13175),.PCURVE_S1.);
#13164 = LINE('',#13165,#13166);
#13165 = CARTESIAN_POINT('',(6.,156.20842373802,47.781710885823));
#13166 = VECTOR('',#13167,1.);
#13167 = DIRECTION('',(0.,-0.216409655053,0.976302648363));
#13168 = PCURVE('',#12393,#13169);
#13169 = DEFINITIONAL_REPRESENTATION('',(#13170),#13174);
#13170 = LINE('',#13171,#13172);
#13171 = CARTESIAN_POINT('',(-1.570796326795,0.));
#13172 = VECTOR('',#13173,1.);
#13173 = DIRECTION('',(-0.,1.));
#13174 = ( GEOMETRIC_REPRESENTATION_CONTEXT(2) 
PARAMETRIC_REPRESENTATION_CONTEXT() REPRESENTATION_CONTEXT('2D SPACE',''
  ) );
#13175 = PCURVE('',#12567,#13176);
#13176 = DEFINITIONAL_REPRESENTATION('',(#13177),#13181);
#13177 = LINE('',#13178,#13179);
#13178 = CARTESIAN_POINT('',(0.,6.));
#13179 = VECTOR('',#13180,1.);
#13180 = DIRECTION('',(1.,0.));
#13181 = ( GEOMETRIC_REPRESENTATION_CONTEXT(2) 
PARAMETRIC_REPRESENTATION_CONTEXT() REPRESENTATION_CONTEXT('2D SPACE',''
  ) );
#13182 = ORIENTED_EDGE('',*,*,#12579,.F.);
#13183 = ORIENTED_EDGE('',*,*,#12379,.F.);
#13184 = ADVANCED_FACE('',(#13185,#13309,#13423,#13517,#13631,#13745,
    #13839,#13953,#14077,#14191,#14315,#14429),#12367,.F.);
#13185 = FACE_BOUND('',#13186,.F.);
#13186 = EDGE_LOOP('',(#13187,#13188,#13189,#13212,#13240,#13263,#13287,
    #13308));
#13187 = ORIENTED_EDGE('',*,*,#12351,.F.);
#13188 = ORIENTED_EDGE('',*,*,#13084,.T.);
#13189 = ORIENTED_EDGE('',*,*,#13190,.T.);
#13190 = EDGE_CURVE('',#13085,#13191,#13193,.T.);
#13191 = VERTEX_POINT('',#13192);
#13192 = CARTESIAN_POINT('',(192.775,-8.671309433718E-16,13.156166077393
    ));
#13193 = SURFACE_CURVE('',#13194,(#13198,#13205),.PCURVE_S1.);
#13194 = LINE('',#13195,#13196);
#13195 = CARTESIAN_POINT('',(0.,0.,13.156166077393));
#13196 = VECTOR('',#13197,1.);
#13197 = DIRECTION('',(1.,0.,0.));
#13198 = PCURVE('',#12367,#13199);
#13199 = DEFINITIONAL_REPRESENTATION('',(#13200),#13204);
#13200 = LINE('',#13201,#13202);
#13201 = CARTESIAN_POINT('',(0.,0.));
#13202 = VECTOR('',#13203,1.);
#13203 = DIRECTION('',(1.,0.));
#13204 = ( GEOMETRIC_REPRESENTATION_CONTEXT(2) 
PARAMETRIC_REPRESENTATION_CONTEXT() REPRESENTATION_CONTEXT('2D SPACE',''
  ) );
#13205 = PCURVE('',#12449,#13206);
#13206 = DEFINITIONAL_REPRESENTATION('',(#13207),#13211);
#13207 = LINE('',#13208,#13209);
#13208 = CARTESIAN_POINT('',(0.,0.));
#13209 = VECTOR('',#13210,1.);
#13210 = DIRECTION('',(0.,1.));
#13211 = ( GEOMETRIC_REPRESENTATION_CONTEXT(2) 
PARAMETRIC_REPRESENTATION_CONTEXT() REPRESENTATION_CONTEXT('2D SPACE',''
  ) );
#13212 = ORIENTED_EDGE('',*,*,#13213,.F.);
#13213 = EDGE_CURVE('',#13214,#13191,#13216,.T.);
#13214 = VERTEX_POINT('',#13215);
#13215 = CARTESIAN_POINT('',(198.775,5.857815890176,14.454624007709));
#13216 = SURFACE_CURVE('',#13217,(#13222,#13233),.PCURVE_S1.);
#13217 = CIRCLE('',#13218,6.);
#13218 = AXIS2_PLACEMENT_3D('',#13219,#13220,#13221);
#13219 = CARTESIAN_POINT('',(192.775,5.857815890176,14.454624007709));
#13220 = DIRECTION('',(0.,0.216409655053,-0.976302648363));
#13221 = DIRECTION('',(0.,-0.976302648363,-0.216409655053));
#13222 = PCURVE('',#12367,#13223);
#13223 = DEFINITIONAL_REPRESENTATION('',(#13224),#13232);
#13224 = ( BOUNDED_CURVE() B_SPLINE_CURVE(2,(#13225,#13226,#13227,#13228
    ,#13229,#13230,#13231),.UNSPECIFIED.,.T.,.F.) 
B_SPLINE_CURVE_WITH_KNOTS((1,2,2,2,2,1),(-2.094395102393,0.,
    2.094395102393,4.188790204786,6.28318530718,8.377580409573),
.UNSPECIFIED.) CURVE() GEOMETRIC_REPRESENTATION_ITEM() 
RATIONAL_B_SPLINE_CURVE((1.,0.5,1.,0.5,1.,0.5,1.)) REPRESENTATION_ITEM(
  '') );
#13225 = CARTESIAN_POINT('',(192.775,-8.881784197001E-16));
#13226 = CARTESIAN_POINT('',(182.38269515458,-8.881784197001E-16));
#13227 = CARTESIAN_POINT('',(187.57884757729,9.));
#13228 = CARTESIAN_POINT('',(192.775,18.));
#13229 = CARTESIAN_POINT('',(197.9711524227,9.));
#13230 = CARTESIAN_POINT('',(203.16730484541,7.993605777301E-15));
#13231 = CARTESIAN_POINT('',(192.775,-8.881784197001E-16));
#13232 = ( GEOMETRIC_REPRESENTATION_CONTEXT(2) 
PARAMETRIC_REPRESENTATION_CONTEXT() REPRESENTATION_CONTEXT('2D SPACE',''
  ) );
#13233 = PCURVE('',#12482,#13234);
#13234 = DEFINITIONAL_REPRESENTATION('',(#13235),#13239);
#13235 = LINE('',#13236,#13237);
#13236 = CARTESIAN_POINT('',(4.712388980385,-0.));
#13237 = VECTOR('',#13238,1.);
#13238 = DIRECTION('',(-1.,0.));
#13239 = ( GEOMETRIC_REPRESENTATION_CONTEXT(2) 
PARAMETRIC_REPRESENTATION_CONTEXT() REPRESENTATION_CONTEXT('2D SPACE',''
  ) );
#13240 = ORIENTED_EDGE('',*,*,#13241,.T.);
#13241 = EDGE_CURVE('',#13214,#13242,#13244,.T.);
#13242 = VERTEX_POINT('',#13243);
#13243 = CARTESIAN_POINT('',(198.775,150.35060784785,46.483252955507));
#13244 = SURFACE_CURVE('',#13245,(#13249,#13256),.PCURVE_S1.);
#13245 = LINE('',#13246,#13247);
#13246 = CARTESIAN_POINT('',(198.775,0.,13.156166077393));
#13247 = VECTOR('',#13248,1.);
#13248 = DIRECTION('',(0.,0.976302648363,0.216409655053));
#13249 = PCURVE('',#12367,#13250);
#13250 = DEFINITIONAL_REPRESENTATION('',(#13251),#13255);
#13251 = LINE('',#13252,#13253);
#13252 = CARTESIAN_POINT('',(198.775,0.));
#13253 = VECTOR('',#13254,1.);
#13254 = DIRECTION('',(0.,1.));
#13255 = ( GEOMETRIC_REPRESENTATION_CONTEXT(2) 
PARAMETRIC_REPRESENTATION_CONTEXT() REPRESENTATION_CONTEXT('2D SPACE',''
  ) );
#13256 = PCURVE('',#12510,#13257);
#13257 = DEFINITIONAL_REPRESENTATION('',(#13258),#13262);
#13258 = LINE('',#13259,#13260);
#13259 = CARTESIAN_POINT('',(0.,0.));
#13260 = VECTOR('',#13261,1.);
#13261 = DIRECTION('',(-1.057526724829E-17,-1.));
#13262 = ( GEOMETRIC_REPRESENTATION_CONTEXT(2) 
PARAMETRIC_REPRESENTATION_CONTEXT() REPRESENTATION_CONTEXT('2D SPACE',''
  ) );
#13263 = ORIENTED_EDGE('',*,*,#13264,.T.);
#13264 = EDGE_CURVE('',#13242,#13265,#13267,.T.);
#13265 = VERTEX_POINT('',#13266);
#13266 = CARTESIAN_POINT('',(192.775,156.20842373802,47.781710885823));
#13267 = SURFACE_CURVE('',#13268,(#13273,#13280),.PCURVE_S1.);
#13268 = CIRCLE('',#13269,6.);
#13269 = AXIS2_PLACEMENT_3D('',#13270,#13271,#13272);
#13270 = CARTESIAN_POINT('',(192.775,150.35060784785,46.483252955507));
#13271 = DIRECTION('',(0.,-0.216409655053,0.976302648363));
#13272 = DIRECTION('',(0.,-0.976302648363,-0.216409655053));
#13273 = PCURVE('',#12367,#13274);
#13274 = DEFINITIONAL_REPRESENTATION('',(#13275),#13279);
#13275 = CIRCLE('',#13276,6.);
#13276 = AXIS2_PLACEMENT_2D('',#13277,#13278);
#13277 = CARTESIAN_POINT('',(192.775,154.));
#13278 = DIRECTION('',(0.,-1.));
#13279 = ( GEOMETRIC_REPRESENTATION_CONTEXT(2) 
PARAMETRIC_REPRESENTATION_CONTEXT() REPRESENTATION_CONTEXT('2D SPACE',''
  ) );
#13280 = PCURVE('',#12539,#13281);
#13281 = DEFINITIONAL_REPRESENTATION('',(#13282),#13286);
#13282 = LINE('',#13283,#13284);
#13283 = CARTESIAN_POINT('',(-1.570796326795,0.));
#13284 = VECTOR('',#13285,1.);
#13285 = DIRECTION('',(1.,0.));
#13286 = ( GEOMETRIC_REPRESENTATION_CONTEXT(2) 
PARAMETRIC_REPRESENTATION_CONTEXT() REPRESENTATION_CONTEXT('2D SPACE',''
  ) );
#13287 = ORIENTED_EDGE('',*,*,#13288,.F.);
#13288 = EDGE_CURVE('',#13135,#13265,#13289,.T.);
#13289 = SURFACE_CURVE('',#13290,(#13294,#13301),.PCURVE_S1.);
#13290 = LINE('',#13291,#13292);
#13291 = CARTESIAN_POINT('',(0.,156.20842373802,47.781710885823));
#13292 = VECTOR('',#13293,1.);
#13293 = DIRECTION('',(1.,0.,0.));
#13294 = PCURVE('',#12367,#13295);
#13295 = DEFINITIONAL_REPRESENTATION('',(#13296),#13300);
#13296 = LINE('',#13297,#13298);
#13297 = CARTESIAN_POINT('',(0.,160.));
#13298 = VECTOR('',#13299,1.);
#13299 = DIRECTION('',(1.,0.));
#13300 = ( GEOMETRIC_REPRESENTATION_CONTEXT(2) 
PARAMETRIC_REPRESENTATION_CONTEXT() REPRESENTATION_CONTEXT('2D SPACE',''
  ) );
#13301 = PCURVE('',#12567,#13302);
#13302 = DEFINITIONAL_REPRESENTATION('',(#13303),#13307);
#13303 = LINE('',#13304,#13305);
#13304 = CARTESIAN_POINT('',(0.,0.));
#13305 = VECTOR('',#13306,1.);
#13306 = DIRECTION('',(0.,1.));
#13307 = ( GEOMETRIC_REPRESENTATION_CONTEXT(2) 
PARAMETRIC_REPRESENTATION_CONTEXT() REPRESENTATION_CONTEXT('2D SPACE',''
  ) );
#13308 = ORIENTED_EDGE('',*,*,#13134,.F.);
#13309 = FACE_BOUND('',#13310,.F.);
#13310 = EDGE_LOOP('',(#13311,#13341,#13369,#13397));
#13311 = ORIENTED_EDGE('',*,*,#13312,.T.);
#13312 = EDGE_CURVE('',#13313,#13315,#13317,.T.);
#13313 = VERTEX_POINT('',#13314);
#13314 = CARTESIAN_POINT('',(35.,3.5,13.931984717192));
#13315 = VERTEX_POINT('',#13316);
#13316 = CARTESIAN_POINT('',(35.,6.233647415415,14.537931751339));
#13317 = SURFACE_CURVE('',#13318,(#13322,#13329),.PCURVE_S1.);
#13318 = LINE('',#13319,#13320);
#13319 = CARTESIAN_POINT('',(35.,3.5,13.931984717192));
#13320 = VECTOR('',#13321,1.);
#13321 = DIRECTION('',(0.,0.976302648363,0.216409655053));
#13322 = PCURVE('',#12367,#13323);
#13323 = DEFINITIONAL_REPRESENTATION('',(#13324),#13328);
#13324 = LINE('',#13325,#13326);
#13325 = CARTESIAN_POINT('',(35.,3.584953913492));
#13326 = VECTOR('',#13327,1.);
#13327 = DIRECTION('',(0.,1.));
#13328 = ( GEOMETRIC_REPRESENTATION_CONTEXT(2) 
PARAMETRIC_REPRESENTATION_CONTEXT() REPRESENTATION_CONTEXT('2D SPACE',''
  ) );
#13329 = PCURVE('',#13330,#13335);
#13330 = PLANE('',#13331);
#13331 = AXIS2_PLACEMENT_3D('',#13332,#13333,#13334);
#13332 = CARTESIAN_POINT('',(35.,4.149228965158,11.003076772104));
#13333 = DIRECTION('',(1.,0.,0.));
#13334 = DIRECTION('',(0.,-0.216409655053,0.976302648363));
#13335 = DEFINITIONAL_REPRESENTATION('',(#13336),#13340);
#13336 = LINE('',#13337,#13338);
#13337 = CARTESIAN_POINT('',(3.,1.816915121327E-16));
#13338 = VECTOR('',#13339,1.);
#13339 = DIRECTION('',(-1.057526724829E-17,-1.));
#13340 = ( GEOMETRIC_REPRESENTATION_CONTEXT(2) 
PARAMETRIC_REPRESENTATION_CONTEXT() REPRESENTATION_CONTEXT('2D SPACE',''
  ) );
#13341 = ORIENTED_EDGE('',*,*,#13342,.T.);
#13342 = EDGE_CURVE('',#13315,#13343,#13345,.T.);
#13343 = VERTEX_POINT('',#13344);
#13344 = CARTESIAN_POINT('',(45.,6.233647415415,14.537931751339));
#13345 = SURFACE_CURVE('',#13346,(#13350,#13357),.PCURVE_S1.);
#13346 = LINE('',#13347,#13348);
#13347 = CARTESIAN_POINT('',(35.,6.233647415415,14.537931751339));
#13348 = VECTOR('',#13349,1.);
#13349 = DIRECTION('',(1.,0.,0.));
#13350 = PCURVE('',#12367,#13351);
#13351 = DEFINITIONAL_REPRESENTATION('',(#13352),#13356);
#13352 = LINE('',#13353,#13354);
#13353 = CARTESIAN_POINT('',(35.,6.384953913492));
#13354 = VECTOR('',#13355,1.);
#13355 = DIRECTION('',(1.,0.));
#13356 = ( GEOMETRIC_REPRESENTATION_CONTEXT(2) 
PARAMETRIC_REPRESENTATION_CONTEXT() REPRESENTATION_CONTEXT('2D SPACE',''
  ) );
#13357 = PCURVE('',#13358,#13363);
#13358 = PLANE('',#13359);
#13359 = AXIS2_PLACEMENT_3D('',#13360,#13361,#13362);
#13360 = CARTESIAN_POINT('',(35.,6.882876380574,11.609023806251));
#13361 = DIRECTION('',(0.,0.976302648363,0.216409655053));
#13362 = DIRECTION('',(0.,-0.216409655053,0.976302648363));
#13363 = DEFINITIONAL_REPRESENTATION('',(#13364),#13368);
#13364 = LINE('',#13365,#13366);
#13365 = CARTESIAN_POINT('',(3.,0.));
#13366 = VECTOR('',#13367,1.);
#13367 = DIRECTION('',(0.,1.));
#13368 = ( GEOMETRIC_REPRESENTATION_CONTEXT(2) 
PARAMETRIC_REPRESENTATION_CONTEXT() REPRESENTATION_CONTEXT('2D SPACE',''
  ) );
#13369 = ORIENTED_EDGE('',*,*,#13370,.F.);
#13370 = EDGE_CURVE('',#13371,#13343,#13373,.T.);
#13371 = VERTEX_POINT('',#13372);
#13372 = CARTESIAN_POINT('',(45.,3.5,13.931984717192));
#13373 = SURFACE_CURVE('',#13374,(#13378,#13385),.PCURVE_S1.);
#13374 = LINE('',#13375,#13376);
#13375 = CARTESIAN_POINT('',(45.,3.5,13.931984717192));
#13376 = VECTOR('',#13377,1.);
#13377 = DIRECTION('',(0.,0.976302648363,0.216409655053));
#13378 = PCURVE('',#12367,#13379);
#13379 = DEFINITIONAL_REPRESENTATION('',(#13380),#13384);
#13380 = LINE('',#13381,#13382);
#13381 = CARTESIAN_POINT('',(45.,3.584953913492));
#13382 = VECTOR('',#13383,1.);
#13383 = DIRECTION('',(0.,1.));
#13384 = ( GEOMETRIC_REPRESENTATION_CONTEXT(2) 
PARAMETRIC_REPRESENTATION_CONTEXT() REPRESENTATION_CONTEXT('2D SPACE',''
  ) );
#13385 = PCURVE('',#13386,#13391);
#13386 = PLANE('',#13387);
#13387 = AXIS2_PLACEMENT_3D('',#13388,#13389,#13390);
#13388 = CARTESIAN_POINT('',(45.,4.149228965158,11.003076772104));
#13389 = DIRECTION('',(1.,0.,0.));
#13390 = DIRECTION('',(0.,-0.216409655053,0.976302648363));
#13391 = DEFINITIONAL_REPRESENTATION('',(#13392),#13396);
#13392 = LINE('',#13393,#13394);
#13393 = CARTESIAN_POINT('',(3.,1.816915121327E-16));
#13394 = VECTOR('',#13395,1.);
#13395 = DIRECTION('',(-1.057526724829E-17,-1.));
#13396 = ( GEOMETRIC_REPRESENTATION_CONTEXT(2) 
PARAMETRIC_REPRESENTATION_CONTEXT() REPRESENTATION_CONTEXT('2D SPACE',''
  ) );
#13397 = ORIENTED_EDGE('',*,*,#13398,.F.);
#13398 = EDGE_CURVE('',#13313,#13371,#13399,.T.);
#13399 = SURFACE_CURVE('',#13400,(#13404,#13411),.PCURVE_S1.);
#13400 = LINE('',#13401,#13402);
#13401 = CARTESIAN_POINT('',(35.,3.5,13.931984717192));
#13402 = VECTOR('',#13403,1.);
#13403 = DIRECTION('',(1.,0.,0.));
#13404 = PCURVE('',#12367,#13405);
#13405 = DEFINITIONAL_REPRESENTATION('',(#13406),#13410);
#13406 = LINE('',#13407,#13408);
#13407 = CARTESIAN_POINT('',(35.,3.584953913492));
#13408 = VECTOR('',#13409,1.);
#13409 = DIRECTION('',(1.,0.));
#13410 = ( GEOMETRIC_REPRESENTATION_CONTEXT(2) 
PARAMETRIC_REPRESENTATION_CONTEXT() REPRESENTATION_CONTEXT('2D SPACE',''
  ) );
#13411 = PCURVE('',#13412,#13417);
#13412 = PLANE('',#13413);
#13413 = AXIS2_PLACEMENT_3D('',#13414,#13415,#13416);
#13414 = CARTESIAN_POINT('',(35.,4.149228965158,11.003076772104));
#13415 = DIRECTION('',(0.,0.976302648363,0.216409655053));
#13416 = DIRECTION('',(0.,-0.216409655053,0.976302648363));
#13417 = DEFINITIONAL_REPRESENTATION('',(#13418),#13422);
#13418 = LINE('',#13419,#13420);
#13419 = CARTESIAN_POINT('',(3.,0.));
#13420 = VECTOR('',#13421,1.);
#13421 = DIRECTION('',(0.,1.));
#13422 = ( GEOMETRIC_REPRESENTATION_CONTEXT(2) 
PARAMETRIC_REPRESENTATION_CONTEXT() REPRESENTATION_CONTEXT('2D SPACE',''
  ) );
#13423 = FACE_BOUND('',#13424,.F.);
#13424 = EDGE_LOOP('',(#13425,#13450,#13473,#13496));
#13425 = ORIENTED_EDGE('',*,*,#13426,.T.);
#13426 = EDGE_CURVE('',#13427,#13429,#13431,.T.);
#13427 = VERTEX_POINT('',#13428);
#13428 = CARTESIAN_POINT('',(89.732142857143,9.763026483627,
    15.32026262792));
#13429 = VERTEX_POINT('',#13430);
#13430 = CARTESIAN_POINT('',(11.382142857143,9.763026483627,
    15.32026262792));
#13431 = SURFACE_CURVE('',#13432,(#13436,#13443),.PCURVE_S1.);
#13432 = LINE('',#13433,#13434);
#13433 = CARTESIAN_POINT('',(5.691071428571,9.763026483627,
    15.32026262792));
#13434 = VECTOR('',#13435,1.);
#13435 = DIRECTION('',(-1.,0.,0.));
#13436 = PCURVE('',#12367,#13437);
#13437 = DEFINITIONAL_REPRESENTATION('',(#13438),#13442);
#13438 = LINE('',#13439,#13440);
#13439 = CARTESIAN_POINT('',(5.691071428571,10.));
#13440 = VECTOR('',#13441,1.);
#13441 = DIRECTION('',(-1.,0.));
#13442 = ( GEOMETRIC_REPRESENTATION_CONTEXT(2) 
PARAMETRIC_REPRESENTATION_CONTEXT() REPRESENTATION_CONTEXT('2D SPACE',''
  ) );
#13443 = PCURVE('',#12625,#13444);
#13444 = DEFINITIONAL_REPRESENTATION('',(#13445),#13449);
#13445 = LINE('',#13446,#13447);
#13446 = CARTESIAN_POINT('',(2.,-5.691071428571));
#13447 = VECTOR('',#13448,1.);
#13448 = DIRECTION('',(0.,-1.));
#13449 = ( GEOMETRIC_REPRESENTATION_CONTEXT(2) 
PARAMETRIC_REPRESENTATION_CONTEXT() REPRESENTATION_CONTEXT('2D SPACE',''
  ) );
#13450 = ORIENTED_EDGE('',*,*,#13451,.T.);
#13451 = EDGE_CURVE('',#13429,#13452,#13454,.T.);
#13452 = VERTEX_POINT('',#13453);
#13453 = CARTESIAN_POINT('',(11.382142857143,122.63302648362,
    40.339305449079));
#13454 = SURFACE_CURVE('',#13455,(#13459,#13466),.PCURVE_S1.);
#13455 = LINE('',#13456,#13457);
#13456 = CARTESIAN_POINT('',(11.382142857143,4.881513241813,
    14.238214352657));
#13457 = VECTOR('',#13458,1.);
#13458 = DIRECTION('',(0.,0.976302648363,0.216409655053));
#13459 = PCURVE('',#12367,#13460);
#13460 = DEFINITIONAL_REPRESENTATION('',(#13461),#13465);
#13461 = LINE('',#13462,#13463);
#13462 = CARTESIAN_POINT('',(11.382142857143,5.));
#13463 = VECTOR('',#13464,1.);
#13464 = DIRECTION('',(0.,1.));
#13465 = ( GEOMETRIC_REPRESENTATION_CONTEXT(2) 
PARAMETRIC_REPRESENTATION_CONTEXT() REPRESENTATION_CONTEXT('2D SPACE',''
  ) );
#13466 = PCURVE('',#12653,#13467);
#13467 = DEFINITIONAL_REPRESENTATION('',(#13468),#13472);
#13468 = LINE('',#13469,#13470);
#13469 = CARTESIAN_POINT('',(2.,5.));
#13470 = VECTOR('',#13471,1.);
#13471 = DIRECTION('',(-1.057526724829E-17,-1.));
#13472 = ( GEOMETRIC_REPRESENTATION_CONTEXT(2) 
PARAMETRIC_REPRESENTATION_CONTEXT() REPRESENTATION_CONTEXT('2D SPACE',''
  ) );
#13473 = ORIENTED_EDGE('',*,*,#13474,.F.);
#13474 = EDGE_CURVE('',#13475,#13452,#13477,.T.);
#13475 = VERTEX_POINT('',#13476);
#13476 = CARTESIAN_POINT('',(89.732142857143,122.63302648362,
    40.339305449079));
#13477 = SURFACE_CURVE('',#13478,(#13482,#13489),.PCURVE_S1.);
#13478 = LINE('',#13479,#13480);
#13479 = CARTESIAN_POINT('',(5.691071428571,122.63302648362,
    40.339305449079));
#13480 = VECTOR('',#13481,1.);
#13481 = DIRECTION('',(-1.,0.,0.));
#13482 = PCURVE('',#12367,#13483);
#13483 = DEFINITIONAL_REPRESENTATION('',(#13484),#13488);
#13484 = LINE('',#13485,#13486);
#13485 = CARTESIAN_POINT('',(5.691071428571,125.60964234737));
#13486 = VECTOR('',#13487,1.);
#13487 = DIRECTION('',(-1.,0.));
#13488 = ( GEOMETRIC_REPRESENTATION_CONTEXT(2) 
PARAMETRIC_REPRESENTATION_CONTEXT() REPRESENTATION_CONTEXT('2D SPACE',''
  ) );
#13489 = PCURVE('',#12681,#13490);
#13490 = DEFINITIONAL_REPRESENTATION('',(#13491),#13495);
#13491 = LINE('',#13492,#13493);
#13492 = CARTESIAN_POINT('',(2.,-5.691071428571));
#13493 = VECTOR('',#13494,1.);
#13494 = DIRECTION('',(0.,-1.));
#13495 = ( GEOMETRIC_REPRESENTATION_CONTEXT(2) 
PARAMETRIC_REPRESENTATION_CONTEXT() REPRESENTATION_CONTEXT('2D SPACE',''
  ) );
#13496 = ORIENTED_EDGE('',*,*,#13497,.F.);
#13497 = EDGE_CURVE('',#13427,#13475,#13498,.T.);
#13498 = SURFACE_CURVE('',#13499,(#13503,#13510),.PCURVE_S1.);
#13499 = LINE('',#13500,#13501);
#13500 = CARTESIAN_POINT('',(89.732142857143,4.881513241813,
    14.238214352657));
#13501 = VECTOR('',#13502,1.);
#13502 = DIRECTION('',(0.,0.976302648363,0.216409655053));
#13503 = PCURVE('',#12367,#13504);
#13504 = DEFINITIONAL_REPRESENTATION('',(#13505),#13509);
#13505 = LINE('',#13506,#13507);
#13506 = CARTESIAN_POINT('',(89.732142857143,5.));
#13507 = VECTOR('',#13508,1.);
#13508 = DIRECTION('',(0.,1.));
#13509 = ( GEOMETRIC_REPRESENTATION_CONTEXT(2) 
PARAMETRIC_REPRESENTATION_CONTEXT() REPRESENTATION_CONTEXT('2D SPACE',''
  ) );
#13510 = PCURVE('',#12707,#13511);
#13511 = DEFINITIONAL_REPRESENTATION('',(#13512),#13516);
#13512 = LINE('',#13513,#13514);
#13513 = CARTESIAN_POINT('',(2.,5.));
#13514 = VECTOR('',#13515,1.);
#13515 = DIRECTION('',(-1.057526724829E-17,-1.));
#13516 = ( GEOMETRIC_REPRESENTATION_CONTEXT(2) 
PARAMETRIC_REPRESENTATION_CONTEXT() REPRESENTATION_CONTEXT('2D SPACE',''
  ) );
#13517 = FACE_BOUND('',#13518,.F.);
#13518 = EDGE_LOOP('',(#13519,#13549,#13577,#13605));
#13519 = ORIENTED_EDGE('',*,*,#13520,.T.);
#13520 = EDGE_CURVE('',#13521,#13523,#13525,.T.);
#13521 = VERTEX_POINT('',#13522);
#13522 = CARTESIAN_POINT('',(96.13,14.119436504037,16.285915226903));
#13523 = VERTEX_POINT('',#13524);
#13524 = CARTESIAN_POINT('',(96.13,23.882462987664,18.45001177743));
#13525 = SURFACE_CURVE('',#13526,(#13530,#13537),.PCURVE_S1.);
#13526 = LINE('',#13527,#13528);
#13527 = CARTESIAN_POINT('',(96.13,14.119436504037,16.285915226903));
#13528 = VECTOR('',#13529,1.);
#13529 = DIRECTION('',(0.,0.976302648363,0.216409655053));
#13530 = PCURVE('',#12367,#13531);
#13531 = DEFINITIONAL_REPRESENTATION('',(#13532),#13536);
#13532 = LINE('',#13533,#13534);
#13533 = CARTESIAN_POINT('',(96.13,14.462151186127));
#13534 = VECTOR('',#13535,1.);
#13535 = DIRECTION('',(0.,1.));
#13536 = ( GEOMETRIC_REPRESENTATION_CONTEXT(2) 
PARAMETRIC_REPRESENTATION_CONTEXT() REPRESENTATION_CONTEXT('2D SPACE',''
  ) );
#13537 = PCURVE('',#13538,#13543);
#13538 = PLANE('',#13539);
#13539 = AXIS2_PLACEMENT_3D('',#13540,#13541,#13542);
#13540 = CARTESIAN_POINT('',(96.13,15.850713744459,8.475494040001));
#13541 = DIRECTION('',(1.,0.,0.));
#13542 = DIRECTION('',(0.,-0.216409655053,0.976302648363));
#13543 = DEFINITIONAL_REPRESENTATION('',(#13544),#13548);
#13544 = LINE('',#13545,#13546);
#13545 = CARTESIAN_POINT('',(8.,-5.516974572963E-16));
#13546 = VECTOR('',#13547,1.);
#13547 = DIRECTION('',(-1.057526724829E-17,-1.));
#13548 = ( GEOMETRIC_REPRESENTATION_CONTEXT(2) 
PARAMETRIC_REPRESENTATION_CONTEXT() REPRESENTATION_CONTEXT('2D SPACE',''
  ) );
#13549 = ORIENTED_EDGE('',*,*,#13550,.T.);
#13550 = EDGE_CURVE('',#13523,#13551,#13553,.T.);
#13551 = VERTEX_POINT('',#13552);
#13552 = CARTESIAN_POINT('',(106.13,23.882462987664,18.45001177743));
#13553 = SURFACE_CURVE('',#13554,(#13558,#13565),.PCURVE_S1.);
#13554 = LINE('',#13555,#13556);
#13555 = CARTESIAN_POINT('',(96.13,23.882462987664,18.45001177743));
#13556 = VECTOR('',#13557,1.);
#13557 = DIRECTION('',(1.,0.,0.));
#13558 = PCURVE('',#12367,#13559);
#13559 = DEFINITIONAL_REPRESENTATION('',(#13560),#13564);
#13560 = LINE('',#13561,#13562);
#13561 = CARTESIAN_POINT('',(96.13,24.462151186127));
#13562 = VECTOR('',#13563,1.);
#13563 = DIRECTION('',(1.,0.));
#13564 = ( GEOMETRIC_REPRESENTATION_CONTEXT(2) 
PARAMETRIC_REPRESENTATION_CONTEXT() REPRESENTATION_CONTEXT('2D SPACE',''
  ) );
#13565 = PCURVE('',#13566,#13571);
#13566 = PLANE('',#13567);
#13567 = AXIS2_PLACEMENT_3D('',#13568,#13569,#13570);
#13568 = CARTESIAN_POINT('',(96.13,25.613740228085,10.639590590528));
#13569 = DIRECTION('',(0.,0.976302648363,0.216409655053));
#13570 = DIRECTION('',(0.,-0.216409655053,0.976302648363));
#13571 = DEFINITIONAL_REPRESENTATION('',(#13572),#13576);
#13572 = LINE('',#13573,#13574);
#13573 = CARTESIAN_POINT('',(8.,0.));
#13574 = VECTOR('',#13575,1.);
#13575 = DIRECTION('',(0.,1.));
#13576 = ( GEOMETRIC_REPRESENTATION_CONTEXT(2) 
PARAMETRIC_REPRESENTATION_CONTEXT() REPRESENTATION_CONTEXT('2D SPACE',''
  ) );
#13577 = ORIENTED_EDGE('',*,*,#13578,.F.);
#13578 = EDGE_CURVE('',#13579,#13551,#13581,.T.);
#13579 = VERTEX_POINT('',#13580);
#13580 = CARTESIAN_POINT('',(106.13,14.119436504037,16.285915226903));
#13581 = SURFACE_CURVE('',#13582,(#13586,#13593),.PCURVE_S1.);
#13582 = LINE('',#13583,#13584);
#13583 = CARTESIAN_POINT('',(106.13,14.119436504037,16.285915226903));
#13584 = VECTOR('',#13585,1.);
#13585 = DIRECTION('',(0.,0.976302648363,0.216409655053));
#13586 = PCURVE('',#12367,#13587);
#13587 = DEFINITIONAL_REPRESENTATION('',(#13588),#13592);
#13588 = LINE('',#13589,#13590);
#13589 = CARTESIAN_POINT('',(106.13,14.462151186127));
#13590 = VECTOR('',#13591,1.);
#13591 = DIRECTION('',(0.,1.));
#13592 = ( GEOMETRIC_REPRESENTATION_CONTEXT(2) 
PARAMETRIC_REPRESENTATION_CONTEXT() REPRESENTATION_CONTEXT('2D SPACE',''
  ) );
#13593 = PCURVE('',#13594,#13599);
#13594 = PLANE('',#13595);
#13595 = AXIS2_PLACEMENT_3D('',#13596,#13597,#13598);
#13596 = CARTESIAN_POINT('',(106.13,15.850713744459,8.475494040001));
#13597 = DIRECTION('',(1.,0.,0.));
#13598 = DIRECTION('',(0.,-0.216409655053,0.976302648363));
#13599 = DEFINITIONAL_REPRESENTATION('',(#13600),#13604);
#13600 = LINE('',#13601,#13602);
#13601 = CARTESIAN_POINT('',(8.,-5.516974572963E-16));
#13602 = VECTOR('',#13603,1.);
#13603 = DIRECTION('',(-1.057526724829E-17,-1.));
#13604 = ( GEOMETRIC_REPRESENTATION_CONTEXT(2) 
PARAMETRIC_REPRESENTATION_CONTEXT() REPRESENTATION_CONTEXT('2D SPACE',''
  ) );
#13605 = ORIENTED_EDGE('',*,*,#13606,.F.);
#13606 = EDGE_CURVE('',#13521,#13579,#13607,.T.);
#13607 = SURFACE_CURVE('',#13608,(#13612,#13619),.PCURVE_S1.);
#13608 = LINE('',#13609,#13610);
#13609 = CARTESIAN_POINT('',(96.13,14.119436504037,16.285915226903));
#13610 = VECTOR('',#13611,1.);
#13611 = DIRECTION('',(1.,0.,0.));
#13612 = PCURVE('',#12367,#13613);
#13613 = DEFINITIONAL_REPRESENTATION('',(#13614),#13618);
#13614 = LINE('',#13615,#13616);
#13615 = CARTESIAN_POINT('',(96.13,14.462151186127));
#13616 = VECTOR('',#13617,1.);
#13617 = DIRECTION('',(1.,0.));
#13618 = ( GEOMETRIC_REPRESENTATION_CONTEXT(2) 
PARAMETRIC_REPRESENTATION_CONTEXT() REPRESENTATION_CONTEXT('2D SPACE',''
  ) );
#13619 = PCURVE('',#13620,#13625);
#13620 = PLANE('',#13621);
#13621 = AXIS2_PLACEMENT_3D('',#13622,#13623,#13624);
#13622 = CARTESIAN_POINT('',(96.13,15.850713744459,8.475494040001));
#13623 = DIRECTION('',(0.,0.976302648363,0.216409655053));
#13624 = DIRECTION('',(0.,-0.216409655053,0.976302648363));
#13625 = DEFINITIONAL_REPRESENTATION('',(#13626),#13630);
#13626 = LINE('',#13627,#13628);
#13627 = CARTESIAN_POINT('',(8.,0.));
#13628 = VECTOR('',#13629,1.);
#13629 = DIRECTION('',(0.,1.));
#13630 = ( GEOMETRIC_REPRESENTATION_CONTEXT(2) 
PARAMETRIC_REPRESENTATION_CONTEXT() REPRESENTATION_CONTEXT('2D SPACE',''
  ) );
#13631 = FACE_BOUND('',#13632,.F.);
#13632 = EDGE_LOOP('',(#13633,#13663,#13691,#13719));
#13633 = ORIENTED_EDGE('',*,*,#13634,.T.);
#13634 = EDGE_CURVE('',#13635,#13637,#13639,.T.);
#13635 = VERTEX_POINT('',#13636);
#13636 = CARTESIAN_POINT('',(160.,3.5,13.931984717192));
#13637 = VERTEX_POINT('',#13638);
#13638 = CARTESIAN_POINT('',(160.,6.233647415415,14.537931751339));
#13639 = SURFACE_CURVE('',#13640,(#13644,#13651),.PCURVE_S1.);
#13640 = LINE('',#13641,#13642);
#13641 = CARTESIAN_POINT('',(160.,3.5,13.931984717192));
#13642 = VECTOR('',#13643,1.);
#13643 = DIRECTION('',(0.,0.976302648363,0.216409655053));
#13644 = PCURVE('',#12367,#13645);
#13645 = DEFINITIONAL_REPRESENTATION('',(#13646),#13650);
#13646 = LINE('',#13647,#13648);
#13647 = CARTESIAN_POINT('',(160.,3.584953913492));
#13648 = VECTOR('',#13649,1.);
#13649 = DIRECTION('',(0.,1.));
#13650 = ( GEOMETRIC_REPRESENTATION_CONTEXT(2) 
PARAMETRIC_REPRESENTATION_CONTEXT() REPRESENTATION_CONTEXT('2D SPACE',''
  ) );
#13651 = PCURVE('',#13652,#13657);
#13652 = PLANE('',#13653);
#13653 = AXIS2_PLACEMENT_3D('',#13654,#13655,#13656);
#13654 = CARTESIAN_POINT('',(160.,4.149228965158,11.003076772104));
#13655 = DIRECTION('',(1.,0.,0.));
#13656 = DIRECTION('',(0.,-0.216409655053,0.976302648363));
#13657 = DEFINITIONAL_REPRESENTATION('',(#13658),#13662);
#13658 = LINE('',#13659,#13660);
#13659 = CARTESIAN_POINT('',(3.,1.816915121327E-16));
#13660 = VECTOR('',#13661,1.);
#13661 = DIRECTION('',(-1.057526724829E-17,-1.));
#13662 = ( GEOMETRIC_REPRESENTATION_CONTEXT(2) 
PARAMETRIC_REPRESENTATION_CONTEXT() REPRESENTATION_CONTEXT('2D SPACE',''
  ) );
#13663 = ORIENTED_EDGE('',*,*,#13664,.T.);
#13664 = EDGE_CURVE('',#13637,#13665,#13667,.T.);
#13665 = VERTEX_POINT('',#13666);
#13666 = CARTESIAN_POINT('',(170.,6.233647415415,14.537931751339));
#13667 = SURFACE_CURVE('',#13668,(#13672,#13679),.PCURVE_S1.);
#13668 = LINE('',#13669,#13670);
#13669 = CARTESIAN_POINT('',(160.,6.233647415415,14.537931751339));
#13670 = VECTOR('',#13671,1.);
#13671 = DIRECTION('',(1.,0.,0.));
#13672 = PCURVE('',#12367,#13673);
#13673 = DEFINITIONAL_REPRESENTATION('',(#13674),#13678);
#13674 = LINE('',#13675,#13676);
#13675 = CARTESIAN_POINT('',(160.,6.384953913492));
#13676 = VECTOR('',#13677,1.);
#13677 = DIRECTION('',(1.,0.));
#13678 = ( GEOMETRIC_REPRESENTATION_CONTEXT(2) 
PARAMETRIC_REPRESENTATION_CONTEXT() REPRESENTATION_CONTEXT('2D SPACE',''
  ) );
#13679 = PCURVE('',#13680,#13685);
#13680 = PLANE('',#13681);
#13681 = AXIS2_PLACEMENT_3D('',#13682,#13683,#13684);
#13682 = CARTESIAN_POINT('',(160.,6.882876380574,11.609023806251));
#13683 = DIRECTION('',(0.,0.976302648363,0.216409655053));
#13684 = DIRECTION('',(0.,-0.216409655053,0.976302648363));
#13685 = DEFINITIONAL_REPRESENTATION('',(#13686),#13690);
#13686 = LINE('',#13687,#13688);
#13687 = CARTESIAN_POINT('',(3.,0.));
#13688 = VECTOR('',#13689,1.);
#13689 = DIRECTION('',(0.,1.));
#13690 = ( GEOMETRIC_REPRESENTATION_CONTEXT(2) 
PARAMETRIC_REPRESENTATION_CONTEXT() REPRESENTATION_CONTEXT('2D SPACE',''
  ) );
#13691 = ORIENTED_EDGE('',*,*,#13692,.F.);
#13692 = EDGE_CURVE('',#13693,#13665,#13695,.T.);
#13693 = VERTEX_POINT('',#13694);
#13694 = CARTESIAN_POINT('',(170.,3.5,13.931984717192));
#13695 = SURFACE_CURVE('',#13696,(#13700,#13707),.PCURVE_S1.);
#13696 = LINE('',#13697,#13698);
#13697 = CARTESIAN_POINT('',(170.,3.5,13.931984717192));
#13698 = VECTOR('',#13699,1.);
#13699 = DIRECTION('',(0.,0.976302648363,0.216409655053));
#13700 = PCURVE('',#12367,#13701);
#13701 = DEFINITIONAL_REPRESENTATION('',(#13702),#13706);
#13702 = LINE('',#13703,#13704);
#13703 = CARTESIAN_POINT('',(170.,3.584953913492));
#13704 = VECTOR('',#13705,1.);
#13705 = DIRECTION('',(0.,1.));
#13706 = ( GEOMETRIC_REPRESENTATION_CONTEXT(2) 
PARAMETRIC_REPRESENTATION_CONTEXT() REPRESENTATION_CONTEXT('2D SPACE',''
  ) );
#13707 = PCURVE('',#13708,#13713);
#13708 = PLANE('',#13709);
#13709 = AXIS2_PLACEMENT_3D('',#13710,#13711,#13712);
#13710 = CARTESIAN_POINT('',(170.,4.149228965158,11.003076772104));
#13711 = DIRECTION('',(1.,0.,0.));
#13712 = DIRECTION('',(0.,-0.216409655053,0.976302648363));
#13713 = DEFINITIONAL_REPRESENTATION('',(#13714),#13718);
#13714 = LINE('',#13715,#13716);
#13715 = CARTESIAN_POINT('',(3.,1.816915121327E-16));
#13716 = VECTOR('',#13717,1.);
#13717 = DIRECTION('',(-1.057526724829E-17,-1.));
#13718 = ( GEOMETRIC_REPRESENTATION_CONTEXT(2) 
PARAMETRIC_REPRESENTATION_CONTEXT() REPRESENTATION_CONTEXT('2D SPACE',''
  ) );
#13719 = ORIENTED_EDGE('',*,*,#13720,.F.);
#13720 = EDGE_CURVE('',#13635,#13693,#13721,.T.);
#13721 = SURFACE_CURVE('',#13722,(#13726,#13733),.PCURVE_S1.);
#13722 = LINE('',#13723,#13724);
#13723 = CARTESIAN_POINT('',(160.,3.5,13.931984717192));
#13724 = VECTOR('',#13725,1.);
#13725 = DIRECTION('',(1.,0.,0.));
#13726 = PCURVE('',#12367,#13727);
#13727 = DEFINITIONAL_REPRESENTATION('',(#13728),#13732);
#13728 = LINE('',#13729,#13730);
#13729 = CARTESIAN_POINT('',(160.,3.584953913492));
#13730 = VECTOR('',#13731,1.);
#13731 = DIRECTION('',(1.,0.));
#13732 = ( GEOMETRIC_REPRESENTATION_CONTEXT(2) 
PARAMETRIC_REPRESENTATION_CONTEXT() REPRESENTATION_CONTEXT('2D SPACE',''
  ) );
#13733 = PCURVE('',#13734,#13739);
#13734 = PLANE('',#13735);
#13735 = AXIS2_PLACEMENT_3D('',#13736,#13737,#13738);
#13736 = CARTESIAN_POINT('',(160.,4.149228965158,11.003076772104));
#13737 = DIRECTION('',(0.,0.976302648363,0.216409655053));
#13738 = DIRECTION('',(0.,-0.216409655053,0.976302648363));
#13739 = DEFINITIONAL_REPRESENTATION('',(#13740),#13744);
#13740 = LINE('',#13741,#13742);
#13741 = CARTESIAN_POINT('',(3.,0.));
#13742 = VECTOR('',#13743,1.);
#13743 = DIRECTION('',(0.,1.));
#13744 = ( GEOMETRIC_REPRESENTATION_CONTEXT(2) 
PARAMETRIC_REPRESENTATION_CONTEXT() REPRESENTATION_CONTEXT('2D SPACE',''
  ) );
#13745 = FACE_BOUND('',#13746,.F.);
#13746 = EDGE_LOOP('',(#13747,#13772,#13795,#13818));
#13747 = ORIENTED_EDGE('',*,*,#13748,.T.);
#13748 = EDGE_CURVE('',#13749,#13751,#13753,.T.);
#13749 = VERTEX_POINT('',#13750);
#13750 = CARTESIAN_POINT('',(190.875,9.763026483627,15.32026262792));
#13751 = VERTEX_POINT('',#13752);
#13752 = CARTESIAN_POINT('',(112.525,9.763026483627,15.32026262792));
#13753 = SURFACE_CURVE('',#13754,(#13758,#13765),.PCURVE_S1.);
#13754 = LINE('',#13755,#13756);
#13755 = CARTESIAN_POINT('',(56.2625,9.763026483627,15.32026262792));
#13756 = VECTOR('',#13757,1.);
#13757 = DIRECTION('',(-1.,0.,0.));
#13758 = PCURVE('',#12367,#13759);
#13759 = DEFINITIONAL_REPRESENTATION('',(#13760),#13764);
#13760 = LINE('',#13761,#13762);
#13761 = CARTESIAN_POINT('',(56.2625,10.));
#13762 = VECTOR('',#13763,1.);
#13763 = DIRECTION('',(-1.,0.));
#13764 = ( GEOMETRIC_REPRESENTATION_CONTEXT(2) 
PARAMETRIC_REPRESENTATION_CONTEXT() REPRESENTATION_CONTEXT('2D SPACE',''
  ) );
#13765 = PCURVE('',#12739,#13766);
#13766 = DEFINITIONAL_REPRESENTATION('',(#13767),#13771);
#13767 = LINE('',#13768,#13769);
#13768 = CARTESIAN_POINT('',(2.,-56.2625));
#13769 = VECTOR('',#13770,1.);
#13770 = DIRECTION('',(0.,-1.));
#13771 = ( GEOMETRIC_REPRESENTATION_CONTEXT(2) 
PARAMETRIC_REPRESENTATION_CONTEXT() REPRESENTATION_CONTEXT('2D SPACE',''
  ) );
#13772 = ORIENTED_EDGE('',*,*,#13773,.T.);
#13773 = EDGE_CURVE('',#13751,#13774,#13776,.T.);
#13774 = VERTEX_POINT('',#13775);
#13775 = CARTESIAN_POINT('',(112.525,122.63302648362,40.339305449079));
#13776 = SURFACE_CURVE('',#13777,(#13781,#13788),.PCURVE_S1.);
#13777 = LINE('',#13778,#13779);
#13778 = CARTESIAN_POINT('',(112.525,4.881513241813,14.238214352657));
#13779 = VECTOR('',#13780,1.);
#13780 = DIRECTION('',(0.,0.976302648363,0.216409655053));
#13781 = PCURVE('',#12367,#13782);
#13782 = DEFINITIONAL_REPRESENTATION('',(#13783),#13787);
#13783 = LINE('',#13784,#13785);
#13784 = CARTESIAN_POINT('',(112.525,5.));
#13785 = VECTOR('',#13786,1.);
#13786 = DIRECTION('',(0.,1.));
#13787 = ( GEOMETRIC_REPRESENTATION_CONTEXT(2) 
PARAMETRIC_REPRESENTATION_CONTEXT() REPRESENTATION_CONTEXT('2D SPACE',''
  ) );
#13788 = PCURVE('',#12767,#13789);
#13789 = DEFINITIONAL_REPRESENTATION('',(#13790),#13794);
#13790 = LINE('',#13791,#13792);
#13791 = CARTESIAN_POINT('',(2.,5.));
#13792 = VECTOR('',#13793,1.);
#13793 = DIRECTION('',(-1.057526724829E-17,-1.));
#13794 = ( GEOMETRIC_REPRESENTATION_CONTEXT(2) 
PARAMETRIC_REPRESENTATION_CONTEXT() REPRESENTATION_CONTEXT('2D SPACE',''
  ) );
#13795 = ORIENTED_EDGE('',*,*,#13796,.F.);
#13796 = EDGE_CURVE('',#13797,#13774,#13799,.T.);
#13797 = VERTEX_POINT('',#13798);
#13798 = CARTESIAN_POINT('',(190.875,122.63302648362,40.339305449079));
#13799 = SURFACE_CURVE('',#13800,(#13804,#13811),.PCURVE_S1.);
#13800 = LINE('',#13801,#13802);
#13801 = CARTESIAN_POINT('',(56.2625,122.63302648362,40.339305449079));
#13802 = VECTOR('',#13803,1.);
#13803 = DIRECTION('',(-1.,0.,0.));
#13804 = PCURVE('',#12367,#13805);
#13805 = DEFINITIONAL_REPRESENTATION('',(#13806),#13810);
#13806 = LINE('',#13807,#13808);
#13807 = CARTESIAN_POINT('',(56.2625,125.60964234737));
#13808 = VECTOR('',#13809,1.);
#13809 = DIRECTION('',(-1.,0.));
#13810 = ( GEOMETRIC_REPRESENTATION_CONTEXT(2) 
PARAMETRIC_REPRESENTATION_CONTEXT() REPRESENTATION_CONTEXT('2D SPACE',''
  ) );
#13811 = PCURVE('',#12795,#13812);
#13812 = DEFINITIONAL_REPRESENTATION('',(#13813),#13817);
#13813 = LINE('',#13814,#13815);
#13814 = CARTESIAN_POINT('',(2.,-56.2625));
#13815 = VECTOR('',#13816,1.);
#13816 = DIRECTION('',(0.,-1.));
#13817 = ( GEOMETRIC_REPRESENTATION_CONTEXT(2) 
PARAMETRIC_REPRESENTATION_CONTEXT() REPRESENTATION_CONTEXT('2D SPACE',''
  ) );
#13818 = ORIENTED_EDGE('',*,*,#13819,.F.);
#13819 = EDGE_CURVE('',#13749,#13797,#13820,.T.);
#13820 = SURFACE_CURVE('',#13821,(#13825,#13832),.PCURVE_S1.);
#13821 = LINE('',#13822,#13823);
#13822 = CARTESIAN_POINT('',(190.875,4.881513241813,14.238214352657));
#13823 = VECTOR('',#13824,1.);
#13824 = DIRECTION('',(0.,0.976302648363,0.216409655053));
#13825 = PCURVE('',#12367,#13826);
#13826 = DEFINITIONAL_REPRESENTATION('',(#13827),#13831);
#13827 = LINE('',#13828,#13829);
#13828 = CARTESIAN_POINT('',(190.875,5.));
#13829 = VECTOR('',#13830,1.);
#13830 = DIRECTION('',(0.,1.));
#13831 = ( GEOMETRIC_REPRESENTATION_CONTEXT(2) 
PARAMETRIC_REPRESENTATION_CONTEXT() REPRESENTATION_CONTEXT('2D SPACE',''
  ) );
#13832 = PCURVE('',#12821,#13833);
#13833 = DEFINITIONAL_REPRESENTATION('',(#13834),#13838);
#13834 = LINE('',#13835,#13836);
#13835 = CARTESIAN_POINT('',(2.,5.));
#13836 = VECTOR('',#13837,1.);
#13837 = DIRECTION('',(-1.057526724829E-17,-1.));
#13838 = ( GEOMETRIC_REPRESENTATION_CONTEXT(2) 
PARAMETRIC_REPRESENTATION_CONTEXT() REPRESENTATION_CONTEXT('2D SPACE',''
  ) );
#13839 = FACE_BOUND('',#13840,.F.);
#13840 = EDGE_LOOP('',(#13841,#13871,#13899,#13927));
#13841 = ORIENTED_EDGE('',*,*,#13842,.T.);
#13842 = EDGE_CURVE('',#13843,#13845,#13847,.T.);
#13843 = VERTEX_POINT('',#13844);
#13844 = CARTESIAN_POINT('',(3.5,133.11943650403,42.663748980051));
#13845 = VERTEX_POINT('',#13846);
#13846 = CARTESIAN_POINT('',(3.5,142.88246298766,44.827845530578));
#13847 = SURFACE_CURVE('',#13848,(#13852,#13859),.PCURVE_S1.);
#13848 = LINE('',#13849,#13850);
#13849 = CARTESIAN_POINT('',(3.5,133.11943650403,42.663748980051));
#13850 = VECTOR('',#13851,1.);
#13851 = DIRECTION('',(0.,0.976302648363,0.216409655053));
#13852 = PCURVE('',#12367,#13853);
#13853 = DEFINITIONAL_REPRESENTATION('',(#13854),#13858);
#13854 = LINE('',#13855,#13856);
#13855 = CARTESIAN_POINT('',(3.5,136.35058424484));
#13856 = VECTOR('',#13857,1.);
#13857 = DIRECTION('',(0.,1.));
#13858 = ( GEOMETRIC_REPRESENTATION_CONTEXT(2) 
PARAMETRIC_REPRESENTATION_CONTEXT() REPRESENTATION_CONTEXT('2D SPACE',''
  ) );
#13859 = PCURVE('',#13860,#13865);
#13860 = PLANE('',#13861);
#13861 = AXIS2_PLACEMENT_3D('',#13862,#13863,#13864);
#13862 = CARTESIAN_POINT('',(3.5,134.85071374445,34.85332779315));
#13863 = DIRECTION('',(1.,0.,0.));
#13864 = DIRECTION('',(0.,-0.216409655053,0.976302648363));
#13865 = DEFINITIONAL_REPRESENTATION('',(#13866),#13870);
#13866 = LINE('',#13867,#13868);
#13867 = CARTESIAN_POINT('',(8.,-1.098779388877E-14));
#13868 = VECTOR('',#13869,1.);
#13869 = DIRECTION('',(-1.057526724829E-17,-1.));
#13870 = ( GEOMETRIC_REPRESENTATION_CONTEXT(2) 
PARAMETRIC_REPRESENTATION_CONTEXT() REPRESENTATION_CONTEXT('2D SPACE',''
  ) );
#13871 = ORIENTED_EDGE('',*,*,#13872,.T.);
#13872 = EDGE_CURVE('',#13845,#13873,#13875,.T.);
#13873 = VERTEX_POINT('',#13874);
#13874 = CARTESIAN_POINT('',(13.5,142.88246298766,44.827845530578));
#13875 = SURFACE_CURVE('',#13876,(#13880,#13887),.PCURVE_S1.);
#13876 = LINE('',#13877,#13878);
#13877 = CARTESIAN_POINT('',(3.5,142.88246298766,44.827845530578));
#13878 = VECTOR('',#13879,1.);
#13879 = DIRECTION('',(1.,0.,0.));
#13880 = PCURVE('',#12367,#13881);
#13881 = DEFINITIONAL_REPRESENTATION('',(#13882),#13886);
#13882 = LINE('',#13883,#13884);
#13883 = CARTESIAN_POINT('',(3.5,146.35058424484));
#13884 = VECTOR('',#13885,1.);
#13885 = DIRECTION('',(1.,0.));
#13886 = ( GEOMETRIC_REPRESENTATION_CONTEXT(2) 
PARAMETRIC_REPRESENTATION_CONTEXT() REPRESENTATION_CONTEXT('2D SPACE',''
  ) );
#13887 = PCURVE('',#13888,#13893);
#13888 = PLANE('',#13889);
#13889 = AXIS2_PLACEMENT_3D('',#13890,#13891,#13892);
#13890 = CARTESIAN_POINT('',(3.5,144.61374022808,37.017424343677));
#13891 = DIRECTION('',(0.,0.976302648363,0.216409655053));
#13892 = DIRECTION('',(0.,-0.216409655053,0.976302648363));
#13893 = DEFINITIONAL_REPRESENTATION('',(#13894),#13898);
#13894 = LINE('',#13895,#13896);
#13895 = CARTESIAN_POINT('',(8.,0.));
#13896 = VECTOR('',#13897,1.);
#13897 = DIRECTION('',(0.,1.));
#13898 = ( GEOMETRIC_REPRESENTATION_CONTEXT(2) 
PARAMETRIC_REPRESENTATION_CONTEXT() REPRESENTATION_CONTEXT('2D SPACE',''
  ) );
#13899 = ORIENTED_EDGE('',*,*,#13900,.F.);
#13900 = EDGE_CURVE('',#13901,#13873,#13903,.T.);
#13901 = VERTEX_POINT('',#13902);
#13902 = CARTESIAN_POINT('',(13.5,133.11943650403,42.663748980051));
#13903 = SURFACE_CURVE('',#13904,(#13908,#13915),.PCURVE_S1.);
#13904 = LINE('',#13905,#13906);
#13905 = CARTESIAN_POINT('',(13.5,133.11943650403,42.663748980051));
#13906 = VECTOR('',#13907,1.);
#13907 = DIRECTION('',(0.,0.976302648363,0.216409655053));
#13908 = PCURVE('',#12367,#13909);
#13909 = DEFINITIONAL_REPRESENTATION('',(#13910),#13914);
#13910 = LINE('',#13911,#13912);
#13911 = CARTESIAN_POINT('',(13.5,136.35058424484));
#13912 = VECTOR('',#13913,1.);
#13913 = DIRECTION('',(0.,1.));
#13914 = ( GEOMETRIC_REPRESENTATION_CONTEXT(2) 
PARAMETRIC_REPRESENTATION_CONTEXT() REPRESENTATION_CONTEXT('2D SPACE',''
  ) );
#13915 = PCURVE('',#13916,#13921);
#13916 = PLANE('',#13917);
#13917 = AXIS2_PLACEMENT_3D('',#13918,#13919,#13920);
#13918 = CARTESIAN_POINT('',(13.5,134.85071374445,34.85332779315));
#13919 = DIRECTION('',(1.,0.,0.));
#13920 = DIRECTION('',(0.,-0.216409655053,0.976302648363));
#13921 = DEFINITIONAL_REPRESENTATION('',(#13922),#13926);
#13922 = LINE('',#13923,#13924);
#13923 = CARTESIAN_POINT('',(8.,-1.098779388877E-14));
#13924 = VECTOR('',#13925,1.);
#13925 = DIRECTION('',(-1.057526724829E-17,-1.));
#13926 = ( GEOMETRIC_REPRESENTATION_CONTEXT(2) 
PARAMETRIC_REPRESENTATION_CONTEXT() REPRESENTATION_CONTEXT('2D SPACE',''
  ) );
#13927 = ORIENTED_EDGE('',*,*,#13928,.F.);
#13928 = EDGE_CURVE('',#13843,#13901,#13929,.T.);
#13929 = SURFACE_CURVE('',#13930,(#13934,#13941),.PCURVE_S1.);
#13930 = LINE('',#13931,#13932);
#13931 = CARTESIAN_POINT('',(3.5,133.11943650403,42.663748980051));
#13932 = VECTOR('',#13933,1.);
#13933 = DIRECTION('',(1.,0.,0.));
#13934 = PCURVE('',#12367,#13935);
#13935 = DEFINITIONAL_REPRESENTATION('',(#13936),#13940);
#13936 = LINE('',#13937,#13938);
#13937 = CARTESIAN_POINT('',(3.5,136.35058424484));
#13938 = VECTOR('',#13939,1.);
#13939 = DIRECTION('',(1.,0.));
#13940 = ( GEOMETRIC_REPRESENTATION_CONTEXT(2) 
PARAMETRIC_REPRESENTATION_CONTEXT() REPRESENTATION_CONTEXT('2D SPACE',''
  ) );
#13941 = PCURVE('',#13942,#13947);
#13942 = PLANE('',#13943);
#13943 = AXIS2_PLACEMENT_3D('',#13944,#13945,#13946);
#13944 = CARTESIAN_POINT('',(3.5,134.85071374445,34.85332779315));
#13945 = DIRECTION('',(0.,0.976302648363,0.216409655053));
#13946 = DIRECTION('',(0.,-0.216409655053,0.976302648363));
#13947 = DEFINITIONAL_REPRESENTATION('',(#13948),#13952);
#13948 = LINE('',#13949,#13950);
#13949 = CARTESIAN_POINT('',(8.,0.));
#13950 = VECTOR('',#13951,1.);
#13951 = DIRECTION('',(0.,1.));
#13952 = ( GEOMETRIC_REPRESENTATION_CONTEXT(2) 
PARAMETRIC_REPRESENTATION_CONTEXT() REPRESENTATION_CONTEXT('2D SPACE',''
  ) );
#13953 = FACE_BOUND('',#13954,.F.);
#13954 = EDGE_LOOP('',(#13955,#13990,#14018,#14051));
#13955 = ORIENTED_EDGE('',*,*,#13956,.T.);
#13956 = EDGE_CURVE('',#13957,#13959,#13961,.T.);
#13957 = VERTEX_POINT('',#13958);
#13958 = CARTESIAN_POINT('',(23.557142857143,128.4908423738,
    41.637763379395));
#13959 = VERTEX_POINT('',#13960);
#13960 = CARTESIAN_POINT('',(23.557142857143,140.20647415415,
    44.234679240027));
#13961 = SURFACE_CURVE('',#13962,(#13967,#13978),.PCURVE_S1.);
#13962 = CIRCLE('',#13963,6.);
#13963 = AXIS2_PLACEMENT_3D('',#13964,#13965,#13966);
#13964 = CARTESIAN_POINT('',(23.557142857143,134.34865826397,
    42.936221309711));
#13965 = DIRECTION('',(-0.,0.216409655053,-0.976302648363));
#13966 = DIRECTION('',(0.,-0.976302648363,-0.216409655053));
#13967 = PCURVE('',#12367,#13968);
#13968 = DEFINITIONAL_REPRESENTATION('',(#13969),#13977);
#13969 = ( BOUNDED_CURVE() B_SPLINE_CURVE(2,(#13970,#13971,#13972,#13973
    ,#13974,#13975,#13976),.UNSPECIFIED.,.T.,.F.) 
B_SPLINE_CURVE_WITH_KNOTS((1,2,2,2,2,1),(-2.094395102393,0.,
    2.094395102393,4.188790204786,6.28318530718,8.377580409573),
.UNSPECIFIED.) CURVE() GEOMETRIC_REPRESENTATION_ITEM() 
RATIONAL_B_SPLINE_CURVE((1.,0.5,1.,0.5,1.,0.5,1.)) REPRESENTATION_ITEM(
  '') );
#13970 = CARTESIAN_POINT('',(23.557142857143,131.60964234737));
#13971 = CARTESIAN_POINT('',(13.16483801173,131.60964234737));
#13972 = CARTESIAN_POINT('',(18.360990434436,140.60964234737));
#13973 = CARTESIAN_POINT('',(23.557142857143,149.60964234737));
#13974 = CARTESIAN_POINT('',(28.75329527985,140.60964234737));
#13975 = CARTESIAN_POINT('',(33.949447702556,131.60964234737));
#13976 = CARTESIAN_POINT('',(23.557142857143,131.60964234737));
#13977 = ( GEOMETRIC_REPRESENTATION_CONTEXT(2) 
PARAMETRIC_REPRESENTATION_CONTEXT() REPRESENTATION_CONTEXT('2D SPACE',''
  ) );
#13978 = PCURVE('',#13979,#13984);
#13979 = CYLINDRICAL_SURFACE('',#13980,6.);
#13980 = AXIS2_PLACEMENT_3D('',#13981,#13982,#13983);
#13981 = CARTESIAN_POINT('',(23.557142857143,134.34865826397,
    42.936221309711));
#13982 = DIRECTION('',(0.,-0.216409655053,0.976302648363));
#13983 = DIRECTION('',(0.,-0.976302648363,-0.216409655053));
#13984 = DEFINITIONAL_REPRESENTATION('',(#13985),#13989);
#13985 = LINE('',#13986,#13987);
#13986 = CARTESIAN_POINT('',(-0.,0.));
#13987 = VECTOR('',#13988,1.);
#13988 = DIRECTION('',(-1.,0.));
#13989 = ( GEOMETRIC_REPRESENTATION_CONTEXT(2) 
PARAMETRIC_REPRESENTATION_CONTEXT() REPRESENTATION_CONTEXT('2D SPACE',''
  ) );
#13990 = ORIENTED_EDGE('',*,*,#13991,.T.);
#13991 = EDGE_CURVE('',#13959,#13992,#13994,.T.);
#13992 = VERTEX_POINT('',#13993);
#13993 = CARTESIAN_POINT('',(77.557142857143,140.20647415415,
    44.234679240027));
#13994 = SURFACE_CURVE('',#13995,(#13999,#14006),.PCURVE_S1.);
#13995 = LINE('',#13996,#13997);
#13996 = CARTESIAN_POINT('',(23.557142857143,140.20647415415,
    44.234679240027));
#13997 = VECTOR('',#13998,1.);
#13998 = DIRECTION('',(1.,0.,0.));
#13999 = PCURVE('',#12367,#14000);
#14000 = DEFINITIONAL_REPRESENTATION('',(#14001),#14005);
#14001 = LINE('',#14002,#14003);
#14002 = CARTESIAN_POINT('',(23.557142857143,143.60964234737));
#14003 = VECTOR('',#14004,1.);
#14004 = DIRECTION('',(1.,0.));
#14005 = ( GEOMETRIC_REPRESENTATION_CONTEXT(2) 
PARAMETRIC_REPRESENTATION_CONTEXT() REPRESENTATION_CONTEXT('2D SPACE',''
  ) );
#14006 = PCURVE('',#14007,#14012);
#14007 = PLANE('',#14008);
#14008 = AXIS2_PLACEMENT_3D('',#14009,#14010,#14011);
#14009 = CARTESIAN_POINT('',(23.557142857143,140.20647415415,
    44.234679240027));
#14010 = DIRECTION('',(0.,-0.976302648363,-0.216409655053));
#14011 = DIRECTION('',(1.,0.,0.));
#14012 = DEFINITIONAL_REPRESENTATION('',(#14013),#14017);
#14013 = LINE('',#14014,#14015);
#14014 = CARTESIAN_POINT('',(0.,0.));
#14015 = VECTOR('',#14016,1.);
#14016 = DIRECTION('',(1.,0.));
#14017 = ( GEOMETRIC_REPRESENTATION_CONTEXT(2) 
PARAMETRIC_REPRESENTATION_CONTEXT() REPRESENTATION_CONTEXT('2D SPACE',''
  ) );
#14018 = ORIENTED_EDGE('',*,*,#14019,.T.);
#14019 = EDGE_CURVE('',#13992,#14020,#14022,.T.);
#14020 = VERTEX_POINT('',#14021);
#14021 = CARTESIAN_POINT('',(77.557142857143,128.4908423738,
    41.637763379395));
#14022 = SURFACE_CURVE('',#14023,(#14028,#14039),.PCURVE_S1.);
#14023 = CIRCLE('',#14024,6.);
#14024 = AXIS2_PLACEMENT_3D('',#14025,#14026,#14027);
#14025 = CARTESIAN_POINT('',(77.557142857143,134.34865826397,
    42.936221309711));
#14026 = DIRECTION('',(0.,0.216409655053,-0.976302648363));
#14027 = DIRECTION('',(0.,0.976302648363,0.216409655053));
#14028 = PCURVE('',#12367,#14029);
#14029 = DEFINITIONAL_REPRESENTATION('',(#14030),#14038);
#14030 = ( BOUNDED_CURVE() B_SPLINE_CURVE(2,(#14031,#14032,#14033,#14034
    ,#14035,#14036,#14037),.UNSPECIFIED.,.T.,.F.) 
B_SPLINE_CURVE_WITH_KNOTS((1,2,2,2,2,1),(-2.094395102393,0.,
    2.094395102393,4.188790204786,6.28318530718,8.377580409573),
.UNSPECIFIED.) CURVE() GEOMETRIC_REPRESENTATION_ITEM() 
RATIONAL_B_SPLINE_CURVE((1.,0.5,1.,0.5,1.,0.5,1.)) REPRESENTATION_ITEM(
  '') );
#14031 = CARTESIAN_POINT('',(77.557142857143,143.60964234737));
#14032 = CARTESIAN_POINT('',(87.949447702556,143.60964234737));
#14033 = CARTESIAN_POINT('',(82.75329527985,134.60964234737));
#14034 = CARTESIAN_POINT('',(77.557142857143,125.60964234737));
#14035 = CARTESIAN_POINT('',(72.360990434436,134.60964234737));
#14036 = CARTESIAN_POINT('',(67.16483801173,143.60964234737));
#14037 = CARTESIAN_POINT('',(77.557142857143,143.60964234737));
#14038 = ( GEOMETRIC_REPRESENTATION_CONTEXT(2) 
PARAMETRIC_REPRESENTATION_CONTEXT() REPRESENTATION_CONTEXT('2D SPACE',''
  ) );
#14039 = PCURVE('',#14040,#14045);
#14040 = CYLINDRICAL_SURFACE('',#14041,6.);
#14041 = AXIS2_PLACEMENT_3D('',#14042,#14043,#14044);
#14042 = CARTESIAN_POINT('',(77.557142857143,134.34865826397,
    42.936221309711));
#14043 = DIRECTION('',(0.,-0.216409655053,0.976302648363));
#14044 = DIRECTION('',(0.,0.976302648363,0.216409655053));
#14045 = DEFINITIONAL_REPRESENTATION('',(#14046),#14050);
#14046 = LINE('',#14047,#14048);
#14047 = CARTESIAN_POINT('',(-0.,0.));
#14048 = VECTOR('',#14049,1.);
#14049 = DIRECTION('',(-1.,0.));
#14050 = ( GEOMETRIC_REPRESENTATION_CONTEXT(2) 
PARAMETRIC_REPRESENTATION_CONTEXT() REPRESENTATION_CONTEXT('2D SPACE',''
  ) );
#14051 = ORIENTED_EDGE('',*,*,#14052,.T.);
#14052 = EDGE_CURVE('',#14020,#13957,#14053,.T.);
#14053 = SURFACE_CURVE('',#14054,(#14058,#14065),.PCURVE_S1.);
#14054 = LINE('',#14055,#14056);
#14055 = CARTESIAN_POINT('',(77.557142857143,128.4908423738,
    41.637763379395));
#14056 = VECTOR('',#14057,1.);
#14057 = DIRECTION('',(-1.,0.,0.));
#14058 = PCURVE('',#12367,#14059);
#14059 = DEFINITIONAL_REPRESENTATION('',(#14060),#14064);
#14060 = LINE('',#14061,#14062);
#14061 = CARTESIAN_POINT('',(77.557142857143,131.60964234737));
#14062 = VECTOR('',#14063,1.);
#14063 = DIRECTION('',(-1.,0.));
#14064 = ( GEOMETRIC_REPRESENTATION_CONTEXT(2) 
PARAMETRIC_REPRESENTATION_CONTEXT() REPRESENTATION_CONTEXT('2D SPACE',''
  ) );
#14065 = PCURVE('',#14066,#14071);
#14066 = PLANE('',#14067);
#14067 = AXIS2_PLACEMENT_3D('',#14068,#14069,#14070);
#14068 = CARTESIAN_POINT('',(77.557142857143,128.4908423738,
    41.637763379395));
#14069 = DIRECTION('',(0.,0.976302648363,0.216409655053));
#14070 = DIRECTION('',(-1.,0.,0.));
#14071 = DEFINITIONAL_REPRESENTATION('',(#14072),#14076);
#14072 = LINE('',#14073,#14074);
#14073 = CARTESIAN_POINT('',(0.,0.));
#14074 = VECTOR('',#14075,1.);
#14075 = DIRECTION('',(1.,0.));
#14076 = ( GEOMETRIC_REPRESENTATION_CONTEXT(2) 
PARAMETRIC_REPRESENTATION_CONTEXT() REPRESENTATION_CONTEXT('2D SPACE',''
  ) );
#14077 = FACE_BOUND('',#14078,.F.);
#14078 = EDGE_LOOP('',(#14079,#14109,#14137,#14165));
#14079 = ORIENTED_EDGE('',*,*,#14080,.T.);
#14080 = EDGE_CURVE('',#14081,#14083,#14085,.T.);
#14081 = VERTEX_POINT('',#14082);
#14082 = CARTESIAN_POINT('',(60.,141.29279195767,44.475475125946));
#14083 = VERTEX_POINT('',#14084);
#14084 = CARTESIAN_POINT('',(60.,151.0558184413,46.639571676473));
#14085 = SURFACE_CURVE('',#14086,(#14090,#14097),.PCURVE_S1.);
#14086 = LINE('',#14087,#14088);
#14087 = CARTESIAN_POINT('',(60.,141.29279195767,44.475475125946));
#14088 = VECTOR('',#14089,1.);
#14089 = DIRECTION('',(0.,0.976302648363,0.216409655053));
#14090 = PCURVE('',#12367,#14091);
#14091 = DEFINITIONAL_REPRESENTATION('',(#14092),#14096);
#14092 = LINE('',#14093,#14094);
#14093 = CARTESIAN_POINT('',(60.,144.72232785052));
#14094 = VECTOR('',#14095,1.);
#14095 = DIRECTION('',(0.,1.));
#14096 = ( GEOMETRIC_REPRESENTATION_CONTEXT(2) 
PARAMETRIC_REPRESENTATION_CONTEXT() REPRESENTATION_CONTEXT('2D SPACE',''
  ) );
#14097 = PCURVE('',#14098,#14103);
#14098 = PLANE('',#14099);
#14099 = AXIS2_PLACEMENT_3D('',#14100,#14101,#14102);
#14100 = CARTESIAN_POINT('',(60.,142.37484023294,39.593961884133));
#14101 = DIRECTION('',(1.,0.,0.));
#14102 = DIRECTION('',(0.,-0.216409655053,0.976302648363));
#14103 = DEFINITIONAL_REPRESENTATION('',(#14104),#14108);
#14104 = LINE('',#14105,#14106);
#14105 = CARTESIAN_POINT('',(5.,-3.013503457664E-15));
#14106 = VECTOR('',#14107,1.);
#14107 = DIRECTION('',(-1.057526724829E-17,-1.));
#14108 = ( GEOMETRIC_REPRESENTATION_CONTEXT(2) 
PARAMETRIC_REPRESENTATION_CONTEXT() REPRESENTATION_CONTEXT('2D SPACE',''
  ) );
#14109 = ORIENTED_EDGE('',*,*,#14110,.T.);
#14110 = EDGE_CURVE('',#14083,#14111,#14113,.T.);
#14111 = VERTEX_POINT('',#14112);
#14112 = CARTESIAN_POINT('',(70.,151.0558184413,46.639571676473));
#14113 = SURFACE_CURVE('',#14114,(#14118,#14125),.PCURVE_S1.);
#14114 = LINE('',#14115,#14116);
#14115 = CARTESIAN_POINT('',(60.,151.0558184413,46.639571676473));
#14116 = VECTOR('',#14117,1.);
#14117 = DIRECTION('',(1.,0.,0.));
#14118 = PCURVE('',#12367,#14119);
#14119 = DEFINITIONAL_REPRESENTATION('',(#14120),#14124);
#14120 = LINE('',#14121,#14122);
#14121 = CARTESIAN_POINT('',(60.,154.72232785052));
#14122 = VECTOR('',#14123,1.);
#14123 = DIRECTION('',(1.,0.));
#14124 = ( GEOMETRIC_REPRESENTATION_CONTEXT(2) 
PARAMETRIC_REPRESENTATION_CONTEXT() REPRESENTATION_CONTEXT('2D SPACE',''
  ) );
#14125 = PCURVE('',#14126,#14131);
#14126 = PLANE('',#14127);
#14127 = AXIS2_PLACEMENT_3D('',#14128,#14129,#14130);
#14128 = CARTESIAN_POINT('',(60.,152.13786671656,41.75805843466));
#14129 = DIRECTION('',(0.,0.976302648363,0.216409655053));
#14130 = DIRECTION('',(0.,-0.216409655053,0.976302648363));
#14131 = DEFINITIONAL_REPRESENTATION('',(#14132),#14136);
#14132 = LINE('',#14133,#14134);
#14133 = CARTESIAN_POINT('',(5.,0.));
#14134 = VECTOR('',#14135,1.);
#14135 = DIRECTION('',(0.,1.));
#14136 = ( GEOMETRIC_REPRESENTATION_CONTEXT(2) 
PARAMETRIC_REPRESENTATION_CONTEXT() REPRESENTATION_CONTEXT('2D SPACE',''
  ) );
#14137 = ORIENTED_EDGE('',*,*,#14138,.F.);
#14138 = EDGE_CURVE('',#14139,#14111,#14141,.T.);
#14139 = VERTEX_POINT('',#14140);
#14140 = CARTESIAN_POINT('',(70.,141.29279195767,44.475475125946));
#14141 = SURFACE_CURVE('',#14142,(#14146,#14153),.PCURVE_S1.);
#14142 = LINE('',#14143,#14144);
#14143 = CARTESIAN_POINT('',(70.,141.29279195767,44.475475125946));
#14144 = VECTOR('',#14145,1.);
#14145 = DIRECTION('',(0.,0.976302648363,0.216409655053));
#14146 = PCURVE('',#12367,#14147);
#14147 = DEFINITIONAL_REPRESENTATION('',(#14148),#14152);
#14148 = LINE('',#14149,#14150);
#14149 = CARTESIAN_POINT('',(70.,144.72232785052));
#14150 = VECTOR('',#14151,1.);
#14151 = DIRECTION('',(0.,1.));
#14152 = ( GEOMETRIC_REPRESENTATION_CONTEXT(2) 
PARAMETRIC_REPRESENTATION_CONTEXT() REPRESENTATION_CONTEXT('2D SPACE',''
  ) );
#14153 = PCURVE('',#14154,#14159);
#14154 = PLANE('',#14155);
#14155 = AXIS2_PLACEMENT_3D('',#14156,#14157,#14158);
#14156 = CARTESIAN_POINT('',(70.,142.37484023294,39.593961884133));
#14157 = DIRECTION('',(1.,0.,0.));
#14158 = DIRECTION('',(0.,-0.216409655053,0.976302648363));
#14159 = DEFINITIONAL_REPRESENTATION('',(#14160),#14164);
#14160 = LINE('',#14161,#14162);
#14161 = CARTESIAN_POINT('',(5.,-3.013503457664E-15));
#14162 = VECTOR('',#14163,1.);
#14163 = DIRECTION('',(-1.057526724829E-17,-1.));
#14164 = ( GEOMETRIC_REPRESENTATION_CONTEXT(2) 
PARAMETRIC_REPRESENTATION_CONTEXT() REPRESENTATION_CONTEXT('2D SPACE',''
  ) );
#14165 = ORIENTED_EDGE('',*,*,#14166,.F.);
#14166 = EDGE_CURVE('',#14081,#14139,#14167,.T.);
#14167 = SURFACE_CURVE('',#14168,(#14172,#14179),.PCURVE_S1.);
#14168 = LINE('',#14169,#14170);
#14169 = CARTESIAN_POINT('',(60.,141.29279195767,44.475475125946));
#14170 = VECTOR('',#14171,1.);
#14171 = DIRECTION('',(1.,0.,0.));
#14172 = PCURVE('',#12367,#14173);
#14173 = DEFINITIONAL_REPRESENTATION('',(#14174),#14178);
#14174 = LINE('',#14175,#14176);
#14175 = CARTESIAN_POINT('',(60.,144.72232785052));
#14176 = VECTOR('',#14177,1.);
#14177 = DIRECTION('',(1.,0.));
#14178 = ( GEOMETRIC_REPRESENTATION_CONTEXT(2) 
PARAMETRIC_REPRESENTATION_CONTEXT() REPRESENTATION_CONTEXT('2D SPACE',''
  ) );
#14179 = PCURVE('',#14180,#14185);
#14180 = PLANE('',#14181);
#14181 = AXIS2_PLACEMENT_3D('',#14182,#14183,#14184);
#14182 = CARTESIAN_POINT('',(60.,142.37484023294,39.593961884133));
#14183 = DIRECTION('',(0.,0.976302648363,0.216409655053));
#14184 = DIRECTION('',(0.,-0.216409655053,0.976302648363));
#14185 = DEFINITIONAL_REPRESENTATION('',(#14186),#14190);
#14186 = LINE('',#14187,#14188);
#14187 = CARTESIAN_POINT('',(5.,0.));
#14188 = VECTOR('',#14189,1.);
#14189 = DIRECTION('',(0.,1.));
#14190 = ( GEOMETRIC_REPRESENTATION_CONTEXT(2) 
PARAMETRIC_REPRESENTATION_CONTEXT() REPRESENTATION_CONTEXT('2D SPACE',''
  ) );
#14191 = FACE_BOUND('',#14192,.F.);
#14192 = EDGE_LOOP('',(#14193,#14228,#14256,#14289));
#14193 = ORIENTED_EDGE('',*,*,#14194,.T.);
#14194 = EDGE_CURVE('',#14195,#14197,#14199,.T.);
#14195 = VERTEX_POINT('',#14196);
#14196 = CARTESIAN_POINT('',(124.7,128.4908423738,41.637763379395));
#14197 = VERTEX_POINT('',#14198);
#14198 = CARTESIAN_POINT('',(124.7,140.20647415415,44.234679240027));
#14199 = SURFACE_CURVE('',#14200,(#14205,#14216),.PCURVE_S1.);
#14200 = CIRCLE('',#14201,6.);
#14201 = AXIS2_PLACEMENT_3D('',#14202,#14203,#14204);
#14202 = CARTESIAN_POINT('',(124.7,134.34865826397,42.936221309711));
#14203 = DIRECTION('',(-0.,0.216409655053,-0.976302648363));
#14204 = DIRECTION('',(0.,-0.976302648363,-0.216409655053));
#14205 = PCURVE('',#12367,#14206);
#14206 = DEFINITIONAL_REPRESENTATION('',(#14207),#14215);
#14207 = ( BOUNDED_CURVE() B_SPLINE_CURVE(2,(#14208,#14209,#14210,#14211
    ,#14212,#14213,#14214),.UNSPECIFIED.,.T.,.F.) 
B_SPLINE_CURVE_WITH_KNOTS((1,2,2,2,2,1),(-2.094395102393,0.,
    2.094395102393,4.188790204786,6.28318530718,8.377580409573),
.UNSPECIFIED.) CURVE() GEOMETRIC_REPRESENTATION_ITEM() 
RATIONAL_B_SPLINE_CURVE((1.,0.5,1.,0.5,1.,0.5,1.)) REPRESENTATION_ITEM(
  '') );
#14208 = CARTESIAN_POINT('',(124.7,131.60964234737));
#14209 = CARTESIAN_POINT('',(114.30769515458,131.60964234737));
#14210 = CARTESIAN_POINT('',(119.50384757729,140.60964234737));
#14211 = CARTESIAN_POINT('',(124.7,149.60964234737));
#14212 = CARTESIAN_POINT('',(129.8961524227,140.60964234737));
#14213 = CARTESIAN_POINT('',(135.09230484541,131.60964234737));
#14214 = CARTESIAN_POINT('',(124.7,131.60964234737));
#14215 = ( GEOMETRIC_REPRESENTATION_CONTEXT(2) 
PARAMETRIC_REPRESENTATION_CONTEXT() REPRESENTATION_CONTEXT('2D SPACE',''
  ) );
#14216 = PCURVE('',#14217,#14222);
#14217 = CYLINDRICAL_SURFACE('',#14218,6.);
#14218 = AXIS2_PLACEMENT_3D('',#14219,#14220,#14221);
#14219 = CARTESIAN_POINT('',(124.7,134.34865826397,42.936221309711));
#14220 = DIRECTION('',(0.,-0.216409655053,0.976302648363));
#14221 = DIRECTION('',(0.,-0.976302648363,-0.216409655053));
#14222 = DEFINITIONAL_REPRESENTATION('',(#14223),#14227);
#14223 = LINE('',#14224,#14225);
#14224 = CARTESIAN_POINT('',(-0.,0.));
#14225 = VECTOR('',#14226,1.);
#14226 = DIRECTION('',(-1.,0.));
#14227 = ( GEOMETRIC_REPRESENTATION_CONTEXT(2) 
PARAMETRIC_REPRESENTATION_CONTEXT() REPRESENTATION_CONTEXT('2D SPACE',''
  ) );
#14228 = ORIENTED_EDGE('',*,*,#14229,.T.);
#14229 = EDGE_CURVE('',#14197,#14230,#14232,.T.);
#14230 = VERTEX_POINT('',#14231);
#14231 = CARTESIAN_POINT('',(178.7,140.20647415415,44.234679240027));
#14232 = SURFACE_CURVE('',#14233,(#14237,#14244),.PCURVE_S1.);
#14233 = LINE('',#14234,#14235);
#14234 = CARTESIAN_POINT('',(124.7,140.20647415415,44.234679240027));
#14235 = VECTOR('',#14236,1.);
#14236 = DIRECTION('',(1.,0.,0.));
#14237 = PCURVE('',#12367,#14238);
#14238 = DEFINITIONAL_REPRESENTATION('',(#14239),#14243);
#14239 = LINE('',#14240,#14241);
#14240 = CARTESIAN_POINT('',(124.7,143.60964234737));
#14241 = VECTOR('',#14242,1.);
#14242 = DIRECTION('',(1.,0.));
#14243 = ( GEOMETRIC_REPRESENTATION_CONTEXT(2) 
PARAMETRIC_REPRESENTATION_CONTEXT() REPRESENTATION_CONTEXT('2D SPACE',''
  ) );
#14244 = PCURVE('',#14245,#14250);
#14245 = PLANE('',#14246);
#14246 = AXIS2_PLACEMENT_3D('',#14247,#14248,#14249);
#14247 = CARTESIAN_POINT('',(124.7,140.20647415415,44.234679240027));
#14248 = DIRECTION('',(0.,-0.976302648363,-0.216409655053));
#14249 = DIRECTION('',(1.,0.,0.));
#14250 = DEFINITIONAL_REPRESENTATION('',(#14251),#14255);
#14251 = LINE('',#14252,#14253);
#14252 = CARTESIAN_POINT('',(0.,0.));
#14253 = VECTOR('',#14254,1.);
#14254 = DIRECTION('',(1.,0.));
#14255 = ( GEOMETRIC_REPRESENTATION_CONTEXT(2) 
PARAMETRIC_REPRESENTATION_CONTEXT() REPRESENTATION_CONTEXT('2D SPACE',''
  ) );
#14256 = ORIENTED_EDGE('',*,*,#14257,.T.);
#14257 = EDGE_CURVE('',#14230,#14258,#14260,.T.);
#14258 = VERTEX_POINT('',#14259);
#14259 = CARTESIAN_POINT('',(178.7,128.4908423738,41.637763379395));
#14260 = SURFACE_CURVE('',#14261,(#14266,#14277),.PCURVE_S1.);
#14261 = CIRCLE('',#14262,6.);
#14262 = AXIS2_PLACEMENT_3D('',#14263,#14264,#14265);
#14263 = CARTESIAN_POINT('',(178.7,134.34865826397,42.936221309711));
#14264 = DIRECTION('',(0.,0.216409655053,-0.976302648363));
#14265 = DIRECTION('',(0.,0.976302648363,0.216409655053));
#14266 = PCURVE('',#12367,#14267);
#14267 = DEFINITIONAL_REPRESENTATION('',(#14268),#14276);
#14268 = ( BOUNDED_CURVE() B_SPLINE_CURVE(2,(#14269,#14270,#14271,#14272
    ,#14273,#14274,#14275),.UNSPECIFIED.,.T.,.F.) 
B_SPLINE_CURVE_WITH_KNOTS((1,2,2,2,2,1),(-2.094395102393,0.,
    2.094395102393,4.188790204786,6.28318530718,8.377580409573),
.UNSPECIFIED.) CURVE() GEOMETRIC_REPRESENTATION_ITEM() 
RATIONAL_B_SPLINE_CURVE((1.,0.5,1.,0.5,1.,0.5,1.)) REPRESENTATION_ITEM(
  '') );
#14269 = CARTESIAN_POINT('',(178.7,143.60964234737));
#14270 = CARTESIAN_POINT('',(189.09230484541,143.60964234737));
#14271 = CARTESIAN_POINT('',(183.8961524227,134.60964234737));
#14272 = CARTESIAN_POINT('',(178.7,125.60964234737));
#14273 = CARTESIAN_POINT('',(173.50384757729,134.60964234737));
#14274 = CARTESIAN_POINT('',(168.30769515458,143.60964234737));
#14275 = CARTESIAN_POINT('',(178.7,143.60964234737));
#14276 = ( GEOMETRIC_REPRESENTATION_CONTEXT(2) 
PARAMETRIC_REPRESENTATION_CONTEXT() REPRESENTATION_CONTEXT('2D SPACE',''
  ) );
#14277 = PCURVE('',#14278,#14283);
#14278 = CYLINDRICAL_SURFACE('',#14279,6.);
#14279 = AXIS2_PLACEMENT_3D('',#14280,#14281,#14282);
#14280 = CARTESIAN_POINT('',(178.7,134.34865826397,42.936221309711));
#14281 = DIRECTION('',(0.,-0.216409655053,0.976302648363));
#14282 = DIRECTION('',(0.,0.976302648363,0.216409655053));
#14283 = DEFINITIONAL_REPRESENTATION('',(#14284),#14288);
#14284 = LINE('',#14285,#14286);
#14285 = CARTESIAN_POINT('',(-0.,0.));
#14286 = VECTOR('',#14287,1.);
#14287 = DIRECTION('',(-1.,0.));
#14288 = ( GEOMETRIC_REPRESENTATION_CONTEXT(2) 
PARAMETRIC_REPRESENTATION_CONTEXT() REPRESENTATION_CONTEXT('2D SPACE',''
  ) );
#14289 = ORIENTED_EDGE('',*,*,#14290,.T.);
#14290 = EDGE_CURVE('',#14258,#14195,#14291,.T.);
#14291 = SURFACE_CURVE('',#14292,(#14296,#14303),.PCURVE_S1.);
#14292 = LINE('',#14293,#14294);
#14293 = CARTESIAN_POINT('',(178.7,128.4908423738,41.637763379395));
#14294 = VECTOR('',#14295,1.);
#14295 = DIRECTION('',(-1.,0.,0.));
#14296 = PCURVE('',#12367,#14297);
#14297 = DEFINITIONAL_REPRESENTATION('',(#14298),#14302);
#14298 = LINE('',#14299,#14300);
#14299 = CARTESIAN_POINT('',(178.7,131.60964234737));
#14300 = VECTOR('',#14301,1.);
#14301 = DIRECTION('',(-1.,0.));
#14302 = ( GEOMETRIC_REPRESENTATION_CONTEXT(2) 
PARAMETRIC_REPRESENTATION_CONTEXT() REPRESENTATION_CONTEXT('2D SPACE',''
  ) );
#14303 = PCURVE('',#14304,#14309);
#14304 = PLANE('',#14305);
#14305 = AXIS2_PLACEMENT_3D('',#14306,#14307,#14308);
#14306 = CARTESIAN_POINT('',(178.7,128.4908423738,41.637763379395));
#14307 = DIRECTION('',(0.,0.976302648363,0.216409655053));
#14308 = DIRECTION('',(-1.,0.,0.));
#14309 = DEFINITIONAL_REPRESENTATION('',(#14310),#14314);
#14310 = LINE('',#14311,#14312);
#14311 = CARTESIAN_POINT('',(0.,0.));
#14312 = VECTOR('',#14313,1.);
#14313 = DIRECTION('',(1.,0.));
#14314 = ( GEOMETRIC_REPRESENTATION_CONTEXT(2) 
PARAMETRIC_REPRESENTATION_CONTEXT() REPRESENTATION_CONTEXT('2D SPACE',''
  ) );
#14315 = FACE_BOUND('',#14316,.F.);
#14316 = EDGE_LOOP('',(#14317,#14347,#14375,#14403));
#14317 = ORIENTED_EDGE('',*,*,#14318,.T.);
#14318 = EDGE_CURVE('',#14319,#14321,#14323,.T.);
#14319 = VERTEX_POINT('',#14320);
#14320 = CARTESIAN_POINT('',(185.4,133.11943650403,42.663748980051));
#14321 = VERTEX_POINT('',#14322);
#14322 = CARTESIAN_POINT('',(185.4,142.88246298766,44.827845530578));
#14323 = SURFACE_CURVE('',#14324,(#14328,#14335),.PCURVE_S1.);
#14324 = LINE('',#14325,#14326);
#14325 = CARTESIAN_POINT('',(185.4,133.11943650403,42.663748980051));
#14326 = VECTOR('',#14327,1.);
#14327 = DIRECTION('',(0.,0.976302648363,0.216409655053));
#14328 = PCURVE('',#12367,#14329);
#14329 = DEFINITIONAL_REPRESENTATION('',(#14330),#14334);
#14330 = LINE('',#14331,#14332);
#14331 = CARTESIAN_POINT('',(185.4,136.35058424484));
#14332 = VECTOR('',#14333,1.);
#14333 = DIRECTION('',(0.,1.));
#14334 = ( GEOMETRIC_REPRESENTATION_CONTEXT(2) 
PARAMETRIC_REPRESENTATION_CONTEXT() REPRESENTATION_CONTEXT('2D SPACE',''
  ) );
#14335 = PCURVE('',#14336,#14341);
#14336 = PLANE('',#14337);
#14337 = AXIS2_PLACEMENT_3D('',#14338,#14339,#14340);
#14338 = CARTESIAN_POINT('',(185.4,134.85071374445,34.85332779315));
#14339 = DIRECTION('',(1.,0.,0.));
#14340 = DIRECTION('',(0.,-0.216409655053,0.976302648363));
#14341 = DEFINITIONAL_REPRESENTATION('',(#14342),#14346);
#14342 = LINE('',#14343,#14344);
#14343 = CARTESIAN_POINT('',(8.,-1.098779388877E-14));
#14344 = VECTOR('',#14345,1.);
#14345 = DIRECTION('',(-1.057526724829E-17,-1.));
#14346 = ( GEOMETRIC_REPRESENTATION_CONTEXT(2) 
PARAMETRIC_REPRESENTATION_CONTEXT() REPRESENTATION_CONTEXT('2D SPACE',''
  ) );
#14347 = ORIENTED_EDGE('',*,*,#14348,.T.);
#14348 = EDGE_CURVE('',#14321,#14349,#14351,.T.);
#14349 = VERTEX_POINT('',#14350);
#14350 = CARTESIAN_POINT('',(195.4,142.88246298766,44.827845530578));
#14351 = SURFACE_CURVE('',#14352,(#14356,#14363),.PCURVE_S1.);
#14352 = LINE('',#14353,#14354);
#14353 = CARTESIAN_POINT('',(185.4,142.88246298766,44.827845530578));
#14354 = VECTOR('',#14355,1.);
#14355 = DIRECTION('',(1.,0.,0.));
#14356 = PCURVE('',#12367,#14357);
#14357 = DEFINITIONAL_REPRESENTATION('',(#14358),#14362);
#14358 = LINE('',#14359,#14360);
#14359 = CARTESIAN_POINT('',(185.4,146.35058424484));
#14360 = VECTOR('',#14361,1.);
#14361 = DIRECTION('',(1.,0.));
#14362 = ( GEOMETRIC_REPRESENTATION_CONTEXT(2) 
PARAMETRIC_REPRESENTATION_CONTEXT() REPRESENTATION_CONTEXT('2D SPACE',''
  ) );
#14363 = PCURVE('',#14364,#14369);
#14364 = PLANE('',#14365);
#14365 = AXIS2_PLACEMENT_3D('',#14366,#14367,#14368);
#14366 = CARTESIAN_POINT('',(185.4,144.61374022808,37.017424343677));
#14367 = DIRECTION('',(0.,0.976302648363,0.216409655053));
#14368 = DIRECTION('',(0.,-0.216409655053,0.976302648363));
#14369 = DEFINITIONAL_REPRESENTATION('',(#14370),#14374);
#14370 = LINE('',#14371,#14372);
#14371 = CARTESIAN_POINT('',(8.,0.));
#14372 = VECTOR('',#14373,1.);
#14373 = DIRECTION('',(0.,1.));
#14374 = ( GEOMETRIC_REPRESENTATION_CONTEXT(2) 
PARAMETRIC_REPRESENTATION_CONTEXT() REPRESENTATION_CONTEXT('2D SPACE',''
  ) );
#14375 = ORIENTED_EDGE('',*,*,#14376,.F.);
#14376 = EDGE_CURVE('',#14377,#14349,#14379,.T.);
#14377 = VERTEX_POINT('',#14378);
#14378 = CARTESIAN_POINT('',(195.4,133.11943650403,42.663748980051));
#14379 = SURFACE_CURVE('',#14380,(#14384,#14391),.PCURVE_S1.);
#14380 = LINE('',#14381,#14382);
#14381 = CARTESIAN_POINT('',(195.4,133.11943650403,42.663748980051));
#14382 = VECTOR('',#14383,1.);
#14383 = DIRECTION('',(0.,0.976302648363,0.216409655053));
#14384 = PCURVE('',#12367,#14385);
#14385 = DEFINITIONAL_REPRESENTATION('',(#14386),#14390);
#14386 = LINE('',#14387,#14388);
#14387 = CARTESIAN_POINT('',(195.4,136.35058424484));
#14388 = VECTOR('',#14389,1.);
#14389 = DIRECTION('',(0.,1.));
#14390 = ( GEOMETRIC_REPRESENTATION_CONTEXT(2) 
PARAMETRIC_REPRESENTATION_CONTEXT() REPRESENTATION_CONTEXT('2D SPACE',''
  ) );
#14391 = PCURVE('',#14392,#14397);
#14392 = PLANE('',#14393);
#14393 = AXIS2_PLACEMENT_3D('',#14394,#14395,#14396);
#14394 = CARTESIAN_POINT('',(195.4,134.85071374445,34.85332779315));
#14395 = DIRECTION('',(1.,0.,0.));
#14396 = DIRECTION('',(0.,-0.216409655053,0.976302648363));
#14397 = DEFINITIONAL_REPRESENTATION('',(#14398),#14402);
#14398 = LINE('',#14399,#14400);
#14399 = CARTESIAN_POINT('',(8.,-1.098779388877E-14));
#14400 = VECTOR('',#14401,1.);
#14401 = DIRECTION('',(-1.057526724829E-17,-1.));
#14402 = ( GEOMETRIC_REPRESENTATION_CONTEXT(2) 
PARAMETRIC_REPRESENTATION_CONTEXT() REPRESENTATION_CONTEXT('2D SPACE',''
  ) );
#14403 = ORIENTED_EDGE('',*,*,#14404,.F.);
#14404 = EDGE_CURVE('',#14319,#14377,#14405,.T.);
#14405 = SURFACE_CURVE('',#14406,(#14410,#14417),.PCURVE_S1.);
#14406 = LINE('',#14407,#14408);
#14407 = CARTESIAN_POINT('',(185.4,133.11943650403,42.663748980051));
#14408 = VECTOR('',#14409,1.);
#14409 = DIRECTION('',(1.,0.,0.));
#14410 = PCURVE('',#12367,#14411);
#14411 = DEFINITIONAL_REPRESENTATION('',(#14412),#14416);
#14412 = LINE('',#14413,#14414);
#14413 = CARTESIAN_POINT('',(185.4,136.35058424484));
#14414 = VECTOR('',#14415,1.);
#14415 = DIRECTION('',(1.,0.));
#14416 = ( GEOMETRIC_REPRESENTATION_CONTEXT(2) 
PARAMETRIC_REPRESENTATION_CONTEXT() REPRESENTATION_CONTEXT('2D SPACE',''
  ) );
#14417 = PCURVE('',#14418,#14423);
#14418 = PLANE('',#14419);
#14419 = AXIS2_PLACEMENT_3D('',#14420,#14421,#14422);
#14420 = CARTESIAN_POINT('',(185.4,134.85071374445,34.85332779315));
#14421 = DIRECTION('',(0.,0.976302648363,0.216409655053));
#14422 = DIRECTION('',(0.,-0.216409655053,0.976302648363));
#14423 = DEFINITIONAL_REPRESENTATION('',(#14424),#14428);
#14424 = LINE('',#14425,#14426);
#14425 = CARTESIAN_POINT('',(8.,0.));
#14426 = VECTOR('',#14427,1.);
#14427 = DIRECTION('',(0.,1.));
#14428 = ( GEOMETRIC_REPRESENTATION_CONTEXT(2) 
PARAMETRIC_REPRESENTATION_CONTEXT() REPRESENTATION_CONTEXT('2D SPACE',''
  ) );
#14429 = FACE_BOUND('',#14430,.F.);
#14430 = EDGE_LOOP('',(#14431,#14461,#14489,#14517));
#14431 = ORIENTED_EDGE('',*,*,#14432,.T.);
#14432 = EDGE_CURVE('',#14433,#14435,#14437,.T.);
#14433 = VERTEX_POINT('',#14434);
#14434 = CARTESIAN_POINT('',(168.,141.29279195767,44.475475125946));
#14435 = VERTEX_POINT('',#14436);
#14436 = CARTESIAN_POINT('',(168.,151.0558184413,46.639571676473));
#14437 = SURFACE_CURVE('',#14438,(#14442,#14449),.PCURVE_S1.);
#14438 = LINE('',#14439,#14440);
#14439 = CARTESIAN_POINT('',(168.,141.29279195767,44.475475125946));
#14440 = VECTOR('',#14441,1.);
#14441 = DIRECTION('',(0.,0.976302648363,0.216409655053));
#14442 = PCURVE('',#12367,#14443);
#14443 = DEFINITIONAL_REPRESENTATION('',(#14444),#14448);
#14444 = LINE('',#14445,#14446);
#14445 = CARTESIAN_POINT('',(168.,144.72232785052));
#14446 = VECTOR('',#14447,1.);
#14447 = DIRECTION('',(0.,1.));
#14448 = ( GEOMETRIC_REPRESENTATION_CONTEXT(2) 
PARAMETRIC_REPRESENTATION_CONTEXT() REPRESENTATION_CONTEXT('2D SPACE',''
  ) );
#14449 = PCURVE('',#14450,#14455);
#14450 = PLANE('',#14451);
#14451 = AXIS2_PLACEMENT_3D('',#14452,#14453,#14454);
#14452 = CARTESIAN_POINT('',(168.,142.37484023294,39.593961884133));
#14453 = DIRECTION('',(1.,0.,0.));
#14454 = DIRECTION('',(0.,-0.216409655053,0.976302648363));
#14455 = DEFINITIONAL_REPRESENTATION('',(#14456),#14460);
#14456 = LINE('',#14457,#14458);
#14457 = CARTESIAN_POINT('',(5.,-3.013503457664E-15));
#14458 = VECTOR('',#14459,1.);
#14459 = DIRECTION('',(-1.057526724829E-17,-1.));
#14460 = ( GEOMETRIC_REPRESENTATION_CONTEXT(2) 
PARAMETRIC_REPRESENTATION_CONTEXT() REPRESENTATION_CONTEXT('2D SPACE',''
  ) );
#14461 = ORIENTED_EDGE('',*,*,#14462,.T.);
#14462 = EDGE_CURVE('',#14435,#14463,#14465,.T.);
#14463 = VERTEX_POINT('',#14464);
#14464 = CARTESIAN_POINT('',(178.,151.0558184413,46.639571676473));
#14465 = SURFACE_CURVE('',#14466,(#14470,#14477),.PCURVE_S1.);
#14466 = LINE('',#14467,#14468);
#14467 = CARTESIAN_POINT('',(168.,151.0558184413,46.639571676473));
#14468 = VECTOR('',#14469,1.);
#14469 = DIRECTION('',(1.,0.,0.));
#14470 = PCURVE('',#12367,#14471);
#14471 = DEFINITIONAL_REPRESENTATION('',(#14472),#14476);
#14472 = LINE('',#14473,#14474);
#14473 = CARTESIAN_POINT('',(168.,154.72232785052));
#14474 = VECTOR('',#14475,1.);
#14475 = DIRECTION('',(1.,0.));
#14476 = ( GEOMETRIC_REPRESENTATION_CONTEXT(2) 
PARAMETRIC_REPRESENTATION_CONTEXT() REPRESENTATION_CONTEXT('2D SPACE',''
  ) );
#14477 = PCURVE('',#14478,#14483);
#14478 = PLANE('',#14479);
#14479 = AXIS2_PLACEMENT_3D('',#14480,#14481,#14482);
#14480 = CARTESIAN_POINT('',(168.,152.13786671656,41.75805843466));
#14481 = DIRECTION('',(0.,0.976302648363,0.216409655053));
#14482 = DIRECTION('',(0.,-0.216409655053,0.976302648363));
#14483 = DEFINITIONAL_REPRESENTATION('',(#14484),#14488);
#14484 = LINE('',#14485,#14486);
#14485 = CARTESIAN_POINT('',(5.,0.));
#14486 = VECTOR('',#14487,1.);
#14487 = DIRECTION('',(0.,1.));
#14488 = ( GEOMETRIC_REPRESENTATION_CONTEXT(2) 
PARAMETRIC_REPRESENTATION_CONTEXT() REPRESENTATION_CONTEXT('2D SPACE',''
  ) );
#14489 = ORIENTED_EDGE('',*,*,#14490,.F.);
#14490 = EDGE_CURVE('',#14491,#14463,#14493,.T.);
#14491 = VERTEX_POINT('',#14492);
#14492 = CARTESIAN_POINT('',(178.,141.29279195767,44.475475125946));
#14493 = SURFACE_CURVE('',#14494,(#14498,#14505),.PCURVE_S1.);
#14494 = LINE('',#14495,#14496);
#14495 = CARTESIAN_POINT('',(178.,141.29279195767,44.475475125946));
#14496 = VECTOR('',#14497,1.);
#14497 = DIRECTION('',(0.,0.976302648363,0.216409655053));
#14498 = PCURVE('',#12367,#14499);
#14499 = DEFINITIONAL_REPRESENTATION('',(#14500),#14504);
#14500 = LINE('',#14501,#14502);
#14501 = CARTESIAN_POINT('',(178.,144.72232785052));
#14502 = VECTOR('',#14503,1.);
#14503 = DIRECTION('',(0.,1.));
#14504 = ( GEOMETRIC_REPRESENTATION_CONTEXT(2) 
PARAMETRIC_REPRESENTATION_CONTEXT() REPRESENTATION_CONTEXT('2D SPACE',''
  ) );
#14505 = PCURVE('',#14506,#14511);
#14506 = PLANE('',#14507);
#14507 = AXIS2_PLACEMENT_3D('',#14508,#14509,#14510);
#14508 = CARTESIAN_POINT('',(178.,142.37484023294,39.593961884133));
#14509 = DIRECTION('',(1.,0.,0.));
#14510 = DIRECTION('',(0.,-0.216409655053,0.976302648363));
#14511 = DEFINITIONAL_REPRESENTATION('',(#14512),#14516);
#14512 = LINE('',#14513,#14514);
#14513 = CARTESIAN_POINT('',(5.,-3.013503457664E-15));
#14514 = VECTOR('',#14515,1.);
#14515 = DIRECTION('',(-1.057526724829E-17,-1.));
#14516 = ( GEOMETRIC_REPRESENTATION_CONTEXT(2) 
PARAMETRIC_REPRESENTATION_CONTEXT() REPRESENTATION_CONTEXT('2D SPACE',''
  ) );
#14517 = ORIENTED_EDGE('',*,*,#14518,.F.);
#14518 = EDGE_CURVE('',#14433,#14491,#14519,.T.);
#14519 = SURFACE_CURVE('',#14520,(#14524,#14531),.PCURVE_S1.);
#14520 = LINE('',#14521,#14522);
#14521 = CARTESIAN_POINT('',(168.,141.29279195767,44.475475125946));
#14522 = VECTOR('',#14523,1.);
#14523 = DIRECTION('',(1.,0.,0.));
#14524 = PCURVE('',#12367,#14525);
#14525 = DEFINITIONAL_REPRESENTATION('',(#14526),#14530);
#14526 = LINE('',#14527,#14528);
#14527 = CARTESIAN_POINT('',(168.,144.72232785052));
#14528 = VECTOR('',#14529,1.);
#14529 = DIRECTION('',(1.,0.));
#14530 = ( GEOMETRIC_REPRESENTATION_CONTEXT(2) 
PARAMETRIC_REPRESENTATION_CONTEXT() REPRESENTATION_CONTEXT('2D SPACE',''
  ) );
#14531 = PCURVE('',#14532,#14537);
#14532 = PLANE('',#14533);
#14533 = AXIS2_PLACEMENT_3D('',#14534,#14535,#14536);
#14534 = CARTESIAN_POINT('',(168.,142.37484023294,39.593961884133));
#14535 = DIRECTION('',(0.,0.976302648363,0.216409655053));
#14536 = DIRECTION('',(0.,-0.216409655053,0.976302648363));
#14537 = DEFINITIONAL_REPRESENTATION('',(#14538),#14542);
#14538 = LINE('',#14539,#14540);
#14539 = CARTESIAN_POINT('',(5.,0.));
#14540 = VECTOR('',#14541,1.);
#14541 = DIRECTION('',(0.,1.));
#14542 = ( GEOMETRIC_REPRESENTATION_CONTEXT(2) 
PARAMETRIC_REPRESENTATION_CONTEXT() REPRESENTATION_CONTEXT('2D SPACE',''
  ) );
#14543 = ADVANCED_FACE('',(#14544),#12449,.F.);
#14544 = FACE_BOUND('',#14545,.F.);
#14545 = EDGE_LOOP('',(#14546,#14547,#14548,#14549));
#14546 = ORIENTED_EDGE('',*,*,#13190,.F.);
#14547 = ORIENTED_EDGE('',*,*,#13108,.T.);
#14548 = ORIENTED_EDGE('',*,*,#12433,.T.);
#14549 = ORIENTED_EDGE('',*,*,#14550,.F.);
#14550 = EDGE_CURVE('',#13191,#12434,#14551,.T.);
#14551 = SURFACE_CURVE('',#14552,(#14556,#14563),.PCURVE_S1.);
#14552 = LINE('',#14553,#14554);
#14553 = CARTESIAN_POINT('',(192.775,-8.671309433718E-16,13.156166077393
    ));
#14554 = VECTOR('',#14555,1.);
#14555 = DIRECTION('',(0.,-0.216409655053,0.976302648363));
#14556 = PCURVE('',#12449,#14557);
#14557 = DEFINITIONAL_REPRESENTATION('',(#14558),#14562);
#14558 = LINE('',#14559,#14560);
#14559 = CARTESIAN_POINT('',(8.788496468704E-18,192.775));
#14560 = VECTOR('',#14561,1.);
#14561 = DIRECTION('',(1.,0.));
#14562 = ( GEOMETRIC_REPRESENTATION_CONTEXT(2) 
PARAMETRIC_REPRESENTATION_CONTEXT() REPRESENTATION_CONTEXT('2D SPACE',''
  ) );
#14563 = PCURVE('',#12482,#14564);
#14564 = DEFINITIONAL_REPRESENTATION('',(#14565),#14569);
#14565 = LINE('',#14566,#14567);
#14566 = CARTESIAN_POINT('',(-1.570796326795,0.));
#14567 = VECTOR('',#14568,1.);
#14568 = DIRECTION('',(-0.,1.));
#14569 = ( GEOMETRIC_REPRESENTATION_CONTEXT(2) 
PARAMETRIC_REPRESENTATION_CONTEXT() REPRESENTATION_CONTEXT('2D SPACE',''
  ) );
#14570 = ADVANCED_FACE('',(#14571),#12567,.T.);
#14571 = FACE_BOUND('',#14572,.T.);
#14572 = EDGE_LOOP('',(#14573,#14574,#14575,#14576));
#14573 = ORIENTED_EDGE('',*,*,#13288,.F.);
#14574 = ORIENTED_EDGE('',*,*,#13162,.T.);
#14575 = ORIENTED_EDGE('',*,*,#12551,.T.);
#14576 = ORIENTED_EDGE('',*,*,#14577,.F.);
#14577 = EDGE_CURVE('',#13265,#12523,#14578,.T.);
#14578 = SURFACE_CURVE('',#14579,(#14583,#14590),.PCURVE_S1.);
#14579 = LINE('',#14580,#14581);
#14580 = CARTESIAN_POINT('',(192.775,156.20842373802,47.781710885823));
#14581 = VECTOR('',#14582,1.);
#14582 = DIRECTION('',(0.,-0.216409655053,0.976302648363));
#14583 = PCURVE('',#12567,#14584);
#14584 = DEFINITIONAL_REPRESENTATION('',(#14585),#14589);
#14585 = LINE('',#14586,#14587);
#14586 = CARTESIAN_POINT('',(0.,192.775));
#14587 = VECTOR('',#14588,1.);
#14588 = DIRECTION('',(1.,0.));
#14589 = ( GEOMETRIC_REPRESENTATION_CONTEXT(2) 
PARAMETRIC_REPRESENTATION_CONTEXT() REPRESENTATION_CONTEXT('2D SPACE',''
  ) );
#14590 = PCURVE('',#12539,#14591);
#14591 = DEFINITIONAL_REPRESENTATION('',(#14592),#14596);
#14592 = LINE('',#14593,#14594);
#14593 = CARTESIAN_POINT('',(1.570796326795,0.));
#14594 = VECTOR('',#14595,1.);
#14595 = DIRECTION('',(0.,1.));
#14596 = ( GEOMETRIC_REPRESENTATION_CONTEXT(2) 
PARAMETRIC_REPRESENTATION_CONTEXT() REPRESENTATION_CONTEXT('2D SPACE',''
  ) );
#14597 = ADVANCED_FACE('',(#14598),#12482,.T.);
#14598 = FACE_BOUND('',#14599,.F.);
#14599 = EDGE_LOOP('',(#14600,#14601,#14602,#14603));
#14600 = ORIENTED_EDGE('',*,*,#13213,.T.);
#14601 = ORIENTED_EDGE('',*,*,#14550,.T.);
#14602 = ORIENTED_EDGE('',*,*,#12461,.F.);
#14603 = ORIENTED_EDGE('',*,*,#14604,.F.);
#14604 = EDGE_CURVE('',#13214,#12462,#14605,.T.);
#14605 = SURFACE_CURVE('',#14606,(#14610,#14617),.PCURVE_S1.);
#14606 = LINE('',#14607,#14608);
#14607 = CARTESIAN_POINT('',(198.775,5.857815890176,14.454624007709));
#14608 = VECTOR('',#14609,1.);
#14609 = DIRECTION('',(0.,-0.216409655053,0.976302648363));
#14610 = PCURVE('',#12482,#14611);
#14611 = DEFINITIONAL_REPRESENTATION('',(#14612),#14616);
#14612 = LINE('',#14613,#14614);
#14613 = CARTESIAN_POINT('',(-0.,0.));
#14614 = VECTOR('',#14615,1.);
#14615 = DIRECTION('',(-0.,1.));
#14616 = ( GEOMETRIC_REPRESENTATION_CONTEXT(2) 
PARAMETRIC_REPRESENTATION_CONTEXT() REPRESENTATION_CONTEXT('2D SPACE',''
  ) );
#14617 = PCURVE('',#12510,#14618);
#14618 = DEFINITIONAL_REPRESENTATION('',(#14619),#14623);
#14619 = LINE('',#14620,#14621);
#14620 = CARTESIAN_POINT('',(7.005498410427E-16,-6.));
#14621 = VECTOR('',#14622,1.);
#14622 = DIRECTION('',(1.,1.057526724829E-17));
#14623 = ( GEOMETRIC_REPRESENTATION_CONTEXT(2) 
PARAMETRIC_REPRESENTATION_CONTEXT() REPRESENTATION_CONTEXT('2D SPACE',''
  ) );
#14624 = ADVANCED_FACE('',(#14625),#12539,.T.);
#14625 = FACE_BOUND('',#14626,.T.);
#14626 = EDGE_LOOP('',(#14627,#14628,#14629,#14630));
#14627 = ORIENTED_EDGE('',*,*,#13264,.T.);
#14628 = ORIENTED_EDGE('',*,*,#14577,.T.);
#14629 = ORIENTED_EDGE('',*,*,#12522,.F.);
#14630 = ORIENTED_EDGE('',*,*,#14631,.F.);
#14631 = EDGE_CURVE('',#13242,#12495,#14632,.T.);
#14632 = SURFACE_CURVE('',#14633,(#14637,#14644),.PCURVE_S1.);
#14633 = LINE('',#14634,#14635);
#14634 = CARTESIAN_POINT('',(198.775,150.35060784785,46.483252955507));
#14635 = VECTOR('',#14636,1.);
#14636 = DIRECTION('',(0.,-0.216409655053,0.976302648363));
#14637 = PCURVE('',#12539,#14638);
#14638 = DEFINITIONAL_REPRESENTATION('',(#14639),#14643);
#14639 = LINE('',#14640,#14641);
#14640 = CARTESIAN_POINT('',(0.,0.));
#14641 = VECTOR('',#14642,1.);
#14642 = DIRECTION('',(0.,1.));
#14643 = ( GEOMETRIC_REPRESENTATION_CONTEXT(2) 
PARAMETRIC_REPRESENTATION_CONTEXT() REPRESENTATION_CONTEXT('2D SPACE',''
  ) );
#14644 = PCURVE('',#12510,#14645);
#14645 = DEFINITIONAL_REPRESENTATION('',(#14646),#14650);
#14646 = LINE('',#14647,#14648);
#14647 = CARTESIAN_POINT('',(9.651480859482E-15,-154.));
#14648 = VECTOR('',#14649,1.);
#14649 = DIRECTION('',(1.,1.057526724829E-17));
#14650 = ( GEOMETRIC_REPRESENTATION_CONTEXT(2) 
PARAMETRIC_REPRESENTATION_CONTEXT() REPRESENTATION_CONTEXT('2D SPACE',''
  ) );
#14651 = ADVANCED_FACE('',(#14652),#12510,.T.);
#14652 = FACE_BOUND('',#14653,.T.);
#14653 = EDGE_LOOP('',(#14654,#14655,#14656,#14657));
#14654 = ORIENTED_EDGE('',*,*,#12494,.F.);
#14655 = ORIENTED_EDGE('',*,*,#14604,.F.);
#14656 = ORIENTED_EDGE('',*,*,#13241,.T.);
#14657 = ORIENTED_EDGE('',*,*,#14631,.T.);
#14658 = ADVANCED_FACE('',(#14659),#12625,.T.);
#14659 = FACE_BOUND('',#14660,.T.);
#14660 = EDGE_LOOP('',(#14661,#14682,#14683,#14704));
#14661 = ORIENTED_EDGE('',*,*,#14662,.F.);
#14662 = EDGE_CURVE('',#13427,#12608,#14663,.T.);
#14663 = SURFACE_CURVE('',#14664,(#14668,#14675),.PCURVE_S1.);
#14664 = LINE('',#14665,#14666);
#14665 = CARTESIAN_POINT('',(89.732142857143,10.195845793732,
    13.367657331195));
#14666 = VECTOR('',#14667,1.);
#14667 = DIRECTION('',(0.,-0.216409655053,0.976302648363));
#14668 = PCURVE('',#12625,#14669);
#14669 = DEFINITIONAL_REPRESENTATION('',(#14670),#14674);
#14670 = LINE('',#14671,#14672);
#14671 = CARTESIAN_POINT('',(0.,78.35));
#14672 = VECTOR('',#14673,1.);
#14673 = DIRECTION('',(1.,0.));
#14674 = ( GEOMETRIC_REPRESENTATION_CONTEXT(2) 
PARAMETRIC_REPRESENTATION_CONTEXT() REPRESENTATION_CONTEXT('2D SPACE',''
  ) );
#14675 = PCURVE('',#12707,#14676);
#14676 = DEFINITIONAL_REPRESENTATION('',(#14677),#14681);
#14677 = LINE('',#14678,#14679);
#14678 = CARTESIAN_POINT('',(0.,0.));
#14679 = VECTOR('',#14680,1.);
#14680 = DIRECTION('',(1.,1.057526724829E-17));
#14681 = ( GEOMETRIC_REPRESENTATION_CONTEXT(2) 
PARAMETRIC_REPRESENTATION_CONTEXT() REPRESENTATION_CONTEXT('2D SPACE',''
  ) );
#14682 = ORIENTED_EDGE('',*,*,#13426,.T.);
#14683 = ORIENTED_EDGE('',*,*,#14684,.T.);
#14684 = EDGE_CURVE('',#13429,#12610,#14685,.T.);
#14685 = SURFACE_CURVE('',#14686,(#14690,#14697),.PCURVE_S1.);
#14686 = LINE('',#14687,#14688);
#14687 = CARTESIAN_POINT('',(11.382142857143,10.195845793732,
    13.367657331195));
#14688 = VECTOR('',#14689,1.);
#14689 = DIRECTION('',(0.,-0.216409655053,0.976302648363));
#14690 = PCURVE('',#12625,#14691);
#14691 = DEFINITIONAL_REPRESENTATION('',(#14692),#14696);
#14692 = LINE('',#14693,#14694);
#14693 = CARTESIAN_POINT('',(0.,0.));
#14694 = VECTOR('',#14695,1.);
#14695 = DIRECTION('',(1.,0.));
#14696 = ( GEOMETRIC_REPRESENTATION_CONTEXT(2) 
PARAMETRIC_REPRESENTATION_CONTEXT() REPRESENTATION_CONTEXT('2D SPACE',''
  ) );
#14697 = PCURVE('',#12653,#14698);
#14698 = DEFINITIONAL_REPRESENTATION('',(#14699),#14703);
#14699 = LINE('',#14700,#14701);
#14700 = CARTESIAN_POINT('',(0.,0.));
#14701 = VECTOR('',#14702,1.);
#14702 = DIRECTION('',(1.,1.057526724829E-17));
#14703 = ( GEOMETRIC_REPRESENTATION_CONTEXT(2) 
PARAMETRIC_REPRESENTATION_CONTEXT() REPRESENTATION_CONTEXT('2D SPACE',''
  ) );
#14704 = ORIENTED_EDGE('',*,*,#12607,.F.);
#14705 = ADVANCED_FACE('',(#14706),#12707,.F.);
#14706 = FACE_BOUND('',#14707,.F.);
#14707 = EDGE_LOOP('',(#14708,#14709,#14710,#14731));
#14708 = ORIENTED_EDGE('',*,*,#14662,.F.);
#14709 = ORIENTED_EDGE('',*,*,#13497,.T.);
#14710 = ORIENTED_EDGE('',*,*,#14711,.T.);
#14711 = EDGE_CURVE('',#13475,#12666,#14712,.T.);
#14712 = SURFACE_CURVE('',#14713,(#14717,#14724),.PCURVE_S1.);
#14713 = LINE('',#14714,#14715);
#14714 = CARTESIAN_POINT('',(89.732142857143,123.06584579373,
    38.386700152354));
#14715 = VECTOR('',#14716,1.);
#14716 = DIRECTION('',(0.,-0.216409655053,0.976302648363));
#14717 = PCURVE('',#12707,#14718);
#14718 = DEFINITIONAL_REPRESENTATION('',(#14719),#14723);
#14719 = LINE('',#14720,#14721);
#14720 = CARTESIAN_POINT('',(-5.558669338098E-15,-115.6096423473));
#14721 = VECTOR('',#14722,1.);
#14722 = DIRECTION('',(1.,1.057526724829E-17));
#14723 = ( GEOMETRIC_REPRESENTATION_CONTEXT(2) 
PARAMETRIC_REPRESENTATION_CONTEXT() REPRESENTATION_CONTEXT('2D SPACE',''
  ) );
#14724 = PCURVE('',#12681,#14725);
#14725 = DEFINITIONAL_REPRESENTATION('',(#14726),#14730);
#14726 = LINE('',#14727,#14728);
#14727 = CARTESIAN_POINT('',(0.,78.35));
#14728 = VECTOR('',#14729,1.);
#14729 = DIRECTION('',(1.,0.));
#14730 = ( GEOMETRIC_REPRESENTATION_CONTEXT(2) 
PARAMETRIC_REPRESENTATION_CONTEXT() REPRESENTATION_CONTEXT('2D SPACE',''
  ) );
#14731 = ORIENTED_EDGE('',*,*,#12693,.F.);
#14732 = ADVANCED_FACE('',(#14733),#12653,.T.);
#14733 = FACE_BOUND('',#14734,.T.);
#14734 = EDGE_LOOP('',(#14735,#14736,#14737,#14758));
#14735 = ORIENTED_EDGE('',*,*,#14684,.F.);
#14736 = ORIENTED_EDGE('',*,*,#13451,.T.);
#14737 = ORIENTED_EDGE('',*,*,#14738,.T.);
#14738 = EDGE_CURVE('',#13452,#12638,#14739,.T.);
#14739 = SURFACE_CURVE('',#14740,(#14744,#14751),.PCURVE_S1.);
#14740 = LINE('',#14741,#14742);
#14741 = CARTESIAN_POINT('',(11.382142857143,123.06584579373,
    38.386700152354));
#14742 = VECTOR('',#14743,1.);
#14743 = DIRECTION('',(0.,-0.216409655053,0.976302648363));
#14744 = PCURVE('',#12653,#14745);
#14745 = DEFINITIONAL_REPRESENTATION('',(#14746),#14750);
#14746 = LINE('',#14747,#14748);
#14747 = CARTESIAN_POINT('',(-5.558669338098E-15,-115.6096423473));
#14748 = VECTOR('',#14749,1.);
#14749 = DIRECTION('',(1.,1.057526724829E-17));
#14750 = ( GEOMETRIC_REPRESENTATION_CONTEXT(2) 
PARAMETRIC_REPRESENTATION_CONTEXT() REPRESENTATION_CONTEXT('2D SPACE',''
  ) );
#14751 = PCURVE('',#12681,#14752);
#14752 = DEFINITIONAL_REPRESENTATION('',(#14753),#14757);
#14753 = LINE('',#14754,#14755);
#14754 = CARTESIAN_POINT('',(0.,0.));
#14755 = VECTOR('',#14756,1.);
#14756 = DIRECTION('',(1.,0.));
#14757 = ( GEOMETRIC_REPRESENTATION_CONTEXT(2) 
PARAMETRIC_REPRESENTATION_CONTEXT() REPRESENTATION_CONTEXT('2D SPACE',''
  ) );
#14758 = ORIENTED_EDGE('',*,*,#12637,.F.);
#14759 = ADVANCED_FACE('',(#14760),#12681,.F.);
#14760 = FACE_BOUND('',#14761,.F.);
#14761 = EDGE_LOOP('',(#14762,#14763,#14764,#14765));
#14762 = ORIENTED_EDGE('',*,*,#14711,.F.);
#14763 = ORIENTED_EDGE('',*,*,#13474,.T.);
#14764 = ORIENTED_EDGE('',*,*,#14738,.T.);
#14765 = ORIENTED_EDGE('',*,*,#12665,.F.);
#14766 = ADVANCED_FACE('',(#14767),#12739,.T.);
#14767 = FACE_BOUND('',#14768,.T.);
#14768 = EDGE_LOOP('',(#14769,#14790,#14791,#14812));
#14769 = ORIENTED_EDGE('',*,*,#14770,.F.);
#14770 = EDGE_CURVE('',#13749,#12722,#14771,.T.);
#14771 = SURFACE_CURVE('',#14772,(#14776,#14783),.PCURVE_S1.);
#14772 = LINE('',#14773,#14774);
#14773 = CARTESIAN_POINT('',(190.875,10.195845793732,13.367657331195));
#14774 = VECTOR('',#14775,1.);
#14775 = DIRECTION('',(0.,-0.216409655053,0.976302648363));
#14776 = PCURVE('',#12739,#14777);
#14777 = DEFINITIONAL_REPRESENTATION('',(#14778),#14782);
#14778 = LINE('',#14779,#14780);
#14779 = CARTESIAN_POINT('',(0.,78.35));
#14780 = VECTOR('',#14781,1.);
#14781 = DIRECTION('',(1.,0.));
#14782 = ( GEOMETRIC_REPRESENTATION_CONTEXT(2) 
PARAMETRIC_REPRESENTATION_CONTEXT() REPRESENTATION_CONTEXT('2D SPACE',''
  ) );
#14783 = PCURVE('',#12821,#14784);
#14784 = DEFINITIONAL_REPRESENTATION('',(#14785),#14789);
#14785 = LINE('',#14786,#14787);
#14786 = CARTESIAN_POINT('',(0.,0.));
#14787 = VECTOR('',#14788,1.);
#14788 = DIRECTION('',(1.,1.057526724829E-17));
#14789 = ( GEOMETRIC_REPRESENTATION_CONTEXT(2) 
PARAMETRIC_REPRESENTATION_CONTEXT() REPRESENTATION_CONTEXT('2D SPACE',''
  ) );
#14790 = ORIENTED_EDGE('',*,*,#13748,.T.);
#14791 = ORIENTED_EDGE('',*,*,#14792,.T.);
#14792 = EDGE_CURVE('',#13751,#12724,#14793,.T.);
#14793 = SURFACE_CURVE('',#14794,(#14798,#14805),.PCURVE_S1.);
#14794 = LINE('',#14795,#14796);
#14795 = CARTESIAN_POINT('',(112.525,10.195845793732,13.367657331195));
#14796 = VECTOR('',#14797,1.);
#14797 = DIRECTION('',(0.,-0.216409655053,0.976302648363));
#14798 = PCURVE('',#12739,#14799);
#14799 = DEFINITIONAL_REPRESENTATION('',(#14800),#14804);
#14800 = LINE('',#14801,#14802);
#14801 = CARTESIAN_POINT('',(0.,0.));
#14802 = VECTOR('',#14803,1.);
#14803 = DIRECTION('',(1.,0.));
#14804 = ( GEOMETRIC_REPRESENTATION_CONTEXT(2) 
PARAMETRIC_REPRESENTATION_CONTEXT() REPRESENTATION_CONTEXT('2D SPACE',''
  ) );
#14805 = PCURVE('',#12767,#14806);
#14806 = DEFINITIONAL_REPRESENTATION('',(#14807),#14811);
#14807 = LINE('',#14808,#14809);
#14808 = CARTESIAN_POINT('',(0.,0.));
#14809 = VECTOR('',#14810,1.);
#14810 = DIRECTION('',(1.,1.057526724829E-17));
#14811 = ( GEOMETRIC_REPRESENTATION_CONTEXT(2) 
PARAMETRIC_REPRESENTATION_CONTEXT() REPRESENTATION_CONTEXT('2D SPACE',''
  ) );
#14812 = ORIENTED_EDGE('',*,*,#12721,.F.);
#14813 = ADVANCED_FACE('',(#14814),#12821,.F.);
#14814 = FACE_BOUND('',#14815,.F.);
#14815 = EDGE_LOOP('',(#14816,#14817,#14818,#14839));
#14816 = ORIENTED_EDGE('',*,*,#14770,.F.);
#14817 = ORIENTED_EDGE('',*,*,#13819,.T.);
#14818 = ORIENTED_EDGE('',*,*,#14819,.T.);
#14819 = EDGE_CURVE('',#13797,#12780,#14820,.T.);
#14820 = SURFACE_CURVE('',#14821,(#14825,#14832),.PCURVE_S1.);
#14821 = LINE('',#14822,#14823);
#14822 = CARTESIAN_POINT('',(190.875,123.06584579373,38.386700152354));
#14823 = VECTOR('',#14824,1.);
#14824 = DIRECTION('',(0.,-0.216409655053,0.976302648363));
#14825 = PCURVE('',#12821,#14826);
#14826 = DEFINITIONAL_REPRESENTATION('',(#14827),#14831);
#14827 = LINE('',#14828,#14829);
#14828 = CARTESIAN_POINT('',(-5.558669338098E-15,-115.6096423473));
#14829 = VECTOR('',#14830,1.);
#14830 = DIRECTION('',(1.,1.057526724829E-17));
#14831 = ( GEOMETRIC_REPRESENTATION_CONTEXT(2) 
PARAMETRIC_REPRESENTATION_CONTEXT() REPRESENTATION_CONTEXT('2D SPACE',''
  ) );
#14832 = PCURVE('',#12795,#14833);
#14833 = DEFINITIONAL_REPRESENTATION('',(#14834),#14838);
#14834 = LINE('',#14835,#14836);
#14835 = CARTESIAN_POINT('',(0.,78.35));
#14836 = VECTOR('',#14837,1.);
#14837 = DIRECTION('',(1.,0.));
#14838 = ( GEOMETRIC_REPRESENTATION_CONTEXT(2) 
PARAMETRIC_REPRESENTATION_CONTEXT() REPRESENTATION_CONTEXT('2D SPACE',''
  ) );
#14839 = ORIENTED_EDGE('',*,*,#12807,.F.);
#14840 = ADVANCED_FACE('',(#14841),#12767,.T.);
#14841 = FACE_BOUND('',#14842,.T.);
#14842 = EDGE_LOOP('',(#14843,#14844,#14845,#14866));
#14843 = ORIENTED_EDGE('',*,*,#14792,.F.);
#14844 = ORIENTED_EDGE('',*,*,#13773,.T.);
#14845 = ORIENTED_EDGE('',*,*,#14846,.T.);
#14846 = EDGE_CURVE('',#13774,#12752,#14847,.T.);
#14847 = SURFACE_CURVE('',#14848,(#14852,#14859),.PCURVE_S1.);
#14848 = LINE('',#14849,#14850);
#14849 = CARTESIAN_POINT('',(112.525,123.06584579373,38.386700152354));
#14850 = VECTOR('',#14851,1.);
#14851 = DIRECTION('',(0.,-0.216409655053,0.976302648363));
#14852 = PCURVE('',#12767,#14853);
#14853 = DEFINITIONAL_REPRESENTATION('',(#14854),#14858);
#14854 = LINE('',#14855,#14856);
#14855 = CARTESIAN_POINT('',(-5.558669338098E-15,-115.6096423473));
#14856 = VECTOR('',#14857,1.);
#14857 = DIRECTION('',(1.,1.057526724829E-17));
#14858 = ( GEOMETRIC_REPRESENTATION_CONTEXT(2) 
PARAMETRIC_REPRESENTATION_CONTEXT() REPRESENTATION_CONTEXT('2D SPACE',''
  ) );
#14859 = PCURVE('',#12795,#14860);
#14860 = DEFINITIONAL_REPRESENTATION('',(#14861),#14865);
#14861 = LINE('',#14862,#14863);
#14862 = CARTESIAN_POINT('',(0.,0.));
#14863 = VECTOR('',#14864,1.);
#14864 = DIRECTION('',(1.,0.));
#14865 = ( GEOMETRIC_REPRESENTATION_CONTEXT(2) 
PARAMETRIC_REPRESENTATION_CONTEXT() REPRESENTATION_CONTEXT('2D SPACE',''
  ) );
#14866 = ORIENTED_EDGE('',*,*,#12751,.F.);
#14867 = ADVANCED_FACE('',(#14868),#12795,.F.);
#14868 = FACE_BOUND('',#14869,.F.);
#14869 = EDGE_LOOP('',(#14870,#14871,#14872,#14873));
#14870 = ORIENTED_EDGE('',*,*,#14819,.F.);
#14871 = ORIENTED_EDGE('',*,*,#13796,.T.);
#14872 = ORIENTED_EDGE('',*,*,#14846,.T.);
#14873 = ORIENTED_EDGE('',*,*,#12779,.F.);
#14874 = ADVANCED_FACE('',(#14875),#12853,.F.);
#14875 = FACE_BOUND('',#14876,.F.);
#14876 = EDGE_LOOP('',(#14877,#14907,#14928,#14929));
#14877 = ORIENTED_EDGE('',*,*,#14878,.T.);
#14878 = EDGE_CURVE('',#14879,#14881,#14883,.T.);
#14879 = VERTEX_POINT('',#14880);
#14880 = CARTESIAN_POINT('',(77.557142857143,137.27756620906,
    43.585450274869));
#14881 = VERTEX_POINT('',#14882);
#14882 = CARTESIAN_POINT('',(23.557142857143,137.27756620906,
    43.585450274869));
#14883 = SURFACE_CURVE('',#14884,(#14888,#14895),.PCURVE_S1.);
#14884 = LINE('',#14885,#14886);
#14885 = CARTESIAN_POINT('',(11.778571428571,137.27756620906,
    43.585450274869));
#14886 = VECTOR('',#14887,1.);
#14887 = DIRECTION('',(-1.,0.,0.));
#14888 = PCURVE('',#12853,#14889);
#14889 = DEFINITIONAL_REPRESENTATION('',(#14890),#14894);
#14890 = LINE('',#14891,#14892);
#14891 = CARTESIAN_POINT('',(-11.77857142857,-2.));
#14892 = VECTOR('',#14893,1.);
#14893 = DIRECTION('',(-1.,0.));
#14894 = ( GEOMETRIC_REPRESENTATION_CONTEXT(2) 
PARAMETRIC_REPRESENTATION_CONTEXT() REPRESENTATION_CONTEXT('2D SPACE',''
  ) );
#14895 = PCURVE('',#14896,#14901);
#14896 = PLANE('',#14897);
#14897 = AXIS2_PLACEMENT_3D('',#14898,#14899,#14900);
#14898 = CARTESIAN_POINT('',(50.557142857143,134.34865826397,
    42.936221309711));
#14899 = DIRECTION('',(-0.,0.216409655053,-0.976302648363));
#14900 = DIRECTION('',(-1.,0.,0.));
#14901 = DEFINITIONAL_REPRESENTATION('',(#14902),#14906);
#14902 = LINE('',#14903,#14904);
#14903 = CARTESIAN_POINT('',(38.778571428571,3.));
#14904 = VECTOR('',#14905,1.);
#14905 = DIRECTION('',(1.,0.));
#14906 = ( GEOMETRIC_REPRESENTATION_CONTEXT(2) 
PARAMETRIC_REPRESENTATION_CONTEXT() REPRESENTATION_CONTEXT('2D SPACE',''
  ) );
#14907 = ORIENTED_EDGE('',*,*,#14908,.T.);
#14908 = EDGE_CURVE('',#14881,#12838,#14909,.T.);
#14909 = SURFACE_CURVE('',#14910,(#14914,#14921),.PCURVE_S1.);
#14910 = LINE('',#14911,#14912);
#14911 = CARTESIAN_POINT('',(23.557142857143,137.71038551917,
    41.632844978144));
#14912 = VECTOR('',#14913,1.);
#14913 = DIRECTION('',(0.,-0.216409655053,0.976302648363));
#14914 = PCURVE('',#12853,#14915);
#14915 = DEFINITIONAL_REPRESENTATION('',(#14916),#14920);
#14916 = LINE('',#14917,#14918);
#14917 = CARTESIAN_POINT('',(0.,0.));
#14918 = VECTOR('',#14919,1.);
#14919 = DIRECTION('',(0.,-1.));
#14920 = ( GEOMETRIC_REPRESENTATION_CONTEXT(2) 
PARAMETRIC_REPRESENTATION_CONTEXT() REPRESENTATION_CONTEXT('2D SPACE',''
  ) );
#14921 = PCURVE('',#12945,#14922);
#14922 = DEFINITIONAL_REPRESENTATION('',(#14923),#14927);
#14923 = LINE('',#14924,#14925);
#14924 = CARTESIAN_POINT('',(3.14159265359,0.));
#14925 = VECTOR('',#14926,1.);
#14926 = DIRECTION('',(0.,-1.));
#14927 = ( GEOMETRIC_REPRESENTATION_CONTEXT(2) 
PARAMETRIC_REPRESENTATION_CONTEXT() REPRESENTATION_CONTEXT('2D SPACE',''
  ) );
#14928 = ORIENTED_EDGE('',*,*,#12835,.F.);
#14929 = ORIENTED_EDGE('',*,*,#14930,.F.);
#14930 = EDGE_CURVE('',#14879,#12836,#14931,.T.);
#14931 = SURFACE_CURVE('',#14932,(#14936,#14943),.PCURVE_S1.);
#14932 = LINE('',#14933,#14934);
#14933 = CARTESIAN_POINT('',(77.557142857143,137.71038551917,
    41.632844978144));
#14934 = VECTOR('',#14935,1.);
#14935 = DIRECTION('',(0.,-0.216409655053,0.976302648363));
#14936 = PCURVE('',#12853,#14937);
#14937 = DEFINITIONAL_REPRESENTATION('',(#14938),#14942);
#14938 = LINE('',#14939,#14940);
#14939 = CARTESIAN_POINT('',(54.,0.));
#14940 = VECTOR('',#14941,1.);
#14941 = DIRECTION('',(0.,-1.));
#14942 = ( GEOMETRIC_REPRESENTATION_CONTEXT(2) 
PARAMETRIC_REPRESENTATION_CONTEXT() REPRESENTATION_CONTEXT('2D SPACE',''
  ) );
#14943 = PCURVE('',#12886,#14944);
#14944 = DEFINITIONAL_REPRESENTATION('',(#14945),#14949);
#14945 = LINE('',#14946,#14947);
#14946 = CARTESIAN_POINT('',(0.,0.));
#14947 = VECTOR('',#14948,1.);
#14948 = DIRECTION('',(0.,-1.));
#14949 = ( GEOMETRIC_REPRESENTATION_CONTEXT(2) 
PARAMETRIC_REPRESENTATION_CONTEXT() REPRESENTATION_CONTEXT('2D SPACE',''
  ) );
#14950 = ADVANCED_FACE('',(#14951),#12886,.F.);
#14951 = FACE_BOUND('',#14952,.F.);
#14952 = EDGE_LOOP('',(#14953,#14977,#14978,#14979));
#14953 = ORIENTED_EDGE('',*,*,#14954,.F.);
#14954 = EDGE_CURVE('',#14879,#14955,#14957,.T.);
#14955 = VERTEX_POINT('',#14956);
#14956 = CARTESIAN_POINT('',(77.557142857143,131.41975031889,
    42.286992344553));
#14957 = SURFACE_CURVE('',#14958,(#14963,#14970),.PCURVE_S1.);
#14958 = CIRCLE('',#14959,3.);
#14959 = AXIS2_PLACEMENT_3D('',#14960,#14961,#14962);
#14960 = CARTESIAN_POINT('',(77.557142857143,134.34865826397,
    42.936221309711));
#14961 = DIRECTION('',(0.,0.216409655053,-0.976302648363));
#14962 = DIRECTION('',(0.,0.976302648363,0.216409655053));
#14963 = PCURVE('',#12886,#14964);
#14964 = DEFINITIONAL_REPRESENTATION('',(#14965),#14969);
#14965 = LINE('',#14966,#14967);
#14966 = CARTESIAN_POINT('',(0.,-2.));
#14967 = VECTOR('',#14968,1.);
#14968 = DIRECTION('',(1.,0.));
#14969 = ( GEOMETRIC_REPRESENTATION_CONTEXT(2) 
PARAMETRIC_REPRESENTATION_CONTEXT() REPRESENTATION_CONTEXT('2D SPACE',''
  ) );
#14970 = PCURVE('',#14896,#14971);
#14971 = DEFINITIONAL_REPRESENTATION('',(#14972),#14976);
#14972 = CIRCLE('',#14973,3.);
#14973 = AXIS2_PLACEMENT_2D('',#14974,#14975);
#14974 = CARTESIAN_POINT('',(-27.,0.));
#14975 = DIRECTION('',(0.,1.));
#14976 = ( GEOMETRIC_REPRESENTATION_CONTEXT(2) 
PARAMETRIC_REPRESENTATION_CONTEXT() REPRESENTATION_CONTEXT('2D SPACE',''
  ) );
#14977 = ORIENTED_EDGE('',*,*,#14930,.T.);
#14978 = ORIENTED_EDGE('',*,*,#12865,.T.);
#14979 = ORIENTED_EDGE('',*,*,#14980,.F.);
#14980 = EDGE_CURVE('',#14955,#12866,#14981,.T.);
#14981 = SURFACE_CURVE('',#14982,(#14986,#14993),.PCURVE_S1.);
#14982 = LINE('',#14983,#14984);
#14983 = CARTESIAN_POINT('',(77.557142857143,131.85256962899,
    40.334387047828));
#14984 = VECTOR('',#14985,1.);
#14985 = DIRECTION('',(0.,-0.216409655053,0.976302648363));
#14986 = PCURVE('',#12886,#14987);
#14987 = DEFINITIONAL_REPRESENTATION('',(#14988),#14992);
#14988 = LINE('',#14989,#14990);
#14989 = CARTESIAN_POINT('',(3.14159265359,0.));
#14990 = VECTOR('',#14991,1.);
#14991 = DIRECTION('',(0.,-1.));
#14992 = ( GEOMETRIC_REPRESENTATION_CONTEXT(2) 
PARAMETRIC_REPRESENTATION_CONTEXT() REPRESENTATION_CONTEXT('2D SPACE',''
  ) );
#14993 = PCURVE('',#12914,#14994);
#14994 = DEFINITIONAL_REPRESENTATION('',(#14995),#14999);
#14995 = LINE('',#14996,#14997);
#14996 = CARTESIAN_POINT('',(0.,0.));
#14997 = VECTOR('',#14998,1.);
#14998 = DIRECTION('',(0.,-1.));
#14999 = ( GEOMETRIC_REPRESENTATION_CONTEXT(2) 
PARAMETRIC_REPRESENTATION_CONTEXT() REPRESENTATION_CONTEXT('2D SPACE',''
  ) );
#15000 = ADVANCED_FACE('',(#15001),#12945,.F.);
#15001 = FACE_BOUND('',#15002,.F.);
#15002 = EDGE_LOOP('',(#15003,#15027,#15048,#15049));
#15003 = ORIENTED_EDGE('',*,*,#15004,.F.);
#15004 = EDGE_CURVE('',#15005,#14881,#15007,.T.);
#15005 = VERTEX_POINT('',#15006);
#15006 = CARTESIAN_POINT('',(23.557142857143,131.41975031889,
    42.286992344553));
#15007 = SURFACE_CURVE('',#15008,(#15013,#15020),.PCURVE_S1.);
#15008 = CIRCLE('',#15009,3.);
#15009 = AXIS2_PLACEMENT_3D('',#15010,#15011,#15012);
#15010 = CARTESIAN_POINT('',(23.557142857143,134.34865826397,
    42.936221309711));
#15011 = DIRECTION('',(-0.,0.216409655053,-0.976302648363));
#15012 = DIRECTION('',(0.,-0.976302648363,-0.216409655053));
#15013 = PCURVE('',#12945,#15014);
#15014 = DEFINITIONAL_REPRESENTATION('',(#15015),#15019);
#15015 = LINE('',#15016,#15017);
#15016 = CARTESIAN_POINT('',(0.,-2.));
#15017 = VECTOR('',#15018,1.);
#15018 = DIRECTION('',(1.,0.));
#15019 = ( GEOMETRIC_REPRESENTATION_CONTEXT(2) 
PARAMETRIC_REPRESENTATION_CONTEXT() REPRESENTATION_CONTEXT('2D SPACE',''
  ) );
#15020 = PCURVE('',#14896,#15021);
#15021 = DEFINITIONAL_REPRESENTATION('',(#15022),#15026);
#15022 = CIRCLE('',#15023,3.);
#15023 = AXIS2_PLACEMENT_2D('',#15024,#15025);
#15024 = CARTESIAN_POINT('',(27.,0.));
#15025 = DIRECTION('',(-0.,-1.));
#15026 = ( GEOMETRIC_REPRESENTATION_CONTEXT(2) 
PARAMETRIC_REPRESENTATION_CONTEXT() REPRESENTATION_CONTEXT('2D SPACE',''
  ) );
#15027 = ORIENTED_EDGE('',*,*,#15028,.T.);
#15028 = EDGE_CURVE('',#15005,#12899,#15029,.T.);
#15029 = SURFACE_CURVE('',#15030,(#15034,#15041),.PCURVE_S1.);
#15030 = LINE('',#15031,#15032);
#15031 = CARTESIAN_POINT('',(23.557142857143,131.85256962899,
    40.334387047828));
#15032 = VECTOR('',#15033,1.);
#15033 = DIRECTION('',(0.,-0.216409655053,0.976302648363));
#15034 = PCURVE('',#12945,#15035);
#15035 = DEFINITIONAL_REPRESENTATION('',(#15036),#15040);
#15036 = LINE('',#15037,#15038);
#15037 = CARTESIAN_POINT('',(0.,0.));
#15038 = VECTOR('',#15039,1.);
#15039 = DIRECTION('',(0.,-1.));
#15040 = ( GEOMETRIC_REPRESENTATION_CONTEXT(2) 
PARAMETRIC_REPRESENTATION_CONTEXT() REPRESENTATION_CONTEXT('2D SPACE',''
  ) );
#15041 = PCURVE('',#12914,#15042);
#15042 = DEFINITIONAL_REPRESENTATION('',(#15043),#15047);
#15043 = LINE('',#15044,#15045);
#15044 = CARTESIAN_POINT('',(54.,0.));
#15045 = VECTOR('',#15046,1.);
#15046 = DIRECTION('',(0.,-1.));
#15047 = ( GEOMETRIC_REPRESENTATION_CONTEXT(2) 
PARAMETRIC_REPRESENTATION_CONTEXT() REPRESENTATION_CONTEXT('2D SPACE',''
  ) );
#15048 = ORIENTED_EDGE('',*,*,#12926,.T.);
#15049 = ORIENTED_EDGE('',*,*,#14908,.F.);
#15050 = ADVANCED_FACE('',(#15051),#12914,.F.);
#15051 = FACE_BOUND('',#15052,.F.);
#15052 = EDGE_LOOP('',(#15053,#15074,#15075,#15076));
#15053 = ORIENTED_EDGE('',*,*,#15054,.T.);
#15054 = EDGE_CURVE('',#15005,#14955,#15055,.T.);
#15055 = SURFACE_CURVE('',#15056,(#15060,#15067),.PCURVE_S1.);
#15056 = LINE('',#15057,#15058);
#15057 = CARTESIAN_POINT('',(38.778571428571,131.41975031889,
    42.286992344553));
#15058 = VECTOR('',#15059,1.);
#15059 = DIRECTION('',(1.,0.,0.));
#15060 = PCURVE('',#12914,#15061);
#15061 = DEFINITIONAL_REPRESENTATION('',(#15062),#15066);
#15062 = LINE('',#15063,#15064);
#15063 = CARTESIAN_POINT('',(38.778571428571,-2.));
#15064 = VECTOR('',#15065,1.);
#15065 = DIRECTION('',(-1.,0.));
#15066 = ( GEOMETRIC_REPRESENTATION_CONTEXT(2) 
PARAMETRIC_REPRESENTATION_CONTEXT() REPRESENTATION_CONTEXT('2D SPACE',''
  ) );
#15067 = PCURVE('',#14896,#15068);
#15068 = DEFINITIONAL_REPRESENTATION('',(#15069),#15073);
#15069 = LINE('',#15070,#15071);
#15070 = CARTESIAN_POINT('',(11.778571428571,-3.));
#15071 = VECTOR('',#15072,1.);
#15072 = DIRECTION('',(-1.,0.));
#15073 = ( GEOMETRIC_REPRESENTATION_CONTEXT(2) 
PARAMETRIC_REPRESENTATION_CONTEXT() REPRESENTATION_CONTEXT('2D SPACE',''
  ) );
#15074 = ORIENTED_EDGE('',*,*,#14980,.T.);
#15075 = ORIENTED_EDGE('',*,*,#12898,.F.);
#15076 = ORIENTED_EDGE('',*,*,#15028,.F.);
#15077 = ADVANCED_FACE('',(#15078),#12977,.F.);
#15078 = FACE_BOUND('',#15079,.F.);
#15079 = EDGE_LOOP('',(#15080,#15110,#15131,#15132));
#15080 = ORIENTED_EDGE('',*,*,#15081,.T.);
#15081 = EDGE_CURVE('',#15082,#15084,#15086,.T.);
#15082 = VERTEX_POINT('',#15083);
#15083 = CARTESIAN_POINT('',(178.7,137.27756620906,43.585450274869));
#15084 = VERTEX_POINT('',#15085);
#15085 = CARTESIAN_POINT('',(124.7,137.27756620906,43.585450274869));
#15086 = SURFACE_CURVE('',#15087,(#15091,#15098),.PCURVE_S1.);
#15087 = LINE('',#15088,#15089);
#15088 = CARTESIAN_POINT('',(62.35,137.27756620906,43.585450274869));
#15089 = VECTOR('',#15090,1.);
#15090 = DIRECTION('',(-1.,0.,0.));
#15091 = PCURVE('',#12977,#15092);
#15092 = DEFINITIONAL_REPRESENTATION('',(#15093),#15097);
#15093 = LINE('',#15094,#15095);
#15094 = CARTESIAN_POINT('',(-62.35,-2.));
#15095 = VECTOR('',#15096,1.);
#15096 = DIRECTION('',(-1.,0.));
#15097 = ( GEOMETRIC_REPRESENTATION_CONTEXT(2) 
PARAMETRIC_REPRESENTATION_CONTEXT() REPRESENTATION_CONTEXT('2D SPACE',''
  ) );
#15098 = PCURVE('',#15099,#15104);
#15099 = PLANE('',#15100);
#15100 = AXIS2_PLACEMENT_3D('',#15101,#15102,#15103);
#15101 = CARTESIAN_POINT('',(151.7,134.34865826397,42.936221309711));
#15102 = DIRECTION('',(-0.,0.216409655053,-0.976302648363));
#15103 = DIRECTION('',(-1.,0.,0.));
#15104 = DEFINITIONAL_REPRESENTATION('',(#15105),#15109);
#15105 = LINE('',#15106,#15107);
#15106 = CARTESIAN_POINT('',(89.35,3.));
#15107 = VECTOR('',#15108,1.);
#15108 = DIRECTION('',(1.,0.));
#15109 = ( GEOMETRIC_REPRESENTATION_CONTEXT(2) 
PARAMETRIC_REPRESENTATION_CONTEXT() REPRESENTATION_CONTEXT('2D SPACE',''
  ) );
#15110 = ORIENTED_EDGE('',*,*,#15111,.T.);
#15111 = EDGE_CURVE('',#15084,#12962,#15112,.T.);
#15112 = SURFACE_CURVE('',#15113,(#15117,#15124),.PCURVE_S1.);
#15113 = LINE('',#15114,#15115);
#15114 = CARTESIAN_POINT('',(124.7,137.71038551917,41.632844978144));
#15115 = VECTOR('',#15116,1.);
#15116 = DIRECTION('',(0.,-0.216409655053,0.976302648363));
#15117 = PCURVE('',#12977,#15118);
#15118 = DEFINITIONAL_REPRESENTATION('',(#15119),#15123);
#15119 = LINE('',#15120,#15121);
#15120 = CARTESIAN_POINT('',(0.,0.));
#15121 = VECTOR('',#15122,1.);
#15122 = DIRECTION('',(0.,-1.));
#15123 = ( GEOMETRIC_REPRESENTATION_CONTEXT(2) 
PARAMETRIC_REPRESENTATION_CONTEXT() REPRESENTATION_CONTEXT('2D SPACE',''
  ) );
#15124 = PCURVE('',#13069,#15125);
#15125 = DEFINITIONAL_REPRESENTATION('',(#15126),#15130);
#15126 = LINE('',#15127,#15128);
#15127 = CARTESIAN_POINT('',(3.14159265359,0.));
#15128 = VECTOR('',#15129,1.);
#15129 = DIRECTION('',(0.,-1.));
#15130 = ( GEOMETRIC_REPRESENTATION_CONTEXT(2) 
PARAMETRIC_REPRESENTATION_CONTEXT() REPRESENTATION_CONTEXT('2D SPACE',''
  ) );
#15131 = ORIENTED_EDGE('',*,*,#12959,.F.);
#15132 = ORIENTED_EDGE('',*,*,#15133,.F.);
#15133 = EDGE_CURVE('',#15082,#12960,#15134,.T.);
#15134 = SURFACE_CURVE('',#15135,(#15139,#15146),.PCURVE_S1.);
#15135 = LINE('',#15136,#15137);
#15136 = CARTESIAN_POINT('',(178.7,137.71038551917,41.632844978144));
#15137 = VECTOR('',#15138,1.);
#15138 = DIRECTION('',(0.,-0.216409655053,0.976302648363));
#15139 = PCURVE('',#12977,#15140);
#15140 = DEFINITIONAL_REPRESENTATION('',(#15141),#15145);
#15141 = LINE('',#15142,#15143);
#15142 = CARTESIAN_POINT('',(54.,0.));
#15143 = VECTOR('',#15144,1.);
#15144 = DIRECTION('',(0.,-1.));
#15145 = ( GEOMETRIC_REPRESENTATION_CONTEXT(2) 
PARAMETRIC_REPRESENTATION_CONTEXT() REPRESENTATION_CONTEXT('2D SPACE',''
  ) );
#15146 = PCURVE('',#13010,#15147);
#15147 = DEFINITIONAL_REPRESENTATION('',(#15148),#15152);
#15148 = LINE('',#15149,#15150);
#15149 = CARTESIAN_POINT('',(0.,0.));
#15150 = VECTOR('',#15151,1.);
#15151 = DIRECTION('',(0.,-1.));
#15152 = ( GEOMETRIC_REPRESENTATION_CONTEXT(2) 
PARAMETRIC_REPRESENTATION_CONTEXT() REPRESENTATION_CONTEXT('2D SPACE',''
  ) );
#15153 = ADVANCED_FACE('',(#15154),#13069,.F.);
#15154 = FACE_BOUND('',#15155,.F.);
#15155 = EDGE_LOOP('',(#15156,#15180,#15201,#15202));
#15156 = ORIENTED_EDGE('',*,*,#15157,.F.);
#15157 = EDGE_CURVE('',#15158,#15084,#15160,.T.);
#15158 = VERTEX_POINT('',#15159);
#15159 = CARTESIAN_POINT('',(124.7,131.41975031889,42.286992344553));
#15160 = SURFACE_CURVE('',#15161,(#15166,#15173),.PCURVE_S1.);
#15161 = CIRCLE('',#15162,3.);
#15162 = AXIS2_PLACEMENT_3D('',#15163,#15164,#15165);
#15163 = CARTESIAN_POINT('',(124.7,134.34865826397,42.936221309711));
#15164 = DIRECTION('',(-0.,0.216409655053,-0.976302648363));
#15165 = DIRECTION('',(0.,-0.976302648363,-0.216409655053));
#15166 = PCURVE('',#13069,#15167);
#15167 = DEFINITIONAL_REPRESENTATION('',(#15168),#15172);
#15168 = LINE('',#15169,#15170);
#15169 = CARTESIAN_POINT('',(0.,-2.));
#15170 = VECTOR('',#15171,1.);
#15171 = DIRECTION('',(1.,0.));
#15172 = ( GEOMETRIC_REPRESENTATION_CONTEXT(2) 
PARAMETRIC_REPRESENTATION_CONTEXT() REPRESENTATION_CONTEXT('2D SPACE',''
  ) );
#15173 = PCURVE('',#15099,#15174);
#15174 = DEFINITIONAL_REPRESENTATION('',(#15175),#15179);
#15175 = CIRCLE('',#15176,3.);
#15176 = AXIS2_PLACEMENT_2D('',#15177,#15178);
#15177 = CARTESIAN_POINT('',(27.,0.));
#15178 = DIRECTION('',(-0.,-1.));
#15179 = ( GEOMETRIC_REPRESENTATION_CONTEXT(2) 
PARAMETRIC_REPRESENTATION_CONTEXT() REPRESENTATION_CONTEXT('2D SPACE',''
  ) );
#15180 = ORIENTED_EDGE('',*,*,#15181,.T.);
#15181 = EDGE_CURVE('',#15158,#13023,#15182,.T.);
#15182 = SURFACE_CURVE('',#15183,(#15187,#15194),.PCURVE_S1.);
#15183 = LINE('',#15184,#15185);
#15184 = CARTESIAN_POINT('',(124.7,131.85256962899,40.334387047828));
#15185 = VECTOR('',#15186,1.);
#15186 = DIRECTION('',(0.,-0.216409655053,0.976302648363));
#15187 = PCURVE('',#13069,#15188);
#15188 = DEFINITIONAL_REPRESENTATION('',(#15189),#15193);
#15189 = LINE('',#15190,#15191);
#15190 = CARTESIAN_POINT('',(0.,0.));
#15191 = VECTOR('',#15192,1.);
#15192 = DIRECTION('',(0.,-1.));
#15193 = ( GEOMETRIC_REPRESENTATION_CONTEXT(2) 
PARAMETRIC_REPRESENTATION_CONTEXT() REPRESENTATION_CONTEXT('2D SPACE',''
  ) );
#15194 = PCURVE('',#13038,#15195);
#15195 = DEFINITIONAL_REPRESENTATION('',(#15196),#15200);
#15196 = LINE('',#15197,#15198);
#15197 = CARTESIAN_POINT('',(54.,0.));
#15198 = VECTOR('',#15199,1.);
#15199 = DIRECTION('',(0.,-1.));
#15200 = ( GEOMETRIC_REPRESENTATION_CONTEXT(2) 
PARAMETRIC_REPRESENTATION_CONTEXT() REPRESENTATION_CONTEXT('2D SPACE',''
  ) );
#15201 = ORIENTED_EDGE('',*,*,#13050,.T.);
#15202 = ORIENTED_EDGE('',*,*,#15111,.F.);
#15203 = ADVANCED_FACE('',(#15204),#13038,.F.);
#15204 = FACE_BOUND('',#15205,.F.);
#15205 = EDGE_LOOP('',(#15206,#15229,#15250,#15251));
#15206 = ORIENTED_EDGE('',*,*,#15207,.T.);
#15207 = EDGE_CURVE('',#15158,#15208,#15210,.T.);
#15208 = VERTEX_POINT('',#15209);
#15209 = CARTESIAN_POINT('',(178.7,131.41975031889,42.286992344553));
#15210 = SURFACE_CURVE('',#15211,(#15215,#15222),.PCURVE_S1.);
#15211 = LINE('',#15212,#15213);
#15212 = CARTESIAN_POINT('',(89.35,131.41975031889,42.286992344553));
#15213 = VECTOR('',#15214,1.);
#15214 = DIRECTION('',(1.,0.,0.));
#15215 = PCURVE('',#13038,#15216);
#15216 = DEFINITIONAL_REPRESENTATION('',(#15217),#15221);
#15217 = LINE('',#15218,#15219);
#15218 = CARTESIAN_POINT('',(89.35,-2.));
#15219 = VECTOR('',#15220,1.);
#15220 = DIRECTION('',(-1.,0.));
#15221 = ( GEOMETRIC_REPRESENTATION_CONTEXT(2) 
PARAMETRIC_REPRESENTATION_CONTEXT() REPRESENTATION_CONTEXT('2D SPACE',''
  ) );
#15222 = PCURVE('',#15099,#15223);
#15223 = DEFINITIONAL_REPRESENTATION('',(#15224),#15228);
#15224 = LINE('',#15225,#15226);
#15225 = CARTESIAN_POINT('',(62.35,-3.));
#15226 = VECTOR('',#15227,1.);
#15227 = DIRECTION('',(-1.,0.));
#15228 = ( GEOMETRIC_REPRESENTATION_CONTEXT(2) 
PARAMETRIC_REPRESENTATION_CONTEXT() REPRESENTATION_CONTEXT('2D SPACE',''
  ) );
#15229 = ORIENTED_EDGE('',*,*,#15230,.T.);
#15230 = EDGE_CURVE('',#15208,#12990,#15231,.T.);
#15231 = SURFACE_CURVE('',#15232,(#15236,#15243),.PCURVE_S1.);
#15232 = LINE('',#15233,#15234);
#15233 = CARTESIAN_POINT('',(178.7,131.85256962899,40.334387047828));
#15234 = VECTOR('',#15235,1.);
#15235 = DIRECTION('',(0.,-0.216409655053,0.976302648363));
#15236 = PCURVE('',#13038,#15237);
#15237 = DEFINITIONAL_REPRESENTATION('',(#15238),#15242);
#15238 = LINE('',#15239,#15240);
#15239 = CARTESIAN_POINT('',(0.,0.));
#15240 = VECTOR('',#15241,1.);
#15241 = DIRECTION('',(0.,-1.));
#15242 = ( GEOMETRIC_REPRESENTATION_CONTEXT(2) 
PARAMETRIC_REPRESENTATION_CONTEXT() REPRESENTATION_CONTEXT('2D SPACE',''
  ) );
#15243 = PCURVE('',#13010,#15244);
#15244 = DEFINITIONAL_REPRESENTATION('',(#15245),#15249);
#15245 = LINE('',#15246,#15247);
#15246 = CARTESIAN_POINT('',(3.14159265359,0.));
#15247 = VECTOR('',#15248,1.);
#15248 = DIRECTION('',(0.,-1.));
#15249 = ( GEOMETRIC_REPRESENTATION_CONTEXT(2) 
PARAMETRIC_REPRESENTATION_CONTEXT() REPRESENTATION_CONTEXT('2D SPACE',''
  ) );
#15250 = ORIENTED_EDGE('',*,*,#13022,.F.);
#15251 = ORIENTED_EDGE('',*,*,#15181,.F.);
#15252 = ADVANCED_FACE('',(#15253),#13010,.F.);
#15253 = FACE_BOUND('',#15254,.F.);
#15254 = EDGE_LOOP('',(#15255,#15277,#15278,#15279));
#15255 = ORIENTED_EDGE('',*,*,#15256,.F.);
#15256 = EDGE_CURVE('',#15082,#15208,#15257,.T.);
#15257 = SURFACE_CURVE('',#15258,(#15263,#15270),.PCURVE_S1.);
#15258 = CIRCLE('',#15259,3.);
#15259 = AXIS2_PLACEMENT_3D('',#15260,#15261,#15262);
#15260 = CARTESIAN_POINT('',(178.7,134.34865826397,42.936221309711));
#15261 = DIRECTION('',(0.,0.216409655053,-0.976302648363));
#15262 = DIRECTION('',(0.,0.976302648363,0.216409655053));
#15263 = PCURVE('',#13010,#15264);
#15264 = DEFINITIONAL_REPRESENTATION('',(#15265),#15269);
#15265 = LINE('',#15266,#15267);
#15266 = CARTESIAN_POINT('',(0.,-2.));
#15267 = VECTOR('',#15268,1.);
#15268 = DIRECTION('',(1.,0.));
#15269 = ( GEOMETRIC_REPRESENTATION_CONTEXT(2) 
PARAMETRIC_REPRESENTATION_CONTEXT() REPRESENTATION_CONTEXT('2D SPACE',''
  ) );
#15270 = PCURVE('',#15099,#15271);
#15271 = DEFINITIONAL_REPRESENTATION('',(#15272),#15276);
#15272 = CIRCLE('',#15273,3.);
#15273 = AXIS2_PLACEMENT_2D('',#15274,#15275);
#15274 = CARTESIAN_POINT('',(-27.,0.));
#15275 = DIRECTION('',(0.,1.));
#15276 = ( GEOMETRIC_REPRESENTATION_CONTEXT(2) 
PARAMETRIC_REPRESENTATION_CONTEXT() REPRESENTATION_CONTEXT('2D SPACE',''
  ) );
#15277 = ORIENTED_EDGE('',*,*,#15133,.T.);
#15278 = ORIENTED_EDGE('',*,*,#12989,.T.);
#15279 = ORIENTED_EDGE('',*,*,#15230,.F.);
#15280 = ADVANCED_FACE('',(#15281),#13330,.F.);
#15281 = FACE_BOUND('',#15282,.F.);
#15282 = EDGE_LOOP('',(#15283,#15306,#15334,#15355));
#15283 = ORIENTED_EDGE('',*,*,#15284,.F.);
#15284 = EDGE_CURVE('',#15285,#13313,#15287,.T.);
#15285 = VERTEX_POINT('',#15286);
#15286 = CARTESIAN_POINT('',(35.,4.149228965158,11.003076772104));
#15287 = SURFACE_CURVE('',#15288,(#15292,#15299),.PCURVE_S1.);
#15288 = LINE('',#15289,#15290);
#15289 = CARTESIAN_POINT('',(35.,4.149228965158,11.003076772104));
#15290 = VECTOR('',#15291,1.);
#15291 = DIRECTION('',(0.,-0.216409655053,0.976302648363));
#15292 = PCURVE('',#13330,#15293);
#15293 = DEFINITIONAL_REPRESENTATION('',(#15294),#15298);
#15294 = LINE('',#15295,#15296);
#15295 = CARTESIAN_POINT('',(0.,0.));
#15296 = VECTOR('',#15297,1.);
#15297 = DIRECTION('',(1.,1.057526724829E-17));
#15298 = ( GEOMETRIC_REPRESENTATION_CONTEXT(2) 
PARAMETRIC_REPRESENTATION_CONTEXT() REPRESENTATION_CONTEXT('2D SPACE',''
  ) );
#15299 = PCURVE('',#13412,#15300);
#15300 = DEFINITIONAL_REPRESENTATION('',(#15301),#15305);
#15301 = LINE('',#15302,#15303);
#15302 = CARTESIAN_POINT('',(0.,0.));
#15303 = VECTOR('',#15304,1.);
#15304 = DIRECTION('',(1.,0.));
#15305 = ( GEOMETRIC_REPRESENTATION_CONTEXT(2) 
PARAMETRIC_REPRESENTATION_CONTEXT() REPRESENTATION_CONTEXT('2D SPACE',''
  ) );
#15306 = ORIENTED_EDGE('',*,*,#15307,.T.);
#15307 = EDGE_CURVE('',#15285,#15308,#15310,.T.);
#15308 = VERTEX_POINT('',#15309);
#15309 = CARTESIAN_POINT('',(35.,6.882876380574,11.609023806251));
#15310 = SURFACE_CURVE('',#15311,(#15315,#15322),.PCURVE_S1.);
#15311 = LINE('',#15312,#15313);
#15312 = CARTESIAN_POINT('',(35.,4.149228965158,11.003076772104));
#15313 = VECTOR('',#15314,1.);
#15314 = DIRECTION('',(0.,0.976302648363,0.216409655053));
#15315 = PCURVE('',#13330,#15316);
#15316 = DEFINITIONAL_REPRESENTATION('',(#15317),#15321);
#15317 = LINE('',#15318,#15319);
#15318 = CARTESIAN_POINT('',(0.,0.));
#15319 = VECTOR('',#15320,1.);
#15320 = DIRECTION('',(-1.057526724829E-17,-1.));
#15321 = ( GEOMETRIC_REPRESENTATION_CONTEXT(2) 
PARAMETRIC_REPRESENTATION_CONTEXT() REPRESENTATION_CONTEXT('2D SPACE',''
  ) );
#15322 = PCURVE('',#15323,#15328);
#15323 = PLANE('',#15324);
#15324 = AXIS2_PLACEMENT_3D('',#15325,#15326,#15327);
#15325 = CARTESIAN_POINT('',(35.,4.149228965158,11.003076772104));
#15326 = DIRECTION('',(0.,-0.216409655053,0.976302648363));
#15327 = DIRECTION('',(1.,0.,0.));
#15328 = DEFINITIONAL_REPRESENTATION('',(#15329),#15333);
#15329 = LINE('',#15330,#15331);
#15330 = CARTESIAN_POINT('',(0.,0.));
#15331 = VECTOR('',#15332,1.);
#15332 = DIRECTION('',(0.,1.));
#15333 = ( GEOMETRIC_REPRESENTATION_CONTEXT(2) 
PARAMETRIC_REPRESENTATION_CONTEXT() REPRESENTATION_CONTEXT('2D SPACE',''
  ) );
#15334 = ORIENTED_EDGE('',*,*,#15335,.T.);
#15335 = EDGE_CURVE('',#15308,#13315,#15336,.T.);
#15336 = SURFACE_CURVE('',#15337,(#15341,#15348),.PCURVE_S1.);
#15337 = LINE('',#15338,#15339);
#15338 = CARTESIAN_POINT('',(35.,6.882876380574,11.609023806251));
#15339 = VECTOR('',#15340,1.);
#15340 = DIRECTION('',(0.,-0.216409655053,0.976302648363));
#15341 = PCURVE('',#13330,#15342);
#15342 = DEFINITIONAL_REPRESENTATION('',(#15343),#15347);
#15343 = LINE('',#15344,#15345);
#15344 = CARTESIAN_POINT('',(-2.881714705821E-16,-2.8));
#15345 = VECTOR('',#15346,1.);
#15346 = DIRECTION('',(1.,1.057526724829E-17));
#15347 = ( GEOMETRIC_REPRESENTATION_CONTEXT(2) 
PARAMETRIC_REPRESENTATION_CONTEXT() REPRESENTATION_CONTEXT('2D SPACE',''
  ) );
#15348 = PCURVE('',#13358,#15349);
#15349 = DEFINITIONAL_REPRESENTATION('',(#15350),#15354);
#15350 = LINE('',#15351,#15352);
#15351 = CARTESIAN_POINT('',(0.,0.));
#15352 = VECTOR('',#15353,1.);
#15353 = DIRECTION('',(1.,0.));
#15354 = ( GEOMETRIC_REPRESENTATION_CONTEXT(2) 
PARAMETRIC_REPRESENTATION_CONTEXT() REPRESENTATION_CONTEXT('2D SPACE',''
  ) );
#15355 = ORIENTED_EDGE('',*,*,#13312,.F.);
#15356 = ADVANCED_FACE('',(#15357),#13358,.T.);
#15357 = FACE_BOUND('',#15358,.T.);
#15358 = EDGE_LOOP('',(#15359,#15382,#15383,#15384));
#15359 = ORIENTED_EDGE('',*,*,#15360,.F.);
#15360 = EDGE_CURVE('',#15308,#15361,#15363,.T.);
#15361 = VERTEX_POINT('',#15362);
#15362 = CARTESIAN_POINT('',(45.,6.882876380574,11.609023806251));
#15363 = SURFACE_CURVE('',#15364,(#15368,#15375),.PCURVE_S1.);
#15364 = LINE('',#15365,#15366);
#15365 = CARTESIAN_POINT('',(35.,6.882876380574,11.609023806251));
#15366 = VECTOR('',#15367,1.);
#15367 = DIRECTION('',(1.,0.,0.));
#15368 = PCURVE('',#13358,#15369);
#15369 = DEFINITIONAL_REPRESENTATION('',(#15370),#15374);
#15370 = LINE('',#15371,#15372);
#15371 = CARTESIAN_POINT('',(0.,0.));
#15372 = VECTOR('',#15373,1.);
#15373 = DIRECTION('',(0.,1.));
#15374 = ( GEOMETRIC_REPRESENTATION_CONTEXT(2) 
PARAMETRIC_REPRESENTATION_CONTEXT() REPRESENTATION_CONTEXT('2D SPACE',''
  ) );
#15375 = PCURVE('',#15323,#15376);
#15376 = DEFINITIONAL_REPRESENTATION('',(#15377),#15381);
#15377 = LINE('',#15378,#15379);
#15378 = CARTESIAN_POINT('',(0.,2.8));
#15379 = VECTOR('',#15380,1.);
#15380 = DIRECTION('',(1.,0.));
#15381 = ( GEOMETRIC_REPRESENTATION_CONTEXT(2) 
PARAMETRIC_REPRESENTATION_CONTEXT() REPRESENTATION_CONTEXT('2D SPACE',''
  ) );
#15382 = ORIENTED_EDGE('',*,*,#15335,.T.);
#15383 = ORIENTED_EDGE('',*,*,#13342,.T.);
#15384 = ORIENTED_EDGE('',*,*,#15385,.F.);
#15385 = EDGE_CURVE('',#15361,#13343,#15386,.T.);
#15386 = SURFACE_CURVE('',#15387,(#15391,#15398),.PCURVE_S1.);
#15387 = LINE('',#15388,#15389);
#15388 = CARTESIAN_POINT('',(45.,6.882876380574,11.609023806251));
#15389 = VECTOR('',#15390,1.);
#15390 = DIRECTION('',(0.,-0.216409655053,0.976302648363));
#15391 = PCURVE('',#13358,#15392);
#15392 = DEFINITIONAL_REPRESENTATION('',(#15393),#15397);
#15393 = LINE('',#15394,#15395);
#15394 = CARTESIAN_POINT('',(0.,10.));
#15395 = VECTOR('',#15396,1.);
#15396 = DIRECTION('',(1.,0.));
#15397 = ( GEOMETRIC_REPRESENTATION_CONTEXT(2) 
PARAMETRIC_REPRESENTATION_CONTEXT() REPRESENTATION_CONTEXT('2D SPACE',''
  ) );
#15398 = PCURVE('',#13386,#15399);
#15399 = DEFINITIONAL_REPRESENTATION('',(#15400),#15404);
#15400 = LINE('',#15401,#15402);
#15401 = CARTESIAN_POINT('',(-2.881714705821E-16,-2.8));
#15402 = VECTOR('',#15403,1.);
#15403 = DIRECTION('',(1.,1.057526724829E-17));
#15404 = ( GEOMETRIC_REPRESENTATION_CONTEXT(2) 
PARAMETRIC_REPRESENTATION_CONTEXT() REPRESENTATION_CONTEXT('2D SPACE',''
  ) );
#15405 = ADVANCED_FACE('',(#15406),#13412,.F.);
#15406 = FACE_BOUND('',#15407,.F.);
#15407 = EDGE_LOOP('',(#15408,#15431,#15432,#15433));
#15408 = ORIENTED_EDGE('',*,*,#15409,.F.);
#15409 = EDGE_CURVE('',#15285,#15410,#15412,.T.);
#15410 = VERTEX_POINT('',#15411);
#15411 = CARTESIAN_POINT('',(45.,4.149228965158,11.003076772104));
#15412 = SURFACE_CURVE('',#15413,(#15417,#15424),.PCURVE_S1.);
#15413 = LINE('',#15414,#15415);
#15414 = CARTESIAN_POINT('',(35.,4.149228965158,11.003076772104));
#15415 = VECTOR('',#15416,1.);
#15416 = DIRECTION('',(1.,0.,0.));
#15417 = PCURVE('',#13412,#15418);
#15418 = DEFINITIONAL_REPRESENTATION('',(#15419),#15423);
#15419 = LINE('',#15420,#15421);
#15420 = CARTESIAN_POINT('',(0.,0.));
#15421 = VECTOR('',#15422,1.);
#15422 = DIRECTION('',(0.,1.));
#15423 = ( GEOMETRIC_REPRESENTATION_CONTEXT(2) 
PARAMETRIC_REPRESENTATION_CONTEXT() REPRESENTATION_CONTEXT('2D SPACE',''
  ) );
#15424 = PCURVE('',#15323,#15425);
#15425 = DEFINITIONAL_REPRESENTATION('',(#15426),#15430);
#15426 = LINE('',#15427,#15428);
#15427 = CARTESIAN_POINT('',(0.,0.));
#15428 = VECTOR('',#15429,1.);
#15429 = DIRECTION('',(1.,0.));
#15430 = ( GEOMETRIC_REPRESENTATION_CONTEXT(2) 
PARAMETRIC_REPRESENTATION_CONTEXT() REPRESENTATION_CONTEXT('2D SPACE',''
  ) );
#15431 = ORIENTED_EDGE('',*,*,#15284,.T.);
#15432 = ORIENTED_EDGE('',*,*,#13398,.T.);
#15433 = ORIENTED_EDGE('',*,*,#15434,.F.);
#15434 = EDGE_CURVE('',#15410,#13371,#15435,.T.);
#15435 = SURFACE_CURVE('',#15436,(#15440,#15447),.PCURVE_S1.);
#15436 = LINE('',#15437,#15438);
#15437 = CARTESIAN_POINT('',(45.,4.149228965158,11.003076772104));
#15438 = VECTOR('',#15439,1.);
#15439 = DIRECTION('',(0.,-0.216409655053,0.976302648363));
#15440 = PCURVE('',#13412,#15441);
#15441 = DEFINITIONAL_REPRESENTATION('',(#15442),#15446);
#15442 = LINE('',#15443,#15444);
#15443 = CARTESIAN_POINT('',(0.,10.));
#15444 = VECTOR('',#15445,1.);
#15445 = DIRECTION('',(1.,0.));
#15446 = ( GEOMETRIC_REPRESENTATION_CONTEXT(2) 
PARAMETRIC_REPRESENTATION_CONTEXT() REPRESENTATION_CONTEXT('2D SPACE',''
  ) );
#15447 = PCURVE('',#13386,#15448);
#15448 = DEFINITIONAL_REPRESENTATION('',(#15449),#15453);
#15449 = LINE('',#15450,#15451);
#15450 = CARTESIAN_POINT('',(0.,0.));
#15451 = VECTOR('',#15452,1.);
#15452 = DIRECTION('',(1.,1.057526724829E-17));
#15453 = ( GEOMETRIC_REPRESENTATION_CONTEXT(2) 
PARAMETRIC_REPRESENTATION_CONTEXT() REPRESENTATION_CONTEXT('2D SPACE',''
  ) );
#15454 = ADVANCED_FACE('',(#15455),#13386,.T.);
#15455 = FACE_BOUND('',#15456,.T.);
#15456 = EDGE_LOOP('',(#15457,#15458,#15479,#15480));
#15457 = ORIENTED_EDGE('',*,*,#15434,.F.);
#15458 = ORIENTED_EDGE('',*,*,#15459,.T.);
#15459 = EDGE_CURVE('',#15410,#15361,#15460,.T.);
#15460 = SURFACE_CURVE('',#15461,(#15465,#15472),.PCURVE_S1.);
#15461 = LINE('',#15462,#15463);
#15462 = CARTESIAN_POINT('',(45.,4.149228965158,11.003076772104));
#15463 = VECTOR('',#15464,1.);
#15464 = DIRECTION('',(0.,0.976302648363,0.216409655053));
#15465 = PCURVE('',#13386,#15466);
#15466 = DEFINITIONAL_REPRESENTATION('',(#15467),#15471);
#15467 = LINE('',#15468,#15469);
#15468 = CARTESIAN_POINT('',(0.,0.));
#15469 = VECTOR('',#15470,1.);
#15470 = DIRECTION('',(-1.057526724829E-17,-1.));
#15471 = ( GEOMETRIC_REPRESENTATION_CONTEXT(2) 
PARAMETRIC_REPRESENTATION_CONTEXT() REPRESENTATION_CONTEXT('2D SPACE',''
  ) );
#15472 = PCURVE('',#15323,#15473);
#15473 = DEFINITIONAL_REPRESENTATION('',(#15474),#15478);
#15474 = LINE('',#15475,#15476);
#15475 = CARTESIAN_POINT('',(10.,0.));
#15476 = VECTOR('',#15477,1.);
#15477 = DIRECTION('',(0.,1.));
#15478 = ( GEOMETRIC_REPRESENTATION_CONTEXT(2) 
PARAMETRIC_REPRESENTATION_CONTEXT() REPRESENTATION_CONTEXT('2D SPACE',''
  ) );
#15479 = ORIENTED_EDGE('',*,*,#15385,.T.);
#15480 = ORIENTED_EDGE('',*,*,#13370,.F.);
#15481 = ADVANCED_FACE('',(#15482),#13538,.F.);
#15482 = FACE_BOUND('',#15483,.F.);
#15483 = EDGE_LOOP('',(#15484,#15507,#15535,#15556));
#15484 = ORIENTED_EDGE('',*,*,#15485,.F.);
#15485 = EDGE_CURVE('',#15486,#13521,#15488,.T.);
#15486 = VERTEX_POINT('',#15487);
#15487 = CARTESIAN_POINT('',(96.13,15.850713744459,8.475494040001));
#15488 = SURFACE_CURVE('',#15489,(#15493,#15500),.PCURVE_S1.);
#15489 = LINE('',#15490,#15491);
#15490 = CARTESIAN_POINT('',(96.13,15.850713744459,8.475494040001));
#15491 = VECTOR('',#15492,1.);
#15492 = DIRECTION('',(0.,-0.216409655053,0.976302648363));
#15493 = PCURVE('',#13538,#15494);
#15494 = DEFINITIONAL_REPRESENTATION('',(#15495),#15499);
#15495 = LINE('',#15496,#15497);
#15496 = CARTESIAN_POINT('',(0.,0.));
#15497 = VECTOR('',#15498,1.);
#15498 = DIRECTION('',(1.,1.057526724829E-17));
#15499 = ( GEOMETRIC_REPRESENTATION_CONTEXT(2) 
PARAMETRIC_REPRESENTATION_CONTEXT() REPRESENTATION_CONTEXT('2D SPACE',''
  ) );
#15500 = PCURVE('',#13620,#15501);
#15501 = DEFINITIONAL_REPRESENTATION('',(#15502),#15506);
#15502 = LINE('',#15503,#15504);
#15503 = CARTESIAN_POINT('',(0.,0.));
#15504 = VECTOR('',#15505,1.);
#15505 = DIRECTION('',(1.,0.));
#15506 = ( GEOMETRIC_REPRESENTATION_CONTEXT(2) 
PARAMETRIC_REPRESENTATION_CONTEXT() REPRESENTATION_CONTEXT('2D SPACE',''
  ) );
#15507 = ORIENTED_EDGE('',*,*,#15508,.T.);
#15508 = EDGE_CURVE('',#15486,#15509,#15511,.T.);
#15509 = VERTEX_POINT('',#15510);
#15510 = CARTESIAN_POINT('',(96.13,25.613740228085,10.639590590528));
#15511 = SURFACE_CURVE('',#15512,(#15516,#15523),.PCURVE_S1.);
#15512 = LINE('',#15513,#15514);
#15513 = CARTESIAN_POINT('',(96.13,15.850713744459,8.475494040001));
#15514 = VECTOR('',#15515,1.);
#15515 = DIRECTION('',(0.,0.976302648363,0.216409655053));
#15516 = PCURVE('',#13538,#15517);
#15517 = DEFINITIONAL_REPRESENTATION('',(#15518),#15522);
#15518 = LINE('',#15519,#15520);
#15519 = CARTESIAN_POINT('',(0.,0.));
#15520 = VECTOR('',#15521,1.);
#15521 = DIRECTION('',(-1.057526724829E-17,-1.));
#15522 = ( GEOMETRIC_REPRESENTATION_CONTEXT(2) 
PARAMETRIC_REPRESENTATION_CONTEXT() REPRESENTATION_CONTEXT('2D SPACE',''
  ) );
#15523 = PCURVE('',#15524,#15529);
#15524 = PLANE('',#15525);
#15525 = AXIS2_PLACEMENT_3D('',#15526,#15527,#15528);
#15526 = CARTESIAN_POINT('',(96.13,15.850713744459,8.475494040001));
#15527 = DIRECTION('',(0.,-0.216409655053,0.976302648363));
#15528 = DIRECTION('',(1.,0.,0.));
#15529 = DEFINITIONAL_REPRESENTATION('',(#15530),#15534);
#15530 = LINE('',#15531,#15532);
#15531 = CARTESIAN_POINT('',(0.,0.));
#15532 = VECTOR('',#15533,1.);
#15533 = DIRECTION('',(0.,1.));
#15534 = ( GEOMETRIC_REPRESENTATION_CONTEXT(2) 
PARAMETRIC_REPRESENTATION_CONTEXT() REPRESENTATION_CONTEXT('2D SPACE',''
  ) );
#15535 = ORIENTED_EDGE('',*,*,#15536,.T.);
#15536 = EDGE_CURVE('',#15509,#13523,#15537,.T.);
#15537 = SURFACE_CURVE('',#15538,(#15542,#15549),.PCURVE_S1.);
#15538 = LINE('',#15539,#15540);
#15539 = CARTESIAN_POINT('',(96.13,25.613740228085,10.639590590528));
#15540 = VECTOR('',#15541,1.);
#15541 = DIRECTION('',(0.,-0.216409655053,0.976302648363));
#15542 = PCURVE('',#13538,#15543);
#15543 = DEFINITIONAL_REPRESENTATION('',(#15544),#15548);
#15544 = LINE('',#15545,#15546);
#15545 = CARTESIAN_POINT('',(6.635106411316E-16,-10.));
#15546 = VECTOR('',#15547,1.);
#15547 = DIRECTION('',(1.,1.057526724829E-17));
#15548 = ( GEOMETRIC_REPRESENTATION_CONTEXT(2) 
PARAMETRIC_REPRESENTATION_CONTEXT() REPRESENTATION_CONTEXT('2D SPACE',''
  ) );
#15549 = PCURVE('',#13566,#15550);
#15550 = DEFINITIONAL_REPRESENTATION('',(#15551),#15555);
#15551 = LINE('',#15552,#15553);
#15552 = CARTESIAN_POINT('',(0.,0.));
#15553 = VECTOR('',#15554,1.);
#15554 = DIRECTION('',(1.,0.));
#15555 = ( GEOMETRIC_REPRESENTATION_CONTEXT(2) 
PARAMETRIC_REPRESENTATION_CONTEXT() REPRESENTATION_CONTEXT('2D SPACE',''
  ) );
#15556 = ORIENTED_EDGE('',*,*,#13520,.F.);
#15557 = ADVANCED_FACE('',(#15558),#13566,.T.);
#15558 = FACE_BOUND('',#15559,.T.);
#15559 = EDGE_LOOP('',(#15560,#15583,#15584,#15585));
#15560 = ORIENTED_EDGE('',*,*,#15561,.F.);
#15561 = EDGE_CURVE('',#15509,#15562,#15564,.T.);
#15562 = VERTEX_POINT('',#15563);
#15563 = CARTESIAN_POINT('',(106.13,25.613740228085,10.639590590528));
#15564 = SURFACE_CURVE('',#15565,(#15569,#15576),.PCURVE_S1.);
#15565 = LINE('',#15566,#15567);
#15566 = CARTESIAN_POINT('',(96.13,25.613740228085,10.639590590528));
#15567 = VECTOR('',#15568,1.);
#15568 = DIRECTION('',(1.,0.,0.));
#15569 = PCURVE('',#13566,#15570);
#15570 = DEFINITIONAL_REPRESENTATION('',(#15571),#15575);
#15571 = LINE('',#15572,#15573);
#15572 = CARTESIAN_POINT('',(0.,0.));
#15573 = VECTOR('',#15574,1.);
#15574 = DIRECTION('',(0.,1.));
#15575 = ( GEOMETRIC_REPRESENTATION_CONTEXT(2) 
PARAMETRIC_REPRESENTATION_CONTEXT() REPRESENTATION_CONTEXT('2D SPACE',''
  ) );
#15576 = PCURVE('',#15524,#15577);
#15577 = DEFINITIONAL_REPRESENTATION('',(#15578),#15582);
#15578 = LINE('',#15579,#15580);
#15579 = CARTESIAN_POINT('',(0.,10.));
#15580 = VECTOR('',#15581,1.);
#15581 = DIRECTION('',(1.,0.));
#15582 = ( GEOMETRIC_REPRESENTATION_CONTEXT(2) 
PARAMETRIC_REPRESENTATION_CONTEXT() REPRESENTATION_CONTEXT('2D SPACE',''
  ) );
#15583 = ORIENTED_EDGE('',*,*,#15536,.T.);
#15584 = ORIENTED_EDGE('',*,*,#13550,.T.);
#15585 = ORIENTED_EDGE('',*,*,#15586,.F.);
#15586 = EDGE_CURVE('',#15562,#13551,#15587,.T.);
#15587 = SURFACE_CURVE('',#15588,(#15592,#15599),.PCURVE_S1.);
#15588 = LINE('',#15589,#15590);
#15589 = CARTESIAN_POINT('',(106.13,25.613740228085,10.639590590528));
#15590 = VECTOR('',#15591,1.);
#15591 = DIRECTION('',(0.,-0.216409655053,0.976302648363));
#15592 = PCURVE('',#13566,#15593);
#15593 = DEFINITIONAL_REPRESENTATION('',(#15594),#15598);
#15594 = LINE('',#15595,#15596);
#15595 = CARTESIAN_POINT('',(0.,10.));
#15596 = VECTOR('',#15597,1.);
#15597 = DIRECTION('',(1.,0.));
#15598 = ( GEOMETRIC_REPRESENTATION_CONTEXT(2) 
PARAMETRIC_REPRESENTATION_CONTEXT() REPRESENTATION_CONTEXT('2D SPACE',''
  ) );
#15599 = PCURVE('',#13594,#15600);
#15600 = DEFINITIONAL_REPRESENTATION('',(#15601),#15605);
#15601 = LINE('',#15602,#15603);
#15602 = CARTESIAN_POINT('',(6.635106411316E-16,-10.));
#15603 = VECTOR('',#15604,1.);
#15604 = DIRECTION('',(1.,1.057526724829E-17));
#15605 = ( GEOMETRIC_REPRESENTATION_CONTEXT(2) 
PARAMETRIC_REPRESENTATION_CONTEXT() REPRESENTATION_CONTEXT('2D SPACE',''
  ) );
#15606 = ADVANCED_FACE('',(#15607),#13620,.F.);
#15607 = FACE_BOUND('',#15608,.F.);
#15608 = EDGE_LOOP('',(#15609,#15632,#15633,#15634));
#15609 = ORIENTED_EDGE('',*,*,#15610,.F.);
#15610 = EDGE_CURVE('',#15486,#15611,#15613,.T.);
#15611 = VERTEX_POINT('',#15612);
#15612 = CARTESIAN_POINT('',(106.13,15.850713744459,8.475494040001));
#15613 = SURFACE_CURVE('',#15614,(#15618,#15625),.PCURVE_S1.);
#15614 = LINE('',#15615,#15616);
#15615 = CARTESIAN_POINT('',(96.13,15.850713744459,8.475494040001));
#15616 = VECTOR('',#15617,1.);
#15617 = DIRECTION('',(1.,0.,0.));
#15618 = PCURVE('',#13620,#15619);
#15619 = DEFINITIONAL_REPRESENTATION('',(#15620),#15624);
#15620 = LINE('',#15621,#15622);
#15621 = CARTESIAN_POINT('',(0.,0.));
#15622 = VECTOR('',#15623,1.);
#15623 = DIRECTION('',(0.,1.));
#15624 = ( GEOMETRIC_REPRESENTATION_CONTEXT(2) 
PARAMETRIC_REPRESENTATION_CONTEXT() REPRESENTATION_CONTEXT('2D SPACE',''
  ) );
#15625 = PCURVE('',#15524,#15626);
#15626 = DEFINITIONAL_REPRESENTATION('',(#15627),#15631);
#15627 = LINE('',#15628,#15629);
#15628 = CARTESIAN_POINT('',(0.,0.));
#15629 = VECTOR('',#15630,1.);
#15630 = DIRECTION('',(1.,0.));
#15631 = ( GEOMETRIC_REPRESENTATION_CONTEXT(2) 
PARAMETRIC_REPRESENTATION_CONTEXT() REPRESENTATION_CONTEXT('2D SPACE',''
  ) );
#15632 = ORIENTED_EDGE('',*,*,#15485,.T.);
#15633 = ORIENTED_EDGE('',*,*,#13606,.T.);
#15634 = ORIENTED_EDGE('',*,*,#15635,.F.);
#15635 = EDGE_CURVE('',#15611,#13579,#15636,.T.);
#15636 = SURFACE_CURVE('',#15637,(#15641,#15648),.PCURVE_S1.);
#15637 = LINE('',#15638,#15639);
#15638 = CARTESIAN_POINT('',(106.13,15.850713744459,8.475494040001));
#15639 = VECTOR('',#15640,1.);
#15640 = DIRECTION('',(0.,-0.216409655053,0.976302648363));
#15641 = PCURVE('',#13620,#15642);
#15642 = DEFINITIONAL_REPRESENTATION('',(#15643),#15647);
#15643 = LINE('',#15644,#15645);
#15644 = CARTESIAN_POINT('',(0.,10.));
#15645 = VECTOR('',#15646,1.);
#15646 = DIRECTION('',(1.,0.));
#15647 = ( GEOMETRIC_REPRESENTATION_CONTEXT(2) 
PARAMETRIC_REPRESENTATION_CONTEXT() REPRESENTATION_CONTEXT('2D SPACE',''
  ) );
#15648 = PCURVE('',#13594,#15649);
#15649 = DEFINITIONAL_REPRESENTATION('',(#15650),#15654);
#15650 = LINE('',#15651,#15652);
#15651 = CARTESIAN_POINT('',(0.,0.));
#15652 = VECTOR('',#15653,1.);
#15653 = DIRECTION('',(1.,1.057526724829E-17));
#15654 = ( GEOMETRIC_REPRESENTATION_CONTEXT(2) 
PARAMETRIC_REPRESENTATION_CONTEXT() REPRESENTATION_CONTEXT('2D SPACE',''
  ) );
#15655 = ADVANCED_FACE('',(#15656),#13594,.T.);
#15656 = FACE_BOUND('',#15657,.T.);
#15657 = EDGE_LOOP('',(#15658,#15659,#15680,#15681));
#15658 = ORIENTED_EDGE('',*,*,#15635,.F.);
#15659 = ORIENTED_EDGE('',*,*,#15660,.T.);
#15660 = EDGE_CURVE('',#15611,#15562,#15661,.T.);
#15661 = SURFACE_CURVE('',#15662,(#15666,#15673),.PCURVE_S1.);
#15662 = LINE('',#15663,#15664);
#15663 = CARTESIAN_POINT('',(106.13,15.850713744459,8.475494040001));
#15664 = VECTOR('',#15665,1.);
#15665 = DIRECTION('',(0.,0.976302648363,0.216409655053));
#15666 = PCURVE('',#13594,#15667);
#15667 = DEFINITIONAL_REPRESENTATION('',(#15668),#15672);
#15668 = LINE('',#15669,#15670);
#15669 = CARTESIAN_POINT('',(0.,0.));
#15670 = VECTOR('',#15671,1.);
#15671 = DIRECTION('',(-1.057526724829E-17,-1.));
#15672 = ( GEOMETRIC_REPRESENTATION_CONTEXT(2) 
PARAMETRIC_REPRESENTATION_CONTEXT() REPRESENTATION_CONTEXT('2D SPACE',''
  ) );
#15673 = PCURVE('',#15524,#15674);
#15674 = DEFINITIONAL_REPRESENTATION('',(#15675),#15679);
#15675 = LINE('',#15676,#15677);
#15676 = CARTESIAN_POINT('',(10.,0.));
#15677 = VECTOR('',#15678,1.);
#15678 = DIRECTION('',(0.,1.));
#15679 = ( GEOMETRIC_REPRESENTATION_CONTEXT(2) 
PARAMETRIC_REPRESENTATION_CONTEXT() REPRESENTATION_CONTEXT('2D SPACE',''
  ) );
#15680 = ORIENTED_EDGE('',*,*,#15586,.T.);
#15681 = ORIENTED_EDGE('',*,*,#13578,.F.);
#15682 = ADVANCED_FACE('',(#15683),#13652,.F.);
#15683 = FACE_BOUND('',#15684,.F.);
#15684 = EDGE_LOOP('',(#15685,#15708,#15736,#15757));
#15685 = ORIENTED_EDGE('',*,*,#15686,.F.);
#15686 = EDGE_CURVE('',#15687,#13635,#15689,.T.);
#15687 = VERTEX_POINT('',#15688);
#15688 = CARTESIAN_POINT('',(160.,4.149228965158,11.003076772104));
#15689 = SURFACE_CURVE('',#15690,(#15694,#15701),.PCURVE_S1.);
#15690 = LINE('',#15691,#15692);
#15691 = CARTESIAN_POINT('',(160.,4.149228965158,11.003076772104));
#15692 = VECTOR('',#15693,1.);
#15693 = DIRECTION('',(0.,-0.216409655053,0.976302648363));
#15694 = PCURVE('',#13652,#15695);
#15695 = DEFINITIONAL_REPRESENTATION('',(#15696),#15700);
#15696 = LINE('',#15697,#15698);
#15697 = CARTESIAN_POINT('',(0.,0.));
#15698 = VECTOR('',#15699,1.);
#15699 = DIRECTION('',(1.,1.057526724829E-17));
#15700 = ( GEOMETRIC_REPRESENTATION_CONTEXT(2) 
PARAMETRIC_REPRESENTATION_CONTEXT() REPRESENTATION_CONTEXT('2D SPACE',''
  ) );
#15701 = PCURVE('',#13734,#15702);
#15702 = DEFINITIONAL_REPRESENTATION('',(#15703),#15707);
#15703 = LINE('',#15704,#15705);
#15704 = CARTESIAN_POINT('',(0.,0.));
#15705 = VECTOR('',#15706,1.);
#15706 = DIRECTION('',(1.,0.));
#15707 = ( GEOMETRIC_REPRESENTATION_CONTEXT(2) 
PARAMETRIC_REPRESENTATION_CONTEXT() REPRESENTATION_CONTEXT('2D SPACE',''
  ) );
#15708 = ORIENTED_EDGE('',*,*,#15709,.T.);
#15709 = EDGE_CURVE('',#15687,#15710,#15712,.T.);
#15710 = VERTEX_POINT('',#15711);
#15711 = CARTESIAN_POINT('',(160.,6.882876380574,11.609023806251));
#15712 = SURFACE_CURVE('',#15713,(#15717,#15724),.PCURVE_S1.);
#15713 = LINE('',#15714,#15715);
#15714 = CARTESIAN_POINT('',(160.,4.149228965158,11.003076772104));
#15715 = VECTOR('',#15716,1.);
#15716 = DIRECTION('',(0.,0.976302648363,0.216409655053));
#15717 = PCURVE('',#13652,#15718);
#15718 = DEFINITIONAL_REPRESENTATION('',(#15719),#15723);
#15719 = LINE('',#15720,#15721);
#15720 = CARTESIAN_POINT('',(0.,0.));
#15721 = VECTOR('',#15722,1.);
#15722 = DIRECTION('',(-1.057526724829E-17,-1.));
#15723 = ( GEOMETRIC_REPRESENTATION_CONTEXT(2) 
PARAMETRIC_REPRESENTATION_CONTEXT() REPRESENTATION_CONTEXT('2D SPACE',''
  ) );
#15724 = PCURVE('',#15725,#15730);
#15725 = PLANE('',#15726);
#15726 = AXIS2_PLACEMENT_3D('',#15727,#15728,#15729);
#15727 = CARTESIAN_POINT('',(160.,4.149228965158,11.003076772104));
#15728 = DIRECTION('',(0.,-0.216409655053,0.976302648363));
#15729 = DIRECTION('',(1.,0.,0.));
#15730 = DEFINITIONAL_REPRESENTATION('',(#15731),#15735);
#15731 = LINE('',#15732,#15733);
#15732 = CARTESIAN_POINT('',(0.,0.));
#15733 = VECTOR('',#15734,1.);
#15734 = DIRECTION('',(0.,1.));
#15735 = ( GEOMETRIC_REPRESENTATION_CONTEXT(2) 
PARAMETRIC_REPRESENTATION_CONTEXT() REPRESENTATION_CONTEXT('2D SPACE',''
  ) );
#15736 = ORIENTED_EDGE('',*,*,#15737,.T.);
#15737 = EDGE_CURVE('',#15710,#13637,#15738,.T.);
#15738 = SURFACE_CURVE('',#15739,(#15743,#15750),.PCURVE_S1.);
#15739 = LINE('',#15740,#15741);
#15740 = CARTESIAN_POINT('',(160.,6.882876380574,11.609023806251));
#15741 = VECTOR('',#15742,1.);
#15742 = DIRECTION('',(0.,-0.216409655053,0.976302648363));
#15743 = PCURVE('',#13652,#15744);
#15744 = DEFINITIONAL_REPRESENTATION('',(#15745),#15749);
#15745 = LINE('',#15746,#15747);
#15746 = CARTESIAN_POINT('',(-2.881714705821E-16,-2.8));
#15747 = VECTOR('',#15748,1.);
#15748 = DIRECTION('',(1.,1.057526724829E-17));
#15749 = ( GEOMETRIC_REPRESENTATION_CONTEXT(2) 
PARAMETRIC_REPRESENTATION_CONTEXT() REPRESENTATION_CONTEXT('2D SPACE',''
  ) );
#15750 = PCURVE('',#13680,#15751);
#15751 = DEFINITIONAL_REPRESENTATION('',(#15752),#15756);
#15752 = LINE('',#15753,#15754);
#15753 = CARTESIAN_POINT('',(0.,0.));
#15754 = VECTOR('',#15755,1.);
#15755 = DIRECTION('',(1.,0.));
#15756 = ( GEOMETRIC_REPRESENTATION_CONTEXT(2) 
PARAMETRIC_REPRESENTATION_CONTEXT() REPRESENTATION_CONTEXT('2D SPACE',''
  ) );
#15757 = ORIENTED_EDGE('',*,*,#13634,.F.);
#15758 = ADVANCED_FACE('',(#15759),#13680,.T.);
#15759 = FACE_BOUND('',#15760,.T.);
#15760 = EDGE_LOOP('',(#15761,#15784,#15785,#15786));
#15761 = ORIENTED_EDGE('',*,*,#15762,.F.);
#15762 = EDGE_CURVE('',#15710,#15763,#15765,.T.);
#15763 = VERTEX_POINT('',#15764);
#15764 = CARTESIAN_POINT('',(170.,6.882876380574,11.609023806251));
#15765 = SURFACE_CURVE('',#15766,(#15770,#15777),.PCURVE_S1.);
#15766 = LINE('',#15767,#15768);
#15767 = CARTESIAN_POINT('',(160.,6.882876380574,11.609023806251));
#15768 = VECTOR('',#15769,1.);
#15769 = DIRECTION('',(1.,0.,0.));
#15770 = PCURVE('',#13680,#15771);
#15771 = DEFINITIONAL_REPRESENTATION('',(#15772),#15776);
#15772 = LINE('',#15773,#15774);
#15773 = CARTESIAN_POINT('',(0.,0.));
#15774 = VECTOR('',#15775,1.);
#15775 = DIRECTION('',(0.,1.));
#15776 = ( GEOMETRIC_REPRESENTATION_CONTEXT(2) 
PARAMETRIC_REPRESENTATION_CONTEXT() REPRESENTATION_CONTEXT('2D SPACE',''
  ) );
#15777 = PCURVE('',#15725,#15778);
#15778 = DEFINITIONAL_REPRESENTATION('',(#15779),#15783);
#15779 = LINE('',#15780,#15781);
#15780 = CARTESIAN_POINT('',(0.,2.8));
#15781 = VECTOR('',#15782,1.);
#15782 = DIRECTION('',(1.,0.));
#15783 = ( GEOMETRIC_REPRESENTATION_CONTEXT(2) 
PARAMETRIC_REPRESENTATION_CONTEXT() REPRESENTATION_CONTEXT('2D SPACE',''
  ) );
#15784 = ORIENTED_EDGE('',*,*,#15737,.T.);
#15785 = ORIENTED_EDGE('',*,*,#13664,.T.);
#15786 = ORIENTED_EDGE('',*,*,#15787,.F.);
#15787 = EDGE_CURVE('',#15763,#13665,#15788,.T.);
#15788 = SURFACE_CURVE('',#15789,(#15793,#15800),.PCURVE_S1.);
#15789 = LINE('',#15790,#15791);
#15790 = CARTESIAN_POINT('',(170.,6.882876380574,11.609023806251));
#15791 = VECTOR('',#15792,1.);
#15792 = DIRECTION('',(0.,-0.216409655053,0.976302648363));
#15793 = PCURVE('',#13680,#15794);
#15794 = DEFINITIONAL_REPRESENTATION('',(#15795),#15799);
#15795 = LINE('',#15796,#15797);
#15796 = CARTESIAN_POINT('',(0.,10.));
#15797 = VECTOR('',#15798,1.);
#15798 = DIRECTION('',(1.,0.));
#15799 = ( GEOMETRIC_REPRESENTATION_CONTEXT(2) 
PARAMETRIC_REPRESENTATION_CONTEXT() REPRESENTATION_CONTEXT('2D SPACE',''
  ) );
#15800 = PCURVE('',#13708,#15801);
#15801 = DEFINITIONAL_REPRESENTATION('',(#15802),#15806);
#15802 = LINE('',#15803,#15804);
#15803 = CARTESIAN_POINT('',(-2.881714705821E-16,-2.8));
#15804 = VECTOR('',#15805,1.);
#15805 = DIRECTION('',(1.,1.057526724829E-17));
#15806 = ( GEOMETRIC_REPRESENTATION_CONTEXT(2) 
PARAMETRIC_REPRESENTATION_CONTEXT() REPRESENTATION_CONTEXT('2D SPACE',''
  ) );
#15807 = ADVANCED_FACE('',(#15808),#13734,.F.);
#15808 = FACE_BOUND('',#15809,.F.);
#15809 = EDGE_LOOP('',(#15810,#15833,#15834,#15835));
#15810 = ORIENTED_EDGE('',*,*,#15811,.F.);
#15811 = EDGE_CURVE('',#15687,#15812,#15814,.T.);
#15812 = VERTEX_POINT('',#15813);
#15813 = CARTESIAN_POINT('',(170.,4.149228965158,11.003076772104));
#15814 = SURFACE_CURVE('',#15815,(#15819,#15826),.PCURVE_S1.);
#15815 = LINE('',#15816,#15817);
#15816 = CARTESIAN_POINT('',(160.,4.149228965158,11.003076772104));
#15817 = VECTOR('',#15818,1.);
#15818 = DIRECTION('',(1.,0.,0.));
#15819 = PCURVE('',#13734,#15820);
#15820 = DEFINITIONAL_REPRESENTATION('',(#15821),#15825);
#15821 = LINE('',#15822,#15823);
#15822 = CARTESIAN_POINT('',(0.,0.));
#15823 = VECTOR('',#15824,1.);
#15824 = DIRECTION('',(0.,1.));
#15825 = ( GEOMETRIC_REPRESENTATION_CONTEXT(2) 
PARAMETRIC_REPRESENTATION_CONTEXT() REPRESENTATION_CONTEXT('2D SPACE',''
  ) );
#15826 = PCURVE('',#15725,#15827);
#15827 = DEFINITIONAL_REPRESENTATION('',(#15828),#15832);
#15828 = LINE('',#15829,#15830);
#15829 = CARTESIAN_POINT('',(0.,0.));
#15830 = VECTOR('',#15831,1.);
#15831 = DIRECTION('',(1.,0.));
#15832 = ( GEOMETRIC_REPRESENTATION_CONTEXT(2) 
PARAMETRIC_REPRESENTATION_CONTEXT() REPRESENTATION_CONTEXT('2D SPACE',''
  ) );
#15833 = ORIENTED_EDGE('',*,*,#15686,.T.);
#15834 = ORIENTED_EDGE('',*,*,#13720,.T.);
#15835 = ORIENTED_EDGE('',*,*,#15836,.F.);
#15836 = EDGE_CURVE('',#15812,#13693,#15837,.T.);
#15837 = SURFACE_CURVE('',#15838,(#15842,#15849),.PCURVE_S1.);
#15838 = LINE('',#15839,#15840);
#15839 = CARTESIAN_POINT('',(170.,4.149228965158,11.003076772104));
#15840 = VECTOR('',#15841,1.);
#15841 = DIRECTION('',(0.,-0.216409655053,0.976302648363));
#15842 = PCURVE('',#13734,#15843);
#15843 = DEFINITIONAL_REPRESENTATION('',(#15844),#15848);
#15844 = LINE('',#15845,#15846);
#15845 = CARTESIAN_POINT('',(0.,10.));
#15846 = VECTOR('',#15847,1.);
#15847 = DIRECTION('',(1.,0.));
#15848 = ( GEOMETRIC_REPRESENTATION_CONTEXT(2) 
PARAMETRIC_REPRESENTATION_CONTEXT() REPRESENTATION_CONTEXT('2D SPACE',''
  ) );
#15849 = PCURVE('',#13708,#15850);
#15850 = DEFINITIONAL_REPRESENTATION('',(#15851),#15855);
#15851 = LINE('',#15852,#15853);
#15852 = CARTESIAN_POINT('',(0.,0.));
#15853 = VECTOR('',#15854,1.);
#15854 = DIRECTION('',(1.,1.057526724829E-17));
#15855 = ( GEOMETRIC_REPRESENTATION_CONTEXT(2) 
PARAMETRIC_REPRESENTATION_CONTEXT() REPRESENTATION_CONTEXT('2D SPACE',''
  ) );
#15856 = ADVANCED_FACE('',(#15857),#13708,.T.);
#15857 = FACE_BOUND('',#15858,.T.);
#15858 = EDGE_LOOP('',(#15859,#15860,#15881,#15882));
#15859 = ORIENTED_EDGE('',*,*,#15836,.F.);
#15860 = ORIENTED_EDGE('',*,*,#15861,.T.);
#15861 = EDGE_CURVE('',#15812,#15763,#15862,.T.);
#15862 = SURFACE_CURVE('',#15863,(#15867,#15874),.PCURVE_S1.);
#15863 = LINE('',#15864,#15865);
#15864 = CARTESIAN_POINT('',(170.,4.149228965158,11.003076772104));
#15865 = VECTOR('',#15866,1.);
#15866 = DIRECTION('',(0.,0.976302648363,0.216409655053));
#15867 = PCURVE('',#13708,#15868);
#15868 = DEFINITIONAL_REPRESENTATION('',(#15869),#15873);
#15869 = LINE('',#15870,#15871);
#15870 = CARTESIAN_POINT('',(0.,0.));
#15871 = VECTOR('',#15872,1.);
#15872 = DIRECTION('',(-1.057526724829E-17,-1.));
#15873 = ( GEOMETRIC_REPRESENTATION_CONTEXT(2) 
PARAMETRIC_REPRESENTATION_CONTEXT() REPRESENTATION_CONTEXT('2D SPACE',''
  ) );
#15874 = PCURVE('',#15725,#15875);
#15875 = DEFINITIONAL_REPRESENTATION('',(#15876),#15880);
#15876 = LINE('',#15877,#15878);
#15877 = CARTESIAN_POINT('',(10.,0.));
#15878 = VECTOR('',#15879,1.);
#15879 = DIRECTION('',(0.,1.));
#15880 = ( GEOMETRIC_REPRESENTATION_CONTEXT(2) 
PARAMETRIC_REPRESENTATION_CONTEXT() REPRESENTATION_CONTEXT('2D SPACE',''
  ) );
#15881 = ORIENTED_EDGE('',*,*,#15787,.T.);
#15882 = ORIENTED_EDGE('',*,*,#13692,.F.);
#15883 = ADVANCED_FACE('',(#15884),#13860,.F.);
#15884 = FACE_BOUND('',#15885,.F.);
#15885 = EDGE_LOOP('',(#15886,#15909,#15937,#15958));
#15886 = ORIENTED_EDGE('',*,*,#15887,.F.);
#15887 = EDGE_CURVE('',#15888,#13843,#15890,.T.);
#15888 = VERTEX_POINT('',#15889);
#15889 = CARTESIAN_POINT('',(3.5,134.85071374445,34.85332779315));
#15890 = SURFACE_CURVE('',#15891,(#15895,#15902),.PCURVE_S1.);
#15891 = LINE('',#15892,#15893);
#15892 = CARTESIAN_POINT('',(3.5,134.85071374445,34.85332779315));
#15893 = VECTOR('',#15894,1.);
#15894 = DIRECTION('',(0.,-0.216409655053,0.976302648363));
#15895 = PCURVE('',#13860,#15896);
#15896 = DEFINITIONAL_REPRESENTATION('',(#15897),#15901);
#15897 = LINE('',#15898,#15899);
#15898 = CARTESIAN_POINT('',(0.,0.));
#15899 = VECTOR('',#15900,1.);
#15900 = DIRECTION('',(1.,1.057526724829E-17));
#15901 = ( GEOMETRIC_REPRESENTATION_CONTEXT(2) 
PARAMETRIC_REPRESENTATION_CONTEXT() REPRESENTATION_CONTEXT('2D SPACE',''
  ) );
#15902 = PCURVE('',#13942,#15903);
#15903 = DEFINITIONAL_REPRESENTATION('',(#15904),#15908);
#15904 = LINE('',#15905,#15906);
#15905 = CARTESIAN_POINT('',(0.,0.));
#15906 = VECTOR('',#15907,1.);
#15907 = DIRECTION('',(1.,0.));
#15908 = ( GEOMETRIC_REPRESENTATION_CONTEXT(2) 
PARAMETRIC_REPRESENTATION_CONTEXT() REPRESENTATION_CONTEXT('2D SPACE',''
  ) );
#15909 = ORIENTED_EDGE('',*,*,#15910,.T.);
#15910 = EDGE_CURVE('',#15888,#15911,#15913,.T.);
#15911 = VERTEX_POINT('',#15912);
#15912 = CARTESIAN_POINT('',(3.5,144.61374022808,37.017424343677));
#15913 = SURFACE_CURVE('',#15914,(#15918,#15925),.PCURVE_S1.);
#15914 = LINE('',#15915,#15916);
#15915 = CARTESIAN_POINT('',(3.5,134.85071374445,34.85332779315));
#15916 = VECTOR('',#15917,1.);
#15917 = DIRECTION('',(0.,0.976302648363,0.216409655053));
#15918 = PCURVE('',#13860,#15919);
#15919 = DEFINITIONAL_REPRESENTATION('',(#15920),#15924);
#15920 = LINE('',#15921,#15922);
#15921 = CARTESIAN_POINT('',(0.,0.));
#15922 = VECTOR('',#15923,1.);
#15923 = DIRECTION('',(-1.057526724829E-17,-1.));
#15924 = ( GEOMETRIC_REPRESENTATION_CONTEXT(2) 
PARAMETRIC_REPRESENTATION_CONTEXT() REPRESENTATION_CONTEXT('2D SPACE',''
  ) );
#15925 = PCURVE('',#15926,#15931);
#15926 = PLANE('',#15927);
#15927 = AXIS2_PLACEMENT_3D('',#15928,#15929,#15930);
#15928 = CARTESIAN_POINT('',(3.5,134.85071374445,34.85332779315));
#15929 = DIRECTION('',(0.,-0.216409655053,0.976302648363));
#15930 = DIRECTION('',(1.,0.,0.));
#15931 = DEFINITIONAL_REPRESENTATION('',(#15932),#15936);
#15932 = LINE('',#15933,#15934);
#15933 = CARTESIAN_POINT('',(0.,0.));
#15934 = VECTOR('',#15935,1.);
#15935 = DIRECTION('',(0.,1.));
#15936 = ( GEOMETRIC_REPRESENTATION_CONTEXT(2) 
PARAMETRIC_REPRESENTATION_CONTEXT() REPRESENTATION_CONTEXT('2D SPACE',''
  ) );
#15937 = ORIENTED_EDGE('',*,*,#15938,.T.);
#15938 = EDGE_CURVE('',#15911,#13845,#15939,.T.);
#15939 = SURFACE_CURVE('',#15940,(#15944,#15951),.PCURVE_S1.);
#15940 = LINE('',#15941,#15942);
#15941 = CARTESIAN_POINT('',(3.5,144.61374022808,37.017424343677));
#15942 = VECTOR('',#15943,1.);
#15943 = DIRECTION('',(0.,-0.216409655053,0.976302648363));
#15944 = PCURVE('',#13860,#15945);
#15945 = DEFINITIONAL_REPRESENTATION('',(#15946),#15950);
#15946 = LINE('',#15947,#15948);
#15947 = CARTESIAN_POINT('',(3.772135110082E-15,-10.));
#15948 = VECTOR('',#15949,1.);
#15949 = DIRECTION('',(1.,1.057526724829E-17));
#15950 = ( GEOMETRIC_REPRESENTATION_CONTEXT(2) 
PARAMETRIC_REPRESENTATION_CONTEXT() REPRESENTATION_CONTEXT('2D SPACE',''
  ) );
#15951 = PCURVE('',#13888,#15952);
#15952 = DEFINITIONAL_REPRESENTATION('',(#15953),#15957);
#15953 = LINE('',#15954,#15955);
#15954 = CARTESIAN_POINT('',(0.,0.));
#15955 = VECTOR('',#15956,1.);
#15956 = DIRECTION('',(1.,0.));
#15957 = ( GEOMETRIC_REPRESENTATION_CONTEXT(2) 
PARAMETRIC_REPRESENTATION_CONTEXT() REPRESENTATION_CONTEXT('2D SPACE',''
  ) );
#15958 = ORIENTED_EDGE('',*,*,#13842,.F.);
#15959 = ADVANCED_FACE('',(#15960),#13888,.T.);
#15960 = FACE_BOUND('',#15961,.T.);
#15961 = EDGE_LOOP('',(#15962,#15985,#15986,#15987));
#15962 = ORIENTED_EDGE('',*,*,#15963,.F.);
#15963 = EDGE_CURVE('',#15911,#15964,#15966,.T.);
#15964 = VERTEX_POINT('',#15965);
#15965 = CARTESIAN_POINT('',(13.5,144.61374022808,37.017424343677));
#15966 = SURFACE_CURVE('',#15967,(#15971,#15978),.PCURVE_S1.);
#15967 = LINE('',#15968,#15969);
#15968 = CARTESIAN_POINT('',(3.5,144.61374022808,37.017424343677));
#15969 = VECTOR('',#15970,1.);
#15970 = DIRECTION('',(1.,0.,0.));
#15971 = PCURVE('',#13888,#15972);
#15972 = DEFINITIONAL_REPRESENTATION('',(#15973),#15977);
#15973 = LINE('',#15974,#15975);
#15974 = CARTESIAN_POINT('',(0.,0.));
#15975 = VECTOR('',#15976,1.);
#15976 = DIRECTION('',(0.,1.));
#15977 = ( GEOMETRIC_REPRESENTATION_CONTEXT(2) 
PARAMETRIC_REPRESENTATION_CONTEXT() REPRESENTATION_CONTEXT('2D SPACE',''
  ) );
#15978 = PCURVE('',#15926,#15979);
#15979 = DEFINITIONAL_REPRESENTATION('',(#15980),#15984);
#15980 = LINE('',#15981,#15982);
#15981 = CARTESIAN_POINT('',(0.,10.));
#15982 = VECTOR('',#15983,1.);
#15983 = DIRECTION('',(1.,0.));
#15984 = ( GEOMETRIC_REPRESENTATION_CONTEXT(2) 
PARAMETRIC_REPRESENTATION_CONTEXT() REPRESENTATION_CONTEXT('2D SPACE',''
  ) );
#15985 = ORIENTED_EDGE('',*,*,#15938,.T.);
#15986 = ORIENTED_EDGE('',*,*,#13872,.T.);
#15987 = ORIENTED_EDGE('',*,*,#15988,.F.);
#15988 = EDGE_CURVE('',#15964,#13873,#15989,.T.);
#15989 = SURFACE_CURVE('',#15990,(#15994,#16001),.PCURVE_S1.);
#15990 = LINE('',#15991,#15992);
#15991 = CARTESIAN_POINT('',(13.5,144.61374022808,37.017424343677));
#15992 = VECTOR('',#15993,1.);
#15993 = DIRECTION('',(0.,-0.216409655053,0.976302648363));
#15994 = PCURVE('',#13888,#15995);
#15995 = DEFINITIONAL_REPRESENTATION('',(#15996),#16000);
#15996 = LINE('',#15997,#15998);
#15997 = CARTESIAN_POINT('',(0.,10.));
#15998 = VECTOR('',#15999,1.);
#15999 = DIRECTION('',(1.,0.));
#16000 = ( GEOMETRIC_REPRESENTATION_CONTEXT(2) 
PARAMETRIC_REPRESENTATION_CONTEXT() REPRESENTATION_CONTEXT('2D SPACE',''
  ) );
#16001 = PCURVE('',#13916,#16002);
#16002 = DEFINITIONAL_REPRESENTATION('',(#16003),#16007);
#16003 = LINE('',#16004,#16005);
#16004 = CARTESIAN_POINT('',(3.772135110082E-15,-10.));
#16005 = VECTOR('',#16006,1.);
#16006 = DIRECTION('',(1.,1.057526724829E-17));
#16007 = ( GEOMETRIC_REPRESENTATION_CONTEXT(2) 
PARAMETRIC_REPRESENTATION_CONTEXT() REPRESENTATION_CONTEXT('2D SPACE',''
  ) );
#16008 = ADVANCED_FACE('',(#16009),#13942,.F.);
#16009 = FACE_BOUND('',#16010,.F.);
#16010 = EDGE_LOOP('',(#16011,#16034,#16035,#16036));
#16011 = ORIENTED_EDGE('',*,*,#16012,.F.);
#16012 = EDGE_CURVE('',#15888,#16013,#16015,.T.);
#16013 = VERTEX_POINT('',#16014);
#16014 = CARTESIAN_POINT('',(13.5,134.85071374445,34.85332779315));
#16015 = SURFACE_CURVE('',#16016,(#16020,#16027),.PCURVE_S1.);
#16016 = LINE('',#16017,#16018);
#16017 = CARTESIAN_POINT('',(3.5,134.85071374445,34.85332779315));
#16018 = VECTOR('',#16019,1.);
#16019 = DIRECTION('',(1.,0.,0.));
#16020 = PCURVE('',#13942,#16021);
#16021 = DEFINITIONAL_REPRESENTATION('',(#16022),#16026);
#16022 = LINE('',#16023,#16024);
#16023 = CARTESIAN_POINT('',(0.,0.));
#16024 = VECTOR('',#16025,1.);
#16025 = DIRECTION('',(0.,1.));
#16026 = ( GEOMETRIC_REPRESENTATION_CONTEXT(2) 
PARAMETRIC_REPRESENTATION_CONTEXT() REPRESENTATION_CONTEXT('2D SPACE',''
  ) );
#16027 = PCURVE('',#15926,#16028);
#16028 = DEFINITIONAL_REPRESENTATION('',(#16029),#16033);
#16029 = LINE('',#16030,#16031);
#16030 = CARTESIAN_POINT('',(0.,0.));
#16031 = VECTOR('',#16032,1.);
#16032 = DIRECTION('',(1.,0.));
#16033 = ( GEOMETRIC_REPRESENTATION_CONTEXT(2) 
PARAMETRIC_REPRESENTATION_CONTEXT() REPRESENTATION_CONTEXT('2D SPACE',''
  ) );
#16034 = ORIENTED_EDGE('',*,*,#15887,.T.);
#16035 = ORIENTED_EDGE('',*,*,#13928,.T.);
#16036 = ORIENTED_EDGE('',*,*,#16037,.F.);
#16037 = EDGE_CURVE('',#16013,#13901,#16038,.T.);
#16038 = SURFACE_CURVE('',#16039,(#16043,#16050),.PCURVE_S1.);
#16039 = LINE('',#16040,#16041);
#16040 = CARTESIAN_POINT('',(13.5,134.85071374445,34.85332779315));
#16041 = VECTOR('',#16042,1.);
#16042 = DIRECTION('',(0.,-0.216409655053,0.976302648363));
#16043 = PCURVE('',#13942,#16044);
#16044 = DEFINITIONAL_REPRESENTATION('',(#16045),#16049);
#16045 = LINE('',#16046,#16047);
#16046 = CARTESIAN_POINT('',(0.,10.));
#16047 = VECTOR('',#16048,1.);
#16048 = DIRECTION('',(1.,0.));
#16049 = ( GEOMETRIC_REPRESENTATION_CONTEXT(2) 
PARAMETRIC_REPRESENTATION_CONTEXT() REPRESENTATION_CONTEXT('2D SPACE',''
  ) );
#16050 = PCURVE('',#13916,#16051);
#16051 = DEFINITIONAL_REPRESENTATION('',(#16052),#16056);
#16052 = LINE('',#16053,#16054);
#16053 = CARTESIAN_POINT('',(0.,0.));
#16054 = VECTOR('',#16055,1.);
#16055 = DIRECTION('',(1.,1.057526724829E-17));
#16056 = ( GEOMETRIC_REPRESENTATION_CONTEXT(2) 
PARAMETRIC_REPRESENTATION_CONTEXT() REPRESENTATION_CONTEXT('2D SPACE',''
  ) );
#16057 = ADVANCED_FACE('',(#16058),#13916,.T.);
#16058 = FACE_BOUND('',#16059,.T.);
#16059 = EDGE_LOOP('',(#16060,#16061,#16082,#16083));
#16060 = ORIENTED_EDGE('',*,*,#16037,.F.);
#16061 = ORIENTED_EDGE('',*,*,#16062,.T.);
#16062 = EDGE_CURVE('',#16013,#15964,#16063,.T.);
#16063 = SURFACE_CURVE('',#16064,(#16068,#16075),.PCURVE_S1.);
#16064 = LINE('',#16065,#16066);
#16065 = CARTESIAN_POINT('',(13.5,134.85071374445,34.85332779315));
#16066 = VECTOR('',#16067,1.);
#16067 = DIRECTION('',(0.,0.976302648363,0.216409655053));
#16068 = PCURVE('',#13916,#16069);
#16069 = DEFINITIONAL_REPRESENTATION('',(#16070),#16074);
#16070 = LINE('',#16071,#16072);
#16071 = CARTESIAN_POINT('',(0.,0.));
#16072 = VECTOR('',#16073,1.);
#16073 = DIRECTION('',(-1.057526724829E-17,-1.));
#16074 = ( GEOMETRIC_REPRESENTATION_CONTEXT(2) 
PARAMETRIC_REPRESENTATION_CONTEXT() REPRESENTATION_CONTEXT('2D SPACE',''
  ) );
#16075 = PCURVE('',#15926,#16076);
#16076 = DEFINITIONAL_REPRESENTATION('',(#16077),#16081);
#16077 = LINE('',#16078,#16079);
#16078 = CARTESIAN_POINT('',(10.,0.));
#16079 = VECTOR('',#16080,1.);
#16080 = DIRECTION('',(0.,1.));
#16081 = ( GEOMETRIC_REPRESENTATION_CONTEXT(2) 
PARAMETRIC_REPRESENTATION_CONTEXT() REPRESENTATION_CONTEXT('2D SPACE',''
  ) );
#16082 = ORIENTED_EDGE('',*,*,#15988,.T.);
#16083 = ORIENTED_EDGE('',*,*,#13900,.F.);
#16084 = ADVANCED_FACE('',(#16085),#13979,.T.);
#16085 = FACE_BOUND('',#16086,.F.);
#16086 = EDGE_LOOP('',(#16087,#16110,#16139,#16160));
#16087 = ORIENTED_EDGE('',*,*,#16088,.T.);
#16088 = EDGE_CURVE('',#13957,#16089,#16091,.T.);
#16089 = VERTEX_POINT('',#16090);
#16090 = CARTESIAN_POINT('',(23.557142857143,128.81545685638,
    40.173309406851));
#16091 = SURFACE_CURVE('',#16092,(#16096,#16103),.PCURVE_S1.);
#16092 = LINE('',#16093,#16094);
#16093 = CARTESIAN_POINT('',(23.557142857143,128.4908423738,
    41.637763379395));
#16094 = VECTOR('',#16095,1.);
#16095 = DIRECTION('',(-0.,0.216409655053,-0.976302648363));
#16096 = PCURVE('',#13979,#16097);
#16097 = DEFINITIONAL_REPRESENTATION('',(#16098),#16102);
#16098 = LINE('',#16099,#16100);
#16099 = CARTESIAN_POINT('',(-0.,0.));
#16100 = VECTOR('',#16101,1.);
#16101 = DIRECTION('',(-0.,-1.));
#16102 = ( GEOMETRIC_REPRESENTATION_CONTEXT(2) 
PARAMETRIC_REPRESENTATION_CONTEXT() REPRESENTATION_CONTEXT('2D SPACE',''
  ) );
#16103 = PCURVE('',#14066,#16104);
#16104 = DEFINITIONAL_REPRESENTATION('',(#16105),#16109);
#16105 = LINE('',#16106,#16107);
#16106 = CARTESIAN_POINT('',(54.,0.));
#16107 = VECTOR('',#16108,1.);
#16108 = DIRECTION('',(0.,-1.));
#16109 = ( GEOMETRIC_REPRESENTATION_CONTEXT(2) 
PARAMETRIC_REPRESENTATION_CONTEXT() REPRESENTATION_CONTEXT('2D SPACE',''
  ) );
#16110 = ORIENTED_EDGE('',*,*,#16111,.T.);
#16111 = EDGE_CURVE('',#16089,#16112,#16114,.T.);
#16112 = VERTEX_POINT('',#16113);
#16113 = CARTESIAN_POINT('',(23.557142857143,140.53108863673,
    42.770225267483));
#16114 = SURFACE_CURVE('',#16115,(#16120,#16127),.PCURVE_S1.);
#16115 = CIRCLE('',#16116,6.);
#16116 = AXIS2_PLACEMENT_3D('',#16117,#16118,#16119);
#16117 = CARTESIAN_POINT('',(23.557142857143,134.67327274655,
    41.471767337167));
#16118 = DIRECTION('',(-0.,0.216409655053,-0.976302648363));
#16119 = DIRECTION('',(0.,-0.976302648363,-0.216409655053));
#16120 = PCURVE('',#13979,#16121);
#16121 = DEFINITIONAL_REPRESENTATION('',(#16122),#16126);
#16122 = LINE('',#16123,#16124);
#16123 = CARTESIAN_POINT('',(-0.,-1.5));
#16124 = VECTOR('',#16125,1.);
#16125 = DIRECTION('',(-1.,0.));
#16126 = ( GEOMETRIC_REPRESENTATION_CONTEXT(2) 
PARAMETRIC_REPRESENTATION_CONTEXT() REPRESENTATION_CONTEXT('2D SPACE',''
  ) );
#16127 = PCURVE('',#16128,#16133);
#16128 = PLANE('',#16129);
#16129 = AXIS2_PLACEMENT_3D('',#16130,#16131,#16132);
#16130 = CARTESIAN_POINT('',(50.557142857143,134.67327274655,
    41.471767337167));
#16131 = DIRECTION('',(-0.,0.216409655053,-0.976302648363));
#16132 = DIRECTION('',(-1.,0.,0.));
#16133 = DEFINITIONAL_REPRESENTATION('',(#16134),#16138);
#16134 = CIRCLE('',#16135,6.);
#16135 = AXIS2_PLACEMENT_2D('',#16136,#16137);
#16136 = CARTESIAN_POINT('',(27.,0.));
#16137 = DIRECTION('',(-0.,-1.));
#16138 = ( GEOMETRIC_REPRESENTATION_CONTEXT(2) 
PARAMETRIC_REPRESENTATION_CONTEXT() REPRESENTATION_CONTEXT('2D SPACE',''
  ) );
#16139 = ORIENTED_EDGE('',*,*,#16140,.F.);
#16140 = EDGE_CURVE('',#13959,#16112,#16141,.T.);
#16141 = SURFACE_CURVE('',#16142,(#16146,#16153),.PCURVE_S1.);
#16142 = LINE('',#16143,#16144);
#16143 = CARTESIAN_POINT('',(23.557142857143,140.20647415415,
    44.234679240027));
#16144 = VECTOR('',#16145,1.);
#16145 = DIRECTION('',(-0.,0.216409655053,-0.976302648363));
#16146 = PCURVE('',#13979,#16147);
#16147 = DEFINITIONAL_REPRESENTATION('',(#16148),#16152);
#16148 = LINE('',#16149,#16150);
#16149 = CARTESIAN_POINT('',(-3.14159265359,0.));
#16150 = VECTOR('',#16151,1.);
#16151 = DIRECTION('',(-0.,-1.));
#16152 = ( GEOMETRIC_REPRESENTATION_CONTEXT(2) 
PARAMETRIC_REPRESENTATION_CONTEXT() REPRESENTATION_CONTEXT('2D SPACE',''
  ) );
#16153 = PCURVE('',#14007,#16154);
#16154 = DEFINITIONAL_REPRESENTATION('',(#16155),#16159);
#16155 = LINE('',#16156,#16157);
#16156 = CARTESIAN_POINT('',(0.,0.));
#16157 = VECTOR('',#16158,1.);
#16158 = DIRECTION('',(0.,-1.));
#16159 = ( GEOMETRIC_REPRESENTATION_CONTEXT(2) 
PARAMETRIC_REPRESENTATION_CONTEXT() REPRESENTATION_CONTEXT('2D SPACE',''
  ) );
#16160 = ORIENTED_EDGE('',*,*,#13956,.F.);
#16161 = ADVANCED_FACE('',(#16162),#14066,.F.);
#16162 = FACE_BOUND('',#16163,.F.);
#16163 = EDGE_LOOP('',(#16164,#16187,#16208,#16209));
#16164 = ORIENTED_EDGE('',*,*,#16165,.T.);
#16165 = EDGE_CURVE('',#14020,#16166,#16168,.T.);
#16166 = VERTEX_POINT('',#16167);
#16167 = CARTESIAN_POINT('',(77.557142857143,128.81545685638,
    40.173309406851));
#16168 = SURFACE_CURVE('',#16169,(#16173,#16180),.PCURVE_S1.);
#16169 = LINE('',#16170,#16171);
#16170 = CARTESIAN_POINT('',(77.557142857143,128.4908423738,
    41.637763379395));
#16171 = VECTOR('',#16172,1.);
#16172 = DIRECTION('',(-0.,0.216409655053,-0.976302648363));
#16173 = PCURVE('',#14066,#16174);
#16174 = DEFINITIONAL_REPRESENTATION('',(#16175),#16179);
#16175 = LINE('',#16176,#16177);
#16176 = CARTESIAN_POINT('',(0.,0.));
#16177 = VECTOR('',#16178,1.);
#16178 = DIRECTION('',(0.,-1.));
#16179 = ( GEOMETRIC_REPRESENTATION_CONTEXT(2) 
PARAMETRIC_REPRESENTATION_CONTEXT() REPRESENTATION_CONTEXT('2D SPACE',''
  ) );
#16180 = PCURVE('',#14040,#16181);
#16181 = DEFINITIONAL_REPRESENTATION('',(#16182),#16186);
#16182 = LINE('',#16183,#16184);
#16183 = CARTESIAN_POINT('',(-3.14159265359,0.));
#16184 = VECTOR('',#16185,1.);
#16185 = DIRECTION('',(-0.,-1.));
#16186 = ( GEOMETRIC_REPRESENTATION_CONTEXT(2) 
PARAMETRIC_REPRESENTATION_CONTEXT() REPRESENTATION_CONTEXT('2D SPACE',''
  ) );
#16187 = ORIENTED_EDGE('',*,*,#16188,.T.);
#16188 = EDGE_CURVE('',#16166,#16089,#16189,.T.);
#16189 = SURFACE_CURVE('',#16190,(#16194,#16201),.PCURVE_S1.);
#16190 = LINE('',#16191,#16192);
#16191 = CARTESIAN_POINT('',(77.557142857143,128.81545685638,
    40.173309406851));
#16192 = VECTOR('',#16193,1.);
#16193 = DIRECTION('',(-1.,0.,0.));
#16194 = PCURVE('',#14066,#16195);
#16195 = DEFINITIONAL_REPRESENTATION('',(#16196),#16200);
#16196 = LINE('',#16197,#16198);
#16197 = CARTESIAN_POINT('',(0.,-1.5));
#16198 = VECTOR('',#16199,1.);
#16199 = DIRECTION('',(1.,0.));
#16200 = ( GEOMETRIC_REPRESENTATION_CONTEXT(2) 
PARAMETRIC_REPRESENTATION_CONTEXT() REPRESENTATION_CONTEXT('2D SPACE',''
  ) );
#16201 = PCURVE('',#16128,#16202);
#16202 = DEFINITIONAL_REPRESENTATION('',(#16203),#16207);
#16203 = LINE('',#16204,#16205);
#16204 = CARTESIAN_POINT('',(-27.,-6.));
#16205 = VECTOR('',#16206,1.);
#16206 = DIRECTION('',(1.,0.));
#16207 = ( GEOMETRIC_REPRESENTATION_CONTEXT(2) 
PARAMETRIC_REPRESENTATION_CONTEXT() REPRESENTATION_CONTEXT('2D SPACE',''
  ) );
#16208 = ORIENTED_EDGE('',*,*,#16088,.F.);
#16209 = ORIENTED_EDGE('',*,*,#14052,.F.);
#16210 = ADVANCED_FACE('',(#16211),#14007,.F.);
#16211 = FACE_BOUND('',#16212,.F.);
#16212 = EDGE_LOOP('',(#16213,#16214,#16237,#16258));
#16213 = ORIENTED_EDGE('',*,*,#16140,.T.);
#16214 = ORIENTED_EDGE('',*,*,#16215,.T.);
#16215 = EDGE_CURVE('',#16112,#16216,#16218,.T.);
#16216 = VERTEX_POINT('',#16217);
#16217 = CARTESIAN_POINT('',(77.557142857143,140.53108863673,
    42.770225267483));
#16218 = SURFACE_CURVE('',#16219,(#16223,#16230),.PCURVE_S1.);
#16219 = LINE('',#16220,#16221);
#16220 = CARTESIAN_POINT('',(23.557142857143,140.53108863673,
    42.770225267483));
#16221 = VECTOR('',#16222,1.);
#16222 = DIRECTION('',(1.,0.,0.));
#16223 = PCURVE('',#14007,#16224);
#16224 = DEFINITIONAL_REPRESENTATION('',(#16225),#16229);
#16225 = LINE('',#16226,#16227);
#16226 = CARTESIAN_POINT('',(0.,-1.5));
#16227 = VECTOR('',#16228,1.);
#16228 = DIRECTION('',(1.,0.));
#16229 = ( GEOMETRIC_REPRESENTATION_CONTEXT(2) 
PARAMETRIC_REPRESENTATION_CONTEXT() REPRESENTATION_CONTEXT('2D SPACE',''
  ) );
#16230 = PCURVE('',#16128,#16231);
#16231 = DEFINITIONAL_REPRESENTATION('',(#16232),#16236);
#16232 = LINE('',#16233,#16234);
#16233 = CARTESIAN_POINT('',(27.,6.));
#16234 = VECTOR('',#16235,1.);
#16235 = DIRECTION('',(-1.,0.));
#16236 = ( GEOMETRIC_REPRESENTATION_CONTEXT(2) 
PARAMETRIC_REPRESENTATION_CONTEXT() REPRESENTATION_CONTEXT('2D SPACE',''
  ) );
#16237 = ORIENTED_EDGE('',*,*,#16238,.F.);
#16238 = EDGE_CURVE('',#13992,#16216,#16239,.T.);
#16239 = SURFACE_CURVE('',#16240,(#16244,#16251),.PCURVE_S1.);
#16240 = LINE('',#16241,#16242);
#16241 = CARTESIAN_POINT('',(77.557142857143,140.20647415415,
    44.234679240027));
#16242 = VECTOR('',#16243,1.);
#16243 = DIRECTION('',(-0.,0.216409655053,-0.976302648363));
#16244 = PCURVE('',#14007,#16245);
#16245 = DEFINITIONAL_REPRESENTATION('',(#16246),#16250);
#16246 = LINE('',#16247,#16248);
#16247 = CARTESIAN_POINT('',(54.,0.));
#16248 = VECTOR('',#16249,1.);
#16249 = DIRECTION('',(0.,-1.));
#16250 = ( GEOMETRIC_REPRESENTATION_CONTEXT(2) 
PARAMETRIC_REPRESENTATION_CONTEXT() REPRESENTATION_CONTEXT('2D SPACE',''
  ) );
#16251 = PCURVE('',#14040,#16252);
#16252 = DEFINITIONAL_REPRESENTATION('',(#16253),#16257);
#16253 = LINE('',#16254,#16255);
#16254 = CARTESIAN_POINT('',(-0.,0.));
#16255 = VECTOR('',#16256,1.);
#16256 = DIRECTION('',(-0.,-1.));
#16257 = ( GEOMETRIC_REPRESENTATION_CONTEXT(2) 
PARAMETRIC_REPRESENTATION_CONTEXT() REPRESENTATION_CONTEXT('2D SPACE',''
  ) );
#16258 = ORIENTED_EDGE('',*,*,#13991,.F.);
#16259 = ADVANCED_FACE('',(#16260),#14040,.T.);
#16260 = FACE_BOUND('',#16261,.F.);
#16261 = EDGE_LOOP('',(#16262,#16263,#16285,#16286));
#16262 = ORIENTED_EDGE('',*,*,#16238,.T.);
#16263 = ORIENTED_EDGE('',*,*,#16264,.T.);
#16264 = EDGE_CURVE('',#16216,#16166,#16265,.T.);
#16265 = SURFACE_CURVE('',#16266,(#16271,#16278),.PCURVE_S1.);
#16266 = CIRCLE('',#16267,6.);
#16267 = AXIS2_PLACEMENT_3D('',#16268,#16269,#16270);
#16268 = CARTESIAN_POINT('',(77.557142857143,134.67327274655,
    41.471767337167));
#16269 = DIRECTION('',(0.,0.216409655053,-0.976302648363));
#16270 = DIRECTION('',(0.,0.976302648363,0.216409655053));
#16271 = PCURVE('',#14040,#16272);
#16272 = DEFINITIONAL_REPRESENTATION('',(#16273),#16277);
#16273 = LINE('',#16274,#16275);
#16274 = CARTESIAN_POINT('',(-0.,-1.5));
#16275 = VECTOR('',#16276,1.);
#16276 = DIRECTION('',(-1.,0.));
#16277 = ( GEOMETRIC_REPRESENTATION_CONTEXT(2) 
PARAMETRIC_REPRESENTATION_CONTEXT() REPRESENTATION_CONTEXT('2D SPACE',''
  ) );
#16278 = PCURVE('',#16128,#16279);
#16279 = DEFINITIONAL_REPRESENTATION('',(#16280),#16284);
#16280 = CIRCLE('',#16281,6.);
#16281 = AXIS2_PLACEMENT_2D('',#16282,#16283);
#16282 = CARTESIAN_POINT('',(-27.,0.));
#16283 = DIRECTION('',(0.,1.));
#16284 = ( GEOMETRIC_REPRESENTATION_CONTEXT(2) 
PARAMETRIC_REPRESENTATION_CONTEXT() REPRESENTATION_CONTEXT('2D SPACE',''
  ) );
#16285 = ORIENTED_EDGE('',*,*,#16165,.F.);
#16286 = ORIENTED_EDGE('',*,*,#14019,.F.);
#16287 = ADVANCED_FACE('',(#16288),#14098,.F.);
#16288 = FACE_BOUND('',#16289,.F.);
#16289 = EDGE_LOOP('',(#16290,#16313,#16341,#16362));
#16290 = ORIENTED_EDGE('',*,*,#16291,.F.);
#16291 = EDGE_CURVE('',#16292,#14081,#16294,.T.);
#16292 = VERTEX_POINT('',#16293);
#16293 = CARTESIAN_POINT('',(60.,142.37484023294,39.593961884133));
#16294 = SURFACE_CURVE('',#16295,(#16299,#16306),.PCURVE_S1.);
#16295 = LINE('',#16296,#16297);
#16296 = CARTESIAN_POINT('',(60.,142.37484023294,39.593961884133));
#16297 = VECTOR('',#16298,1.);
#16298 = DIRECTION('',(0.,-0.216409655053,0.976302648363));
#16299 = PCURVE('',#14098,#16300);
#16300 = DEFINITIONAL_REPRESENTATION('',(#16301),#16305);
#16301 = LINE('',#16302,#16303);
#16302 = CARTESIAN_POINT('',(0.,0.));
#16303 = VECTOR('',#16304,1.);
#16304 = DIRECTION('',(1.,1.057526724829E-17));
#16305 = ( GEOMETRIC_REPRESENTATION_CONTEXT(2) 
PARAMETRIC_REPRESENTATION_CONTEXT() REPRESENTATION_CONTEXT('2D SPACE',''
  ) );
#16306 = PCURVE('',#14180,#16307);
#16307 = DEFINITIONAL_REPRESENTATION('',(#16308),#16312);
#16308 = LINE('',#16309,#16310);
#16309 = CARTESIAN_POINT('',(0.,0.));
#16310 = VECTOR('',#16311,1.);
#16311 = DIRECTION('',(1.,0.));
#16312 = ( GEOMETRIC_REPRESENTATION_CONTEXT(2) 
PARAMETRIC_REPRESENTATION_CONTEXT() REPRESENTATION_CONTEXT('2D SPACE',''
  ) );
#16313 = ORIENTED_EDGE('',*,*,#16314,.T.);
#16314 = EDGE_CURVE('',#16292,#16315,#16317,.T.);
#16315 = VERTEX_POINT('',#16316);
#16316 = CARTESIAN_POINT('',(60.,152.13786671656,41.75805843466));
#16317 = SURFACE_CURVE('',#16318,(#16322,#16329),.PCURVE_S1.);
#16318 = LINE('',#16319,#16320);
#16319 = CARTESIAN_POINT('',(60.,142.37484023294,39.593961884133));
#16320 = VECTOR('',#16321,1.);
#16321 = DIRECTION('',(0.,0.976302648363,0.216409655053));
#16322 = PCURVE('',#14098,#16323);
#16323 = DEFINITIONAL_REPRESENTATION('',(#16324),#16328);
#16324 = LINE('',#16325,#16326);
#16325 = CARTESIAN_POINT('',(0.,0.));
#16326 = VECTOR('',#16327,1.);
#16327 = DIRECTION('',(-1.057526724829E-17,-1.));
#16328 = ( GEOMETRIC_REPRESENTATION_CONTEXT(2) 
PARAMETRIC_REPRESENTATION_CONTEXT() REPRESENTATION_CONTEXT('2D SPACE',''
  ) );
#16329 = PCURVE('',#16330,#16335);
#16330 = PLANE('',#16331);
#16331 = AXIS2_PLACEMENT_3D('',#16332,#16333,#16334);
#16332 = CARTESIAN_POINT('',(60.,142.37484023294,39.593961884133));
#16333 = DIRECTION('',(0.,-0.216409655053,0.976302648363));
#16334 = DIRECTION('',(1.,0.,0.));
#16335 = DEFINITIONAL_REPRESENTATION('',(#16336),#16340);
#16336 = LINE('',#16337,#16338);
#16337 = CARTESIAN_POINT('',(0.,0.));
#16338 = VECTOR('',#16339,1.);
#16339 = DIRECTION('',(0.,1.));
#16340 = ( GEOMETRIC_REPRESENTATION_CONTEXT(2) 
PARAMETRIC_REPRESENTATION_CONTEXT() REPRESENTATION_CONTEXT('2D SPACE',''
  ) );
#16341 = ORIENTED_EDGE('',*,*,#16342,.T.);
#16342 = EDGE_CURVE('',#16315,#14083,#16343,.T.);
#16343 = SURFACE_CURVE('',#16344,(#16348,#16355),.PCURVE_S1.);
#16344 = LINE('',#16345,#16346);
#16345 = CARTESIAN_POINT('',(60.,152.13786671656,41.75805843466));
#16346 = VECTOR('',#16347,1.);
#16347 = DIRECTION('',(0.,-0.216409655053,0.976302648363));
#16348 = PCURVE('',#14098,#16349);
#16349 = DEFINITIONAL_REPRESENTATION('',(#16350),#16354);
#16350 = LINE('',#16351,#16352);
#16351 = CARTESIAN_POINT('',(-2.001024617969E-15,-10.));
#16352 = VECTOR('',#16353,1.);
#16353 = DIRECTION('',(1.,1.057526724829E-17));
#16354 = ( GEOMETRIC_REPRESENTATION_CONTEXT(2) 
PARAMETRIC_REPRESENTATION_CONTEXT() REPRESENTATION_CONTEXT('2D SPACE',''
  ) );
#16355 = PCURVE('',#14126,#16356);
#16356 = DEFINITIONAL_REPRESENTATION('',(#16357),#16361);
#16357 = LINE('',#16358,#16359);
#16358 = CARTESIAN_POINT('',(0.,0.));
#16359 = VECTOR('',#16360,1.);
#16360 = DIRECTION('',(1.,0.));
#16361 = ( GEOMETRIC_REPRESENTATION_CONTEXT(2) 
PARAMETRIC_REPRESENTATION_CONTEXT() REPRESENTATION_CONTEXT('2D SPACE',''
  ) );
#16362 = ORIENTED_EDGE('',*,*,#14080,.F.);
#16363 = ADVANCED_FACE('',(#16364),#14126,.T.);
#16364 = FACE_BOUND('',#16365,.T.);
#16365 = EDGE_LOOP('',(#16366,#16389,#16390,#16391));
#16366 = ORIENTED_EDGE('',*,*,#16367,.F.);
#16367 = EDGE_CURVE('',#16315,#16368,#16370,.T.);
#16368 = VERTEX_POINT('',#16369);
#16369 = CARTESIAN_POINT('',(70.,152.13786671656,41.75805843466));
#16370 = SURFACE_CURVE('',#16371,(#16375,#16382),.PCURVE_S1.);
#16371 = LINE('',#16372,#16373);
#16372 = CARTESIAN_POINT('',(60.,152.13786671656,41.75805843466));
#16373 = VECTOR('',#16374,1.);
#16374 = DIRECTION('',(1.,0.,0.));
#16375 = PCURVE('',#14126,#16376);
#16376 = DEFINITIONAL_REPRESENTATION('',(#16377),#16381);
#16377 = LINE('',#16378,#16379);
#16378 = CARTESIAN_POINT('',(0.,0.));
#16379 = VECTOR('',#16380,1.);
#16380 = DIRECTION('',(0.,1.));
#16381 = ( GEOMETRIC_REPRESENTATION_CONTEXT(2) 
PARAMETRIC_REPRESENTATION_CONTEXT() REPRESENTATION_CONTEXT('2D SPACE',''
  ) );
#16382 = PCURVE('',#16330,#16383);
#16383 = DEFINITIONAL_REPRESENTATION('',(#16384),#16388);
#16384 = LINE('',#16385,#16386);
#16385 = CARTESIAN_POINT('',(0.,10.));
#16386 = VECTOR('',#16387,1.);
#16387 = DIRECTION('',(1.,0.));
#16388 = ( GEOMETRIC_REPRESENTATION_CONTEXT(2) 
PARAMETRIC_REPRESENTATION_CONTEXT() REPRESENTATION_CONTEXT('2D SPACE',''
  ) );
#16389 = ORIENTED_EDGE('',*,*,#16342,.T.);
#16390 = ORIENTED_EDGE('',*,*,#14110,.T.);
#16391 = ORIENTED_EDGE('',*,*,#16392,.F.);
#16392 = EDGE_CURVE('',#16368,#14111,#16393,.T.);
#16393 = SURFACE_CURVE('',#16394,(#16398,#16405),.PCURVE_S1.);
#16394 = LINE('',#16395,#16396);
#16395 = CARTESIAN_POINT('',(70.,152.13786671656,41.75805843466));
#16396 = VECTOR('',#16397,1.);
#16397 = DIRECTION('',(0.,-0.216409655053,0.976302648363));
#16398 = PCURVE('',#14126,#16399);
#16399 = DEFINITIONAL_REPRESENTATION('',(#16400),#16404);
#16400 = LINE('',#16401,#16402);
#16401 = CARTESIAN_POINT('',(0.,10.));
#16402 = VECTOR('',#16403,1.);
#16403 = DIRECTION('',(1.,0.));
#16404 = ( GEOMETRIC_REPRESENTATION_CONTEXT(2) 
PARAMETRIC_REPRESENTATION_CONTEXT() REPRESENTATION_CONTEXT('2D SPACE',''
  ) );
#16405 = PCURVE('',#14154,#16406);
#16406 = DEFINITIONAL_REPRESENTATION('',(#16407),#16411);
#16407 = LINE('',#16408,#16409);
#16408 = CARTESIAN_POINT('',(-2.001024617969E-15,-10.));
#16409 = VECTOR('',#16410,1.);
#16410 = DIRECTION('',(1.,1.057526724829E-17));
#16411 = ( GEOMETRIC_REPRESENTATION_CONTEXT(2) 
PARAMETRIC_REPRESENTATION_CONTEXT() REPRESENTATION_CONTEXT('2D SPACE',''
  ) );
#16412 = ADVANCED_FACE('',(#16413),#14180,.F.);
#16413 = FACE_BOUND('',#16414,.F.);
#16414 = EDGE_LOOP('',(#16415,#16438,#16439,#16440));
#16415 = ORIENTED_EDGE('',*,*,#16416,.F.);
#16416 = EDGE_CURVE('',#16292,#16417,#16419,.T.);
#16417 = VERTEX_POINT('',#16418);
#16418 = CARTESIAN_POINT('',(70.,142.37484023294,39.593961884133));
#16419 = SURFACE_CURVE('',#16420,(#16424,#16431),.PCURVE_S1.);
#16420 = LINE('',#16421,#16422);
#16421 = CARTESIAN_POINT('',(60.,142.37484023294,39.593961884133));
#16422 = VECTOR('',#16423,1.);
#16423 = DIRECTION('',(1.,0.,0.));
#16424 = PCURVE('',#14180,#16425);
#16425 = DEFINITIONAL_REPRESENTATION('',(#16426),#16430);
#16426 = LINE('',#16427,#16428);
#16427 = CARTESIAN_POINT('',(0.,0.));
#16428 = VECTOR('',#16429,1.);
#16429 = DIRECTION('',(0.,1.));
#16430 = ( GEOMETRIC_REPRESENTATION_CONTEXT(2) 
PARAMETRIC_REPRESENTATION_CONTEXT() REPRESENTATION_CONTEXT('2D SPACE',''
  ) );
#16431 = PCURVE('',#16330,#16432);
#16432 = DEFINITIONAL_REPRESENTATION('',(#16433),#16437);
#16433 = LINE('',#16434,#16435);
#16434 = CARTESIAN_POINT('',(0.,0.));
#16435 = VECTOR('',#16436,1.);
#16436 = DIRECTION('',(1.,0.));
#16437 = ( GEOMETRIC_REPRESENTATION_CONTEXT(2) 
PARAMETRIC_REPRESENTATION_CONTEXT() REPRESENTATION_CONTEXT('2D SPACE',''
  ) );
#16438 = ORIENTED_EDGE('',*,*,#16291,.T.);
#16439 = ORIENTED_EDGE('',*,*,#14166,.T.);
#16440 = ORIENTED_EDGE('',*,*,#16441,.F.);
#16441 = EDGE_CURVE('',#16417,#14139,#16442,.T.);
#16442 = SURFACE_CURVE('',#16443,(#16447,#16454),.PCURVE_S1.);
#16443 = LINE('',#16444,#16445);
#16444 = CARTESIAN_POINT('',(70.,142.37484023294,39.593961884133));
#16445 = VECTOR('',#16446,1.);
#16446 = DIRECTION('',(0.,-0.216409655053,0.976302648363));
#16447 = PCURVE('',#14180,#16448);
#16448 = DEFINITIONAL_REPRESENTATION('',(#16449),#16453);
#16449 = LINE('',#16450,#16451);
#16450 = CARTESIAN_POINT('',(0.,10.));
#16451 = VECTOR('',#16452,1.);
#16452 = DIRECTION('',(1.,0.));
#16453 = ( GEOMETRIC_REPRESENTATION_CONTEXT(2) 
PARAMETRIC_REPRESENTATION_CONTEXT() REPRESENTATION_CONTEXT('2D SPACE',''
  ) );
#16454 = PCURVE('',#14154,#16455);
#16455 = DEFINITIONAL_REPRESENTATION('',(#16456),#16460);
#16456 = LINE('',#16457,#16458);
#16457 = CARTESIAN_POINT('',(0.,0.));
#16458 = VECTOR('',#16459,1.);
#16459 = DIRECTION('',(1.,1.057526724829E-17));
#16460 = ( GEOMETRIC_REPRESENTATION_CONTEXT(2) 
PARAMETRIC_REPRESENTATION_CONTEXT() REPRESENTATION_CONTEXT('2D SPACE',''
  ) );
#16461 = ADVANCED_FACE('',(#16462),#14154,.T.);
#16462 = FACE_BOUND('',#16463,.T.);
#16463 = EDGE_LOOP('',(#16464,#16465,#16486,#16487));
#16464 = ORIENTED_EDGE('',*,*,#16441,.F.);
#16465 = ORIENTED_EDGE('',*,*,#16466,.T.);
#16466 = EDGE_CURVE('',#16417,#16368,#16467,.T.);
#16467 = SURFACE_CURVE('',#16468,(#16472,#16479),.PCURVE_S1.);
#16468 = LINE('',#16469,#16470);
#16469 = CARTESIAN_POINT('',(70.,142.37484023294,39.593961884133));
#16470 = VECTOR('',#16471,1.);
#16471 = DIRECTION('',(0.,0.976302648363,0.216409655053));
#16472 = PCURVE('',#14154,#16473);
#16473 = DEFINITIONAL_REPRESENTATION('',(#16474),#16478);
#16474 = LINE('',#16475,#16476);
#16475 = CARTESIAN_POINT('',(0.,0.));
#16476 = VECTOR('',#16477,1.);
#16477 = DIRECTION('',(-1.057526724829E-17,-1.));
#16478 = ( GEOMETRIC_REPRESENTATION_CONTEXT(2) 
PARAMETRIC_REPRESENTATION_CONTEXT() REPRESENTATION_CONTEXT('2D SPACE',''
  ) );
#16479 = PCURVE('',#16330,#16480);
#16480 = DEFINITIONAL_REPRESENTATION('',(#16481),#16485);
#16481 = LINE('',#16482,#16483);
#16482 = CARTESIAN_POINT('',(10.,0.));
#16483 = VECTOR('',#16484,1.);
#16484 = DIRECTION('',(0.,1.));
#16485 = ( GEOMETRIC_REPRESENTATION_CONTEXT(2) 
PARAMETRIC_REPRESENTATION_CONTEXT() REPRESENTATION_CONTEXT('2D SPACE',''
  ) );
#16486 = ORIENTED_EDGE('',*,*,#16392,.T.);
#16487 = ORIENTED_EDGE('',*,*,#14138,.F.);
#16488 = ADVANCED_FACE('',(#16489),#14217,.T.);
#16489 = FACE_BOUND('',#16490,.F.);
#16490 = EDGE_LOOP('',(#16491,#16514,#16543,#16564));
#16491 = ORIENTED_EDGE('',*,*,#16492,.T.);
#16492 = EDGE_CURVE('',#14195,#16493,#16495,.T.);
#16493 = VERTEX_POINT('',#16494);
#16494 = CARTESIAN_POINT('',(124.7,128.81545685638,40.173309406851));
#16495 = SURFACE_CURVE('',#16496,(#16500,#16507),.PCURVE_S1.);
#16496 = LINE('',#16497,#16498);
#16497 = CARTESIAN_POINT('',(124.7,128.4908423738,41.637763379395));
#16498 = VECTOR('',#16499,1.);
#16499 = DIRECTION('',(-0.,0.216409655053,-0.976302648363));
#16500 = PCURVE('',#14217,#16501);
#16501 = DEFINITIONAL_REPRESENTATION('',(#16502),#16506);
#16502 = LINE('',#16503,#16504);
#16503 = CARTESIAN_POINT('',(-0.,0.));
#16504 = VECTOR('',#16505,1.);
#16505 = DIRECTION('',(-0.,-1.));
#16506 = ( GEOMETRIC_REPRESENTATION_CONTEXT(2) 
PARAMETRIC_REPRESENTATION_CONTEXT() REPRESENTATION_CONTEXT('2D SPACE',''
  ) );
#16507 = PCURVE('',#14304,#16508);
#16508 = DEFINITIONAL_REPRESENTATION('',(#16509),#16513);
#16509 = LINE('',#16510,#16511);
#16510 = CARTESIAN_POINT('',(54.,0.));
#16511 = VECTOR('',#16512,1.);
#16512 = DIRECTION('',(0.,-1.));
#16513 = ( GEOMETRIC_REPRESENTATION_CONTEXT(2) 
PARAMETRIC_REPRESENTATION_CONTEXT() REPRESENTATION_CONTEXT('2D SPACE',''
  ) );
#16514 = ORIENTED_EDGE('',*,*,#16515,.T.);
#16515 = EDGE_CURVE('',#16493,#16516,#16518,.T.);
#16516 = VERTEX_POINT('',#16517);
#16517 = CARTESIAN_POINT('',(124.7,140.53108863673,42.770225267483));
#16518 = SURFACE_CURVE('',#16519,(#16524,#16531),.PCURVE_S1.);
#16519 = CIRCLE('',#16520,6.);
#16520 = AXIS2_PLACEMENT_3D('',#16521,#16522,#16523);
#16521 = CARTESIAN_POINT('',(124.7,134.67327274655,41.471767337167));
#16522 = DIRECTION('',(-0.,0.216409655053,-0.976302648363));
#16523 = DIRECTION('',(0.,-0.976302648363,-0.216409655053));
#16524 = PCURVE('',#14217,#16525);
#16525 = DEFINITIONAL_REPRESENTATION('',(#16526),#16530);
#16526 = LINE('',#16527,#16528);
#16527 = CARTESIAN_POINT('',(-0.,-1.5));
#16528 = VECTOR('',#16529,1.);
#16529 = DIRECTION('',(-1.,0.));
#16530 = ( GEOMETRIC_REPRESENTATION_CONTEXT(2) 
PARAMETRIC_REPRESENTATION_CONTEXT() REPRESENTATION_CONTEXT('2D SPACE',''
  ) );
#16531 = PCURVE('',#16532,#16537);
#16532 = PLANE('',#16533);
#16533 = AXIS2_PLACEMENT_3D('',#16534,#16535,#16536);
#16534 = CARTESIAN_POINT('',(151.7,134.67327274655,41.471767337167));
#16535 = DIRECTION('',(-0.,0.216409655053,-0.976302648363));
#16536 = DIRECTION('',(-1.,0.,0.));
#16537 = DEFINITIONAL_REPRESENTATION('',(#16538),#16542);
#16538 = CIRCLE('',#16539,6.);
#16539 = AXIS2_PLACEMENT_2D('',#16540,#16541);
#16540 = CARTESIAN_POINT('',(27.,0.));
#16541 = DIRECTION('',(-0.,-1.));
#16542 = ( GEOMETRIC_REPRESENTATION_CONTEXT(2) 
PARAMETRIC_REPRESENTATION_CONTEXT() REPRESENTATION_CONTEXT('2D SPACE',''
  ) );
#16543 = ORIENTED_EDGE('',*,*,#16544,.F.);
#16544 = EDGE_CURVE('',#14197,#16516,#16545,.T.);
#16545 = SURFACE_CURVE('',#16546,(#16550,#16557),.PCURVE_S1.);
#16546 = LINE('',#16547,#16548);
#16547 = CARTESIAN_POINT('',(124.7,140.20647415415,44.234679240027));
#16548 = VECTOR('',#16549,1.);
#16549 = DIRECTION('',(-0.,0.216409655053,-0.976302648363));
#16550 = PCURVE('',#14217,#16551);
#16551 = DEFINITIONAL_REPRESENTATION('',(#16552),#16556);
#16552 = LINE('',#16553,#16554);
#16553 = CARTESIAN_POINT('',(-3.14159265359,0.));
#16554 = VECTOR('',#16555,1.);
#16555 = DIRECTION('',(-0.,-1.));
#16556 = ( GEOMETRIC_REPRESENTATION_CONTEXT(2) 
PARAMETRIC_REPRESENTATION_CONTEXT() REPRESENTATION_CONTEXT('2D SPACE',''
  ) );
#16557 = PCURVE('',#14245,#16558);
#16558 = DEFINITIONAL_REPRESENTATION('',(#16559),#16563);
#16559 = LINE('',#16560,#16561);
#16560 = CARTESIAN_POINT('',(0.,0.));
#16561 = VECTOR('',#16562,1.);
#16562 = DIRECTION('',(0.,-1.));
#16563 = ( GEOMETRIC_REPRESENTATION_CONTEXT(2) 
PARAMETRIC_REPRESENTATION_CONTEXT() REPRESENTATION_CONTEXT('2D SPACE',''
  ) );
#16564 = ORIENTED_EDGE('',*,*,#14194,.F.);
#16565 = ADVANCED_FACE('',(#16566),#14304,.F.);
#16566 = FACE_BOUND('',#16567,.F.);
#16567 = EDGE_LOOP('',(#16568,#16591,#16612,#16613));
#16568 = ORIENTED_EDGE('',*,*,#16569,.T.);
#16569 = EDGE_CURVE('',#14258,#16570,#16572,.T.);
#16570 = VERTEX_POINT('',#16571);
#16571 = CARTESIAN_POINT('',(178.7,128.81545685638,40.173309406851));
#16572 = SURFACE_CURVE('',#16573,(#16577,#16584),.PCURVE_S1.);
#16573 = LINE('',#16574,#16575);
#16574 = CARTESIAN_POINT('',(178.7,128.4908423738,41.637763379395));
#16575 = VECTOR('',#16576,1.);
#16576 = DIRECTION('',(-0.,0.216409655053,-0.976302648363));
#16577 = PCURVE('',#14304,#16578);
#16578 = DEFINITIONAL_REPRESENTATION('',(#16579),#16583);
#16579 = LINE('',#16580,#16581);
#16580 = CARTESIAN_POINT('',(0.,0.));
#16581 = VECTOR('',#16582,1.);
#16582 = DIRECTION('',(0.,-1.));
#16583 = ( GEOMETRIC_REPRESENTATION_CONTEXT(2) 
PARAMETRIC_REPRESENTATION_CONTEXT() REPRESENTATION_CONTEXT('2D SPACE',''
  ) );
#16584 = PCURVE('',#14278,#16585);
#16585 = DEFINITIONAL_REPRESENTATION('',(#16586),#16590);
#16586 = LINE('',#16587,#16588);
#16587 = CARTESIAN_POINT('',(-3.14159265359,0.));
#16588 = VECTOR('',#16589,1.);
#16589 = DIRECTION('',(-0.,-1.));
#16590 = ( GEOMETRIC_REPRESENTATION_CONTEXT(2) 
PARAMETRIC_REPRESENTATION_CONTEXT() REPRESENTATION_CONTEXT('2D SPACE',''
  ) );
#16591 = ORIENTED_EDGE('',*,*,#16592,.T.);
#16592 = EDGE_CURVE('',#16570,#16493,#16593,.T.);
#16593 = SURFACE_CURVE('',#16594,(#16598,#16605),.PCURVE_S1.);
#16594 = LINE('',#16595,#16596);
#16595 = CARTESIAN_POINT('',(178.7,128.81545685638,40.173309406851));
#16596 = VECTOR('',#16597,1.);
#16597 = DIRECTION('',(-1.,0.,0.));
#16598 = PCURVE('',#14304,#16599);
#16599 = DEFINITIONAL_REPRESENTATION('',(#16600),#16604);
#16600 = LINE('',#16601,#16602);
#16601 = CARTESIAN_POINT('',(0.,-1.5));
#16602 = VECTOR('',#16603,1.);
#16603 = DIRECTION('',(1.,0.));
#16604 = ( GEOMETRIC_REPRESENTATION_CONTEXT(2) 
PARAMETRIC_REPRESENTATION_CONTEXT() REPRESENTATION_CONTEXT('2D SPACE',''
  ) );
#16605 = PCURVE('',#16532,#16606);
#16606 = DEFINITIONAL_REPRESENTATION('',(#16607),#16611);
#16607 = LINE('',#16608,#16609);
#16608 = CARTESIAN_POINT('',(-27.,-6.));
#16609 = VECTOR('',#16610,1.);
#16610 = DIRECTION('',(1.,0.));
#16611 = ( GEOMETRIC_REPRESENTATION_CONTEXT(2) 
PARAMETRIC_REPRESENTATION_CONTEXT() REPRESENTATION_CONTEXT('2D SPACE',''
  ) );
#16612 = ORIENTED_EDGE('',*,*,#16492,.F.);
#16613 = ORIENTED_EDGE('',*,*,#14290,.F.);
#16614 = ADVANCED_FACE('',(#16615),#14278,.T.);
#16615 = FACE_BOUND('',#16616,.F.);
#16616 = EDGE_LOOP('',(#16617,#16640,#16662,#16663));
#16617 = ORIENTED_EDGE('',*,*,#16618,.T.);
#16618 = EDGE_CURVE('',#14230,#16619,#16621,.T.);
#16619 = VERTEX_POINT('',#16620);
#16620 = CARTESIAN_POINT('',(178.7,140.53108863673,42.770225267483));
#16621 = SURFACE_CURVE('',#16622,(#16626,#16633),.PCURVE_S1.);
#16622 = LINE('',#16623,#16624);
#16623 = CARTESIAN_POINT('',(178.7,140.20647415415,44.234679240027));
#16624 = VECTOR('',#16625,1.);
#16625 = DIRECTION('',(-0.,0.216409655053,-0.976302648363));
#16626 = PCURVE('',#14278,#16627);
#16627 = DEFINITIONAL_REPRESENTATION('',(#16628),#16632);
#16628 = LINE('',#16629,#16630);
#16629 = CARTESIAN_POINT('',(-0.,0.));
#16630 = VECTOR('',#16631,1.);
#16631 = DIRECTION('',(-0.,-1.));
#16632 = ( GEOMETRIC_REPRESENTATION_CONTEXT(2) 
PARAMETRIC_REPRESENTATION_CONTEXT() REPRESENTATION_CONTEXT('2D SPACE',''
  ) );
#16633 = PCURVE('',#14245,#16634);
#16634 = DEFINITIONAL_REPRESENTATION('',(#16635),#16639);
#16635 = LINE('',#16636,#16637);
#16636 = CARTESIAN_POINT('',(54.,0.));
#16637 = VECTOR('',#16638,1.);
#16638 = DIRECTION('',(0.,-1.));
#16639 = ( GEOMETRIC_REPRESENTATION_CONTEXT(2) 
PARAMETRIC_REPRESENTATION_CONTEXT() REPRESENTATION_CONTEXT('2D SPACE',''
  ) );
#16640 = ORIENTED_EDGE('',*,*,#16641,.T.);
#16641 = EDGE_CURVE('',#16619,#16570,#16642,.T.);
#16642 = SURFACE_CURVE('',#16643,(#16648,#16655),.PCURVE_S1.);
#16643 = CIRCLE('',#16644,6.);
#16644 = AXIS2_PLACEMENT_3D('',#16645,#16646,#16647);
#16645 = CARTESIAN_POINT('',(178.7,134.67327274655,41.471767337167));
#16646 = DIRECTION('',(0.,0.216409655053,-0.976302648363));
#16647 = DIRECTION('',(0.,0.976302648363,0.216409655053));
#16648 = PCURVE('',#14278,#16649);
#16649 = DEFINITIONAL_REPRESENTATION('',(#16650),#16654);
#16650 = LINE('',#16651,#16652);
#16651 = CARTESIAN_POINT('',(-0.,-1.5));
#16652 = VECTOR('',#16653,1.);
#16653 = DIRECTION('',(-1.,0.));
#16654 = ( GEOMETRIC_REPRESENTATION_CONTEXT(2) 
PARAMETRIC_REPRESENTATION_CONTEXT() REPRESENTATION_CONTEXT('2D SPACE',''
  ) );
#16655 = PCURVE('',#16532,#16656);
#16656 = DEFINITIONAL_REPRESENTATION('',(#16657),#16661);
#16657 = CIRCLE('',#16658,6.);
#16658 = AXIS2_PLACEMENT_2D('',#16659,#16660);
#16659 = CARTESIAN_POINT('',(-27.,0.));
#16660 = DIRECTION('',(0.,1.));
#16661 = ( GEOMETRIC_REPRESENTATION_CONTEXT(2) 
PARAMETRIC_REPRESENTATION_CONTEXT() REPRESENTATION_CONTEXT('2D SPACE',''
  ) );
#16662 = ORIENTED_EDGE('',*,*,#16569,.F.);
#16663 = ORIENTED_EDGE('',*,*,#14257,.F.);
#16664 = ADVANCED_FACE('',(#16665),#14245,.F.);
#16665 = FACE_BOUND('',#16666,.F.);
#16666 = EDGE_LOOP('',(#16667,#16668,#16689,#16690));
#16667 = ORIENTED_EDGE('',*,*,#16544,.T.);
#16668 = ORIENTED_EDGE('',*,*,#16669,.T.);
#16669 = EDGE_CURVE('',#16516,#16619,#16670,.T.);
#16670 = SURFACE_CURVE('',#16671,(#16675,#16682),.PCURVE_S1.);
#16671 = LINE('',#16672,#16673);
#16672 = CARTESIAN_POINT('',(124.7,140.53108863673,42.770225267483));
#16673 = VECTOR('',#16674,1.);
#16674 = DIRECTION('',(1.,0.,0.));
#16675 = PCURVE('',#14245,#16676);
#16676 = DEFINITIONAL_REPRESENTATION('',(#16677),#16681);
#16677 = LINE('',#16678,#16679);
#16678 = CARTESIAN_POINT('',(0.,-1.5));
#16679 = VECTOR('',#16680,1.);
#16680 = DIRECTION('',(1.,0.));
#16681 = ( GEOMETRIC_REPRESENTATION_CONTEXT(2) 
PARAMETRIC_REPRESENTATION_CONTEXT() REPRESENTATION_CONTEXT('2D SPACE',''
  ) );
#16682 = PCURVE('',#16532,#16683);
#16683 = DEFINITIONAL_REPRESENTATION('',(#16684),#16688);
#16684 = LINE('',#16685,#16686);
#16685 = CARTESIAN_POINT('',(27.,6.));
#16686 = VECTOR('',#16687,1.);
#16687 = DIRECTION('',(-1.,0.));
#16688 = ( GEOMETRIC_REPRESENTATION_CONTEXT(2) 
PARAMETRIC_REPRESENTATION_CONTEXT() REPRESENTATION_CONTEXT('2D SPACE',''
  ) );
#16689 = ORIENTED_EDGE('',*,*,#16618,.F.);
#16690 = ORIENTED_EDGE('',*,*,#14229,.F.);
#16691 = ADVANCED_FACE('',(#16692),#14336,.F.);
#16692 = FACE_BOUND('',#16693,.F.);
#16693 = EDGE_LOOP('',(#16694,#16717,#16745,#16766));
#16694 = ORIENTED_EDGE('',*,*,#16695,.F.);
#16695 = EDGE_CURVE('',#16696,#14319,#16698,.T.);
#16696 = VERTEX_POINT('',#16697);
#16697 = CARTESIAN_POINT('',(185.4,134.85071374445,34.85332779315));
#16698 = SURFACE_CURVE('',#16699,(#16703,#16710),.PCURVE_S1.);
#16699 = LINE('',#16700,#16701);
#16700 = CARTESIAN_POINT('',(185.4,134.85071374445,34.85332779315));
#16701 = VECTOR('',#16702,1.);
#16702 = DIRECTION('',(0.,-0.216409655053,0.976302648363));
#16703 = PCURVE('',#14336,#16704);
#16704 = DEFINITIONAL_REPRESENTATION('',(#16705),#16709);
#16705 = LINE('',#16706,#16707);
#16706 = CARTESIAN_POINT('',(0.,0.));
#16707 = VECTOR('',#16708,1.);
#16708 = DIRECTION('',(1.,1.057526724829E-17));
#16709 = ( GEOMETRIC_REPRESENTATION_CONTEXT(2) 
PARAMETRIC_REPRESENTATION_CONTEXT() REPRESENTATION_CONTEXT('2D SPACE',''
  ) );
#16710 = PCURVE('',#14418,#16711);
#16711 = DEFINITIONAL_REPRESENTATION('',(#16712),#16716);
#16712 = LINE('',#16713,#16714);
#16713 = CARTESIAN_POINT('',(0.,0.));
#16714 = VECTOR('',#16715,1.);
#16715 = DIRECTION('',(1.,0.));
#16716 = ( GEOMETRIC_REPRESENTATION_CONTEXT(2) 
PARAMETRIC_REPRESENTATION_CONTEXT() REPRESENTATION_CONTEXT('2D SPACE',''
  ) );
#16717 = ORIENTED_EDGE('',*,*,#16718,.T.);
#16718 = EDGE_CURVE('',#16696,#16719,#16721,.T.);
#16719 = VERTEX_POINT('',#16720);
#16720 = CARTESIAN_POINT('',(185.4,144.61374022808,37.017424343677));
#16721 = SURFACE_CURVE('',#16722,(#16726,#16733),.PCURVE_S1.);
#16722 = LINE('',#16723,#16724);
#16723 = CARTESIAN_POINT('',(185.4,134.85071374445,34.85332779315));
#16724 = VECTOR('',#16725,1.);
#16725 = DIRECTION('',(0.,0.976302648363,0.216409655053));
#16726 = PCURVE('',#14336,#16727);
#16727 = DEFINITIONAL_REPRESENTATION('',(#16728),#16732);
#16728 = LINE('',#16729,#16730);
#16729 = CARTESIAN_POINT('',(0.,0.));
#16730 = VECTOR('',#16731,1.);
#16731 = DIRECTION('',(-1.057526724829E-17,-1.));
#16732 = ( GEOMETRIC_REPRESENTATION_CONTEXT(2) 
PARAMETRIC_REPRESENTATION_CONTEXT() REPRESENTATION_CONTEXT('2D SPACE',''
  ) );
#16733 = PCURVE('',#16734,#16739);
#16734 = PLANE('',#16735);
#16735 = AXIS2_PLACEMENT_3D('',#16736,#16737,#16738);
#16736 = CARTESIAN_POINT('',(185.4,134.85071374445,34.85332779315));
#16737 = DIRECTION('',(0.,-0.216409655053,0.976302648363));
#16738 = DIRECTION('',(1.,0.,0.));
#16739 = DEFINITIONAL_REPRESENTATION('',(#16740),#16744);
#16740 = LINE('',#16741,#16742);
#16741 = CARTESIAN_POINT('',(0.,0.));
#16742 = VECTOR('',#16743,1.);
#16743 = DIRECTION('',(0.,1.));
#16744 = ( GEOMETRIC_REPRESENTATION_CONTEXT(2) 
PARAMETRIC_REPRESENTATION_CONTEXT() REPRESENTATION_CONTEXT('2D SPACE',''
  ) );
#16745 = ORIENTED_EDGE('',*,*,#16746,.T.);
#16746 = EDGE_CURVE('',#16719,#14321,#16747,.T.);
#16747 = SURFACE_CURVE('',#16748,(#16752,#16759),.PCURVE_S1.);
#16748 = LINE('',#16749,#16750);
#16749 = CARTESIAN_POINT('',(185.4,144.61374022808,37.017424343677));
#16750 = VECTOR('',#16751,1.);
#16751 = DIRECTION('',(0.,-0.216409655053,0.976302648363));
#16752 = PCURVE('',#14336,#16753);
#16753 = DEFINITIONAL_REPRESENTATION('',(#16754),#16758);
#16754 = LINE('',#16755,#16756);
#16755 = CARTESIAN_POINT('',(3.772135110082E-15,-10.));
#16756 = VECTOR('',#16757,1.);
#16757 = DIRECTION('',(1.,1.057526724829E-17));
#16758 = ( GEOMETRIC_REPRESENTATION_CONTEXT(2) 
PARAMETRIC_REPRESENTATION_CONTEXT() REPRESENTATION_CONTEXT('2D SPACE',''
  ) );
#16759 = PCURVE('',#14364,#16760);
#16760 = DEFINITIONAL_REPRESENTATION('',(#16761),#16765);
#16761 = LINE('',#16762,#16763);
#16762 = CARTESIAN_POINT('',(0.,0.));
#16763 = VECTOR('',#16764,1.);
#16764 = DIRECTION('',(1.,0.));
#16765 = ( GEOMETRIC_REPRESENTATION_CONTEXT(2) 
PARAMETRIC_REPRESENTATION_CONTEXT() REPRESENTATION_CONTEXT('2D SPACE',''
  ) );
#16766 = ORIENTED_EDGE('',*,*,#14318,.F.);
#16767 = ADVANCED_FACE('',(#16768),#14364,.T.);
#16768 = FACE_BOUND('',#16769,.T.);
#16769 = EDGE_LOOP('',(#16770,#16793,#16794,#16795));
#16770 = ORIENTED_EDGE('',*,*,#16771,.F.);
#16771 = EDGE_CURVE('',#16719,#16772,#16774,.T.);
#16772 = VERTEX_POINT('',#16773);
#16773 = CARTESIAN_POINT('',(195.4,144.61374022808,37.017424343677));
#16774 = SURFACE_CURVE('',#16775,(#16779,#16786),.PCURVE_S1.);
#16775 = LINE('',#16776,#16777);
#16776 = CARTESIAN_POINT('',(185.4,144.61374022808,37.017424343677));
#16777 = VECTOR('',#16778,1.);
#16778 = DIRECTION('',(1.,0.,0.));
#16779 = PCURVE('',#14364,#16780);
#16780 = DEFINITIONAL_REPRESENTATION('',(#16781),#16785);
#16781 = LINE('',#16782,#16783);
#16782 = CARTESIAN_POINT('',(0.,0.));
#16783 = VECTOR('',#16784,1.);
#16784 = DIRECTION('',(0.,1.));
#16785 = ( GEOMETRIC_REPRESENTATION_CONTEXT(2) 
PARAMETRIC_REPRESENTATION_CONTEXT() REPRESENTATION_CONTEXT('2D SPACE',''
  ) );
#16786 = PCURVE('',#16734,#16787);
#16787 = DEFINITIONAL_REPRESENTATION('',(#16788),#16792);
#16788 = LINE('',#16789,#16790);
#16789 = CARTESIAN_POINT('',(0.,10.));
#16790 = VECTOR('',#16791,1.);
#16791 = DIRECTION('',(1.,0.));
#16792 = ( GEOMETRIC_REPRESENTATION_CONTEXT(2) 
PARAMETRIC_REPRESENTATION_CONTEXT() REPRESENTATION_CONTEXT('2D SPACE',''
  ) );
#16793 = ORIENTED_EDGE('',*,*,#16746,.T.);
#16794 = ORIENTED_EDGE('',*,*,#14348,.T.);
#16795 = ORIENTED_EDGE('',*,*,#16796,.F.);
#16796 = EDGE_CURVE('',#16772,#14349,#16797,.T.);
#16797 = SURFACE_CURVE('',#16798,(#16802,#16809),.PCURVE_S1.);
#16798 = LINE('',#16799,#16800);
#16799 = CARTESIAN_POINT('',(195.4,144.61374022808,37.017424343677));
#16800 = VECTOR('',#16801,1.);
#16801 = DIRECTION('',(0.,-0.216409655053,0.976302648363));
#16802 = PCURVE('',#14364,#16803);
#16803 = DEFINITIONAL_REPRESENTATION('',(#16804),#16808);
#16804 = LINE('',#16805,#16806);
#16805 = CARTESIAN_POINT('',(0.,10.));
#16806 = VECTOR('',#16807,1.);
#16807 = DIRECTION('',(1.,0.));
#16808 = ( GEOMETRIC_REPRESENTATION_CONTEXT(2) 
PARAMETRIC_REPRESENTATION_CONTEXT() REPRESENTATION_CONTEXT('2D SPACE',''
  ) );
#16809 = PCURVE('',#14392,#16810);
#16810 = DEFINITIONAL_REPRESENTATION('',(#16811),#16815);
#16811 = LINE('',#16812,#16813);
#16812 = CARTESIAN_POINT('',(3.772135110082E-15,-10.));
#16813 = VECTOR('',#16814,1.);
#16814 = DIRECTION('',(1.,1.057526724829E-17));
#16815 = ( GEOMETRIC_REPRESENTATION_CONTEXT(2) 
PARAMETRIC_REPRESENTATION_CONTEXT() REPRESENTATION_CONTEXT('2D SPACE',''
  ) );
#16816 = ADVANCED_FACE('',(#16817),#14418,.F.);
#16817 = FACE_BOUND('',#16818,.F.);
#16818 = EDGE_LOOP('',(#16819,#16842,#16843,#16844));
#16819 = ORIENTED_EDGE('',*,*,#16820,.F.);
#16820 = EDGE_CURVE('',#16696,#16821,#16823,.T.);
#16821 = VERTEX_POINT('',#16822);
#16822 = CARTESIAN_POINT('',(195.4,134.85071374445,34.85332779315));
#16823 = SURFACE_CURVE('',#16824,(#16828,#16835),.PCURVE_S1.);
#16824 = LINE('',#16825,#16826);
#16825 = CARTESIAN_POINT('',(185.4,134.85071374445,34.85332779315));
#16826 = VECTOR('',#16827,1.);
#16827 = DIRECTION('',(1.,0.,0.));
#16828 = PCURVE('',#14418,#16829);
#16829 = DEFINITIONAL_REPRESENTATION('',(#16830),#16834);
#16830 = LINE('',#16831,#16832);
#16831 = CARTESIAN_POINT('',(0.,0.));
#16832 = VECTOR('',#16833,1.);
#16833 = DIRECTION('',(0.,1.));
#16834 = ( GEOMETRIC_REPRESENTATION_CONTEXT(2) 
PARAMETRIC_REPRESENTATION_CONTEXT() REPRESENTATION_CONTEXT('2D SPACE',''
  ) );
#16835 = PCURVE('',#16734,#16836);
#16836 = DEFINITIONAL_REPRESENTATION('',(#16837),#16841);
#16837 = LINE('',#16838,#16839);
#16838 = CARTESIAN_POINT('',(0.,0.));
#16839 = VECTOR('',#16840,1.);
#16840 = DIRECTION('',(1.,0.));
#16841 = ( GEOMETRIC_REPRESENTATION_CONTEXT(2) 
PARAMETRIC_REPRESENTATION_CONTEXT() REPRESENTATION_CONTEXT('2D SPACE',''
  ) );
#16842 = ORIENTED_EDGE('',*,*,#16695,.T.);
#16843 = ORIENTED_EDGE('',*,*,#14404,.T.);
#16844 = ORIENTED_EDGE('',*,*,#16845,.F.);
#16845 = EDGE_CURVE('',#16821,#14377,#16846,.T.);
#16846 = SURFACE_CURVE('',#16847,(#16851,#16858),.PCURVE_S1.);
#16847 = LINE('',#16848,#16849);
#16848 = CARTESIAN_POINT('',(195.4,134.85071374445,34.85332779315));
#16849 = VECTOR('',#16850,1.);
#16850 = DIRECTION('',(0.,-0.216409655053,0.976302648363));
#16851 = PCURVE('',#14418,#16852);
#16852 = DEFINITIONAL_REPRESENTATION('',(#16853),#16857);
#16853 = LINE('',#16854,#16855);
#16854 = CARTESIAN_POINT('',(0.,10.));
#16855 = VECTOR('',#16856,1.);
#16856 = DIRECTION('',(1.,0.));
#16857 = ( GEOMETRIC_REPRESENTATION_CONTEXT(2) 
PARAMETRIC_REPRESENTATION_CONTEXT() REPRESENTATION_CONTEXT('2D SPACE',''
  ) );
#16858 = PCURVE('',#14392,#16859);
#16859 = DEFINITIONAL_REPRESENTATION('',(#16860),#16864);
#16860 = LINE('',#16861,#16862);
#16861 = CARTESIAN_POINT('',(0.,0.));
#16862 = VECTOR('',#16863,1.);
#16863 = DIRECTION('',(1.,1.057526724829E-17));
#16864 = ( GEOMETRIC_REPRESENTATION_CONTEXT(2) 
PARAMETRIC_REPRESENTATION_CONTEXT() REPRESENTATION_CONTEXT('2D SPACE',''
  ) );
#16865 = ADVANCED_FACE('',(#16866),#14392,.T.);
#16866 = FACE_BOUND('',#16867,.T.);
#16867 = EDGE_LOOP('',(#16868,#16869,#16890,#16891));
#16868 = ORIENTED_EDGE('',*,*,#16845,.F.);
#16869 = ORIENTED_EDGE('',*,*,#16870,.T.);
#16870 = EDGE_CURVE('',#16821,#16772,#16871,.T.);
#16871 = SURFACE_CURVE('',#16872,(#16876,#16883),.PCURVE_S1.);
#16872 = LINE('',#16873,#16874);
#16873 = CARTESIAN_POINT('',(195.4,134.85071374445,34.85332779315));
#16874 = VECTOR('',#16875,1.);
#16875 = DIRECTION('',(0.,0.976302648363,0.216409655053));
#16876 = PCURVE('',#14392,#16877);
#16877 = DEFINITIONAL_REPRESENTATION('',(#16878),#16882);
#16878 = LINE('',#16879,#16880);
#16879 = CARTESIAN_POINT('',(0.,0.));
#16880 = VECTOR('',#16881,1.);
#16881 = DIRECTION('',(-1.057526724829E-17,-1.));
#16882 = ( GEOMETRIC_REPRESENTATION_CONTEXT(2) 
PARAMETRIC_REPRESENTATION_CONTEXT() REPRESENTATION_CONTEXT('2D SPACE',''
  ) );
#16883 = PCURVE('',#16734,#16884);
#16884 = DEFINITIONAL_REPRESENTATION('',(#16885),#16889);
#16885 = LINE('',#16886,#16887);
#16886 = CARTESIAN_POINT('',(10.,0.));
#16887 = VECTOR('',#16888,1.);
#16888 = DIRECTION('',(0.,1.));
#16889 = ( GEOMETRIC_REPRESENTATION_CONTEXT(2) 
PARAMETRIC_REPRESENTATION_CONTEXT() REPRESENTATION_CONTEXT('2D SPACE',''
  ) );
#16890 = ORIENTED_EDGE('',*,*,#16796,.T.);
#16891 = ORIENTED_EDGE('',*,*,#14376,.F.);
#16892 = ADVANCED_FACE('',(#16893),#14450,.F.);
#16893 = FACE_BOUND('',#16894,.F.);
#16894 = EDGE_LOOP('',(#16895,#16918,#16946,#16967));
#16895 = ORIENTED_EDGE('',*,*,#16896,.F.);
#16896 = EDGE_CURVE('',#16897,#14433,#16899,.T.);
#16897 = VERTEX_POINT('',#16898);
#16898 = CARTESIAN_POINT('',(168.,142.37484023294,39.593961884133));
#16899 = SURFACE_CURVE('',#16900,(#16904,#16911),.PCURVE_S1.);
#16900 = LINE('',#16901,#16902);
#16901 = CARTESIAN_POINT('',(168.,142.37484023294,39.593961884133));
#16902 = VECTOR('',#16903,1.);
#16903 = DIRECTION('',(0.,-0.216409655053,0.976302648363));
#16904 = PCURVE('',#14450,#16905);
#16905 = DEFINITIONAL_REPRESENTATION('',(#16906),#16910);
#16906 = LINE('',#16907,#16908);
#16907 = CARTESIAN_POINT('',(0.,0.));
#16908 = VECTOR('',#16909,1.);
#16909 = DIRECTION('',(1.,1.057526724829E-17));
#16910 = ( GEOMETRIC_REPRESENTATION_CONTEXT(2) 
PARAMETRIC_REPRESENTATION_CONTEXT() REPRESENTATION_CONTEXT('2D SPACE',''
  ) );
#16911 = PCURVE('',#14532,#16912);
#16912 = DEFINITIONAL_REPRESENTATION('',(#16913),#16917);
#16913 = LINE('',#16914,#16915);
#16914 = CARTESIAN_POINT('',(0.,0.));
#16915 = VECTOR('',#16916,1.);
#16916 = DIRECTION('',(1.,0.));
#16917 = ( GEOMETRIC_REPRESENTATION_CONTEXT(2) 
PARAMETRIC_REPRESENTATION_CONTEXT() REPRESENTATION_CONTEXT('2D SPACE',''
  ) );
#16918 = ORIENTED_EDGE('',*,*,#16919,.T.);
#16919 = EDGE_CURVE('',#16897,#16920,#16922,.T.);
#16920 = VERTEX_POINT('',#16921);
#16921 = CARTESIAN_POINT('',(168.,152.13786671656,41.75805843466));
#16922 = SURFACE_CURVE('',#16923,(#16927,#16934),.PCURVE_S1.);
#16923 = LINE('',#16924,#16925);
#16924 = CARTESIAN_POINT('',(168.,142.37484023294,39.593961884133));
#16925 = VECTOR('',#16926,1.);
#16926 = DIRECTION('',(0.,0.976302648363,0.216409655053));
#16927 = PCURVE('',#14450,#16928);
#16928 = DEFINITIONAL_REPRESENTATION('',(#16929),#16933);
#16929 = LINE('',#16930,#16931);
#16930 = CARTESIAN_POINT('',(0.,0.));
#16931 = VECTOR('',#16932,1.);
#16932 = DIRECTION('',(-1.057526724829E-17,-1.));
#16933 = ( GEOMETRIC_REPRESENTATION_CONTEXT(2) 
PARAMETRIC_REPRESENTATION_CONTEXT() REPRESENTATION_CONTEXT('2D SPACE',''
  ) );
#16934 = PCURVE('',#16935,#16940);
#16935 = PLANE('',#16936);
#16936 = AXIS2_PLACEMENT_3D('',#16937,#16938,#16939);
#16937 = CARTESIAN_POINT('',(168.,142.37484023294,39.593961884133));
#16938 = DIRECTION('',(0.,-0.216409655053,0.976302648363));
#16939 = DIRECTION('',(1.,0.,0.));
#16940 = DEFINITIONAL_REPRESENTATION('',(#16941),#16945);
#16941 = LINE('',#16942,#16943);
#16942 = CARTESIAN_POINT('',(0.,0.));
#16943 = VECTOR('',#16944,1.);
#16944 = DIRECTION('',(0.,1.));
#16945 = ( GEOMETRIC_REPRESENTATION_CONTEXT(2) 
PARAMETRIC_REPRESENTATION_CONTEXT() REPRESENTATION_CONTEXT('2D SPACE',''
  ) );
#16946 = ORIENTED_EDGE('',*,*,#16947,.T.);
#16947 = EDGE_CURVE('',#16920,#14435,#16948,.T.);
#16948 = SURFACE_CURVE('',#16949,(#16953,#16960),.PCURVE_S1.);
#16949 = LINE('',#16950,#16951);
#16950 = CARTESIAN_POINT('',(168.,152.13786671656,41.75805843466));
#16951 = VECTOR('',#16952,1.);
#16952 = DIRECTION('',(0.,-0.216409655053,0.976302648363));
#16953 = PCURVE('',#14450,#16954);
#16954 = DEFINITIONAL_REPRESENTATION('',(#16955),#16959);
#16955 = LINE('',#16956,#16957);
#16956 = CARTESIAN_POINT('',(-2.001024617969E-15,-10.));
#16957 = VECTOR('',#16958,1.);
#16958 = DIRECTION('',(1.,1.057526724829E-17));
#16959 = ( GEOMETRIC_REPRESENTATION_CONTEXT(2) 
PARAMETRIC_REPRESENTATION_CONTEXT() REPRESENTATION_CONTEXT('2D SPACE',''
  ) );
#16960 = PCURVE('',#14478,#16961);
#16961 = DEFINITIONAL_REPRESENTATION('',(#16962),#16966);
#16962 = LINE('',#16963,#16964);
#16963 = CARTESIAN_POINT('',(0.,0.));
#16964 = VECTOR('',#16965,1.);
#16965 = DIRECTION('',(1.,0.));
#16966 = ( GEOMETRIC_REPRESENTATION_CONTEXT(2) 
PARAMETRIC_REPRESENTATION_CONTEXT() REPRESENTATION_CONTEXT('2D SPACE',''
  ) );
#16967 = ORIENTED_EDGE('',*,*,#14432,.F.);
#16968 = ADVANCED_FACE('',(#16969),#14478,.T.);
#16969 = FACE_BOUND('',#16970,.T.);
#16970 = EDGE_LOOP('',(#16971,#16994,#16995,#16996));
#16971 = ORIENTED_EDGE('',*,*,#16972,.F.);
#16972 = EDGE_CURVE('',#16920,#16973,#16975,.T.);
#16973 = VERTEX_POINT('',#16974);
#16974 = CARTESIAN_POINT('',(178.,152.13786671656,41.75805843466));
#16975 = SURFACE_CURVE('',#16976,(#16980,#16987),.PCURVE_S1.);
#16976 = LINE('',#16977,#16978);
#16977 = CARTESIAN_POINT('',(168.,152.13786671656,41.75805843466));
#16978 = VECTOR('',#16979,1.);
#16979 = DIRECTION('',(1.,0.,0.));
#16980 = PCURVE('',#14478,#16981);
#16981 = DEFINITIONAL_REPRESENTATION('',(#16982),#16986);
#16982 = LINE('',#16983,#16984);
#16983 = CARTESIAN_POINT('',(0.,0.));
#16984 = VECTOR('',#16985,1.);
#16985 = DIRECTION('',(0.,1.));
#16986 = ( GEOMETRIC_REPRESENTATION_CONTEXT(2) 
PARAMETRIC_REPRESENTATION_CONTEXT() REPRESENTATION_CONTEXT('2D SPACE',''
  ) );
#16987 = PCURVE('',#16935,#16988);
#16988 = DEFINITIONAL_REPRESENTATION('',(#16989),#16993);
#16989 = LINE('',#16990,#16991);
#16990 = CARTESIAN_POINT('',(0.,10.));
#16991 = VECTOR('',#16992,1.);
#16992 = DIRECTION('',(1.,0.));
#16993 = ( GEOMETRIC_REPRESENTATION_CONTEXT(2) 
PARAMETRIC_REPRESENTATION_CONTEXT() REPRESENTATION_CONTEXT('2D SPACE',''
  ) );
#16994 = ORIENTED_EDGE('',*,*,#16947,.T.);
#16995 = ORIENTED_EDGE('',*,*,#14462,.T.);
#16996 = ORIENTED_EDGE('',*,*,#16997,.F.);
#16997 = EDGE_CURVE('',#16973,#14463,#16998,.T.);
#16998 = SURFACE_CURVE('',#16999,(#17003,#17010),.PCURVE_S1.);
#16999 = LINE('',#17000,#17001);
#17000 = CARTESIAN_POINT('',(178.,152.13786671656,41.75805843466));
#17001 = VECTOR('',#17002,1.);
#17002 = DIRECTION('',(0.,-0.216409655053,0.976302648363));
#17003 = PCURVE('',#14478,#17004);
#17004 = DEFINITIONAL_REPRESENTATION('',(#17005),#17009);
#17005 = LINE('',#17006,#17007);
#17006 = CARTESIAN_POINT('',(0.,10.));
#17007 = VECTOR('',#17008,1.);
#17008 = DIRECTION('',(1.,0.));
#17009 = ( GEOMETRIC_REPRESENTATION_CONTEXT(2) 
PARAMETRIC_REPRESENTATION_CONTEXT() REPRESENTATION_CONTEXT('2D SPACE',''
  ) );
#17010 = PCURVE('',#14506,#17011);
#17011 = DEFINITIONAL_REPRESENTATION('',(#17012),#17016);
#17012 = LINE('',#17013,#17014);
#17013 = CARTESIAN_POINT('',(-2.001024617969E-15,-10.));
#17014 = VECTOR('',#17015,1.);
#17015 = DIRECTION('',(1.,1.057526724829E-17));
#17016 = ( GEOMETRIC_REPRESENTATION_CONTEXT(2) 
PARAMETRIC_REPRESENTATION_CONTEXT() REPRESENTATION_CONTEXT('2D SPACE',''
  ) );
#17017 = ADVANCED_FACE('',(#17018),#14532,.F.);
#17018 = FACE_BOUND('',#17019,.F.);
#17019 = EDGE_LOOP('',(#17020,#17043,#17044,#17045));
#17020 = ORIENTED_EDGE('',*,*,#17021,.F.);
#17021 = EDGE_CURVE('',#16897,#17022,#17024,.T.);
#17022 = VERTEX_POINT('',#17023);
#17023 = CARTESIAN_POINT('',(178.,142.37484023294,39.593961884133));
#17024 = SURFACE_CURVE('',#17025,(#17029,#17036),.PCURVE_S1.);
#17025 = LINE('',#17026,#17027);
#17026 = CARTESIAN_POINT('',(168.,142.37484023294,39.593961884133));
#17027 = VECTOR('',#17028,1.);
#17028 = DIRECTION('',(1.,0.,0.));
#17029 = PCURVE('',#14532,#17030);
#17030 = DEFINITIONAL_REPRESENTATION('',(#17031),#17035);
#17031 = LINE('',#17032,#17033);
#17032 = CARTESIAN_POINT('',(0.,0.));
#17033 = VECTOR('',#17034,1.);
#17034 = DIRECTION('',(0.,1.));
#17035 = ( GEOMETRIC_REPRESENTATION_CONTEXT(2) 
PARAMETRIC_REPRESENTATION_CONTEXT() REPRESENTATION_CONTEXT('2D SPACE',''
  ) );
#17036 = PCURVE('',#16935,#17037);
#17037 = DEFINITIONAL_REPRESENTATION('',(#17038),#17042);
#17038 = LINE('',#17039,#17040);
#17039 = CARTESIAN_POINT('',(0.,0.));
#17040 = VECTOR('',#17041,1.);
#17041 = DIRECTION('',(1.,0.));
#17042 = ( GEOMETRIC_REPRESENTATION_CONTEXT(2) 
PARAMETRIC_REPRESENTATION_CONTEXT() REPRESENTATION_CONTEXT('2D SPACE',''
  ) );
#17043 = ORIENTED_EDGE('',*,*,#16896,.T.);
#17044 = ORIENTED_EDGE('',*,*,#14518,.T.);
#17045 = ORIENTED_EDGE('',*,*,#17046,.F.);
#17046 = EDGE_CURVE('',#17022,#14491,#17047,.T.);
#17047 = SURFACE_CURVE('',#17048,(#17052,#17059),.PCURVE_S1.);
#17048 = LINE('',#17049,#17050);
#17049 = CARTESIAN_POINT('',(178.,142.37484023294,39.593961884133));
#17050 = VECTOR('',#17051,1.);
#17051 = DIRECTION('',(0.,-0.216409655053,0.976302648363));
#17052 = PCURVE('',#14532,#17053);
#17053 = DEFINITIONAL_REPRESENTATION('',(#17054),#17058);
#17054 = LINE('',#17055,#17056);
#17055 = CARTESIAN_POINT('',(0.,10.));
#17056 = VECTOR('',#17057,1.);
#17057 = DIRECTION('',(1.,0.));
#17058 = ( GEOMETRIC_REPRESENTATION_CONTEXT(2) 
PARAMETRIC_REPRESENTATION_CONTEXT() REPRESENTATION_CONTEXT('2D SPACE',''
  ) );
#17059 = PCURVE('',#14506,#17060);
#17060 = DEFINITIONAL_REPRESENTATION('',(#17061),#17065);
#17061 = LINE('',#17062,#17063);
#17062 = CARTESIAN_POINT('',(0.,0.));
#17063 = VECTOR('',#17064,1.);
#17064 = DIRECTION('',(1.,1.057526724829E-17));
#17065 = ( GEOMETRIC_REPRESENTATION_CONTEXT(2) 
PARAMETRIC_REPRESENTATION_CONTEXT() REPRESENTATION_CONTEXT('2D SPACE',''
  ) );
#17066 = ADVANCED_FACE('',(#17067),#14506,.T.);
#17067 = FACE_BOUND('',#17068,.T.);
#17068 = EDGE_LOOP('',(#17069,#17070,#17091,#17092));
#17069 = ORIENTED_EDGE('',*,*,#17046,.F.);
#17070 = ORIENTED_EDGE('',*,*,#17071,.T.);
#17071 = EDGE_CURVE('',#17022,#16973,#17072,.T.);
#17072 = SURFACE_CURVE('',#17073,(#17077,#17084),.PCURVE_S1.);
#17073 = LINE('',#17074,#17075);
#17074 = CARTESIAN_POINT('',(178.,142.37484023294,39.593961884133));
#17075 = VECTOR('',#17076,1.);
#17076 = DIRECTION('',(0.,0.976302648363,0.216409655053));
#17077 = PCURVE('',#14506,#17078);
#17078 = DEFINITIONAL_REPRESENTATION('',(#17079),#17083);
#17079 = LINE('',#17080,#17081);
#17080 = CARTESIAN_POINT('',(0.,0.));
#17081 = VECTOR('',#17082,1.);
#17082 = DIRECTION('',(-1.057526724829E-17,-1.));
#17083 = ( GEOMETRIC_REPRESENTATION_CONTEXT(2) 
PARAMETRIC_REPRESENTATION_CONTEXT() REPRESENTATION_CONTEXT('2D SPACE',''
  ) );
#17084 = PCURVE('',#16935,#17085);
#17085 = DEFINITIONAL_REPRESENTATION('',(#17086),#17090);
#17086 = LINE('',#17087,#17088);
#17087 = CARTESIAN_POINT('',(10.,0.));
#17088 = VECTOR('',#17089,1.);
#17089 = DIRECTION('',(0.,1.));
#17090 = ( GEOMETRIC_REPRESENTATION_CONTEXT(2) 
PARAMETRIC_REPRESENTATION_CONTEXT() REPRESENTATION_CONTEXT('2D SPACE',''
  ) );
#17091 = ORIENTED_EDGE('',*,*,#16997,.T.);
#17092 = ORIENTED_EDGE('',*,*,#14490,.F.);
#17093 = ADVANCED_FACE('',(#17094,#17100),#14896,.F.);
#17094 = FACE_BOUND('',#17095,.F.);
#17095 = EDGE_LOOP('',(#17096,#17097,#17098,#17099));
#17096 = ORIENTED_EDGE('',*,*,#14878,.F.);
#17097 = ORIENTED_EDGE('',*,*,#14954,.T.);
#17098 = ORIENTED_EDGE('',*,*,#15054,.F.);
#17099 = ORIENTED_EDGE('',*,*,#15004,.T.);
#17100 = FACE_BOUND('',#17101,.F.);
#17101 = EDGE_LOOP('',(#17102,#17132,#17161,#17189));
#17102 = ORIENTED_EDGE('',*,*,#17103,.F.);
#17103 = EDGE_CURVE('',#17104,#17106,#17108,.T.);
#17104 = VERTEX_POINT('',#17105);
#17105 = CARTESIAN_POINT('',(23.557142857143,137.03349054697,
    43.531347861106));
#17106 = VERTEX_POINT('',#17107);
#17107 = CARTESIAN_POINT('',(77.557142857143,137.03349054697,
    43.531347861106));
#17108 = SURFACE_CURVE('',#17109,(#17113,#17120),.PCURVE_S1.);
#17109 = LINE('',#17110,#17111);
#17110 = CARTESIAN_POINT('',(23.557142857143,137.03349054697,
    43.531347861106));
#17111 = VECTOR('',#17112,1.);
#17112 = DIRECTION('',(1.,0.,0.));
#17113 = PCURVE('',#14896,#17114);
#17114 = DEFINITIONAL_REPRESENTATION('',(#17115),#17119);
#17115 = LINE('',#17116,#17117);
#17116 = CARTESIAN_POINT('',(27.,2.75));
#17117 = VECTOR('',#17118,1.);
#17118 = DIRECTION('',(-1.,0.));
#17119 = ( GEOMETRIC_REPRESENTATION_CONTEXT(2) 
PARAMETRIC_REPRESENTATION_CONTEXT() REPRESENTATION_CONTEXT('2D SPACE',''
  ) );
#17120 = PCURVE('',#17121,#17126);
#17121 = PLANE('',#17122);
#17122 = AXIS2_PLACEMENT_3D('',#17123,#17124,#17125);
#17123 = CARTESIAN_POINT('',(23.557142857143,137.03349054697,
    43.531347861106));
#17124 = DIRECTION('',(0.,0.976302648363,0.216409655053));
#17125 = DIRECTION('',(1.,0.,0.));
#17126 = DEFINITIONAL_REPRESENTATION('',(#17127),#17131);
#17127 = LINE('',#17128,#17129);
#17128 = CARTESIAN_POINT('',(0.,0.));
#17129 = VECTOR('',#17130,1.);
#17130 = DIRECTION('',(1.,0.));
#17131 = ( GEOMETRIC_REPRESENTATION_CONTEXT(2) 
PARAMETRIC_REPRESENTATION_CONTEXT() REPRESENTATION_CONTEXT('2D SPACE',''
  ) );
#17132 = ORIENTED_EDGE('',*,*,#17133,.F.);
#17133 = EDGE_CURVE('',#17134,#17104,#17136,.T.);
#17134 = VERTEX_POINT('',#17135);
#17135 = CARTESIAN_POINT('',(23.557142857143,131.66382598098,
    42.341094758316));
#17136 = SURFACE_CURVE('',#17137,(#17142,#17149),.PCURVE_S1.);
#17137 = CIRCLE('',#17138,2.75);
#17138 = AXIS2_PLACEMENT_3D('',#17139,#17140,#17141);
#17139 = CARTESIAN_POINT('',(23.557142857143,134.34865826397,
    42.936221309711));
#17140 = DIRECTION('',(-0.,0.216409655053,-0.976302648363));
#17141 = DIRECTION('',(0.,-0.976302648363,-0.216409655053));
#17142 = PCURVE('',#14896,#17143);
#17143 = DEFINITIONAL_REPRESENTATION('',(#17144),#17148);
#17144 = CIRCLE('',#17145,2.75);
#17145 = AXIS2_PLACEMENT_2D('',#17146,#17147);
#17146 = CARTESIAN_POINT('',(27.,0.));
#17147 = DIRECTION('',(-0.,-1.));
#17148 = ( GEOMETRIC_REPRESENTATION_CONTEXT(2) 
PARAMETRIC_REPRESENTATION_CONTEXT() REPRESENTATION_CONTEXT('2D SPACE',''
  ) );
#17149 = PCURVE('',#17150,#17155);
#17150 = CYLINDRICAL_SURFACE('',#17151,2.75);
#17151 = AXIS2_PLACEMENT_3D('',#17152,#17153,#17154);
#17152 = CARTESIAN_POINT('',(23.557142857143,134.34865826397,
    42.936221309711));
#17153 = DIRECTION('',(0.,0.216409655053,-0.976302648363));
#17154 = DIRECTION('',(0.,-0.976302648363,-0.216409655053));
#17155 = DEFINITIONAL_REPRESENTATION('',(#17156),#17160);
#17156 = LINE('',#17157,#17158);
#17157 = CARTESIAN_POINT('',(0.,0.));
#17158 = VECTOR('',#17159,1.);
#17159 = DIRECTION('',(1.,0.));
#17160 = ( GEOMETRIC_REPRESENTATION_CONTEXT(2) 
PARAMETRIC_REPRESENTATION_CONTEXT() REPRESENTATION_CONTEXT('2D SPACE',''
  ) );
#17161 = ORIENTED_EDGE('',*,*,#17162,.F.);
#17162 = EDGE_CURVE('',#17163,#17134,#17165,.T.);
#17163 = VERTEX_POINT('',#17164);
#17164 = CARTESIAN_POINT('',(77.557142857143,131.66382598098,
    42.341094758316));
#17165 = SURFACE_CURVE('',#17166,(#17170,#17177),.PCURVE_S1.);
#17166 = LINE('',#17167,#17168);
#17167 = CARTESIAN_POINT('',(77.557142857143,131.66382598098,
    42.341094758316));
#17168 = VECTOR('',#17169,1.);
#17169 = DIRECTION('',(-1.,0.,0.));
#17170 = PCURVE('',#14896,#17171);
#17171 = DEFINITIONAL_REPRESENTATION('',(#17172),#17176);
#17172 = LINE('',#17173,#17174);
#17173 = CARTESIAN_POINT('',(-27.,-2.75));
#17174 = VECTOR('',#17175,1.);
#17175 = DIRECTION('',(1.,0.));
#17176 = ( GEOMETRIC_REPRESENTATION_CONTEXT(2) 
PARAMETRIC_REPRESENTATION_CONTEXT() REPRESENTATION_CONTEXT('2D SPACE',''
  ) );
#17177 = PCURVE('',#17178,#17183);
#17178 = PLANE('',#17179);
#17179 = AXIS2_PLACEMENT_3D('',#17180,#17181,#17182);
#17180 = CARTESIAN_POINT('',(77.557142857143,131.66382598098,
    42.341094758316));
#17181 = DIRECTION('',(0.,-0.976302648363,-0.216409655053));
#17182 = DIRECTION('',(-1.,0.,0.));
#17183 = DEFINITIONAL_REPRESENTATION('',(#17184),#17188);
#17184 = LINE('',#17185,#17186);
#17185 = CARTESIAN_POINT('',(0.,0.));
#17186 = VECTOR('',#17187,1.);
#17187 = DIRECTION('',(1.,0.));
#17188 = ( GEOMETRIC_REPRESENTATION_CONTEXT(2) 
PARAMETRIC_REPRESENTATION_CONTEXT() REPRESENTATION_CONTEXT('2D SPACE',''
  ) );
#17189 = ORIENTED_EDGE('',*,*,#17190,.F.);
#17190 = EDGE_CURVE('',#17106,#17163,#17191,.T.);
#17191 = SURFACE_CURVE('',#17192,(#17197,#17204),.PCURVE_S1.);
#17192 = CIRCLE('',#17193,2.75);
#17193 = AXIS2_PLACEMENT_3D('',#17194,#17195,#17196);
#17194 = CARTESIAN_POINT('',(77.557142857143,134.34865826397,
    42.936221309711));
#17195 = DIRECTION('',(0.,0.216409655053,-0.976302648363));
#17196 = DIRECTION('',(0.,0.976302648363,0.216409655053));
#17197 = PCURVE('',#14896,#17198);
#17198 = DEFINITIONAL_REPRESENTATION('',(#17199),#17203);
#17199 = CIRCLE('',#17200,2.75);
#17200 = AXIS2_PLACEMENT_2D('',#17201,#17202);
#17201 = CARTESIAN_POINT('',(-27.,0.));
#17202 = DIRECTION('',(0.,1.));
#17203 = ( GEOMETRIC_REPRESENTATION_CONTEXT(2) 
PARAMETRIC_REPRESENTATION_CONTEXT() REPRESENTATION_CONTEXT('2D SPACE',''
  ) );
#17204 = PCURVE('',#17205,#17210);
#17205 = CYLINDRICAL_SURFACE('',#17206,2.75);
#17206 = AXIS2_PLACEMENT_3D('',#17207,#17208,#17209);
#17207 = CARTESIAN_POINT('',(77.557142857143,134.34865826397,
    42.936221309711));
#17208 = DIRECTION('',(0.,0.216409655053,-0.976302648363));
#17209 = DIRECTION('',(0.,0.976302648363,0.216409655053));
#17210 = DEFINITIONAL_REPRESENTATION('',(#17211),#17215);
#17211 = LINE('',#17212,#17213);
#17212 = CARTESIAN_POINT('',(0.,0.));
#17213 = VECTOR('',#17214,1.);
#17214 = DIRECTION('',(1.,0.));
#17215 = ( GEOMETRIC_REPRESENTATION_CONTEXT(2) 
PARAMETRIC_REPRESENTATION_CONTEXT() REPRESENTATION_CONTEXT('2D SPACE',''
  ) );
#17216 = ADVANCED_FACE('',(#17217,#17223),#15099,.F.);
#17217 = FACE_BOUND('',#17218,.F.);
#17218 = EDGE_LOOP('',(#17219,#17220,#17221,#17222));
#17219 = ORIENTED_EDGE('',*,*,#15081,.F.);
#17220 = ORIENTED_EDGE('',*,*,#15256,.T.);
#17221 = ORIENTED_EDGE('',*,*,#15207,.F.);
#17222 = ORIENTED_EDGE('',*,*,#15157,.T.);
#17223 = FACE_BOUND('',#17224,.F.);
#17224 = EDGE_LOOP('',(#17225,#17255,#17284,#17312));
#17225 = ORIENTED_EDGE('',*,*,#17226,.F.);
#17226 = EDGE_CURVE('',#17227,#17229,#17231,.T.);
#17227 = VERTEX_POINT('',#17228);
#17228 = CARTESIAN_POINT('',(124.7,137.03349054697,43.531347861106));
#17229 = VERTEX_POINT('',#17230);
#17230 = CARTESIAN_POINT('',(178.7,137.03349054697,43.531347861106));
#17231 = SURFACE_CURVE('',#17232,(#17236,#17243),.PCURVE_S1.);
#17232 = LINE('',#17233,#17234);
#17233 = CARTESIAN_POINT('',(124.7,137.03349054697,43.531347861106));
#17234 = VECTOR('',#17235,1.);
#17235 = DIRECTION('',(1.,0.,0.));
#17236 = PCURVE('',#15099,#17237);
#17237 = DEFINITIONAL_REPRESENTATION('',(#17238),#17242);
#17238 = LINE('',#17239,#17240);
#17239 = CARTESIAN_POINT('',(27.,2.75));
#17240 = VECTOR('',#17241,1.);
#17241 = DIRECTION('',(-1.,0.));
#17242 = ( GEOMETRIC_REPRESENTATION_CONTEXT(2) 
PARAMETRIC_REPRESENTATION_CONTEXT() REPRESENTATION_CONTEXT('2D SPACE',''
  ) );
#17243 = PCURVE('',#17244,#17249);
#17244 = PLANE('',#17245);
#17245 = AXIS2_PLACEMENT_3D('',#17246,#17247,#17248);
#17246 = CARTESIAN_POINT('',(124.7,137.03349054697,43.531347861106));
#17247 = DIRECTION('',(0.,0.976302648363,0.216409655053));
#17248 = DIRECTION('',(1.,0.,0.));
#17249 = DEFINITIONAL_REPRESENTATION('',(#17250),#17254);
#17250 = LINE('',#17251,#17252);
#17251 = CARTESIAN_POINT('',(0.,0.));
#17252 = VECTOR('',#17253,1.);
#17253 = DIRECTION('',(1.,0.));
#17254 = ( GEOMETRIC_REPRESENTATION_CONTEXT(2) 
PARAMETRIC_REPRESENTATION_CONTEXT() REPRESENTATION_CONTEXT('2D SPACE',''
  ) );
#17255 = ORIENTED_EDGE('',*,*,#17256,.F.);
#17256 = EDGE_CURVE('',#17257,#17227,#17259,.T.);
#17257 = VERTEX_POINT('',#17258);
#17258 = CARTESIAN_POINT('',(124.7,131.66382598098,42.341094758316));
#17259 = SURFACE_CURVE('',#17260,(#17265,#17272),.PCURVE_S1.);
#17260 = CIRCLE('',#17261,2.75);
#17261 = AXIS2_PLACEMENT_3D('',#17262,#17263,#17264);
#17262 = CARTESIAN_POINT('',(124.7,134.34865826397,42.936221309711));
#17263 = DIRECTION('',(-0.,0.216409655053,-0.976302648363));
#17264 = DIRECTION('',(0.,-0.976302648363,-0.216409655053));
#17265 = PCURVE('',#15099,#17266);
#17266 = DEFINITIONAL_REPRESENTATION('',(#17267),#17271);
#17267 = CIRCLE('',#17268,2.75);
#17268 = AXIS2_PLACEMENT_2D('',#17269,#17270);
#17269 = CARTESIAN_POINT('',(27.,0.));
#17270 = DIRECTION('',(-0.,-1.));
#17271 = ( GEOMETRIC_REPRESENTATION_CONTEXT(2) 
PARAMETRIC_REPRESENTATION_CONTEXT() REPRESENTATION_CONTEXT('2D SPACE',''
  ) );
#17272 = PCURVE('',#17273,#17278);
#17273 = CYLINDRICAL_SURFACE('',#17274,2.75);
#17274 = AXIS2_PLACEMENT_3D('',#17275,#17276,#17277);
#17275 = CARTESIAN_POINT('',(124.7,134.34865826397,42.936221309711));
#17276 = DIRECTION('',(0.,0.216409655053,-0.976302648363));
#17277 = DIRECTION('',(0.,-0.976302648363,-0.216409655053));
#17278 = DEFINITIONAL_REPRESENTATION('',(#17279),#17283);
#17279 = LINE('',#17280,#17281);
#17280 = CARTESIAN_POINT('',(0.,0.));
#17281 = VECTOR('',#17282,1.);
#17282 = DIRECTION('',(1.,0.));
#17283 = ( GEOMETRIC_REPRESENTATION_CONTEXT(2) 
PARAMETRIC_REPRESENTATION_CONTEXT() REPRESENTATION_CONTEXT('2D SPACE',''
  ) );
#17284 = ORIENTED_EDGE('',*,*,#17285,.F.);
#17285 = EDGE_CURVE('',#17286,#17257,#17288,.T.);
#17286 = VERTEX_POINT('',#17287);
#17287 = CARTESIAN_POINT('',(178.7,131.66382598098,42.341094758316));
#17288 = SURFACE_CURVE('',#17289,(#17293,#17300),.PCURVE_S1.);
#17289 = LINE('',#17290,#17291);
#17290 = CARTESIAN_POINT('',(178.7,131.66382598098,42.341094758316));
#17291 = VECTOR('',#17292,1.);
#17292 = DIRECTION('',(-1.,0.,0.));
#17293 = PCURVE('',#15099,#17294);
#17294 = DEFINITIONAL_REPRESENTATION('',(#17295),#17299);
#17295 = LINE('',#17296,#17297);
#17296 = CARTESIAN_POINT('',(-27.,-2.75));
#17297 = VECTOR('',#17298,1.);
#17298 = DIRECTION('',(1.,0.));
#17299 = ( GEOMETRIC_REPRESENTATION_CONTEXT(2) 
PARAMETRIC_REPRESENTATION_CONTEXT() REPRESENTATION_CONTEXT('2D SPACE',''
  ) );
#17300 = PCURVE('',#17301,#17306);
#17301 = PLANE('',#17302);
#17302 = AXIS2_PLACEMENT_3D('',#17303,#17304,#17305);
#17303 = CARTESIAN_POINT('',(178.7,131.66382598098,42.341094758316));
#17304 = DIRECTION('',(0.,-0.976302648363,-0.216409655053));
#17305 = DIRECTION('',(-1.,0.,0.));
#17306 = DEFINITIONAL_REPRESENTATION('',(#17307),#17311);
#17307 = LINE('',#17308,#17309);
#17308 = CARTESIAN_POINT('',(0.,0.));
#17309 = VECTOR('',#17310,1.);
#17310 = DIRECTION('',(1.,0.));
#17311 = ( GEOMETRIC_REPRESENTATION_CONTEXT(2) 
PARAMETRIC_REPRESENTATION_CONTEXT() REPRESENTATION_CONTEXT('2D SPACE',''
  ) );
#17312 = ORIENTED_EDGE('',*,*,#17313,.F.);
#17313 = EDGE_CURVE('',#17229,#17286,#17314,.T.);
#17314 = SURFACE_CURVE('',#17315,(#17320,#17327),.PCURVE_S1.);
#17315 = CIRCLE('',#17316,2.75);
#17316 = AXIS2_PLACEMENT_3D('',#17317,#17318,#17319);
#17317 = CARTESIAN_POINT('',(178.7,134.34865826397,42.936221309711));
#17318 = DIRECTION('',(0.,0.216409655053,-0.976302648363));
#17319 = DIRECTION('',(0.,0.976302648363,0.216409655053));
#17320 = PCURVE('',#15099,#17321);
#17321 = DEFINITIONAL_REPRESENTATION('',(#17322),#17326);
#17322 = CIRCLE('',#17323,2.75);
#17323 = AXIS2_PLACEMENT_2D('',#17324,#17325);
#17324 = CARTESIAN_POINT('',(-27.,0.));
#17325 = DIRECTION('',(0.,1.));
#17326 = ( GEOMETRIC_REPRESENTATION_CONTEXT(2) 
PARAMETRIC_REPRESENTATION_CONTEXT() REPRESENTATION_CONTEXT('2D SPACE',''
  ) );
#17327 = PCURVE('',#17328,#17333);
#17328 = CYLINDRICAL_SURFACE('',#17329,2.75);
#17329 = AXIS2_PLACEMENT_3D('',#17330,#17331,#17332);
#17330 = CARTESIAN_POINT('',(178.7,134.34865826397,42.936221309711));
#17331 = DIRECTION('',(0.,0.216409655053,-0.976302648363));
#17332 = DIRECTION('',(0.,0.976302648363,0.216409655053));
#17333 = DEFINITIONAL_REPRESENTATION('',(#17334),#17338);
#17334 = LINE('',#17335,#17336);
#17335 = CARTESIAN_POINT('',(0.,0.));
#17336 = VECTOR('',#17337,1.);
#17337 = DIRECTION('',(1.,0.));
#17338 = ( GEOMETRIC_REPRESENTATION_CONTEXT(2) 
PARAMETRIC_REPRESENTATION_CONTEXT() REPRESENTATION_CONTEXT('2D SPACE',''
  ) );
#17339 = ADVANCED_FACE('',(#17340),#15323,.F.);
#17340 = FACE_BOUND('',#17341,.F.);
#17341 = EDGE_LOOP('',(#17342,#17343,#17344,#17345));
#17342 = ORIENTED_EDGE('',*,*,#15307,.F.);
#17343 = ORIENTED_EDGE('',*,*,#15409,.T.);
#17344 = ORIENTED_EDGE('',*,*,#15459,.T.);
#17345 = ORIENTED_EDGE('',*,*,#15360,.F.);
#17346 = ADVANCED_FACE('',(#17347,#17353),#15524,.F.);
#17347 = FACE_BOUND('',#17348,.F.);
#17348 = EDGE_LOOP('',(#17349,#17350,#17351,#17352));
#17349 = ORIENTED_EDGE('',*,*,#15508,.F.);
#17350 = ORIENTED_EDGE('',*,*,#15610,.T.);
#17351 = ORIENTED_EDGE('',*,*,#15660,.T.);
#17352 = ORIENTED_EDGE('',*,*,#15561,.F.);
#17353 = FACE_BOUND('',#17354,.F.);
#17354 = EDGE_LOOP('',(#17355));
#17355 = ORIENTED_EDGE('',*,*,#17356,.F.);
#17356 = EDGE_CURVE('',#17357,#17357,#17359,.T.);
#17357 = VERTEX_POINT('',#17358);
#17358 = CARTESIAN_POINT('',(103.38,20.,9.395235073975));
#17359 = SURFACE_CURVE('',#17360,(#17365,#17372),.PCURVE_S1.);
#17360 = ELLIPSE('',#17361,2.304613230102,2.25);
#17361 = AXIS2_PLACEMENT_3D('',#17362,#17363,#17364);
#17362 = CARTESIAN_POINT('',(101.13,20.,9.395235073975));
#17363 = DIRECTION('',(0.,-0.216409655053,0.976302648363));
#17364 = DIRECTION('',(0.,-0.976302648363,-0.216409655053));
#17365 = PCURVE('',#15524,#17366);
#17366 = DEFINITIONAL_REPRESENTATION('',(#17367),#17371);
#17367 = ELLIPSE('',#17368,2.304613230102,2.25);
#17368 = AXIS2_PLACEMENT_2D('',#17369,#17370);
#17369 = CARTESIAN_POINT('',(5.,4.25));
#17370 = DIRECTION('',(0.,-1.));
#17371 = ( GEOMETRIC_REPRESENTATION_CONTEXT(2) 
PARAMETRIC_REPRESENTATION_CONTEXT() REPRESENTATION_CONTEXT('2D SPACE',''
  ) );
#17372 = PCURVE('',#17373,#17378);
#17373 = CYLINDRICAL_SURFACE('',#17374,2.25);
#17374 = AXIS2_PLACEMENT_3D('',#17375,#17376,#17377);
#17375 = CARTESIAN_POINT('',(101.13,20.,7.395235073975));
#17376 = DIRECTION('',(-0.,-1.057526724829E-17,-1.));
#17377 = DIRECTION('',(1.,0.,0.));
#17378 = DEFINITIONAL_REPRESENTATION('',(#17379),#17396);
#17379 = B_SPLINE_CURVE_WITH_KNOTS('',8,(#17380,#17381,#17382,#17383,
    #17384,#17385,#17386,#17387,#17388,#17389,#17390,#17391,#17392,
    #17393,#17394,#17395),.UNSPECIFIED.,.F.,.F.,(9,7,9),(1.570796326795,
    4.712388980385,7.853981633974),.UNSPECIFIED.);
#17380 = CARTESIAN_POINT('',(0.,-2.));
#17381 = CARTESIAN_POINT('',(-0.392699081699,-2.195854957623));
#17382 = CARTESIAN_POINT('',(-0.785398163398,-2.391711476896));
#17383 = CARTESIAN_POINT('',(-1.178097245091,-2.541527170587));
#17384 = CARTESIAN_POINT('',(-1.570796326794,-2.599385672961));
#17385 = CARTESIAN_POINT('',(-1.963495408492,-2.541527170586));
#17386 = CARTESIAN_POINT('',(-2.356194490192,-2.391711476897));
#17387 = CARTESIAN_POINT('',(-2.748893571891,-2.195854957623));
#17388 = CARTESIAN_POINT('',(-3.534291735289,-1.804145042377));
#17389 = CARTESIAN_POINT('',(-3.926990816984,-1.608288523102));
#17390 = CARTESIAN_POINT('',(-4.319689898688,-1.458472829405));
#17391 = CARTESIAN_POINT('',(-4.712388980357,-1.400614327036));
#17392 = CARTESIAN_POINT('',(-5.105088062085,-1.458472829402));
#17393 = CARTESIAN_POINT('',(-5.497787143779,-1.608288523101));
#17394 = CARTESIAN_POINT('',(-5.890486225481,-1.804145042377));
#17395 = CARTESIAN_POINT('',(-6.28318530718,-2.));
#17396 = ( GEOMETRIC_REPRESENTATION_CONTEXT(2) 
PARAMETRIC_REPRESENTATION_CONTEXT() REPRESENTATION_CONTEXT('2D SPACE',''
  ) );
#17397 = ADVANCED_FACE('',(#17398),#15725,.F.);
#17398 = FACE_BOUND('',#17399,.F.);
#17399 = EDGE_LOOP('',(#17400,#17401,#17402,#17403));
#17400 = ORIENTED_EDGE('',*,*,#15709,.F.);
#17401 = ORIENTED_EDGE('',*,*,#15811,.T.);
#17402 = ORIENTED_EDGE('',*,*,#15861,.T.);
#17403 = ORIENTED_EDGE('',*,*,#15762,.F.);
#17404 = ADVANCED_FACE('',(#17405,#17411),#15926,.F.);
#17405 = FACE_BOUND('',#17406,.F.);
#17406 = EDGE_LOOP('',(#17407,#17408,#17409,#17410));
#17407 = ORIENTED_EDGE('',*,*,#15910,.F.);
#17408 = ORIENTED_EDGE('',*,*,#16012,.T.);
#17409 = ORIENTED_EDGE('',*,*,#16062,.T.);
#17410 = ORIENTED_EDGE('',*,*,#15963,.F.);
#17411 = FACE_BOUND('',#17412,.F.);
#17412 = EDGE_LOOP('',(#17413));
#17413 = ORIENTED_EDGE('',*,*,#17414,.F.);
#17414 = EDGE_CURVE('',#17415,#17415,#17417,.T.);
#17415 = VERTEX_POINT('',#17416);
#17416 = CARTESIAN_POINT('',(10.75,139.,35.773068827124));
#17417 = SURFACE_CURVE('',#17418,(#17423,#17430),.PCURVE_S1.);
#17418 = ELLIPSE('',#17419,2.304613230102,2.25);
#17419 = AXIS2_PLACEMENT_3D('',#17420,#17421,#17422);
#17420 = CARTESIAN_POINT('',(8.5,139.,35.773068827124));
#17421 = DIRECTION('',(0.,-0.216409655053,0.976302648363));
#17422 = DIRECTION('',(0.,-0.976302648363,-0.216409655053));
#17423 = PCURVE('',#15926,#17424);
#17424 = DEFINITIONAL_REPRESENTATION('',(#17425),#17429);
#17425 = ELLIPSE('',#17426,2.304613230102,2.25);
#17426 = AXIS2_PLACEMENT_2D('',#17427,#17428);
#17427 = CARTESIAN_POINT('',(5.,4.25));
#17428 = DIRECTION('',(0.,-1.));
#17429 = ( GEOMETRIC_REPRESENTATION_CONTEXT(2) 
PARAMETRIC_REPRESENTATION_CONTEXT() REPRESENTATION_CONTEXT('2D SPACE',''
  ) );
#17430 = PCURVE('',#17431,#17436);
#17431 = CYLINDRICAL_SURFACE('',#17432,2.25);
#17432 = AXIS2_PLACEMENT_3D('',#17433,#17434,#17435);
#17433 = CARTESIAN_POINT('',(8.5,139.,33.773068827124));
#17434 = DIRECTION('',(-0.,-1.057526724829E-17,-1.));
#17435 = DIRECTION('',(1.,0.,0.));
#17436 = DEFINITIONAL_REPRESENTATION('',(#17437),#17454);
#17437 = B_SPLINE_CURVE_WITH_KNOTS('',8,(#17438,#17439,#17440,#17441,
    #17442,#17443,#17444,#17445,#17446,#17447,#17448,#17449,#17450,
    #17451,#17452,#17453),.UNSPECIFIED.,.F.,.F.,(9,7,9),(1.570796326795,
    4.712388980385,7.853981633974),.UNSPECIFIED.);
#17438 = CARTESIAN_POINT('',(1.24344978758E-14,-2.));
#17439 = CARTESIAN_POINT('',(-0.392699081699,-2.195854957623));
#17440 = CARTESIAN_POINT('',(-0.785398163392,-2.391711476899));
#17441 = CARTESIAN_POINT('',(-1.178097245104,-2.541527170585));
#17442 = CARTESIAN_POINT('',(-1.570796326771,-2.599385672971));
#17443 = CARTESIAN_POINT('',(-1.963495408496,-2.541527170585));
#17444 = CARTESIAN_POINT('',(-2.356194490187,-2.391711476899));
#17445 = CARTESIAN_POINT('',(-2.748893571891,-2.195854957623));
#17446 = CARTESIAN_POINT('',(-3.534291735289,-1.804145042377));
#17447 = CARTESIAN_POINT('',(-3.926990816994,-1.608288523101));
#17448 = CARTESIAN_POINT('',(-4.31968989863,-1.45847282941));
#17449 = CARTESIAN_POINT('',(-4.712388980428,-1.400614327031));
#17450 = CARTESIAN_POINT('',(-5.105088062018,-1.458472829409));
#17451 = CARTESIAN_POINT('',(-5.497787143793,-1.608288523101));
#17452 = CARTESIAN_POINT('',(-5.890486225481,-1.804145042377));
#17453 = CARTESIAN_POINT('',(-6.28318530718,-2.));
#17454 = ( GEOMETRIC_REPRESENTATION_CONTEXT(2) 
PARAMETRIC_REPRESENTATION_CONTEXT() REPRESENTATION_CONTEXT('2D SPACE',''
  ) );
#17455 = ADVANCED_FACE('',(#17456,#17462),#16128,.T.);
#17456 = FACE_BOUND('',#17457,.T.);
#17457 = EDGE_LOOP('',(#17458,#17459,#17460,#17461));
#17458 = ORIENTED_EDGE('',*,*,#16215,.T.);
#17459 = ORIENTED_EDGE('',*,*,#16264,.T.);
#17460 = ORIENTED_EDGE('',*,*,#16188,.T.);
#17461 = ORIENTED_EDGE('',*,*,#16111,.T.);
#17462 = FACE_BOUND('',#17463,.T.);
#17463 = EDGE_LOOP('',(#17464,#17494,#17522,#17550));
#17464 = ORIENTED_EDGE('',*,*,#17465,.T.);
#17465 = EDGE_CURVE('',#17466,#17468,#17470,.T.);
#17466 = VERTEX_POINT('',#17467);
#17467 = CARTESIAN_POINT('',(47.557142857143,137.60218069164,
    42.120996302325));
#17468 = VERTEX_POINT('',#17469);
#17469 = CARTESIAN_POINT('',(47.557142857143,131.74436480147,
    40.822538372009));
#17470 = SURFACE_CURVE('',#17471,(#17475,#17482),.PCURVE_S1.);
#17471 = LINE('',#17472,#17473);
#17472 = CARTESIAN_POINT('',(47.557142857143,137.60218069164,
    42.120996302325));
#17473 = VECTOR('',#17474,1.);
#17474 = DIRECTION('',(0.,-0.976302648363,-0.216409655053));
#17475 = PCURVE('',#16128,#17476);
#17476 = DEFINITIONAL_REPRESENTATION('',(#17477),#17481);
#17477 = LINE('',#17478,#17479);
#17478 = CARTESIAN_POINT('',(3.,3.));
#17479 = VECTOR('',#17480,1.);
#17480 = DIRECTION('',(-0.,-1.));
#17481 = ( GEOMETRIC_REPRESENTATION_CONTEXT(2) 
PARAMETRIC_REPRESENTATION_CONTEXT() REPRESENTATION_CONTEXT('2D SPACE',''
  ) );
#17482 = PCURVE('',#17483,#17488);
#17483 = B_SPLINE_SURFACE_WITH_KNOTS('',1,1,(
    (#17484,#17485)
    ,(#17486,#17487
    )),.UNSPECIFIED.,.F.,.F.,.F.,(2,2),(2,2),(0.,6.),(0.,1.),
  .PIECEWISE_BEZIER_KNOTS.);
#17484 = CARTESIAN_POINT('',(47.557142857143,137.60218069164,
    42.120996302325));
#17485 = CARTESIAN_POINT('',(48.357142857143,136.64801084891,
    42.728910696973));
#17486 = CARTESIAN_POINT('',(47.557142857143,131.74436480147,
    40.822538372009));
#17487 = CARTESIAN_POINT('',(48.357142857143,132.35227919611,
    41.776708214741));
#17488 = DEFINITIONAL_REPRESENTATION('',(#17489),#17493);
#17489 = LINE('',#17490,#17491);
#17490 = CARTESIAN_POINT('',(0.,0.));
#17491 = VECTOR('',#17492,1.);
#17492 = DIRECTION('',(1.,0.));
#17493 = ( GEOMETRIC_REPRESENTATION_CONTEXT(2) 
PARAMETRIC_REPRESENTATION_CONTEXT() REPRESENTATION_CONTEXT('2D SPACE',''
  ) );
#17494 = ORIENTED_EDGE('',*,*,#17495,.T.);
#17495 = EDGE_CURVE('',#17468,#17496,#17498,.T.);
#17496 = VERTEX_POINT('',#17497);
#17497 = CARTESIAN_POINT('',(53.557142857143,131.74436480147,
    40.822538372009));
#17498 = SURFACE_CURVE('',#17499,(#17503,#17510),.PCURVE_S1.);
#17499 = LINE('',#17500,#17501);
#17500 = CARTESIAN_POINT('',(47.557142857143,131.74436480147,
    40.822538372009));
#17501 = VECTOR('',#17502,1.);
#17502 = DIRECTION('',(1.,0.,0.));
#17503 = PCURVE('',#16128,#17504);
#17504 = DEFINITIONAL_REPRESENTATION('',(#17505),#17509);
#17505 = LINE('',#17506,#17507);
#17506 = CARTESIAN_POINT('',(3.,-3.));
#17507 = VECTOR('',#17508,1.);
#17508 = DIRECTION('',(-1.,0.));
#17509 = ( GEOMETRIC_REPRESENTATION_CONTEXT(2) 
PARAMETRIC_REPRESENTATION_CONTEXT() REPRESENTATION_CONTEXT('2D SPACE',''
  ) );
#17510 = PCURVE('',#17511,#17516);
#17511 = B_SPLINE_SURFACE_WITH_KNOTS('',1,1,(
    (#17512,#17513)
    ,(#17514,#17515
    )),.UNSPECIFIED.,.F.,.F.,.F.,(2,2),(2,2),(0.,6.),(0.,1.),
  .PIECEWISE_BEZIER_KNOTS.);
#17512 = CARTESIAN_POINT('',(47.557142857143,131.74436480147,
    40.822538372009));
#17513 = CARTESIAN_POINT('',(48.357142857143,132.35227919611,
    41.776708214741));
#17514 = CARTESIAN_POINT('',(53.557142857143,131.74436480147,
    40.822538372009));
#17515 = CARTESIAN_POINT('',(52.757142857143,132.35227919611,
    41.776708214741));
#17516 = DEFINITIONAL_REPRESENTATION('',(#17517),#17521);
#17517 = LINE('',#17518,#17519);
#17518 = CARTESIAN_POINT('',(0.,0.));
#17519 = VECTOR('',#17520,1.);
#17520 = DIRECTION('',(1.,0.));
#17521 = ( GEOMETRIC_REPRESENTATION_CONTEXT(2) 
PARAMETRIC_REPRESENTATION_CONTEXT() REPRESENTATION_CONTEXT('2D SPACE',''
  ) );
#17522 = ORIENTED_EDGE('',*,*,#17523,.T.);
#17523 = EDGE_CURVE('',#17496,#17524,#17526,.T.);
#17524 = VERTEX_POINT('',#17525);
#17525 = CARTESIAN_POINT('',(53.557142857143,137.60218069164,
    42.120996302325));
#17526 = SURFACE_CURVE('',#17527,(#17531,#17538),.PCURVE_S1.);
#17527 = LINE('',#17528,#17529);
#17528 = CARTESIAN_POINT('',(53.557142857143,131.74436480147,
    40.822538372009));
#17529 = VECTOR('',#17530,1.);
#17530 = DIRECTION('',(0.,0.976302648363,0.216409655053));
#17531 = PCURVE('',#16128,#17532);
#17532 = DEFINITIONAL_REPRESENTATION('',(#17533),#17537);
#17533 = LINE('',#17534,#17535);
#17534 = CARTESIAN_POINT('',(-3.,-3.));
#17535 = VECTOR('',#17536,1.);
#17536 = DIRECTION('',(0.,1.));
#17537 = ( GEOMETRIC_REPRESENTATION_CONTEXT(2) 
PARAMETRIC_REPRESENTATION_CONTEXT() REPRESENTATION_CONTEXT('2D SPACE',''
  ) );
#17538 = PCURVE('',#17539,#17544);
#17539 = B_SPLINE_SURFACE_WITH_KNOTS('',1,1,(
    (#17540,#17541)
    ,(#17542,#17543
    )),.UNSPECIFIED.,.F.,.F.,.F.,(2,2),(2,2),(0.,6.),(0.,1.),
  .PIECEWISE_BEZIER_KNOTS.);
#17540 = CARTESIAN_POINT('',(53.557142857143,131.74436480147,
    40.822538372009));
#17541 = CARTESIAN_POINT('',(52.757142857143,132.35227919611,
    41.776708214741));
#17542 = CARTESIAN_POINT('',(53.557142857143,137.60218069164,
    42.120996302325));
#17543 = CARTESIAN_POINT('',(52.757142857143,136.64801084891,
    42.728910696973));
#17544 = DEFINITIONAL_REPRESENTATION('',(#17545),#17549);
#17545 = LINE('',#17546,#17547);
#17546 = CARTESIAN_POINT('',(0.,0.));
#17547 = VECTOR('',#17548,1.);
#17548 = DIRECTION('',(1.,0.));
#17549 = ( GEOMETRIC_REPRESENTATION_CONTEXT(2) 
PARAMETRIC_REPRESENTATION_CONTEXT() REPRESENTATION_CONTEXT('2D SPACE',''
  ) );
#17550 = ORIENTED_EDGE('',*,*,#17551,.T.);
#17551 = EDGE_CURVE('',#17524,#17466,#17552,.T.);
#17552 = SURFACE_CURVE('',#17553,(#17557,#17564),.PCURVE_S1.);
#17553 = LINE('',#17554,#17555);
#17554 = CARTESIAN_POINT('',(53.557142857143,137.60218069164,
    42.120996302325));
#17555 = VECTOR('',#17556,1.);
#17556 = DIRECTION('',(-1.,0.,0.));
#17557 = PCURVE('',#16128,#17558);
#17558 = DEFINITIONAL_REPRESENTATION('',(#17559),#17563);
#17559 = LINE('',#17560,#17561);
#17560 = CARTESIAN_POINT('',(-3.,3.));
#17561 = VECTOR('',#17562,1.);
#17562 = DIRECTION('',(1.,0.));
#17563 = ( GEOMETRIC_REPRESENTATION_CONTEXT(2) 
PARAMETRIC_REPRESENTATION_CONTEXT() REPRESENTATION_CONTEXT('2D SPACE',''
  ) );
#17564 = PCURVE('',#17565,#17570);
#17565 = B_SPLINE_SURFACE_WITH_KNOTS('',1,1,(
    (#17566,#17567)
    ,(#17568,#17569
    )),.UNSPECIFIED.,.F.,.F.,.F.,(2,2),(2,2),(0.,6.),(0.,1.),
  .PIECEWISE_BEZIER_KNOTS.);
#17566 = CARTESIAN_POINT('',(53.557142857143,137.60218069164,
    42.120996302325));
#17567 = CARTESIAN_POINT('',(52.757142857143,136.64801084891,
    42.728910696973));
#17568 = CARTESIAN_POINT('',(47.557142857143,137.60218069164,
    42.120996302325));
#17569 = CARTESIAN_POINT('',(48.357142857143,136.64801084891,
    42.728910696973));
#17570 = DEFINITIONAL_REPRESENTATION('',(#17571),#17575);
#17571 = LINE('',#17572,#17573);
#17572 = CARTESIAN_POINT('',(0.,0.));
#17573 = VECTOR('',#17574,1.);
#17574 = DIRECTION('',(1.,0.));
#17575 = ( GEOMETRIC_REPRESENTATION_CONTEXT(2) 
PARAMETRIC_REPRESENTATION_CONTEXT() REPRESENTATION_CONTEXT('2D SPACE',''
  ) );
#17576 = ADVANCED_FACE('',(#17577),#16330,.F.);
#17577 = FACE_BOUND('',#17578,.F.);
#17578 = EDGE_LOOP('',(#17579,#17580,#17581,#17582));
#17579 = ORIENTED_EDGE('',*,*,#16314,.F.);
#17580 = ORIENTED_EDGE('',*,*,#16416,.T.);
#17581 = ORIENTED_EDGE('',*,*,#16466,.T.);
#17582 = ORIENTED_EDGE('',*,*,#16367,.F.);
#17583 = ADVANCED_FACE('',(#17584,#17590),#16532,.T.);
#17584 = FACE_BOUND('',#17585,.T.);
#17585 = EDGE_LOOP('',(#17586,#17587,#17588,#17589));
#17586 = ORIENTED_EDGE('',*,*,#16669,.T.);
#17587 = ORIENTED_EDGE('',*,*,#16641,.T.);
#17588 = ORIENTED_EDGE('',*,*,#16592,.T.);
#17589 = ORIENTED_EDGE('',*,*,#16515,.T.);
#17590 = FACE_BOUND('',#17591,.T.);
#17591 = EDGE_LOOP('',(#17592,#17622,#17650,#17678));
#17592 = ORIENTED_EDGE('',*,*,#17593,.T.);
#17593 = EDGE_CURVE('',#17594,#17596,#17598,.T.);
#17594 = VERTEX_POINT('',#17595);
#17595 = CARTESIAN_POINT('',(148.7,137.60218069164,42.120996302325));
#17596 = VERTEX_POINT('',#17597);
#17597 = CARTESIAN_POINT('',(148.7,131.74436480147,40.822538372009));
#17598 = SURFACE_CURVE('',#17599,(#17603,#17610),.PCURVE_S1.);
#17599 = LINE('',#17600,#17601);
#17600 = CARTESIAN_POINT('',(148.7,137.60218069164,42.120996302325));
#17601 = VECTOR('',#17602,1.);
#17602 = DIRECTION('',(0.,-0.976302648363,-0.216409655053));
#17603 = PCURVE('',#16532,#17604);
#17604 = DEFINITIONAL_REPRESENTATION('',(#17605),#17609);
#17605 = LINE('',#17606,#17607);
#17606 = CARTESIAN_POINT('',(3.,3.));
#17607 = VECTOR('',#17608,1.);
#17608 = DIRECTION('',(-0.,-1.));
#17609 = ( GEOMETRIC_REPRESENTATION_CONTEXT(2) 
PARAMETRIC_REPRESENTATION_CONTEXT() REPRESENTATION_CONTEXT('2D SPACE',''
  ) );
#17610 = PCURVE('',#17611,#17616);
#17611 = B_SPLINE_SURFACE_WITH_KNOTS('',1,1,(
    (#17612,#17613)
    ,(#17614,#17615
    )),.UNSPECIFIED.,.F.,.F.,.F.,(2,2),(2,2),(0.,6.),(0.,1.),
  .PIECEWISE_BEZIER_KNOTS.);
#17612 = CARTESIAN_POINT('',(148.7,137.60218069164,42.120996302325));
#17613 = CARTESIAN_POINT('',(149.5,136.64801084891,42.728910696973));
#17614 = CARTESIAN_POINT('',(148.7,131.74436480147,40.822538372009));
#17615 = CARTESIAN_POINT('',(149.5,132.35227919611,41.776708214741));
#17616 = DEFINITIONAL_REPRESENTATION('',(#17617),#17621);
#17617 = LINE('',#17618,#17619);
#17618 = CARTESIAN_POINT('',(0.,0.));
#17619 = VECTOR('',#17620,1.);
#17620 = DIRECTION('',(1.,0.));
#17621 = ( GEOMETRIC_REPRESENTATION_CONTEXT(2) 
PARAMETRIC_REPRESENTATION_CONTEXT() REPRESENTATION_CONTEXT('2D SPACE',''
  ) );
#17622 = ORIENTED_EDGE('',*,*,#17623,.T.);
#17623 = EDGE_CURVE('',#17596,#17624,#17626,.T.);
#17624 = VERTEX_POINT('',#17625);
#17625 = CARTESIAN_POINT('',(154.7,131.74436480147,40.822538372009));
#17626 = SURFACE_CURVE('',#17627,(#17631,#17638),.PCURVE_S1.);
#17627 = LINE('',#17628,#17629);
#17628 = CARTESIAN_POINT('',(148.7,131.74436480147,40.822538372009));
#17629 = VECTOR('',#17630,1.);
#17630 = DIRECTION('',(1.,0.,0.));
#17631 = PCURVE('',#16532,#17632);
#17632 = DEFINITIONAL_REPRESENTATION('',(#17633),#17637);
#17633 = LINE('',#17634,#17635);
#17634 = CARTESIAN_POINT('',(3.,-3.));
#17635 = VECTOR('',#17636,1.);
#17636 = DIRECTION('',(-1.,0.));
#17637 = ( GEOMETRIC_REPRESENTATION_CONTEXT(2) 
PARAMETRIC_REPRESENTATION_CONTEXT() REPRESENTATION_CONTEXT('2D SPACE',''
  ) );
#17638 = PCURVE('',#17639,#17644);
#17639 = B_SPLINE_SURFACE_WITH_KNOTS('',1,1,(
    (#17640,#17641)
    ,(#17642,#17643
    )),.UNSPECIFIED.,.F.,.F.,.F.,(2,2),(2,2),(0.,6.),(0.,1.),
  .PIECEWISE_BEZIER_KNOTS.);
#17640 = CARTESIAN_POINT('',(148.7,131.74436480147,40.822538372009));
#17641 = CARTESIAN_POINT('',(149.5,132.35227919611,41.776708214741));
#17642 = CARTESIAN_POINT('',(154.7,131.74436480147,40.822538372009));
#17643 = CARTESIAN_POINT('',(153.9,132.35227919611,41.776708214741));
#17644 = DEFINITIONAL_REPRESENTATION('',(#17645),#17649);
#17645 = LINE('',#17646,#17647);
#17646 = CARTESIAN_POINT('',(0.,0.));
#17647 = VECTOR('',#17648,1.);
#17648 = DIRECTION('',(1.,0.));
#17649 = ( GEOMETRIC_REPRESENTATION_CONTEXT(2) 
PARAMETRIC_REPRESENTATION_CONTEXT() REPRESENTATION_CONTEXT('2D SPACE',''
  ) );
#17650 = ORIENTED_EDGE('',*,*,#17651,.T.);
#17651 = EDGE_CURVE('',#17624,#17652,#17654,.T.);
#17652 = VERTEX_POINT('',#17653);
#17653 = CARTESIAN_POINT('',(154.7,137.60218069164,42.120996302325));
#17654 = SURFACE_CURVE('',#17655,(#17659,#17666),.PCURVE_S1.);
#17655 = LINE('',#17656,#17657);
#17656 = CARTESIAN_POINT('',(154.7,131.74436480147,40.822538372009));
#17657 = VECTOR('',#17658,1.);
#17658 = DIRECTION('',(0.,0.976302648363,0.216409655053));
#17659 = PCURVE('',#16532,#17660);
#17660 = DEFINITIONAL_REPRESENTATION('',(#17661),#17665);
#17661 = LINE('',#17662,#17663);
#17662 = CARTESIAN_POINT('',(-3.,-3.));
#17663 = VECTOR('',#17664,1.);
#17664 = DIRECTION('',(0.,1.));
#17665 = ( GEOMETRIC_REPRESENTATION_CONTEXT(2) 
PARAMETRIC_REPRESENTATION_CONTEXT() REPRESENTATION_CONTEXT('2D SPACE',''
  ) );
#17666 = PCURVE('',#17667,#17672);
#17667 = B_SPLINE_SURFACE_WITH_KNOTS('',1,1,(
    (#17668,#17669)
    ,(#17670,#17671
    )),.UNSPECIFIED.,.F.,.F.,.F.,(2,2),(2,2),(0.,6.),(0.,1.),
  .PIECEWISE_BEZIER_KNOTS.);
#17668 = CARTESIAN_POINT('',(154.7,131.74436480147,40.822538372009));
#17669 = CARTESIAN_POINT('',(153.9,132.35227919611,41.776708214741));
#17670 = CARTESIAN_POINT('',(154.7,137.60218069164,42.120996302325));
#17671 = CARTESIAN_POINT('',(153.9,136.64801084891,42.728910696973));
#17672 = DEFINITIONAL_REPRESENTATION('',(#17673),#17677);
#17673 = LINE('',#17674,#17675);
#17674 = CARTESIAN_POINT('',(0.,0.));
#17675 = VECTOR('',#17676,1.);
#17676 = DIRECTION('',(1.,0.));
#17677 = ( GEOMETRIC_REPRESENTATION_CONTEXT(2) 
PARAMETRIC_REPRESENTATION_CONTEXT() REPRESENTATION_CONTEXT('2D SPACE',''
  ) );
#17678 = ORIENTED_EDGE('',*,*,#17679,.T.);
#17679 = EDGE_CURVE('',#17652,#17594,#17680,.T.);
#17680 = SURFACE_CURVE('',#17681,(#17685,#17692),.PCURVE_S1.);
#17681 = LINE('',#17682,#17683);
#17682 = CARTESIAN_POINT('',(154.7,137.60218069164,42.120996302325));
#17683 = VECTOR('',#17684,1.);
#17684 = DIRECTION('',(-1.,0.,0.));
#17685 = PCURVE('',#16532,#17686);
#17686 = DEFINITIONAL_REPRESENTATION('',(#17687),#17691);
#17687 = LINE('',#17688,#17689);
#17688 = CARTESIAN_POINT('',(-3.,3.));
#17689 = VECTOR('',#17690,1.);
#17690 = DIRECTION('',(1.,0.));
#17691 = ( GEOMETRIC_REPRESENTATION_CONTEXT(2) 
PARAMETRIC_REPRESENTATION_CONTEXT() REPRESENTATION_CONTEXT('2D SPACE',''
  ) );
#17692 = PCURVE('',#17693,#17698);
#17693 = B_SPLINE_SURFACE_WITH_KNOTS('',1,1,(
    (#17694,#17695)
    ,(#17696,#17697
    )),.UNSPECIFIED.,.F.,.F.,.F.,(2,2),(2,2),(0.,6.),(0.,1.),
  .PIECEWISE_BEZIER_KNOTS.);
#17694 = CARTESIAN_POINT('',(154.7,137.60218069164,42.120996302325));
#17695 = CARTESIAN_POINT('',(153.9,136.64801084891,42.728910696973));
#17696 = CARTESIAN_POINT('',(148.7,137.60218069164,42.120996302325));
#17697 = CARTESIAN_POINT('',(149.5,136.64801084891,42.728910696973));
#17698 = DEFINITIONAL_REPRESENTATION('',(#17699),#17703);
#17699 = LINE('',#17700,#17701);
#17700 = CARTESIAN_POINT('',(0.,0.));
#17701 = VECTOR('',#17702,1.);
#17702 = DIRECTION('',(1.,0.));
#17703 = ( GEOMETRIC_REPRESENTATION_CONTEXT(2) 
PARAMETRIC_REPRESENTATION_CONTEXT() REPRESENTATION_CONTEXT('2D SPACE',''
  ) );
#17704 = ADVANCED_FACE('',(#17705,#17711),#16734,.F.);
#17705 = FACE_BOUND('',#17706,.F.);
#17706 = EDGE_LOOP('',(#17707,#17708,#17709,#17710));
#17707 = ORIENTED_EDGE('',*,*,#16718,.F.);
#17708 = ORIENTED_EDGE('',*,*,#16820,.T.);
#17709 = ORIENTED_EDGE('',*,*,#16870,.T.);
#17710 = ORIENTED_EDGE('',*,*,#16771,.F.);
#17711 = FACE_BOUND('',#17712,.F.);
#17712 = EDGE_LOOP('',(#17713));
#17713 = ORIENTED_EDGE('',*,*,#17714,.F.);
#17714 = EDGE_CURVE('',#17715,#17715,#17717,.T.);
#17715 = VERTEX_POINT('',#17716);
#17716 = CARTESIAN_POINT('',(192.65,139.,35.773068827124));
#17717 = SURFACE_CURVE('',#17718,(#17723,#17730),.PCURVE_S1.);
#17718 = ELLIPSE('',#17719,2.304613230102,2.25);
#17719 = AXIS2_PLACEMENT_3D('',#17720,#17721,#17722);
#17720 = CARTESIAN_POINT('',(190.4,139.,35.773068827124));
#17721 = DIRECTION('',(0.,-0.216409655053,0.976302648363));
#17722 = DIRECTION('',(0.,-0.976302648363,-0.216409655053));
#17723 = PCURVE('',#16734,#17724);
#17724 = DEFINITIONAL_REPRESENTATION('',(#17725),#17729);
#17725 = ELLIPSE('',#17726,2.304613230102,2.25);
#17726 = AXIS2_PLACEMENT_2D('',#17727,#17728);
#17727 = CARTESIAN_POINT('',(5.,4.25));
#17728 = DIRECTION('',(0.,-1.));
#17729 = ( GEOMETRIC_REPRESENTATION_CONTEXT(2) 
PARAMETRIC_REPRESENTATION_CONTEXT() REPRESENTATION_CONTEXT('2D SPACE',''
  ) );
#17730 = PCURVE('',#17731,#17736);
#17731 = CYLINDRICAL_SURFACE('',#17732,2.25);
#17732 = AXIS2_PLACEMENT_3D('',#17733,#17734,#17735);
#17733 = CARTESIAN_POINT('',(190.4,139.,33.773068827124));
#17734 = DIRECTION('',(-0.,-1.057526724829E-17,-1.));
#17735 = DIRECTION('',(1.,0.,0.));
#17736 = DEFINITIONAL_REPRESENTATION('',(#17737),#17754);
#17737 = B_SPLINE_CURVE_WITH_KNOTS('',8,(#17738,#17739,#17740,#17741,
    #17742,#17743,#17744,#17745,#17746,#17747,#17748,#17749,#17750,
    #17751,#17752,#17753),.UNSPECIFIED.,.F.,.F.,(9,7,9),(1.570796326795,
    4.712388980385,7.853981633974),.UNSPECIFIED.);
#17738 = CARTESIAN_POINT('',(1.24344978758E-14,-2.));
#17739 = CARTESIAN_POINT('',(-0.392699081699,-2.195854957623));
#17740 = CARTESIAN_POINT('',(-0.785398163386,-2.391711476899));
#17741 = CARTESIAN_POINT('',(-1.178097245124,-2.541527170585));
#17742 = CARTESIAN_POINT('',(-1.570796326733,-2.599385672971));
#17743 = CARTESIAN_POINT('',(-1.963495408516,-2.541527170585));
#17744 = CARTESIAN_POINT('',(-2.356194490181,-2.391711476899));
#17745 = CARTESIAN_POINT('',(-2.748893571891,-2.195854957623));
#17746 = CARTESIAN_POINT('',(-3.534291735289,-1.804145042377));
#17747 = CARTESIAN_POINT('',(-3.926990816992,-1.608288523101));
#17748 = CARTESIAN_POINT('',(-4.319689898639,-1.45847282941));
#17749 = CARTESIAN_POINT('',(-4.712388980408,-1.400614327031));
#17750 = CARTESIAN_POINT('',(-5.105088062026,-1.458472829409));
#17751 = CARTESIAN_POINT('',(-5.497787143787,-1.608288523101));
#17752 = CARTESIAN_POINT('',(-5.890486225481,-1.804145042377));
#17753 = CARTESIAN_POINT('',(-6.28318530718,-2.));
#17754 = ( GEOMETRIC_REPRESENTATION_CONTEXT(2) 
PARAMETRIC_REPRESENTATION_CONTEXT() REPRESENTATION_CONTEXT('2D SPACE',''
  ) );
#17755 = ADVANCED_FACE('',(#17756),#16935,.F.);
#17756 = FACE_BOUND('',#17757,.F.);
#17757 = EDGE_LOOP('',(#17758,#17759,#17760,#17761));
#17758 = ORIENTED_EDGE('',*,*,#16919,.F.);
#17759 = ORIENTED_EDGE('',*,*,#17021,.T.);
#17760 = ORIENTED_EDGE('',*,*,#17071,.T.);
#17761 = ORIENTED_EDGE('',*,*,#16972,.F.);
#17762 = ADVANCED_FACE('',(#17763),#17121,.T.);
#17763 = FACE_BOUND('',#17764,.T.);
#17764 = EDGE_LOOP('',(#17765,#17788,#17816,#17837));
#17765 = ORIENTED_EDGE('',*,*,#17766,.T.);
#17766 = EDGE_CURVE('',#17104,#17767,#17769,.T.);
#17767 = VERTEX_POINT('',#17768);
#17768 = CARTESIAN_POINT('',(23.557142857143,136.57903027136,
    45.581583422668));
#17769 = SURFACE_CURVE('',#17770,(#17774,#17781),.PCURVE_S1.);
#17770 = LINE('',#17771,#17772);
#17771 = CARTESIAN_POINT('',(23.557142857143,137.03349054697,
    43.531347861106));
#17772 = VECTOR('',#17773,1.);
#17773 = DIRECTION('',(0.,-0.216409655053,0.976302648363));
#17774 = PCURVE('',#17121,#17775);
#17775 = DEFINITIONAL_REPRESENTATION('',(#17776),#17780);
#17776 = LINE('',#17777,#17778);
#17777 = CARTESIAN_POINT('',(0.,0.));
#17778 = VECTOR('',#17779,1.);
#17779 = DIRECTION('',(0.,-1.));
#17780 = ( GEOMETRIC_REPRESENTATION_CONTEXT(2) 
PARAMETRIC_REPRESENTATION_CONTEXT() REPRESENTATION_CONTEXT('2D SPACE',''
  ) );
#17781 = PCURVE('',#17150,#17782);
#17782 = DEFINITIONAL_REPRESENTATION('',(#17783),#17787);
#17783 = LINE('',#17784,#17785);
#17784 = CARTESIAN_POINT('',(3.14159265359,0.));
#17785 = VECTOR('',#17786,1.);
#17786 = DIRECTION('',(0.,-1.));
#17787 = ( GEOMETRIC_REPRESENTATION_CONTEXT(2) 
PARAMETRIC_REPRESENTATION_CONTEXT() REPRESENTATION_CONTEXT('2D SPACE',''
  ) );
#17788 = ORIENTED_EDGE('',*,*,#17789,.T.);
#17789 = EDGE_CURVE('',#17767,#17790,#17792,.T.);
#17790 = VERTEX_POINT('',#17791);
#17791 = CARTESIAN_POINT('',(77.557142857143,136.57903027136,
    45.581583422668));
#17792 = SURFACE_CURVE('',#17793,(#17797,#17804),.PCURVE_S1.);
#17793 = LINE('',#17794,#17795);
#17794 = CARTESIAN_POINT('',(23.557142857143,136.57903027136,
    45.581583422668));
#17795 = VECTOR('',#17796,1.);
#17796 = DIRECTION('',(1.,0.,0.));
#17797 = PCURVE('',#17121,#17798);
#17798 = DEFINITIONAL_REPRESENTATION('',(#17799),#17803);
#17799 = LINE('',#17800,#17801);
#17800 = CARTESIAN_POINT('',(0.,-2.1));
#17801 = VECTOR('',#17802,1.);
#17802 = DIRECTION('',(1.,0.));
#17803 = ( GEOMETRIC_REPRESENTATION_CONTEXT(2) 
PARAMETRIC_REPRESENTATION_CONTEXT() REPRESENTATION_CONTEXT('2D SPACE',''
  ) );
#17804 = PCURVE('',#17805,#17810);
#17805 = PLANE('',#17806);
#17806 = AXIS2_PLACEMENT_3D('',#17807,#17808,#17809);
#17807 = CARTESIAN_POINT('',(23.557142857143,136.40012342585,
    45.695567371664));
#17808 = DIRECTION('',(9.293197397199E-19,-0.537325488546,-0.84337495775
    ));
#17809 = DIRECTION('',(1.,4.993471831601E-19,7.837649962221E-19));
#17810 = DEFINITIONAL_REPRESENTATION('',(#17811),#17815);
#17811 = LINE('',#17812,#17813);
#17812 = CARTESIAN_POINT('',(-3.990244880765E-33,-0.212132034356));
#17813 = VECTOR('',#17814,1.);
#17814 = DIRECTION('',(1.,-6.500796196134E-35));
#17815 = ( GEOMETRIC_REPRESENTATION_CONTEXT(2) 
PARAMETRIC_REPRESENTATION_CONTEXT() REPRESENTATION_CONTEXT('2D SPACE',''
  ) );
#17816 = ORIENTED_EDGE('',*,*,#17817,.F.);
#17817 = EDGE_CURVE('',#17106,#17790,#17818,.T.);
#17818 = SURFACE_CURVE('',#17819,(#17823,#17830),.PCURVE_S1.);
#17819 = LINE('',#17820,#17821);
#17820 = CARTESIAN_POINT('',(77.557142857143,137.03349054697,
    43.531347861106));
#17821 = VECTOR('',#17822,1.);
#17822 = DIRECTION('',(0.,-0.216409655053,0.976302648363));
#17823 = PCURVE('',#17121,#17824);
#17824 = DEFINITIONAL_REPRESENTATION('',(#17825),#17829);
#17825 = LINE('',#17826,#17827);
#17826 = CARTESIAN_POINT('',(54.,0.));
#17827 = VECTOR('',#17828,1.);
#17828 = DIRECTION('',(0.,-1.));
#17829 = ( GEOMETRIC_REPRESENTATION_CONTEXT(2) 
PARAMETRIC_REPRESENTATION_CONTEXT() REPRESENTATION_CONTEXT('2D SPACE',''
  ) );
#17830 = PCURVE('',#17205,#17831);
#17831 = DEFINITIONAL_REPRESENTATION('',(#17832),#17836);
#17832 = LINE('',#17833,#17834);
#17833 = CARTESIAN_POINT('',(0.,0.));
#17834 = VECTOR('',#17835,1.);
#17835 = DIRECTION('',(0.,-1.));
#17836 = ( GEOMETRIC_REPRESENTATION_CONTEXT(2) 
PARAMETRIC_REPRESENTATION_CONTEXT() REPRESENTATION_CONTEXT('2D SPACE',''
  ) );
#17837 = ORIENTED_EDGE('',*,*,#17103,.F.);
#17838 = ADVANCED_FACE('',(#17839),#17150,.T.);
#17839 = FACE_BOUND('',#17840,.T.);
#17840 = EDGE_LOOP('',(#17841,#17864,#17891,#17892));
#17841 = ORIENTED_EDGE('',*,*,#17842,.T.);
#17842 = EDGE_CURVE('',#17134,#17843,#17845,.T.);
#17843 = VERTEX_POINT('',#17844);
#17844 = CARTESIAN_POINT('',(23.557142857143,131.20936570537,
    44.391330319878));
#17845 = SURFACE_CURVE('',#17846,(#17850,#17857),.PCURVE_S1.);
#17846 = LINE('',#17847,#17848);
#17847 = CARTESIAN_POINT('',(23.557142857143,131.66382598098,
    42.341094758316));
#17848 = VECTOR('',#17849,1.);
#17849 = DIRECTION('',(0.,-0.216409655053,0.976302648363));
#17850 = PCURVE('',#17150,#17851);
#17851 = DEFINITIONAL_REPRESENTATION('',(#17852),#17856);
#17852 = LINE('',#17853,#17854);
#17853 = CARTESIAN_POINT('',(0.,0.));
#17854 = VECTOR('',#17855,1.);
#17855 = DIRECTION('',(0.,-1.));
#17856 = ( GEOMETRIC_REPRESENTATION_CONTEXT(2) 
PARAMETRIC_REPRESENTATION_CONTEXT() REPRESENTATION_CONTEXT('2D SPACE',''
  ) );
#17857 = PCURVE('',#17178,#17858);
#17858 = DEFINITIONAL_REPRESENTATION('',(#17859),#17863);
#17859 = LINE('',#17860,#17861);
#17860 = CARTESIAN_POINT('',(54.,0.));
#17861 = VECTOR('',#17862,1.);
#17862 = DIRECTION('',(0.,-1.));
#17863 = ( GEOMETRIC_REPRESENTATION_CONTEXT(2) 
PARAMETRIC_REPRESENTATION_CONTEXT() REPRESENTATION_CONTEXT('2D SPACE',''
  ) );
#17864 = ORIENTED_EDGE('',*,*,#17865,.T.);
#17865 = EDGE_CURVE('',#17843,#17767,#17866,.T.);
#17866 = SURFACE_CURVE('',#17867,(#17872,#17879),.PCURVE_S1.);
#17867 = CIRCLE('',#17868,2.75);
#17868 = AXIS2_PLACEMENT_3D('',#17869,#17870,#17871);
#17869 = CARTESIAN_POINT('',(23.557142857143,133.89419798836,
    44.986456871273));
#17870 = DIRECTION('',(-0.,0.216409655053,-0.976302648363));
#17871 = DIRECTION('',(0.,-0.976302648363,-0.216409655053));
#17872 = PCURVE('',#17150,#17873);
#17873 = DEFINITIONAL_REPRESENTATION('',(#17874),#17878);
#17874 = LINE('',#17875,#17876);
#17875 = CARTESIAN_POINT('',(0.,-2.1));
#17876 = VECTOR('',#17877,1.);
#17877 = DIRECTION('',(1.,0.));
#17878 = ( GEOMETRIC_REPRESENTATION_CONTEXT(2) 
PARAMETRIC_REPRESENTATION_CONTEXT() REPRESENTATION_CONTEXT('2D SPACE',''
  ) );
#17879 = PCURVE('',#17880,#17885);
#17880 = CONICAL_SURFACE('',#17881,2.75,0.785398163397);
#17881 = AXIS2_PLACEMENT_3D('',#17882,#17883,#17884);
#17882 = CARTESIAN_POINT('',(23.557142857143,133.89419798836,
    44.986456871273));
#17883 = DIRECTION('',(-0.,0.216409655053,-0.976302648363));
#17884 = DIRECTION('',(0.,-0.976302648363,-0.216409655053));
#17885 = DEFINITIONAL_REPRESENTATION('',(#17886),#17890);
#17886 = LINE('',#17887,#17888);
#17887 = CARTESIAN_POINT('',(0.,-0.));
#17888 = VECTOR('',#17889,1.);
#17889 = DIRECTION('',(1.,-0.));
#17890 = ( GEOMETRIC_REPRESENTATION_CONTEXT(2) 
PARAMETRIC_REPRESENTATION_CONTEXT() REPRESENTATION_CONTEXT('2D SPACE',''
  ) );
#17891 = ORIENTED_EDGE('',*,*,#17766,.F.);
#17892 = ORIENTED_EDGE('',*,*,#17133,.F.);
#17893 = ADVANCED_FACE('',(#17894),#17205,.T.);
#17894 = FACE_BOUND('',#17895,.T.);
#17895 = EDGE_LOOP('',(#17896,#17897,#17926,#17947));
#17896 = ORIENTED_EDGE('',*,*,#17817,.T.);
#17897 = ORIENTED_EDGE('',*,*,#17898,.T.);
#17898 = EDGE_CURVE('',#17790,#17899,#17901,.T.);
#17899 = VERTEX_POINT('',#17900);
#17900 = CARTESIAN_POINT('',(77.557142857143,131.20936570537,
    44.391330319878));
#17901 = SURFACE_CURVE('',#17902,(#17907,#17914),.PCURVE_S1.);
#17902 = CIRCLE('',#17903,2.75);
#17903 = AXIS2_PLACEMENT_3D('',#17904,#17905,#17906);
#17904 = CARTESIAN_POINT('',(77.557142857143,133.89419798836,
    44.986456871273));
#17905 = DIRECTION('',(0.,0.216409655053,-0.976302648363));
#17906 = DIRECTION('',(0.,0.976302648363,0.216409655053));
#17907 = PCURVE('',#17205,#17908);
#17908 = DEFINITIONAL_REPRESENTATION('',(#17909),#17913);
#17909 = LINE('',#17910,#17911);
#17910 = CARTESIAN_POINT('',(0.,-2.1));
#17911 = VECTOR('',#17912,1.);
#17912 = DIRECTION('',(1.,0.));
#17913 = ( GEOMETRIC_REPRESENTATION_CONTEXT(2) 
PARAMETRIC_REPRESENTATION_CONTEXT() REPRESENTATION_CONTEXT('2D SPACE',''
  ) );
#17914 = PCURVE('',#17915,#17920);
#17915 = CONICAL_SURFACE('',#17916,2.75,0.785398163397);
#17916 = AXIS2_PLACEMENT_3D('',#17917,#17918,#17919);
#17917 = CARTESIAN_POINT('',(77.557142857143,133.89419798836,
    44.986456871273));
#17918 = DIRECTION('',(-0.,0.216409655053,-0.976302648363));
#17919 = DIRECTION('',(0.,0.976302648363,0.216409655053));
#17920 = DEFINITIONAL_REPRESENTATION('',(#17921),#17925);
#17921 = LINE('',#17922,#17923);
#17922 = CARTESIAN_POINT('',(0.,-0.));
#17923 = VECTOR('',#17924,1.);
#17924 = DIRECTION('',(1.,-0.));
#17925 = ( GEOMETRIC_REPRESENTATION_CONTEXT(2) 
PARAMETRIC_REPRESENTATION_CONTEXT() REPRESENTATION_CONTEXT('2D SPACE',''
  ) );
#17926 = ORIENTED_EDGE('',*,*,#17927,.F.);
#17927 = EDGE_CURVE('',#17163,#17899,#17928,.T.);
#17928 = SURFACE_CURVE('',#17929,(#17933,#17940),.PCURVE_S1.);
#17929 = LINE('',#17930,#17931);
#17930 = CARTESIAN_POINT('',(77.557142857143,131.66382598098,
    42.341094758316));
#17931 = VECTOR('',#17932,1.);
#17932 = DIRECTION('',(0.,-0.216409655053,0.976302648363));
#17933 = PCURVE('',#17205,#17934);
#17934 = DEFINITIONAL_REPRESENTATION('',(#17935),#17939);
#17935 = LINE('',#17936,#17937);
#17936 = CARTESIAN_POINT('',(3.14159265359,0.));
#17937 = VECTOR('',#17938,1.);
#17938 = DIRECTION('',(0.,-1.));
#17939 = ( GEOMETRIC_REPRESENTATION_CONTEXT(2) 
PARAMETRIC_REPRESENTATION_CONTEXT() REPRESENTATION_CONTEXT('2D SPACE',''
  ) );
#17940 = PCURVE('',#17178,#17941);
#17941 = DEFINITIONAL_REPRESENTATION('',(#17942),#17946);
#17942 = LINE('',#17943,#17944);
#17943 = CARTESIAN_POINT('',(0.,0.));
#17944 = VECTOR('',#17945,1.);
#17945 = DIRECTION('',(0.,-1.));
#17946 = ( GEOMETRIC_REPRESENTATION_CONTEXT(2) 
PARAMETRIC_REPRESENTATION_CONTEXT() REPRESENTATION_CONTEXT('2D SPACE',''
  ) );
#17947 = ORIENTED_EDGE('',*,*,#17190,.F.);
#17948 = ADVANCED_FACE('',(#17949),#17178,.T.);
#17949 = FACE_BOUND('',#17950,.T.);
#17950 = EDGE_LOOP('',(#17951,#17952,#17978,#17979));
#17951 = ORIENTED_EDGE('',*,*,#17927,.T.);
#17952 = ORIENTED_EDGE('',*,*,#17953,.T.);
#17953 = EDGE_CURVE('',#17899,#17843,#17954,.T.);
#17954 = SURFACE_CURVE('',#17955,(#17959,#17966),.PCURVE_S1.);
#17955 = LINE('',#17956,#17957);
#17956 = CARTESIAN_POINT('',(77.557142857143,131.20936570537,
    44.391330319878));
#17957 = VECTOR('',#17958,1.);
#17958 = DIRECTION('',(-1.,0.,0.));
#17959 = PCURVE('',#17178,#17960);
#17960 = DEFINITIONAL_REPRESENTATION('',(#17961),#17965);
#17961 = LINE('',#17962,#17963);
#17962 = CARTESIAN_POINT('',(0.,-2.1));
#17963 = VECTOR('',#17964,1.);
#17964 = DIRECTION('',(1.,0.));
#17965 = ( GEOMETRIC_REPRESENTATION_CONTEXT(2) 
PARAMETRIC_REPRESENTATION_CONTEXT() REPRESENTATION_CONTEXT('2D SPACE',''
  ) );
#17966 = PCURVE('',#17967,#17972);
#17967 = PLANE('',#17968);
#17968 = AXIS2_PLACEMENT_3D('',#17969,#17970,#17971);
#17969 = CARTESIAN_POINT('',(77.557142857143,131.32334965436,
    44.57023716539));
#17970 = DIRECTION('',(-9.293197397199E-19,0.84337495775,-0.537325488546
    ));
#17971 = DIRECTION('',(-1.,-7.837649962221E-19,4.993471831601E-19));
#17972 = DEFINITIONAL_REPRESENTATION('',(#17973),#17977);
#17973 = LINE('',#17974,#17975);
#17974 = CARTESIAN_POINT('',(-8.188358949437E-33,-0.212132034356));
#17975 = VECTOR('',#17976,1.);
#17976 = DIRECTION('',(1.,-4.615772285548E-35));
#17977 = ( GEOMETRIC_REPRESENTATION_CONTEXT(2) 
PARAMETRIC_REPRESENTATION_CONTEXT() REPRESENTATION_CONTEXT('2D SPACE',''
  ) );
#17978 = ORIENTED_EDGE('',*,*,#17842,.F.);
#17979 = ORIENTED_EDGE('',*,*,#17162,.F.);
#17980 = ADVANCED_FACE('',(#17981),#17244,.T.);
#17981 = FACE_BOUND('',#17982,.T.);
#17982 = EDGE_LOOP('',(#17983,#18006,#18034,#18055));
#17983 = ORIENTED_EDGE('',*,*,#17984,.T.);
#17984 = EDGE_CURVE('',#17227,#17985,#17987,.T.);
#17985 = VERTEX_POINT('',#17986);
#17986 = CARTESIAN_POINT('',(124.7,136.57903027136,45.581583422668));
#17987 = SURFACE_CURVE('',#17988,(#17992,#17999),.PCURVE_S1.);
#17988 = LINE('',#17989,#17990);
#17989 = CARTESIAN_POINT('',(124.7,137.03349054697,43.531347861106));
#17990 = VECTOR('',#17991,1.);
#17991 = DIRECTION('',(0.,-0.216409655053,0.976302648363));
#17992 = PCURVE('',#17244,#17993);
#17993 = DEFINITIONAL_REPRESENTATION('',(#17994),#17998);
#17994 = LINE('',#17995,#17996);
#17995 = CARTESIAN_POINT('',(0.,0.));
#17996 = VECTOR('',#17997,1.);
#17997 = DIRECTION('',(0.,-1.));
#17998 = ( GEOMETRIC_REPRESENTATION_CONTEXT(2) 
PARAMETRIC_REPRESENTATION_CONTEXT() REPRESENTATION_CONTEXT('2D SPACE',''
  ) );
#17999 = PCURVE('',#17273,#18000);
#18000 = DEFINITIONAL_REPRESENTATION('',(#18001),#18005);
#18001 = LINE('',#18002,#18003);
#18002 = CARTESIAN_POINT('',(3.14159265359,0.));
#18003 = VECTOR('',#18004,1.);
#18004 = DIRECTION('',(0.,-1.));
#18005 = ( GEOMETRIC_REPRESENTATION_CONTEXT(2) 
PARAMETRIC_REPRESENTATION_CONTEXT() REPRESENTATION_CONTEXT('2D SPACE',''
  ) );
#18006 = ORIENTED_EDGE('',*,*,#18007,.T.);
#18007 = EDGE_CURVE('',#17985,#18008,#18010,.T.);
#18008 = VERTEX_POINT('',#18009);
#18009 = CARTESIAN_POINT('',(178.7,136.57903027136,45.581583422668));
#18010 = SURFACE_CURVE('',#18011,(#18015,#18022),.PCURVE_S1.);
#18011 = LINE('',#18012,#18013);
#18012 = CARTESIAN_POINT('',(124.7,136.57903027136,45.581583422668));
#18013 = VECTOR('',#18014,1.);
#18014 = DIRECTION('',(1.,0.,0.));
#18015 = PCURVE('',#17244,#18016);
#18016 = DEFINITIONAL_REPRESENTATION('',(#18017),#18021);
#18017 = LINE('',#18018,#18019);
#18018 = CARTESIAN_POINT('',(0.,-2.1));
#18019 = VECTOR('',#18020,1.);
#18020 = DIRECTION('',(1.,0.));
#18021 = ( GEOMETRIC_REPRESENTATION_CONTEXT(2) 
PARAMETRIC_REPRESENTATION_CONTEXT() REPRESENTATION_CONTEXT('2D SPACE',''
  ) );
#18022 = PCURVE('',#18023,#18028);
#18023 = PLANE('',#18024);
#18024 = AXIS2_PLACEMENT_3D('',#18025,#18026,#18027);
#18025 = CARTESIAN_POINT('',(124.7,136.40012342585,45.695567371664));
#18026 = DIRECTION('',(9.293197397199E-19,-0.537325488546,-0.84337495775
    ));
#18027 = DIRECTION('',(1.,4.993471831601E-19,7.837649962221E-19));
#18028 = DEFINITIONAL_REPRESENTATION('',(#18029),#18033);
#18029 = LINE('',#18030,#18031);
#18030 = CARTESIAN_POINT('',(-3.990244880765E-33,-0.212132034356));
#18031 = VECTOR('',#18032,1.);
#18032 = DIRECTION('',(1.,-6.500796196134E-35));
#18033 = ( GEOMETRIC_REPRESENTATION_CONTEXT(2) 
PARAMETRIC_REPRESENTATION_CONTEXT() REPRESENTATION_CONTEXT('2D SPACE',''
  ) );
#18034 = ORIENTED_EDGE('',*,*,#18035,.F.);
#18035 = EDGE_CURVE('',#17229,#18008,#18036,.T.);
#18036 = SURFACE_CURVE('',#18037,(#18041,#18048),.PCURVE_S1.);
#18037 = LINE('',#18038,#18039);
#18038 = CARTESIAN_POINT('',(178.7,137.03349054697,43.531347861106));
#18039 = VECTOR('',#18040,1.);
#18040 = DIRECTION('',(0.,-0.216409655053,0.976302648363));
#18041 = PCURVE('',#17244,#18042);
#18042 = DEFINITIONAL_REPRESENTATION('',(#18043),#18047);
#18043 = LINE('',#18044,#18045);
#18044 = CARTESIAN_POINT('',(54.,0.));
#18045 = VECTOR('',#18046,1.);
#18046 = DIRECTION('',(0.,-1.));
#18047 = ( GEOMETRIC_REPRESENTATION_CONTEXT(2) 
PARAMETRIC_REPRESENTATION_CONTEXT() REPRESENTATION_CONTEXT('2D SPACE',''
  ) );
#18048 = PCURVE('',#17328,#18049);
#18049 = DEFINITIONAL_REPRESENTATION('',(#18050),#18054);
#18050 = LINE('',#18051,#18052);
#18051 = CARTESIAN_POINT('',(0.,0.));
#18052 = VECTOR('',#18053,1.);
#18053 = DIRECTION('',(0.,-1.));
#18054 = ( GEOMETRIC_REPRESENTATION_CONTEXT(2) 
PARAMETRIC_REPRESENTATION_CONTEXT() REPRESENTATION_CONTEXT('2D SPACE',''
  ) );
#18055 = ORIENTED_EDGE('',*,*,#17226,.F.);
#18056 = ADVANCED_FACE('',(#18057),#17273,.T.);
#18057 = FACE_BOUND('',#18058,.T.);
#18058 = EDGE_LOOP('',(#18059,#18082,#18109,#18110));
#18059 = ORIENTED_EDGE('',*,*,#18060,.T.);
#18060 = EDGE_CURVE('',#17257,#18061,#18063,.T.);
#18061 = VERTEX_POINT('',#18062);
#18062 = CARTESIAN_POINT('',(124.7,131.20936570537,44.391330319878));
#18063 = SURFACE_CURVE('',#18064,(#18068,#18075),.PCURVE_S1.);
#18064 = LINE('',#18065,#18066);
#18065 = CARTESIAN_POINT('',(124.7,131.66382598098,42.341094758316));
#18066 = VECTOR('',#18067,1.);
#18067 = DIRECTION('',(0.,-0.216409655053,0.976302648363));
#18068 = PCURVE('',#17273,#18069);
#18069 = DEFINITIONAL_REPRESENTATION('',(#18070),#18074);
#18070 = LINE('',#18071,#18072);
#18071 = CARTESIAN_POINT('',(0.,0.));
#18072 = VECTOR('',#18073,1.);
#18073 = DIRECTION('',(0.,-1.));
#18074 = ( GEOMETRIC_REPRESENTATION_CONTEXT(2) 
PARAMETRIC_REPRESENTATION_CONTEXT() REPRESENTATION_CONTEXT('2D SPACE',''
  ) );
#18075 = PCURVE('',#17301,#18076);
#18076 = DEFINITIONAL_REPRESENTATION('',(#18077),#18081);
#18077 = LINE('',#18078,#18079);
#18078 = CARTESIAN_POINT('',(54.,0.));
#18079 = VECTOR('',#18080,1.);
#18080 = DIRECTION('',(0.,-1.));
#18081 = ( GEOMETRIC_REPRESENTATION_CONTEXT(2) 
PARAMETRIC_REPRESENTATION_CONTEXT() REPRESENTATION_CONTEXT('2D SPACE',''
  ) );
#18082 = ORIENTED_EDGE('',*,*,#18083,.T.);
#18083 = EDGE_CURVE('',#18061,#17985,#18084,.T.);
#18084 = SURFACE_CURVE('',#18085,(#18090,#18097),.PCURVE_S1.);
#18085 = CIRCLE('',#18086,2.75);
#18086 = AXIS2_PLACEMENT_3D('',#18087,#18088,#18089);
#18087 = CARTESIAN_POINT('',(124.7,133.89419798836,44.986456871273));
#18088 = DIRECTION('',(-0.,0.216409655053,-0.976302648363));
#18089 = DIRECTION('',(0.,-0.976302648363,-0.216409655053));
#18090 = PCURVE('',#17273,#18091);
#18091 = DEFINITIONAL_REPRESENTATION('',(#18092),#18096);
#18092 = LINE('',#18093,#18094);
#18093 = CARTESIAN_POINT('',(0.,-2.1));
#18094 = VECTOR('',#18095,1.);
#18095 = DIRECTION('',(1.,0.));
#18096 = ( GEOMETRIC_REPRESENTATION_CONTEXT(2) 
PARAMETRIC_REPRESENTATION_CONTEXT() REPRESENTATION_CONTEXT('2D SPACE',''
  ) );
#18097 = PCURVE('',#18098,#18103);
#18098 = CONICAL_SURFACE('',#18099,2.75,0.785398163397);
#18099 = AXIS2_PLACEMENT_3D('',#18100,#18101,#18102);
#18100 = CARTESIAN_POINT('',(124.7,133.89419798836,44.986456871273));
#18101 = DIRECTION('',(-0.,0.216409655053,-0.976302648363));
#18102 = DIRECTION('',(0.,-0.976302648363,-0.216409655053));
#18103 = DEFINITIONAL_REPRESENTATION('',(#18104),#18108);
#18104 = LINE('',#18105,#18106);
#18105 = CARTESIAN_POINT('',(0.,-0.));
#18106 = VECTOR('',#18107,1.);
#18107 = DIRECTION('',(1.,-0.));
#18108 = ( GEOMETRIC_REPRESENTATION_CONTEXT(2) 
PARAMETRIC_REPRESENTATION_CONTEXT() REPRESENTATION_CONTEXT('2D SPACE',''
  ) );
#18109 = ORIENTED_EDGE('',*,*,#17984,.F.);
#18110 = ORIENTED_EDGE('',*,*,#17256,.F.);
#18111 = ADVANCED_FACE('',(#18112),#17328,.T.);
#18112 = FACE_BOUND('',#18113,.T.);
#18113 = EDGE_LOOP('',(#18114,#18115,#18144,#18165));
#18114 = ORIENTED_EDGE('',*,*,#18035,.T.);
#18115 = ORIENTED_EDGE('',*,*,#18116,.T.);
#18116 = EDGE_CURVE('',#18008,#18117,#18119,.T.);
#18117 = VERTEX_POINT('',#18118);
#18118 = CARTESIAN_POINT('',(178.7,131.20936570537,44.391330319878));
#18119 = SURFACE_CURVE('',#18120,(#18125,#18132),.PCURVE_S1.);
#18120 = CIRCLE('',#18121,2.75);
#18121 = AXIS2_PLACEMENT_3D('',#18122,#18123,#18124);
#18122 = CARTESIAN_POINT('',(178.7,133.89419798836,44.986456871273));
#18123 = DIRECTION('',(0.,0.216409655053,-0.976302648363));
#18124 = DIRECTION('',(0.,0.976302648363,0.216409655053));
#18125 = PCURVE('',#17328,#18126);
#18126 = DEFINITIONAL_REPRESENTATION('',(#18127),#18131);
#18127 = LINE('',#18128,#18129);
#18128 = CARTESIAN_POINT('',(0.,-2.1));
#18129 = VECTOR('',#18130,1.);
#18130 = DIRECTION('',(1.,0.));
#18131 = ( GEOMETRIC_REPRESENTATION_CONTEXT(2) 
PARAMETRIC_REPRESENTATION_CONTEXT() REPRESENTATION_CONTEXT('2D SPACE',''
  ) );
#18132 = PCURVE('',#18133,#18138);
#18133 = CONICAL_SURFACE('',#18134,2.75,0.785398163397);
#18134 = AXIS2_PLACEMENT_3D('',#18135,#18136,#18137);
#18135 = CARTESIAN_POINT('',(178.7,133.89419798836,44.986456871273));
#18136 = DIRECTION('',(-0.,0.216409655053,-0.976302648363));
#18137 = DIRECTION('',(0.,0.976302648363,0.216409655053));
#18138 = DEFINITIONAL_REPRESENTATION('',(#18139),#18143);
#18139 = LINE('',#18140,#18141);
#18140 = CARTESIAN_POINT('',(0.,-0.));
#18141 = VECTOR('',#18142,1.);
#18142 = DIRECTION('',(1.,-0.));
#18143 = ( GEOMETRIC_REPRESENTATION_CONTEXT(2) 
PARAMETRIC_REPRESENTATION_CONTEXT() REPRESENTATION_CONTEXT('2D SPACE',''
  ) );
#18144 = ORIENTED_EDGE('',*,*,#18145,.F.);
#18145 = EDGE_CURVE('',#17286,#18117,#18146,.T.);
#18146 = SURFACE_CURVE('',#18147,(#18151,#18158),.PCURVE_S1.);
#18147 = LINE('',#18148,#18149);
#18148 = CARTESIAN_POINT('',(178.7,131.66382598098,42.341094758316));
#18149 = VECTOR('',#18150,1.);
#18150 = DIRECTION('',(0.,-0.216409655053,0.976302648363));
#18151 = PCURVE('',#17328,#18152);
#18152 = DEFINITIONAL_REPRESENTATION('',(#18153),#18157);
#18153 = LINE('',#18154,#18155);
#18154 = CARTESIAN_POINT('',(3.14159265359,0.));
#18155 = VECTOR('',#18156,1.);
#18156 = DIRECTION('',(0.,-1.));
#18157 = ( GEOMETRIC_REPRESENTATION_CONTEXT(2) 
PARAMETRIC_REPRESENTATION_CONTEXT() REPRESENTATION_CONTEXT('2D SPACE',''
  ) );
#18158 = PCURVE('',#17301,#18159);
#18159 = DEFINITIONAL_REPRESENTATION('',(#18160),#18164);
#18160 = LINE('',#18161,#18162);
#18161 = CARTESIAN_POINT('',(0.,0.));
#18162 = VECTOR('',#18163,1.);
#18163 = DIRECTION('',(0.,-1.));
#18164 = ( GEOMETRIC_REPRESENTATION_CONTEXT(2) 
PARAMETRIC_REPRESENTATION_CONTEXT() REPRESENTATION_CONTEXT('2D SPACE',''
  ) );
#18165 = ORIENTED_EDGE('',*,*,#17313,.F.);
#18166 = ADVANCED_FACE('',(#18167),#17301,.T.);
#18167 = FACE_BOUND('',#18168,.T.);
#18168 = EDGE_LOOP('',(#18169,#18170,#18196,#18197));
#18169 = ORIENTED_EDGE('',*,*,#18145,.T.);
#18170 = ORIENTED_EDGE('',*,*,#18171,.T.);
#18171 = EDGE_CURVE('',#18117,#18061,#18172,.T.);
#18172 = SURFACE_CURVE('',#18173,(#18177,#18184),.PCURVE_S1.);
#18173 = LINE('',#18174,#18175);
#18174 = CARTESIAN_POINT('',(178.7,131.20936570537,44.391330319878));
#18175 = VECTOR('',#18176,1.);
#18176 = DIRECTION('',(-1.,0.,0.));
#18177 = PCURVE('',#17301,#18178);
#18178 = DEFINITIONAL_REPRESENTATION('',(#18179),#18183);
#18179 = LINE('',#18180,#18181);
#18180 = CARTESIAN_POINT('',(0.,-2.1));
#18181 = VECTOR('',#18182,1.);
#18182 = DIRECTION('',(1.,0.));
#18183 = ( GEOMETRIC_REPRESENTATION_CONTEXT(2) 
PARAMETRIC_REPRESENTATION_CONTEXT() REPRESENTATION_CONTEXT('2D SPACE',''
  ) );
#18184 = PCURVE('',#18185,#18190);
#18185 = PLANE('',#18186);
#18186 = AXIS2_PLACEMENT_3D('',#18187,#18188,#18189);
#18187 = CARTESIAN_POINT('',(178.7,131.32334965436,44.57023716539));
#18188 = DIRECTION('',(-9.293197397199E-19,0.84337495775,-0.537325488546
    ));
#18189 = DIRECTION('',(-1.,-7.837649962221E-19,4.993471831601E-19));
#18190 = DEFINITIONAL_REPRESENTATION('',(#18191),#18195);
#18191 = LINE('',#18192,#18193);
#18192 = CARTESIAN_POINT('',(-8.188358949437E-33,-0.212132034356));
#18193 = VECTOR('',#18194,1.);
#18194 = DIRECTION('',(1.,-4.615772285548E-35));
#18195 = ( GEOMETRIC_REPRESENTATION_CONTEXT(2) 
PARAMETRIC_REPRESENTATION_CONTEXT() REPRESENTATION_CONTEXT('2D SPACE',''
  ) );
#18196 = ORIENTED_EDGE('',*,*,#18060,.F.);
#18197 = ORIENTED_EDGE('',*,*,#17285,.F.);
#18198 = ADVANCED_FACE('',(#18199),#17373,.F.);
#18199 = FACE_BOUND('',#18200,.T.);
#18200 = EDGE_LOOP('',(#18201,#18202,#18225,#18252));
#18201 = ORIENTED_EDGE('',*,*,#17356,.F.);
#18202 = ORIENTED_EDGE('',*,*,#18203,.T.);
#18203 = EDGE_CURVE('',#17357,#18204,#18206,.T.);
#18204 = VERTEX_POINT('',#18205);
#18205 = CARTESIAN_POINT('',(103.38,20.,15.795235073975));
#18206 = SEAM_CURVE('',#18207,(#18211,#18218),.PCURVE_S1.);
#18207 = LINE('',#18208,#18209);
#18208 = CARTESIAN_POINT('',(103.38,20.,7.395235073975));
#18209 = VECTOR('',#18210,1.);
#18210 = DIRECTION('',(0.,1.057526724829E-17,1.));
#18211 = PCURVE('',#17373,#18212);
#18212 = DEFINITIONAL_REPRESENTATION('',(#18213),#18217);
#18213 = LINE('',#18214,#18215);
#18214 = CARTESIAN_POINT('',(-6.28318530718,0.));
#18215 = VECTOR('',#18216,1.);
#18216 = DIRECTION('',(-0.,-1.));
#18217 = ( GEOMETRIC_REPRESENTATION_CONTEXT(2) 
PARAMETRIC_REPRESENTATION_CONTEXT() REPRESENTATION_CONTEXT('2D SPACE',''
  ) );
#18218 = PCURVE('',#17373,#18219);
#18219 = DEFINITIONAL_REPRESENTATION('',(#18220),#18224);
#18220 = LINE('',#18221,#18222);
#18221 = CARTESIAN_POINT('',(-0.,0.));
#18222 = VECTOR('',#18223,1.);
#18223 = DIRECTION('',(-0.,-1.));
#18224 = ( GEOMETRIC_REPRESENTATION_CONTEXT(2) 
PARAMETRIC_REPRESENTATION_CONTEXT() REPRESENTATION_CONTEXT('2D SPACE',''
  ) );
#18225 = ORIENTED_EDGE('',*,*,#18226,.T.);
#18226 = EDGE_CURVE('',#18204,#18204,#18227,.T.);
#18227 = SURFACE_CURVE('',#18228,(#18233,#18240),.PCURVE_S1.);
#18228 = CIRCLE('',#18229,2.25);
#18229 = AXIS2_PLACEMENT_3D('',#18230,#18231,#18232);
#18230 = CARTESIAN_POINT('',(101.13,20.,15.795235073975));
#18231 = DIRECTION('',(0.,-1.057526724829E-17,1.));
#18232 = DIRECTION('',(1.,0.,0.));
#18233 = PCURVE('',#17373,#18234);
#18234 = DEFINITIONAL_REPRESENTATION('',(#18235),#18239);
#18235 = LINE('',#18236,#18237);
#18236 = CARTESIAN_POINT('',(-0.,-8.4));
#18237 = VECTOR('',#18238,1.);
#18238 = DIRECTION('',(-1.,0.));
#18239 = ( GEOMETRIC_REPRESENTATION_CONTEXT(2) 
PARAMETRIC_REPRESENTATION_CONTEXT() REPRESENTATION_CONTEXT('2D SPACE',''
  ) );
#18240 = PCURVE('',#18241,#18246);
#18241 = PLANE('',#18242);
#18242 = AXIS2_PLACEMENT_3D('',#18243,#18244,#18245);
#18243 = CARTESIAN_POINT('',(101.13,20.,15.795235073975));
#18244 = DIRECTION('',(0.,1.057526724829E-17,1.));
#18245 = DIRECTION('',(1.,0.,0.));
#18246 = DEFINITIONAL_REPRESENTATION('',(#18247),#18251);
#18247 = CIRCLE('',#18248,2.25);
#18248 = AXIS2_PLACEMENT_2D('',#18249,#18250);
#18249 = CARTESIAN_POINT('',(0.,0.));
#18250 = DIRECTION('',(1.,0.));
#18251 = ( GEOMETRIC_REPRESENTATION_CONTEXT(2) 
PARAMETRIC_REPRESENTATION_CONTEXT() REPRESENTATION_CONTEXT('2D SPACE',''
  ) );
#18252 = ORIENTED_EDGE('',*,*,#18203,.F.);
#18253 = ADVANCED_FACE('',(#18254),#17431,.F.);
#18254 = FACE_BOUND('',#18255,.T.);
#18255 = EDGE_LOOP('',(#18256,#18257,#18280,#18307));
#18256 = ORIENTED_EDGE('',*,*,#17414,.F.);
#18257 = ORIENTED_EDGE('',*,*,#18258,.T.);
#18258 = EDGE_CURVE('',#17415,#18259,#18261,.T.);
#18259 = VERTEX_POINT('',#18260);
#18260 = CARTESIAN_POINT('',(10.75,139.,42.173068827124));
#18261 = SEAM_CURVE('',#18262,(#18266,#18273),.PCURVE_S1.);
#18262 = LINE('',#18263,#18264);
#18263 = CARTESIAN_POINT('',(10.75,139.,33.773068827124));
#18264 = VECTOR('',#18265,1.);
#18265 = DIRECTION('',(0.,1.057526724829E-17,1.));
#18266 = PCURVE('',#17431,#18267);
#18267 = DEFINITIONAL_REPRESENTATION('',(#18268),#18272);
#18268 = LINE('',#18269,#18270);
#18269 = CARTESIAN_POINT('',(-6.28318530718,0.));
#18270 = VECTOR('',#18271,1.);
#18271 = DIRECTION('',(-0.,-1.));
#18272 = ( GEOMETRIC_REPRESENTATION_CONTEXT(2) 
PARAMETRIC_REPRESENTATION_CONTEXT() REPRESENTATION_CONTEXT('2D SPACE',''
  ) );
#18273 = PCURVE('',#17431,#18274);
#18274 = DEFINITIONAL_REPRESENTATION('',(#18275),#18279);
#18275 = LINE('',#18276,#18277);
#18276 = CARTESIAN_POINT('',(-0.,0.));
#18277 = VECTOR('',#18278,1.);
#18278 = DIRECTION('',(-0.,-1.));
#18279 = ( GEOMETRIC_REPRESENTATION_CONTEXT(2) 
PARAMETRIC_REPRESENTATION_CONTEXT() REPRESENTATION_CONTEXT('2D SPACE',''
  ) );
#18280 = ORIENTED_EDGE('',*,*,#18281,.T.);
#18281 = EDGE_CURVE('',#18259,#18259,#18282,.T.);
#18282 = SURFACE_CURVE('',#18283,(#18288,#18295),.PCURVE_S1.);
#18283 = CIRCLE('',#18284,2.25);
#18284 = AXIS2_PLACEMENT_3D('',#18285,#18286,#18287);
#18285 = CARTESIAN_POINT('',(8.5,139.,42.173068827124));
#18286 = DIRECTION('',(0.,-1.057526724829E-17,1.));
#18287 = DIRECTION('',(1.,0.,0.));
#18288 = PCURVE('',#17431,#18289);
#18289 = DEFINITIONAL_REPRESENTATION('',(#18290),#18294);
#18290 = LINE('',#18291,#18292);
#18291 = CARTESIAN_POINT('',(-0.,-8.4));
#18292 = VECTOR('',#18293,1.);
#18293 = DIRECTION('',(-1.,0.));
#18294 = ( GEOMETRIC_REPRESENTATION_CONTEXT(2) 
PARAMETRIC_REPRESENTATION_CONTEXT() REPRESENTATION_CONTEXT('2D SPACE',''
  ) );
#18295 = PCURVE('',#18296,#18301);
#18296 = PLANE('',#18297);
#18297 = AXIS2_PLACEMENT_3D('',#18298,#18299,#18300);
#18298 = CARTESIAN_POINT('',(8.5,139.,42.173068827124));
#18299 = DIRECTION('',(0.,1.057526724829E-17,1.));
#18300 = DIRECTION('',(1.,0.,0.));
#18301 = DEFINITIONAL_REPRESENTATION('',(#18302),#18306);
#18302 = CIRCLE('',#18303,2.25);
#18303 = AXIS2_PLACEMENT_2D('',#18304,#18305);
#18304 = CARTESIAN_POINT('',(0.,0.));
#18305 = DIRECTION('',(1.,0.));
#18306 = ( GEOMETRIC_REPRESENTATION_CONTEXT(2) 
PARAMETRIC_REPRESENTATION_CONTEXT() REPRESENTATION_CONTEXT('2D SPACE',''
  ) );
#18307 = ORIENTED_EDGE('',*,*,#18258,.F.);
#18308 = ADVANCED_FACE('',(#18309),#17483,.F.);
#18309 = FACE_BOUND('',#18310,.F.);
#18310 = EDGE_LOOP('',(#18311,#18312,#18334,#18361));
#18311 = ORIENTED_EDGE('',*,*,#17465,.T.);
#18312 = ORIENTED_EDGE('',*,*,#18313,.T.);
#18313 = EDGE_CURVE('',#17468,#18314,#18316,.T.);
#18314 = VERTEX_POINT('',#18315);
#18315 = CARTESIAN_POINT('',(48.357142857143,132.35227919611,
    41.776708214741));
#18316 = SURFACE_CURVE('',#18317,(#18320,#18327),.PCURVE_S1.);
#18317 = B_SPLINE_CURVE_WITH_KNOTS('',1,(#18318,#18319),.UNSPECIFIED.,
  .F.,.F.,(2,2),(0.,1.),.PIECEWISE_BEZIER_KNOTS.);
#18318 = CARTESIAN_POINT('',(47.557142857143,131.74436480147,
    40.822538372009));
#18319 = CARTESIAN_POINT('',(48.357142857143,132.35227919611,
    41.776708214741));
#18320 = PCURVE('',#17483,#18321);
#18321 = DEFINITIONAL_REPRESENTATION('',(#18322),#18326);
#18322 = LINE('',#18323,#18324);
#18323 = CARTESIAN_POINT('',(6.,0.));
#18324 = VECTOR('',#18325,1.);
#18325 = DIRECTION('',(0.,1.));
#18326 = ( GEOMETRIC_REPRESENTATION_CONTEXT(2) 
PARAMETRIC_REPRESENTATION_CONTEXT() REPRESENTATION_CONTEXT('2D SPACE',''
  ) );
#18327 = PCURVE('',#17511,#18328);
#18328 = DEFINITIONAL_REPRESENTATION('',(#18329),#18333);
#18329 = LINE('',#18330,#18331);
#18330 = CARTESIAN_POINT('',(0.,0.));
#18331 = VECTOR('',#18332,1.);
#18332 = DIRECTION('',(0.,1.));
#18333 = ( GEOMETRIC_REPRESENTATION_CONTEXT(2) 
PARAMETRIC_REPRESENTATION_CONTEXT() REPRESENTATION_CONTEXT('2D SPACE',''
  ) );
#18334 = ORIENTED_EDGE('',*,*,#18335,.F.);
#18335 = EDGE_CURVE('',#18336,#18314,#18338,.T.);
#18336 = VERTEX_POINT('',#18337);
#18337 = CARTESIAN_POINT('',(48.357142857143,136.64801084891,
    42.728910696973));
#18338 = SURFACE_CURVE('',#18339,(#18343,#18349),.PCURVE_S1.);
#18339 = LINE('',#18340,#18341);
#18340 = CARTESIAN_POINT('',(48.357142857143,136.64801084891,
    42.728910696973));
#18341 = VECTOR('',#18342,1.);
#18342 = DIRECTION('',(0.,-0.976302648363,-0.216409655053));
#18343 = PCURVE('',#17483,#18344);
#18344 = DEFINITIONAL_REPRESENTATION('',(#18345),#18348);
#18345 = B_SPLINE_CURVE_WITH_KNOTS('',1,(#18346,#18347),.UNSPECIFIED.,
  .F.,.F.,(2,2),(0.,4.4),.PIECEWISE_BEZIER_KNOTS.);
#18346 = CARTESIAN_POINT('',(0.,1.));
#18347 = CARTESIAN_POINT('',(6.,1.));
#18348 = ( GEOMETRIC_REPRESENTATION_CONTEXT(2) 
PARAMETRIC_REPRESENTATION_CONTEXT() REPRESENTATION_CONTEXT('2D SPACE',''
  ) );
#18349 = PCURVE('',#18350,#18355);
#18350 = PLANE('',#18351);
#18351 = AXIS2_PLACEMENT_3D('',#18352,#18353,#18354);
#18352 = CARTESIAN_POINT('',(48.357142857143,132.35227919611,
    41.776708214741));
#18353 = DIRECTION('',(0.,0.216409655053,-0.976302648363));
#18354 = DIRECTION('',(0.707106781187,0.690350223148,0.153024734602));
#18355 = DEFINITIONAL_REPRESENTATION('',(#18356),#18360);
#18356 = LINE('',#18357,#18358);
#18357 = CARTESIAN_POINT('',(3.111269837221,-3.111269837221));
#18358 = VECTOR('',#18359,1.);
#18359 = DIRECTION('',(-0.707106781187,0.707106781187));
#18360 = ( GEOMETRIC_REPRESENTATION_CONTEXT(2) 
PARAMETRIC_REPRESENTATION_CONTEXT() REPRESENTATION_CONTEXT('2D SPACE',''
  ) );
#18361 = ORIENTED_EDGE('',*,*,#18362,.F.);
#18362 = EDGE_CURVE('',#17466,#18336,#18363,.T.);
#18363 = SURFACE_CURVE('',#18364,(#18367,#18374),.PCURVE_S1.);
#18364 = B_SPLINE_CURVE_WITH_KNOTS('',1,(#18365,#18366),.UNSPECIFIED.,
  .F.,.F.,(2,2),(0.,1.),.PIECEWISE_BEZIER_KNOTS.);
#18365 = CARTESIAN_POINT('',(47.557142857143,137.60218069164,
    42.120996302325));
#18366 = CARTESIAN_POINT('',(48.357142857143,136.64801084891,
    42.728910696973));
#18367 = PCURVE('',#17483,#18368);
#18368 = DEFINITIONAL_REPRESENTATION('',(#18369),#18373);
#18369 = LINE('',#18370,#18371);
#18370 = CARTESIAN_POINT('',(0.,0.));
#18371 = VECTOR('',#18372,1.);
#18372 = DIRECTION('',(0.,1.));
#18373 = ( GEOMETRIC_REPRESENTATION_CONTEXT(2) 
PARAMETRIC_REPRESENTATION_CONTEXT() REPRESENTATION_CONTEXT('2D SPACE',''
  ) );
#18374 = PCURVE('',#17565,#18375);
#18375 = DEFINITIONAL_REPRESENTATION('',(#18376),#18380);
#18376 = LINE('',#18377,#18378);
#18377 = CARTESIAN_POINT('',(6.,0.));
#18378 = VECTOR('',#18379,1.);
#18379 = DIRECTION('',(0.,1.));
#18380 = ( GEOMETRIC_REPRESENTATION_CONTEXT(2) 
PARAMETRIC_REPRESENTATION_CONTEXT() REPRESENTATION_CONTEXT('2D SPACE',''
  ) );
#18381 = ADVANCED_FACE('',(#18382),#17565,.F.);
#18382 = FACE_BOUND('',#18383,.F.);
#18383 = EDGE_LOOP('',(#18384,#18385,#18386,#18408));
#18384 = ORIENTED_EDGE('',*,*,#17551,.T.);
#18385 = ORIENTED_EDGE('',*,*,#18362,.T.);
#18386 = ORIENTED_EDGE('',*,*,#18387,.F.);
#18387 = EDGE_CURVE('',#18388,#18336,#18390,.T.);
#18388 = VERTEX_POINT('',#18389);
#18389 = CARTESIAN_POINT('',(52.757142857143,136.64801084891,
    42.728910696973));
#18390 = SURFACE_CURVE('',#18391,(#18395,#18401),.PCURVE_S1.);
#18391 = LINE('',#18392,#18393);
#18392 = CARTESIAN_POINT('',(52.757142857143,136.64801084891,
    42.728910696973));
#18393 = VECTOR('',#18394,1.);
#18394 = DIRECTION('',(-1.,0.,0.));
#18395 = PCURVE('',#17565,#18396);
#18396 = DEFINITIONAL_REPRESENTATION('',(#18397),#18400);
#18397 = B_SPLINE_CURVE_WITH_KNOTS('',1,(#18398,#18399),.UNSPECIFIED.,
  .F.,.F.,(2,2),(0.,4.4),.PIECEWISE_BEZIER_KNOTS.);
#18398 = CARTESIAN_POINT('',(0.,1.));
#18399 = CARTESIAN_POINT('',(6.,1.));
#18400 = ( GEOMETRIC_REPRESENTATION_CONTEXT(2) 
PARAMETRIC_REPRESENTATION_CONTEXT() REPRESENTATION_CONTEXT('2D SPACE',''
  ) );
#18401 = PCURVE('',#18350,#18402);
#18402 = DEFINITIONAL_REPRESENTATION('',(#18403),#18407);
#18403 = LINE('',#18404,#18405);
#18404 = CARTESIAN_POINT('',(6.222539674442,4.730470185345E-15));
#18405 = VECTOR('',#18406,1.);
#18406 = DIRECTION('',(-0.707106781187,-0.707106781187));
#18407 = ( GEOMETRIC_REPRESENTATION_CONTEXT(2) 
PARAMETRIC_REPRESENTATION_CONTEXT() REPRESENTATION_CONTEXT('2D SPACE',''
  ) );
#18408 = ORIENTED_EDGE('',*,*,#18409,.F.);
#18409 = EDGE_CURVE('',#17524,#18388,#18410,.T.);
#18410 = SURFACE_CURVE('',#18411,(#18414,#18421),.PCURVE_S1.);
#18411 = B_SPLINE_CURVE_WITH_KNOTS('',1,(#18412,#18413),.UNSPECIFIED.,
  .F.,.F.,(2,2),(0.,1.),.PIECEWISE_BEZIER_KNOTS.);
#18412 = CARTESIAN_POINT('',(53.557142857143,137.60218069164,
    42.120996302325));
#18413 = CARTESIAN_POINT('',(52.757142857143,136.64801084891,
    42.728910696973));
#18414 = PCURVE('',#17565,#18415);
#18415 = DEFINITIONAL_REPRESENTATION('',(#18416),#18420);
#18416 = LINE('',#18417,#18418);
#18417 = CARTESIAN_POINT('',(0.,0.));
#18418 = VECTOR('',#18419,1.);
#18419 = DIRECTION('',(0.,1.));
#18420 = ( GEOMETRIC_REPRESENTATION_CONTEXT(2) 
PARAMETRIC_REPRESENTATION_CONTEXT() REPRESENTATION_CONTEXT('2D SPACE',''
  ) );
#18421 = PCURVE('',#17539,#18422);
#18422 = DEFINITIONAL_REPRESENTATION('',(#18423),#18427);
#18423 = LINE('',#18424,#18425);
#18424 = CARTESIAN_POINT('',(6.,0.));
#18425 = VECTOR('',#18426,1.);
#18426 = DIRECTION('',(0.,1.));
#18427 = ( GEOMETRIC_REPRESENTATION_CONTEXT(2) 
PARAMETRIC_REPRESENTATION_CONTEXT() REPRESENTATION_CONTEXT('2D SPACE',''
  ) );
#18428 = ADVANCED_FACE('',(#18429),#17539,.F.);
#18429 = FACE_BOUND('',#18430,.F.);
#18430 = EDGE_LOOP('',(#18431,#18432,#18433,#18455));
#18431 = ORIENTED_EDGE('',*,*,#17523,.T.);
#18432 = ORIENTED_EDGE('',*,*,#18409,.T.);
#18433 = ORIENTED_EDGE('',*,*,#18434,.F.);
#18434 = EDGE_CURVE('',#18435,#18388,#18437,.T.);
#18435 = VERTEX_POINT('',#18436);
#18436 = CARTESIAN_POINT('',(52.757142857143,132.35227919611,
    41.776708214741));
#18437 = SURFACE_CURVE('',#18438,(#18442,#18448),.PCURVE_S1.);
#18438 = LINE('',#18439,#18440);
#18439 = CARTESIAN_POINT('',(52.757142857143,132.35227919611,
    41.776708214741));
#18440 = VECTOR('',#18441,1.);
#18441 = DIRECTION('',(0.,0.976302648363,0.216409655053));
#18442 = PCURVE('',#17539,#18443);
#18443 = DEFINITIONAL_REPRESENTATION('',(#18444),#18447);
#18444 = B_SPLINE_CURVE_WITH_KNOTS('',1,(#18445,#18446),.UNSPECIFIED.,
  .F.,.F.,(2,2),(0.,4.4),.PIECEWISE_BEZIER_KNOTS.);
#18445 = CARTESIAN_POINT('',(0.,1.));
#18446 = CARTESIAN_POINT('',(6.,1.));
#18447 = ( GEOMETRIC_REPRESENTATION_CONTEXT(2) 
PARAMETRIC_REPRESENTATION_CONTEXT() REPRESENTATION_CONTEXT('2D SPACE',''
  ) );
#18448 = PCURVE('',#18350,#18449);
#18449 = DEFINITIONAL_REPRESENTATION('',(#18450),#18454);
#18450 = LINE('',#18451,#18452);
#18451 = CARTESIAN_POINT('',(3.111269837221,3.111269837221));
#18452 = VECTOR('',#18453,1.);
#18453 = DIRECTION('',(0.707106781187,-0.707106781187));
#18454 = ( GEOMETRIC_REPRESENTATION_CONTEXT(2) 
PARAMETRIC_REPRESENTATION_CONTEXT() REPRESENTATION_CONTEXT('2D SPACE',''
  ) );
#18455 = ORIENTED_EDGE('',*,*,#18456,.F.);
#18456 = EDGE_CURVE('',#17496,#18435,#18457,.T.);
#18457 = SURFACE_CURVE('',#18458,(#18461,#18468),.PCURVE_S1.);
#18458 = B_SPLINE_CURVE_WITH_KNOTS('',1,(#18459,#18460),.UNSPECIFIED.,
  .F.,.F.,(2,2),(0.,1.),.PIECEWISE_BEZIER_KNOTS.);
#18459 = CARTESIAN_POINT('',(53.557142857143,131.74436480147,
    40.822538372009));
#18460 = CARTESIAN_POINT('',(52.757142857143,132.35227919611,
    41.776708214741));
#18461 = PCURVE('',#17539,#18462);
#18462 = DEFINITIONAL_REPRESENTATION('',(#18463),#18467);
#18463 = LINE('',#18464,#18465);
#18464 = CARTESIAN_POINT('',(0.,0.));
#18465 = VECTOR('',#18466,1.);
#18466 = DIRECTION('',(0.,1.));
#18467 = ( GEOMETRIC_REPRESENTATION_CONTEXT(2) 
PARAMETRIC_REPRESENTATION_CONTEXT() REPRESENTATION_CONTEXT('2D SPACE',''
  ) );
#18468 = PCURVE('',#17511,#18469);
#18469 = DEFINITIONAL_REPRESENTATION('',(#18470),#18474);
#18470 = LINE('',#18471,#18472);
#18471 = CARTESIAN_POINT('',(6.,0.));
#18472 = VECTOR('',#18473,1.);
#18473 = DIRECTION('',(0.,1.));
#18474 = ( GEOMETRIC_REPRESENTATION_CONTEXT(2) 
PARAMETRIC_REPRESENTATION_CONTEXT() REPRESENTATION_CONTEXT('2D SPACE',''
  ) );
#18475 = ADVANCED_FACE('',(#18476),#17511,.F.);
#18476 = FACE_BOUND('',#18477,.F.);
#18477 = EDGE_LOOP('',(#18478,#18479,#18480,#18500));
#18478 = ORIENTED_EDGE('',*,*,#17495,.T.);
#18479 = ORIENTED_EDGE('',*,*,#18456,.T.);
#18480 = ORIENTED_EDGE('',*,*,#18481,.F.);
#18481 = EDGE_CURVE('',#18314,#18435,#18482,.T.);
#18482 = SURFACE_CURVE('',#18483,(#18487,#18493),.PCURVE_S1.);
#18483 = LINE('',#18484,#18485);
#18484 = CARTESIAN_POINT('',(48.357142857143,132.35227919611,
    41.776708214741));
#18485 = VECTOR('',#18486,1.);
#18486 = DIRECTION('',(1.,0.,0.));
#18487 = PCURVE('',#17511,#18488);
#18488 = DEFINITIONAL_REPRESENTATION('',(#18489),#18492);
#18489 = B_SPLINE_CURVE_WITH_KNOTS('',1,(#18490,#18491),.UNSPECIFIED.,
  .F.,.F.,(2,2),(0.,4.4),.PIECEWISE_BEZIER_KNOTS.);
#18490 = CARTESIAN_POINT('',(0.,1.));
#18491 = CARTESIAN_POINT('',(6.,1.));
#18492 = ( GEOMETRIC_REPRESENTATION_CONTEXT(2) 
PARAMETRIC_REPRESENTATION_CONTEXT() REPRESENTATION_CONTEXT('2D SPACE',''
  ) );
#18493 = PCURVE('',#18350,#18494);
#18494 = DEFINITIONAL_REPRESENTATION('',(#18495),#18499);
#18495 = LINE('',#18496,#18497);
#18496 = CARTESIAN_POINT('',(0.,0.));
#18497 = VECTOR('',#18498,1.);
#18498 = DIRECTION('',(0.707106781187,0.707106781187));
#18499 = ( GEOMETRIC_REPRESENTATION_CONTEXT(2) 
PARAMETRIC_REPRESENTATION_CONTEXT() REPRESENTATION_CONTEXT('2D SPACE',''
  ) );
#18500 = ORIENTED_EDGE('',*,*,#18313,.F.);
#18501 = ADVANCED_FACE('',(#18502),#17611,.F.);
#18502 = FACE_BOUND('',#18503,.F.);
#18503 = EDGE_LOOP('',(#18504,#18505,#18527,#18554));
#18504 = ORIENTED_EDGE('',*,*,#17593,.T.);
#18505 = ORIENTED_EDGE('',*,*,#18506,.T.);
#18506 = EDGE_CURVE('',#17596,#18507,#18509,.T.);
#18507 = VERTEX_POINT('',#18508);
#18508 = CARTESIAN_POINT('',(149.5,132.35227919611,41.776708214741));
#18509 = SURFACE_CURVE('',#18510,(#18513,#18520),.PCURVE_S1.);
#18510 = B_SPLINE_CURVE_WITH_KNOTS('',1,(#18511,#18512),.UNSPECIFIED.,
  .F.,.F.,(2,2),(0.,1.),.PIECEWISE_BEZIER_KNOTS.);
#18511 = CARTESIAN_POINT('',(148.7,131.74436480147,40.822538372009));
#18512 = CARTESIAN_POINT('',(149.5,132.35227919611,41.776708214741));
#18513 = PCURVE('',#17611,#18514);
#18514 = DEFINITIONAL_REPRESENTATION('',(#18515),#18519);
#18515 = LINE('',#18516,#18517);
#18516 = CARTESIAN_POINT('',(6.,0.));
#18517 = VECTOR('',#18518,1.);
#18518 = DIRECTION('',(0.,1.));
#18519 = ( GEOMETRIC_REPRESENTATION_CONTEXT(2) 
PARAMETRIC_REPRESENTATION_CONTEXT() REPRESENTATION_CONTEXT('2D SPACE',''
  ) );
#18520 = PCURVE('',#17639,#18521);
#18521 = DEFINITIONAL_REPRESENTATION('',(#18522),#18526);
#18522 = LINE('',#18523,#18524);
#18523 = CARTESIAN_POINT('',(0.,0.));
#18524 = VECTOR('',#18525,1.);
#18525 = DIRECTION('',(0.,1.));
#18526 = ( GEOMETRIC_REPRESENTATION_CONTEXT(2) 
PARAMETRIC_REPRESENTATION_CONTEXT() REPRESENTATION_CONTEXT('2D SPACE',''
  ) );
#18527 = ORIENTED_EDGE('',*,*,#18528,.F.);
#18528 = EDGE_CURVE('',#18529,#18507,#18531,.T.);
#18529 = VERTEX_POINT('',#18530);
#18530 = CARTESIAN_POINT('',(149.5,136.64801084891,42.728910696973));
#18531 = SURFACE_CURVE('',#18532,(#18536,#18542),.PCURVE_S1.);
#18532 = LINE('',#18533,#18534);
#18533 = CARTESIAN_POINT('',(149.5,136.64801084891,42.728910696973));
#18534 = VECTOR('',#18535,1.);
#18535 = DIRECTION('',(0.,-0.976302648363,-0.216409655053));
#18536 = PCURVE('',#17611,#18537);
#18537 = DEFINITIONAL_REPRESENTATION('',(#18538),#18541);
#18538 = B_SPLINE_CURVE_WITH_KNOTS('',1,(#18539,#18540),.UNSPECIFIED.,
  .F.,.F.,(2,2),(0.,4.4),.PIECEWISE_BEZIER_KNOTS.);
#18539 = CARTESIAN_POINT('',(0.,1.));
#18540 = CARTESIAN_POINT('',(6.,1.));
#18541 = ( GEOMETRIC_REPRESENTATION_CONTEXT(2) 
PARAMETRIC_REPRESENTATION_CONTEXT() REPRESENTATION_CONTEXT('2D SPACE',''
  ) );
#18542 = PCURVE('',#18543,#18548);
#18543 = PLANE('',#18544);
#18544 = AXIS2_PLACEMENT_3D('',#18545,#18546,#18547);
#18545 = CARTESIAN_POINT('',(149.5,132.35227919611,41.776708214741));
#18546 = DIRECTION('',(0.,0.216409655053,-0.976302648363));
#18547 = DIRECTION('',(0.707106781187,0.690350223148,0.153024734602));
#18548 = DEFINITIONAL_REPRESENTATION('',(#18549),#18553);
#18549 = LINE('',#18550,#18551);
#18550 = CARTESIAN_POINT('',(3.111269837221,-3.111269837221));
#18551 = VECTOR('',#18552,1.);
#18552 = DIRECTION('',(-0.707106781187,0.707106781187));
#18553 = ( GEOMETRIC_REPRESENTATION_CONTEXT(2) 
PARAMETRIC_REPRESENTATION_CONTEXT() REPRESENTATION_CONTEXT('2D SPACE',''
  ) );
#18554 = ORIENTED_EDGE('',*,*,#18555,.F.);
#18555 = EDGE_CURVE('',#17594,#18529,#18556,.T.);
#18556 = SURFACE_CURVE('',#18557,(#18560,#18567),.PCURVE_S1.);
#18557 = B_SPLINE_CURVE_WITH_KNOTS('',1,(#18558,#18559),.UNSPECIFIED.,
  .F.,.F.,(2,2),(0.,1.),.PIECEWISE_BEZIER_KNOTS.);
#18558 = CARTESIAN_POINT('',(148.7,137.60218069164,42.120996302325));
#18559 = CARTESIAN_POINT('',(149.5,136.64801084891,42.728910696973));
#18560 = PCURVE('',#17611,#18561);
#18561 = DEFINITIONAL_REPRESENTATION('',(#18562),#18566);
#18562 = LINE('',#18563,#18564);
#18563 = CARTESIAN_POINT('',(0.,0.));
#18564 = VECTOR('',#18565,1.);
#18565 = DIRECTION('',(0.,1.));
#18566 = ( GEOMETRIC_REPRESENTATION_CONTEXT(2) 
PARAMETRIC_REPRESENTATION_CONTEXT() REPRESENTATION_CONTEXT('2D SPACE',''
  ) );
#18567 = PCURVE('',#17693,#18568);
#18568 = DEFINITIONAL_REPRESENTATION('',(#18569),#18573);
#18569 = LINE('',#18570,#18571);
#18570 = CARTESIAN_POINT('',(6.,0.));
#18571 = VECTOR('',#18572,1.);
#18572 = DIRECTION('',(0.,1.));
#18573 = ( GEOMETRIC_REPRESENTATION_CONTEXT(2) 
PARAMETRIC_REPRESENTATION_CONTEXT() REPRESENTATION_CONTEXT('2D SPACE',''
  ) );
#18574 = ADVANCED_FACE('',(#18575),#17693,.F.);
#18575 = FACE_BOUND('',#18576,.F.);
#18576 = EDGE_LOOP('',(#18577,#18578,#18579,#18601));
#18577 = ORIENTED_EDGE('',*,*,#17679,.T.);
#18578 = ORIENTED_EDGE('',*,*,#18555,.T.);
#18579 = ORIENTED_EDGE('',*,*,#18580,.F.);
#18580 = EDGE_CURVE('',#18581,#18529,#18583,.T.);
#18581 = VERTEX_POINT('',#18582);
#18582 = CARTESIAN_POINT('',(153.9,136.64801084891,42.728910696973));
#18583 = SURFACE_CURVE('',#18584,(#18588,#18594),.PCURVE_S1.);
#18584 = LINE('',#18585,#18586);
#18585 = CARTESIAN_POINT('',(153.9,136.64801084891,42.728910696973));
#18586 = VECTOR('',#18587,1.);
#18587 = DIRECTION('',(-1.,0.,0.));
#18588 = PCURVE('',#17693,#18589);
#18589 = DEFINITIONAL_REPRESENTATION('',(#18590),#18593);
#18590 = B_SPLINE_CURVE_WITH_KNOTS('',1,(#18591,#18592),.UNSPECIFIED.,
  .F.,.F.,(2,2),(0.,4.4),.PIECEWISE_BEZIER_KNOTS.);
#18591 = CARTESIAN_POINT('',(0.,1.));
#18592 = CARTESIAN_POINT('',(6.,1.));
#18593 = ( GEOMETRIC_REPRESENTATION_CONTEXT(2) 
PARAMETRIC_REPRESENTATION_CONTEXT() REPRESENTATION_CONTEXT('2D SPACE',''
  ) );
#18594 = PCURVE('',#18543,#18595);
#18595 = DEFINITIONAL_REPRESENTATION('',(#18596),#18600);
#18596 = LINE('',#18597,#18598);
#18597 = CARTESIAN_POINT('',(6.222539674442,-1.536456656037E-14));
#18598 = VECTOR('',#18599,1.);
#18599 = DIRECTION('',(-0.707106781187,-0.707106781187));
#18600 = ( GEOMETRIC_REPRESENTATION_CONTEXT(2) 
PARAMETRIC_REPRESENTATION_CONTEXT() REPRESENTATION_CONTEXT('2D SPACE',''
  ) );
#18601 = ORIENTED_EDGE('',*,*,#18602,.F.);
#18602 = EDGE_CURVE('',#17652,#18581,#18603,.T.);
#18603 = SURFACE_CURVE('',#18604,(#18607,#18614),.PCURVE_S1.);
#18604 = B_SPLINE_CURVE_WITH_KNOTS('',1,(#18605,#18606),.UNSPECIFIED.,
  .F.,.F.,(2,2),(0.,1.),.PIECEWISE_BEZIER_KNOTS.);
#18605 = CARTESIAN_POINT('',(154.7,137.60218069164,42.120996302325));
#18606 = CARTESIAN_POINT('',(153.9,136.64801084891,42.728910696973));
#18607 = PCURVE('',#17693,#18608);
#18608 = DEFINITIONAL_REPRESENTATION('',(#18609),#18613);
#18609 = LINE('',#18610,#18611);
#18610 = CARTESIAN_POINT('',(0.,0.));
#18611 = VECTOR('',#18612,1.);
#18612 = DIRECTION('',(0.,1.));
#18613 = ( GEOMETRIC_REPRESENTATION_CONTEXT(2) 
PARAMETRIC_REPRESENTATION_CONTEXT() REPRESENTATION_CONTEXT('2D SPACE',''
  ) );
#18614 = PCURVE('',#17667,#18615);
#18615 = DEFINITIONAL_REPRESENTATION('',(#18616),#18620);
#18616 = LINE('',#18617,#18618);
#18617 = CARTESIAN_POINT('',(6.,0.));
#18618 = VECTOR('',#18619,1.);
#18619 = DIRECTION('',(0.,1.));
#18620 = ( GEOMETRIC_REPRESENTATION_CONTEXT(2) 
PARAMETRIC_REPRESENTATION_CONTEXT() REPRESENTATION_CONTEXT('2D SPACE',''
  ) );
#18621 = ADVANCED_FACE('',(#18622),#17667,.F.);
#18622 = FACE_BOUND('',#18623,.F.);
#18623 = EDGE_LOOP('',(#18624,#18625,#18626,#18648));
#18624 = ORIENTED_EDGE('',*,*,#17651,.T.);
#18625 = ORIENTED_EDGE('',*,*,#18602,.T.);
#18626 = ORIENTED_EDGE('',*,*,#18627,.F.);
#18627 = EDGE_CURVE('',#18628,#18581,#18630,.T.);
#18628 = VERTEX_POINT('',#18629);
#18629 = CARTESIAN_POINT('',(153.9,132.35227919611,41.776708214741));
#18630 = SURFACE_CURVE('',#18631,(#18635,#18641),.PCURVE_S1.);
#18631 = LINE('',#18632,#18633);
#18632 = CARTESIAN_POINT('',(153.9,132.35227919611,41.776708214741));
#18633 = VECTOR('',#18634,1.);
#18634 = DIRECTION('',(0.,0.976302648363,0.216409655053));
#18635 = PCURVE('',#17667,#18636);
#18636 = DEFINITIONAL_REPRESENTATION('',(#18637),#18640);
#18637 = B_SPLINE_CURVE_WITH_KNOTS('',1,(#18638,#18639),.UNSPECIFIED.,
  .F.,.F.,(2,2),(0.,4.4),.PIECEWISE_BEZIER_KNOTS.);
#18638 = CARTESIAN_POINT('',(0.,1.));
#18639 = CARTESIAN_POINT('',(6.,1.));
#18640 = ( GEOMETRIC_REPRESENTATION_CONTEXT(2) 
PARAMETRIC_REPRESENTATION_CONTEXT() REPRESENTATION_CONTEXT('2D SPACE',''
  ) );
#18641 = PCURVE('',#18543,#18642);
#18642 = DEFINITIONAL_REPRESENTATION('',(#18643),#18647);
#18643 = LINE('',#18644,#18645);
#18644 = CARTESIAN_POINT('',(3.111269837221,3.111269837221));
#18645 = VECTOR('',#18646,1.);
#18646 = DIRECTION('',(0.707106781187,-0.707106781187));
#18647 = ( GEOMETRIC_REPRESENTATION_CONTEXT(2) 
PARAMETRIC_REPRESENTATION_CONTEXT() REPRESENTATION_CONTEXT('2D SPACE',''
  ) );
#18648 = ORIENTED_EDGE('',*,*,#18649,.F.);
#18649 = EDGE_CURVE('',#17624,#18628,#18650,.T.);
#18650 = SURFACE_CURVE('',#18651,(#18654,#18661),.PCURVE_S1.);
#18651 = B_SPLINE_CURVE_WITH_KNOTS('',1,(#18652,#18653),.UNSPECIFIED.,
  .F.,.F.,(2,2),(0.,1.),.PIECEWISE_BEZIER_KNOTS.);
#18652 = CARTESIAN_POINT('',(154.7,131.74436480147,40.822538372009));
#18653 = CARTESIAN_POINT('',(153.9,132.35227919611,41.776708214741));
#18654 = PCURVE('',#17667,#18655);
#18655 = DEFINITIONAL_REPRESENTATION('',(#18656),#18660);
#18656 = LINE('',#18657,#18658);
#18657 = CARTESIAN_POINT('',(0.,0.));
#18658 = VECTOR('',#18659,1.);
#18659 = DIRECTION('',(0.,1.));
#18660 = ( GEOMETRIC_REPRESENTATION_CONTEXT(2) 
PARAMETRIC_REPRESENTATION_CONTEXT() REPRESENTATION_CONTEXT('2D SPACE',''
  ) );
#18661 = PCURVE('',#17639,#18662);
#18662 = DEFINITIONAL_REPRESENTATION('',(#18663),#18667);
#18663 = LINE('',#18664,#18665);
#18664 = CARTESIAN_POINT('',(6.,0.));
#18665 = VECTOR('',#18666,1.);
#18666 = DIRECTION('',(0.,1.));
#18667 = ( GEOMETRIC_REPRESENTATION_CONTEXT(2) 
PARAMETRIC_REPRESENTATION_CONTEXT() REPRESENTATION_CONTEXT('2D SPACE',''
  ) );
#18668 = ADVANCED_FACE('',(#18669),#17639,.F.);
#18669 = FACE_BOUND('',#18670,.F.);
#18670 = EDGE_LOOP('',(#18671,#18672,#18673,#18693));
#18671 = ORIENTED_EDGE('',*,*,#17623,.T.);
#18672 = ORIENTED_EDGE('',*,*,#18649,.T.);
#18673 = ORIENTED_EDGE('',*,*,#18674,.F.);
#18674 = EDGE_CURVE('',#18507,#18628,#18675,.T.);
#18675 = SURFACE_CURVE('',#18676,(#18680,#18686),.PCURVE_S1.);
#18676 = LINE('',#18677,#18678);
#18677 = CARTESIAN_POINT('',(149.5,132.35227919611,41.776708214741));
#18678 = VECTOR('',#18679,1.);
#18679 = DIRECTION('',(1.,0.,0.));
#18680 = PCURVE('',#17639,#18681);
#18681 = DEFINITIONAL_REPRESENTATION('',(#18682),#18685);
#18682 = B_SPLINE_CURVE_WITH_KNOTS('',1,(#18683,#18684),.UNSPECIFIED.,
  .F.,.F.,(2,2),(0.,4.4),.PIECEWISE_BEZIER_KNOTS.);
#18683 = CARTESIAN_POINT('',(0.,1.));
#18684 = CARTESIAN_POINT('',(6.,1.));
#18685 = ( GEOMETRIC_REPRESENTATION_CONTEXT(2) 
PARAMETRIC_REPRESENTATION_CONTEXT() REPRESENTATION_CONTEXT('2D SPACE',''
  ) );
#18686 = PCURVE('',#18543,#18687);
#18687 = DEFINITIONAL_REPRESENTATION('',(#18688),#18692);
#18688 = LINE('',#18689,#18690);
#18689 = CARTESIAN_POINT('',(0.,0.));
#18690 = VECTOR('',#18691,1.);
#18691 = DIRECTION('',(0.707106781187,0.707106781187));
#18692 = ( GEOMETRIC_REPRESENTATION_CONTEXT(2) 
PARAMETRIC_REPRESENTATION_CONTEXT() REPRESENTATION_CONTEXT('2D SPACE',''
  ) );
#18693 = ORIENTED_EDGE('',*,*,#18506,.F.);
#18694 = ADVANCED_FACE('',(#18695),#17731,.F.);
#18695 = FACE_BOUND('',#18696,.T.);
#18696 = EDGE_LOOP('',(#18697,#18698,#18721,#18748));
#18697 = ORIENTED_EDGE('',*,*,#17714,.F.);
#18698 = ORIENTED_EDGE('',*,*,#18699,.T.);
#18699 = EDGE_CURVE('',#17715,#18700,#18702,.T.);
#18700 = VERTEX_POINT('',#18701);
#18701 = CARTESIAN_POINT('',(192.65,139.,42.173068827124));
#18702 = SEAM_CURVE('',#18703,(#18707,#18714),.PCURVE_S1.);
#18703 = LINE('',#18704,#18705);
#18704 = CARTESIAN_POINT('',(192.65,139.,33.773068827124));
#18705 = VECTOR('',#18706,1.);
#18706 = DIRECTION('',(0.,1.057526724829E-17,1.));
#18707 = PCURVE('',#17731,#18708);
#18708 = DEFINITIONAL_REPRESENTATION('',(#18709),#18713);
#18709 = LINE('',#18710,#18711);
#18710 = CARTESIAN_POINT('',(-6.28318530718,0.));
#18711 = VECTOR('',#18712,1.);
#18712 = DIRECTION('',(-0.,-1.));
#18713 = ( GEOMETRIC_REPRESENTATION_CONTEXT(2) 
PARAMETRIC_REPRESENTATION_CONTEXT() REPRESENTATION_CONTEXT('2D SPACE',''
  ) );
#18714 = PCURVE('',#17731,#18715);
#18715 = DEFINITIONAL_REPRESENTATION('',(#18716),#18720);
#18716 = LINE('',#18717,#18718);
#18717 = CARTESIAN_POINT('',(-0.,0.));
#18718 = VECTOR('',#18719,1.);
#18719 = DIRECTION('',(-0.,-1.));
#18720 = ( GEOMETRIC_REPRESENTATION_CONTEXT(2) 
PARAMETRIC_REPRESENTATION_CONTEXT() REPRESENTATION_CONTEXT('2D SPACE',''
  ) );
#18721 = ORIENTED_EDGE('',*,*,#18722,.T.);
#18722 = EDGE_CURVE('',#18700,#18700,#18723,.T.);
#18723 = SURFACE_CURVE('',#18724,(#18729,#18736),.PCURVE_S1.);
#18724 = CIRCLE('',#18725,2.25);
#18725 = AXIS2_PLACEMENT_3D('',#18726,#18727,#18728);
#18726 = CARTESIAN_POINT('',(190.4,139.,42.173068827124));
#18727 = DIRECTION('',(0.,-1.057526724829E-17,1.));
#18728 = DIRECTION('',(1.,0.,0.));
#18729 = PCURVE('',#17731,#18730);
#18730 = DEFINITIONAL_REPRESENTATION('',(#18731),#18735);
#18731 = LINE('',#18732,#18733);
#18732 = CARTESIAN_POINT('',(-0.,-8.4));
#18733 = VECTOR('',#18734,1.);
#18734 = DIRECTION('',(-1.,0.));
#18735 = ( GEOMETRIC_REPRESENTATION_CONTEXT(2) 
PARAMETRIC_REPRESENTATION_CONTEXT() REPRESENTATION_CONTEXT('2D SPACE',''
  ) );
#18736 = PCURVE('',#18737,#18742);
#18737 = PLANE('',#18738);
#18738 = AXIS2_PLACEMENT_3D('',#18739,#18740,#18741);
#18739 = CARTESIAN_POINT('',(190.4,139.,42.173068827124));
#18740 = DIRECTION('',(0.,1.057526724829E-17,1.));
#18741 = DIRECTION('',(1.,0.,0.));
#18742 = DEFINITIONAL_REPRESENTATION('',(#18743),#18747);
#18743 = CIRCLE('',#18744,2.25);
#18744 = AXIS2_PLACEMENT_2D('',#18745,#18746);
#18745 = CARTESIAN_POINT('',(0.,0.));
#18746 = DIRECTION('',(1.,0.));
#18747 = ( GEOMETRIC_REPRESENTATION_CONTEXT(2) 
PARAMETRIC_REPRESENTATION_CONTEXT() REPRESENTATION_CONTEXT('2D SPACE',''
  ) );
#18748 = ORIENTED_EDGE('',*,*,#18699,.F.);
#18749 = ADVANCED_FACE('',(#18750),#17805,.F.);
#18750 = FACE_BOUND('',#18751,.F.);
#18751 = EDGE_LOOP('',(#18752,#18775,#18776,#18799));
#18752 = ORIENTED_EDGE('',*,*,#18753,.F.);
#18753 = EDGE_CURVE('',#17767,#18754,#18756,.T.);
#18754 = VERTEX_POINT('',#18755);
#18755 = CARTESIAN_POINT('',(23.557142857143,136.22121658034,
    45.809551320661));
#18756 = SURFACE_CURVE('',#18757,(#18761,#18768),.PCURVE_S1.);
#18757 = LINE('',#18758,#18759);
#18758 = CARTESIAN_POINT('',(23.557142857143,136.40012342585,
    45.695567371664));
#18759 = VECTOR('',#18760,1.);
#18760 = DIRECTION('',(-3.301901480999E-35,-0.84337495775,0.537325488546
    ));
#18761 = PCURVE('',#17805,#18762);
#18762 = DEFINITIONAL_REPRESENTATION('',(#18763),#18767);
#18763 = LINE('',#18764,#18765);
#18764 = CARTESIAN_POINT('',(0.,0.));
#18765 = VECTOR('',#18766,1.);
#18766 = DIRECTION('',(-2.045402715561E-35,1.));
#18767 = ( GEOMETRIC_REPRESENTATION_CONTEXT(2) 
PARAMETRIC_REPRESENTATION_CONTEXT() REPRESENTATION_CONTEXT('2D SPACE',''
  ) );
#18768 = PCURVE('',#17880,#18769);
#18769 = DEFINITIONAL_REPRESENTATION('',(#18770),#18774);
#18770 = LINE('',#18771,#18772);
#18771 = CARTESIAN_POINT('',(3.14159265359,-0.15));
#18772 = VECTOR('',#18773,1.);
#18773 = DIRECTION('',(0.,-1.));
#18774 = ( GEOMETRIC_REPRESENTATION_CONTEXT(2) 
PARAMETRIC_REPRESENTATION_CONTEXT() REPRESENTATION_CONTEXT('2D SPACE',''
  ) );
#18775 = ORIENTED_EDGE('',*,*,#17789,.T.);
#18776 = ORIENTED_EDGE('',*,*,#18777,.T.);
#18777 = EDGE_CURVE('',#17790,#18778,#18780,.T.);
#18778 = VERTEX_POINT('',#18779);
#18779 = CARTESIAN_POINT('',(77.557142857143,136.22121658034,
    45.809551320661));
#18780 = SURFACE_CURVE('',#18781,(#18785,#18792),.PCURVE_S1.);
#18781 = LINE('',#18782,#18783);
#18782 = CARTESIAN_POINT('',(77.557142857143,136.40012342585,
    45.695567371664));
#18783 = VECTOR('',#18784,1.);
#18784 = DIRECTION('',(-3.301901480999E-35,-0.84337495775,0.537325488546
    ));
#18785 = PCURVE('',#17805,#18786);
#18786 = DEFINITIONAL_REPRESENTATION('',(#18787),#18791);
#18787 = LINE('',#18788,#18789);
#18788 = CARTESIAN_POINT('',(54.,-1.78302679974E-33));
#18789 = VECTOR('',#18790,1.);
#18790 = DIRECTION('',(-2.045402715561E-35,1.));
#18791 = ( GEOMETRIC_REPRESENTATION_CONTEXT(2) 
PARAMETRIC_REPRESENTATION_CONTEXT() REPRESENTATION_CONTEXT('2D SPACE',''
  ) );
#18792 = PCURVE('',#17915,#18793);
#18793 = DEFINITIONAL_REPRESENTATION('',(#18794),#18798);
#18794 = LINE('',#18795,#18796);
#18795 = CARTESIAN_POINT('',(0.,-0.15));
#18796 = VECTOR('',#18797,1.);
#18797 = DIRECTION('',(0.,-1.));
#18798 = ( GEOMETRIC_REPRESENTATION_CONTEXT(2) 
PARAMETRIC_REPRESENTATION_CONTEXT() REPRESENTATION_CONTEXT('2D SPACE',''
  ) );
#18799 = ORIENTED_EDGE('',*,*,#18800,.F.);
#18800 = EDGE_CURVE('',#18754,#18778,#18801,.T.);
#18801 = SURFACE_CURVE('',#18802,(#18806,#18813),.PCURVE_S1.);
#18802 = LINE('',#18803,#18804);
#18803 = CARTESIAN_POINT('',(23.557142857143,136.22121658034,
    45.809551320661));
#18804 = VECTOR('',#18805,1.);
#18805 = DIRECTION('',(1.,0.,0.));
#18806 = PCURVE('',#17805,#18807);
#18807 = DEFINITIONAL_REPRESENTATION('',(#18808),#18812);
#18808 = LINE('',#18809,#18810);
#18809 = CARTESIAN_POINT('',(-2.129243752447E-33,0.212132034356));
#18810 = VECTOR('',#18811,1.);
#18811 = DIRECTION('',(1.,-6.500796196134E-35));
#18812 = ( GEOMETRIC_REPRESENTATION_CONTEXT(2) 
PARAMETRIC_REPRESENTATION_CONTEXT() REPRESENTATION_CONTEXT('2D SPACE',''
  ) );
#18813 = PCURVE('',#18814,#18819);
#18814 = PLANE('',#18815);
#18815 = AXIS2_PLACEMENT_3D('',#18816,#18817,#18818);
#18816 = CARTESIAN_POINT('',(50.557142857143,133.82927509185,
    45.279347665782));
#18817 = DIRECTION('',(-0.,0.216409655053,-0.976302648363));
#18818 = DIRECTION('',(-1.,0.,0.));
#18819 = DEFINITIONAL_REPRESENTATION('',(#18820),#18824);
#18820 = LINE('',#18821,#18822);
#18821 = CARTESIAN_POINT('',(27.,2.45));
#18822 = VECTOR('',#18823,1.);
#18823 = DIRECTION('',(-1.,0.));
#18824 = ( GEOMETRIC_REPRESENTATION_CONTEXT(2) 
PARAMETRIC_REPRESENTATION_CONTEXT() REPRESENTATION_CONTEXT('2D SPACE',''
  ) );
#18825 = ADVANCED_FACE('',(#18826),#17880,.T.);
#18826 = FACE_BOUND('',#18827,.F.);
#18827 = EDGE_LOOP('',(#18828,#18851,#18852,#18853));
#18828 = ORIENTED_EDGE('',*,*,#18829,.F.);
#18829 = EDGE_CURVE('',#17843,#18830,#18832,.T.);
#18830 = VERTEX_POINT('',#18831);
#18831 = CARTESIAN_POINT('',(23.557142857143,131.43733360336,
    44.749144010902));
#18832 = SURFACE_CURVE('',#18833,(#18837,#18844),.PCURVE_S1.);
#18833 = LINE('',#18834,#18835);
#18834 = CARTESIAN_POINT('',(23.557142857143,131.32334965436,
    44.57023716539));
#18835 = VECTOR('',#18836,1.);
#18836 = DIRECTION('',(3.301901480999E-35,0.537325488546,0.84337495775)
  );
#18837 = PCURVE('',#17880,#18838);
#18838 = DEFINITIONAL_REPRESENTATION('',(#18839),#18843);
#18839 = LINE('',#18840,#18841);
#18840 = CARTESIAN_POINT('',(0.,-0.15));
#18841 = VECTOR('',#18842,1.);
#18842 = DIRECTION('',(0.,-1.));
#18843 = ( GEOMETRIC_REPRESENTATION_CONTEXT(2) 
PARAMETRIC_REPRESENTATION_CONTEXT() REPRESENTATION_CONTEXT('2D SPACE',''
  ) );
#18844 = PCURVE('',#17967,#18845);
#18845 = DEFINITIONAL_REPRESENTATION('',(#18846),#18850);
#18846 = LINE('',#18847,#18848);
#18847 = CARTESIAN_POINT('',(54.,-1.78302679974E-33));
#18848 = VECTOR('',#18849,1.);
#18849 = DIRECTION('',(-7.922352851962E-35,1.));
#18850 = ( GEOMETRIC_REPRESENTATION_CONTEXT(2) 
PARAMETRIC_REPRESENTATION_CONTEXT() REPRESENTATION_CONTEXT('2D SPACE',''
  ) );
#18851 = ORIENTED_EDGE('',*,*,#17865,.T.);
#18852 = ORIENTED_EDGE('',*,*,#18753,.T.);
#18853 = ORIENTED_EDGE('',*,*,#18854,.F.);
#18854 = EDGE_CURVE('',#18830,#18754,#18855,.T.);
#18855 = SURFACE_CURVE('',#18856,(#18861,#18868),.PCURVE_S1.);
#18856 = CIRCLE('',#18857,2.45);
#18857 = AXIS2_PLACEMENT_3D('',#18858,#18859,#18860);
#18858 = CARTESIAN_POINT('',(23.557142857143,133.82927509185,
    45.279347665782));
#18859 = DIRECTION('',(-0.,0.216409655053,-0.976302648363));
#18860 = DIRECTION('',(0.,-0.976302648363,-0.216409655053));
#18861 = PCURVE('',#17880,#18862);
#18862 = DEFINITIONAL_REPRESENTATION('',(#18863),#18867);
#18863 = LINE('',#18864,#18865);
#18864 = CARTESIAN_POINT('',(0.,-0.3));
#18865 = VECTOR('',#18866,1.);
#18866 = DIRECTION('',(1.,-0.));
#18867 = ( GEOMETRIC_REPRESENTATION_CONTEXT(2) 
PARAMETRIC_REPRESENTATION_CONTEXT() REPRESENTATION_CONTEXT('2D SPACE',''
  ) );
#18868 = PCURVE('',#18814,#18869);
#18869 = DEFINITIONAL_REPRESENTATION('',(#18870),#18874);
#18870 = CIRCLE('',#18871,2.45);
#18871 = AXIS2_PLACEMENT_2D('',#18872,#18873);
#18872 = CARTESIAN_POINT('',(27.,0.));
#18873 = DIRECTION('',(-0.,-1.));
#18874 = ( GEOMETRIC_REPRESENTATION_CONTEXT(2) 
PARAMETRIC_REPRESENTATION_CONTEXT() REPRESENTATION_CONTEXT('2D SPACE',''
  ) );
#18875 = ADVANCED_FACE('',(#18876),#17915,.T.);
#18876 = FACE_BOUND('',#18877,.F.);
#18877 = EDGE_LOOP('',(#18878,#18879,#18880,#18903));
#18878 = ORIENTED_EDGE('',*,*,#18777,.F.);
#18879 = ORIENTED_EDGE('',*,*,#17898,.T.);
#18880 = ORIENTED_EDGE('',*,*,#18881,.T.);
#18881 = EDGE_CURVE('',#17899,#18882,#18884,.T.);
#18882 = VERTEX_POINT('',#18883);
#18883 = CARTESIAN_POINT('',(77.557142857143,131.43733360336,
    44.749144010902));
#18884 = SURFACE_CURVE('',#18885,(#18889,#18896),.PCURVE_S1.);
#18885 = LINE('',#18886,#18887);
#18886 = CARTESIAN_POINT('',(77.557142857143,131.20936570537,
    44.391330319878));
#18887 = VECTOR('',#18888,1.);
#18888 = DIRECTION('',(-8.659560562355E-17,0.537325488546,0.84337495775)
  );
#18889 = PCURVE('',#17915,#18890);
#18890 = DEFINITIONAL_REPRESENTATION('',(#18891),#18895);
#18891 = LINE('',#18892,#18893);
#18892 = CARTESIAN_POINT('',(3.14159265359,-0.));
#18893 = VECTOR('',#18894,1.);
#18894 = DIRECTION('',(0.,-1.));
#18895 = ( GEOMETRIC_REPRESENTATION_CONTEXT(2) 
PARAMETRIC_REPRESENTATION_CONTEXT() REPRESENTATION_CONTEXT('2D SPACE',''
  ) );
#18896 = PCURVE('',#17967,#18897);
#18897 = DEFINITIONAL_REPRESENTATION('',(#18898),#18902);
#18898 = LINE('',#18899,#18900);
#18899 = CARTESIAN_POINT('',(-8.188358949437E-33,-0.212132034356));
#18900 = VECTOR('',#18901,1.);
#18901 = DIRECTION('',(8.659560562355E-17,1.));
#18902 = ( GEOMETRIC_REPRESENTATION_CONTEXT(2) 
PARAMETRIC_REPRESENTATION_CONTEXT() REPRESENTATION_CONTEXT('2D SPACE',''
  ) );
#18903 = ORIENTED_EDGE('',*,*,#18904,.F.);
#18904 = EDGE_CURVE('',#18778,#18882,#18905,.T.);
#18905 = SURFACE_CURVE('',#18906,(#18911,#18918),.PCURVE_S1.);
#18906 = CIRCLE('',#18907,2.45);
#18907 = AXIS2_PLACEMENT_3D('',#18908,#18909,#18910);
#18908 = CARTESIAN_POINT('',(77.557142857143,133.82927509185,
    45.279347665782));
#18909 = DIRECTION('',(0.,0.216409655053,-0.976302648363));
#18910 = DIRECTION('',(0.,0.976302648363,0.216409655053));
#18911 = PCURVE('',#17915,#18912);
#18912 = DEFINITIONAL_REPRESENTATION('',(#18913),#18917);
#18913 = LINE('',#18914,#18915);
#18914 = CARTESIAN_POINT('',(0.,-0.3));
#18915 = VECTOR('',#18916,1.);
#18916 = DIRECTION('',(1.,-0.));
#18917 = ( GEOMETRIC_REPRESENTATION_CONTEXT(2) 
PARAMETRIC_REPRESENTATION_CONTEXT() REPRESENTATION_CONTEXT('2D SPACE',''
  ) );
#18918 = PCURVE('',#18814,#18919);
#18919 = DEFINITIONAL_REPRESENTATION('',(#18920),#18924);
#18920 = CIRCLE('',#18921,2.45);
#18921 = AXIS2_PLACEMENT_2D('',#18922,#18923);
#18922 = CARTESIAN_POINT('',(-27.,0.));
#18923 = DIRECTION('',(0.,1.));
#18924 = ( GEOMETRIC_REPRESENTATION_CONTEXT(2) 
PARAMETRIC_REPRESENTATION_CONTEXT() REPRESENTATION_CONTEXT('2D SPACE',''
  ) );
#18925 = ADVANCED_FACE('',(#18926),#17967,.F.);
#18926 = FACE_BOUND('',#18927,.F.);
#18927 = EDGE_LOOP('',(#18928,#18929,#18930,#18931));
#18928 = ORIENTED_EDGE('',*,*,#18881,.F.);
#18929 = ORIENTED_EDGE('',*,*,#17953,.T.);
#18930 = ORIENTED_EDGE('',*,*,#18829,.T.);
#18931 = ORIENTED_EDGE('',*,*,#18932,.F.);
#18932 = EDGE_CURVE('',#18882,#18830,#18933,.T.);
#18933 = SURFACE_CURVE('',#18934,(#18938,#18945),.PCURVE_S1.);
#18934 = LINE('',#18935,#18936);
#18935 = CARTESIAN_POINT('',(77.557142857143,131.43733360336,
    44.749144010902));
#18936 = VECTOR('',#18937,1.);
#18937 = DIRECTION('',(-1.,0.,0.));
#18938 = PCURVE('',#17967,#18939);
#18939 = DEFINITIONAL_REPRESENTATION('',(#18940),#18944);
#18940 = LINE('',#18941,#18942);
#18941 = CARTESIAN_POINT('',(8.188358949437E-33,0.212132034356));
#18942 = VECTOR('',#18943,1.);
#18943 = DIRECTION('',(1.,-4.615772285548E-35));
#18944 = ( GEOMETRIC_REPRESENTATION_CONTEXT(2) 
PARAMETRIC_REPRESENTATION_CONTEXT() REPRESENTATION_CONTEXT('2D SPACE',''
  ) );
#18945 = PCURVE('',#18814,#18946);
#18946 = DEFINITIONAL_REPRESENTATION('',(#18947),#18951);
#18947 = LINE('',#18948,#18949);
#18948 = CARTESIAN_POINT('',(-27.,-2.45));
#18949 = VECTOR('',#18950,1.);
#18950 = DIRECTION('',(1.,0.));
#18951 = ( GEOMETRIC_REPRESENTATION_CONTEXT(2) 
PARAMETRIC_REPRESENTATION_CONTEXT() REPRESENTATION_CONTEXT('2D SPACE',''
  ) );
#18952 = ADVANCED_FACE('',(#18953),#18023,.F.);
#18953 = FACE_BOUND('',#18954,.F.);
#18954 = EDGE_LOOP('',(#18955,#18978,#18979,#19002));
#18955 = ORIENTED_EDGE('',*,*,#18956,.F.);
#18956 = EDGE_CURVE('',#17985,#18957,#18959,.T.);
#18957 = VERTEX_POINT('',#18958);
#18958 = CARTESIAN_POINT('',(124.7,136.22121658034,45.809551320661));
#18959 = SURFACE_CURVE('',#18960,(#18964,#18971),.PCURVE_S1.);
#18960 = LINE('',#18961,#18962);
#18961 = CARTESIAN_POINT('',(124.7,136.40012342585,45.695567371664));
#18962 = VECTOR('',#18963,1.);
#18963 = DIRECTION('',(-3.301901480999E-35,-0.84337495775,0.537325488546
    ));
#18964 = PCURVE('',#18023,#18965);
#18965 = DEFINITIONAL_REPRESENTATION('',(#18966),#18970);
#18966 = LINE('',#18967,#18968);
#18967 = CARTESIAN_POINT('',(0.,0.));
#18968 = VECTOR('',#18969,1.);
#18969 = DIRECTION('',(-2.045402715561E-35,1.));
#18970 = ( GEOMETRIC_REPRESENTATION_CONTEXT(2) 
PARAMETRIC_REPRESENTATION_CONTEXT() REPRESENTATION_CONTEXT('2D SPACE',''
  ) );
#18971 = PCURVE('',#18098,#18972);
#18972 = DEFINITIONAL_REPRESENTATION('',(#18973),#18977);
#18973 = LINE('',#18974,#18975);
#18974 = CARTESIAN_POINT('',(3.14159265359,-0.15));
#18975 = VECTOR('',#18976,1.);
#18976 = DIRECTION('',(0.,-1.));
#18977 = ( GEOMETRIC_REPRESENTATION_CONTEXT(2) 
PARAMETRIC_REPRESENTATION_CONTEXT() REPRESENTATION_CONTEXT('2D SPACE',''
  ) );
#18978 = ORIENTED_EDGE('',*,*,#18007,.T.);
#18979 = ORIENTED_EDGE('',*,*,#18980,.T.);
#18980 = EDGE_CURVE('',#18008,#18981,#18983,.T.);
#18981 = VERTEX_POINT('',#18982);
#18982 = CARTESIAN_POINT('',(178.7,136.22121658034,45.809551320661));
#18983 = SURFACE_CURVE('',#18984,(#18988,#18995),.PCURVE_S1.);
#18984 = LINE('',#18985,#18986);
#18985 = CARTESIAN_POINT('',(178.7,136.40012342585,45.695567371664));
#18986 = VECTOR('',#18987,1.);
#18987 = DIRECTION('',(-3.301901480999E-35,-0.84337495775,0.537325488546
    ));
#18988 = PCURVE('',#18023,#18989);
#18989 = DEFINITIONAL_REPRESENTATION('',(#18990),#18994);
#18990 = LINE('',#18991,#18992);
#18991 = CARTESIAN_POINT('',(54.,-1.78302679974E-33));
#18992 = VECTOR('',#18993,1.);
#18993 = DIRECTION('',(-2.045402715561E-35,1.));
#18994 = ( GEOMETRIC_REPRESENTATION_CONTEXT(2) 
PARAMETRIC_REPRESENTATION_CONTEXT() REPRESENTATION_CONTEXT('2D SPACE',''
  ) );
#18995 = PCURVE('',#18133,#18996);
#18996 = DEFINITIONAL_REPRESENTATION('',(#18997),#19001);
#18997 = LINE('',#18998,#18999);
#18998 = CARTESIAN_POINT('',(0.,-0.15));
#18999 = VECTOR('',#19000,1.);
#19000 = DIRECTION('',(0.,-1.));
#19001 = ( GEOMETRIC_REPRESENTATION_CONTEXT(2) 
PARAMETRIC_REPRESENTATION_CONTEXT() REPRESENTATION_CONTEXT('2D SPACE',''
  ) );
#19002 = ORIENTED_EDGE('',*,*,#19003,.F.);
#19003 = EDGE_CURVE('',#18957,#18981,#19004,.T.);
#19004 = SURFACE_CURVE('',#19005,(#19009,#19016),.PCURVE_S1.);
#19005 = LINE('',#19006,#19007);
#19006 = CARTESIAN_POINT('',(124.7,136.22121658034,45.809551320661));
#19007 = VECTOR('',#19008,1.);
#19008 = DIRECTION('',(1.,0.,0.));
#19009 = PCURVE('',#18023,#19010);
#19010 = DEFINITIONAL_REPRESENTATION('',(#19011),#19015);
#19011 = LINE('',#19012,#19013);
#19012 = CARTESIAN_POINT('',(-2.129243752447E-33,0.212132034356));
#19013 = VECTOR('',#19014,1.);
#19014 = DIRECTION('',(1.,-6.500796196134E-35));
#19015 = ( GEOMETRIC_REPRESENTATION_CONTEXT(2) 
PARAMETRIC_REPRESENTATION_CONTEXT() REPRESENTATION_CONTEXT('2D SPACE',''
  ) );
#19016 = PCURVE('',#19017,#19022);
#19017 = PLANE('',#19018);
#19018 = AXIS2_PLACEMENT_3D('',#19019,#19020,#19021);
#19019 = CARTESIAN_POINT('',(151.7,133.82927509185,45.279347665782));
#19020 = DIRECTION('',(-0.,0.216409655053,-0.976302648363));
#19021 = DIRECTION('',(-1.,0.,0.));
#19022 = DEFINITIONAL_REPRESENTATION('',(#19023),#19027);
#19023 = LINE('',#19024,#19025);
#19024 = CARTESIAN_POINT('',(27.,2.45));
#19025 = VECTOR('',#19026,1.);
#19026 = DIRECTION('',(-1.,0.));
#19027 = ( GEOMETRIC_REPRESENTATION_CONTEXT(2) 
PARAMETRIC_REPRESENTATION_CONTEXT() REPRESENTATION_CONTEXT('2D SPACE',''
  ) );
#19028 = ADVANCED_FACE('',(#19029),#18098,.T.);
#19029 = FACE_BOUND('',#19030,.F.);
#19030 = EDGE_LOOP('',(#19031,#19054,#19055,#19056));
#19031 = ORIENTED_EDGE('',*,*,#19032,.F.);
#19032 = EDGE_CURVE('',#18061,#19033,#19035,.T.);
#19033 = VERTEX_POINT('',#19034);
#19034 = CARTESIAN_POINT('',(124.7,131.43733360336,44.749144010902));
#19035 = SURFACE_CURVE('',#19036,(#19040,#19047),.PCURVE_S1.);
#19036 = LINE('',#19037,#19038);
#19037 = CARTESIAN_POINT('',(124.7,131.32334965436,44.57023716539));
#19038 = VECTOR('',#19039,1.);
#19039 = DIRECTION('',(3.301901480999E-35,0.537325488546,0.84337495775)
  );
#19040 = PCURVE('',#18098,#19041);
#19041 = DEFINITIONAL_REPRESENTATION('',(#19042),#19046);
#19042 = LINE('',#19043,#19044);
#19043 = CARTESIAN_POINT('',(0.,-0.15));
#19044 = VECTOR('',#19045,1.);
#19045 = DIRECTION('',(0.,-1.));
#19046 = ( GEOMETRIC_REPRESENTATION_CONTEXT(2) 
PARAMETRIC_REPRESENTATION_CONTEXT() REPRESENTATION_CONTEXT('2D SPACE',''
  ) );
#19047 = PCURVE('',#18185,#19048);
#19048 = DEFINITIONAL_REPRESENTATION('',(#19049),#19053);
#19049 = LINE('',#19050,#19051);
#19050 = CARTESIAN_POINT('',(54.,-1.78302679974E-33));
#19051 = VECTOR('',#19052,1.);
#19052 = DIRECTION('',(-7.922352851962E-35,1.));
#19053 = ( GEOMETRIC_REPRESENTATION_CONTEXT(2) 
PARAMETRIC_REPRESENTATION_CONTEXT() REPRESENTATION_CONTEXT('2D SPACE',''
  ) );
#19054 = ORIENTED_EDGE('',*,*,#18083,.T.);
#19055 = ORIENTED_EDGE('',*,*,#18956,.T.);
#19056 = ORIENTED_EDGE('',*,*,#19057,.F.);
#19057 = EDGE_CURVE('',#19033,#18957,#19058,.T.);
#19058 = SURFACE_CURVE('',#19059,(#19064,#19071),.PCURVE_S1.);
#19059 = CIRCLE('',#19060,2.45);
#19060 = AXIS2_PLACEMENT_3D('',#19061,#19062,#19063);
#19061 = CARTESIAN_POINT('',(124.7,133.82927509185,45.279347665782));
#19062 = DIRECTION('',(-0.,0.216409655053,-0.976302648363));
#19063 = DIRECTION('',(0.,-0.976302648363,-0.216409655053));
#19064 = PCURVE('',#18098,#19065);
#19065 = DEFINITIONAL_REPRESENTATION('',(#19066),#19070);
#19066 = LINE('',#19067,#19068);
#19067 = CARTESIAN_POINT('',(0.,-0.3));
#19068 = VECTOR('',#19069,1.);
#19069 = DIRECTION('',(1.,-0.));
#19070 = ( GEOMETRIC_REPRESENTATION_CONTEXT(2) 
PARAMETRIC_REPRESENTATION_CONTEXT() REPRESENTATION_CONTEXT('2D SPACE',''
  ) );
#19071 = PCURVE('',#19017,#19072);
#19072 = DEFINITIONAL_REPRESENTATION('',(#19073),#19077);
#19073 = CIRCLE('',#19074,2.45);
#19074 = AXIS2_PLACEMENT_2D('',#19075,#19076);
#19075 = CARTESIAN_POINT('',(27.,0.));
#19076 = DIRECTION('',(-0.,-1.));
#19077 = ( GEOMETRIC_REPRESENTATION_CONTEXT(2) 
PARAMETRIC_REPRESENTATION_CONTEXT() REPRESENTATION_CONTEXT('2D SPACE',''
  ) );
#19078 = ADVANCED_FACE('',(#19079),#18133,.T.);
#19079 = FACE_BOUND('',#19080,.F.);
#19080 = EDGE_LOOP('',(#19081,#19082,#19083,#19106));
#19081 = ORIENTED_EDGE('',*,*,#18980,.F.);
#19082 = ORIENTED_EDGE('',*,*,#18116,.T.);
#19083 = ORIENTED_EDGE('',*,*,#19084,.T.);
#19084 = EDGE_CURVE('',#18117,#19085,#19087,.T.);
#19085 = VERTEX_POINT('',#19086);
#19086 = CARTESIAN_POINT('',(178.7,131.43733360336,44.749144010902));
#19087 = SURFACE_CURVE('',#19088,(#19092,#19099),.PCURVE_S1.);
#19088 = LINE('',#19089,#19090);
#19089 = CARTESIAN_POINT('',(178.7,131.20936570537,44.391330319878));
#19090 = VECTOR('',#19091,1.);
#19091 = DIRECTION('',(-8.659560562355E-17,0.537325488546,0.84337495775)
  );
#19092 = PCURVE('',#18133,#19093);
#19093 = DEFINITIONAL_REPRESENTATION('',(#19094),#19098);
#19094 = LINE('',#19095,#19096);
#19095 = CARTESIAN_POINT('',(3.14159265359,-0.));
#19096 = VECTOR('',#19097,1.);
#19097 = DIRECTION('',(0.,-1.));
#19098 = ( GEOMETRIC_REPRESENTATION_CONTEXT(2) 
PARAMETRIC_REPRESENTATION_CONTEXT() REPRESENTATION_CONTEXT('2D SPACE',''
  ) );
#19099 = PCURVE('',#18185,#19100);
#19100 = DEFINITIONAL_REPRESENTATION('',(#19101),#19105);
#19101 = LINE('',#19102,#19103);
#19102 = CARTESIAN_POINT('',(-8.188358949437E-33,-0.212132034356));
#19103 = VECTOR('',#19104,1.);
#19104 = DIRECTION('',(8.659560562355E-17,1.));
#19105 = ( GEOMETRIC_REPRESENTATION_CONTEXT(2) 
PARAMETRIC_REPRESENTATION_CONTEXT() REPRESENTATION_CONTEXT('2D SPACE',''
  ) );
#19106 = ORIENTED_EDGE('',*,*,#19107,.F.);
#19107 = EDGE_CURVE('',#18981,#19085,#19108,.T.);
#19108 = SURFACE_CURVE('',#19109,(#19114,#19121),.PCURVE_S1.);
#19109 = CIRCLE('',#19110,2.45);
#19110 = AXIS2_PLACEMENT_3D('',#19111,#19112,#19113);
#19111 = CARTESIAN_POINT('',(178.7,133.82927509185,45.279347665782));
#19112 = DIRECTION('',(0.,0.216409655053,-0.976302648363));
#19113 = DIRECTION('',(0.,0.976302648363,0.216409655053));
#19114 = PCURVE('',#18133,#19115);
#19115 = DEFINITIONAL_REPRESENTATION('',(#19116),#19120);
#19116 = LINE('',#19117,#19118);
#19117 = CARTESIAN_POINT('',(0.,-0.3));
#19118 = VECTOR('',#19119,1.);
#19119 = DIRECTION('',(1.,-0.));
#19120 = ( GEOMETRIC_REPRESENTATION_CONTEXT(2) 
PARAMETRIC_REPRESENTATION_CONTEXT() REPRESENTATION_CONTEXT('2D SPACE',''
  ) );
#19121 = PCURVE('',#19017,#19122);
#19122 = DEFINITIONAL_REPRESENTATION('',(#19123),#19127);
#19123 = CIRCLE('',#19124,2.45);
#19124 = AXIS2_PLACEMENT_2D('',#19125,#19126);
#19125 = CARTESIAN_POINT('',(-27.,0.));
#19126 = DIRECTION('',(0.,1.));
#19127 = ( GEOMETRIC_REPRESENTATION_CONTEXT(2) 
PARAMETRIC_REPRESENTATION_CONTEXT() REPRESENTATION_CONTEXT('2D SPACE',''
  ) );
#19128 = ADVANCED_FACE('',(#19129),#18185,.F.);
#19129 = FACE_BOUND('',#19130,.F.);
#19130 = EDGE_LOOP('',(#19131,#19132,#19133,#19134));
#19131 = ORIENTED_EDGE('',*,*,#19084,.F.);
#19132 = ORIENTED_EDGE('',*,*,#18171,.T.);
#19133 = ORIENTED_EDGE('',*,*,#19032,.T.);
#19134 = ORIENTED_EDGE('',*,*,#19135,.F.);
#19135 = EDGE_CURVE('',#19085,#19033,#19136,.T.);
#19136 = SURFACE_CURVE('',#19137,(#19141,#19148),.PCURVE_S1.);
#19137 = LINE('',#19138,#19139);
#19138 = CARTESIAN_POINT('',(178.7,131.43733360336,44.749144010902));
#19139 = VECTOR('',#19140,1.);
#19140 = DIRECTION('',(-1.,0.,0.));
#19141 = PCURVE('',#18185,#19142);
#19142 = DEFINITIONAL_REPRESENTATION('',(#19143),#19147);
#19143 = LINE('',#19144,#19145);
#19144 = CARTESIAN_POINT('',(8.188358949437E-33,0.212132034356));
#19145 = VECTOR('',#19146,1.);
#19146 = DIRECTION('',(1.,-4.615772285548E-35));
#19147 = ( GEOMETRIC_REPRESENTATION_CONTEXT(2) 
PARAMETRIC_REPRESENTATION_CONTEXT() REPRESENTATION_CONTEXT('2D SPACE',''
  ) );
#19148 = PCURVE('',#19017,#19149);
#19149 = DEFINITIONAL_REPRESENTATION('',(#19150),#19154);
#19150 = LINE('',#19151,#19152);
#19151 = CARTESIAN_POINT('',(-27.,-2.45));
#19152 = VECTOR('',#19153,1.);
#19153 = DIRECTION('',(1.,0.));
#19154 = ( GEOMETRIC_REPRESENTATION_CONTEXT(2) 
PARAMETRIC_REPRESENTATION_CONTEXT() REPRESENTATION_CONTEXT('2D SPACE',''
  ) );
#19155 = ADVANCED_FACE('',(#19156),#18241,.F.);
#19156 = FACE_BOUND('',#19157,.F.);
#19157 = EDGE_LOOP('',(#19158));
#19158 = ORIENTED_EDGE('',*,*,#18226,.T.);
#19159 = ADVANCED_FACE('',(#19160),#18296,.F.);
#19160 = FACE_BOUND('',#19161,.F.);
#19161 = EDGE_LOOP('',(#19162));
#19162 = ORIENTED_EDGE('',*,*,#18281,.T.);
#19163 = ADVANCED_FACE('',(#19164),#18350,.T.);
#19164 = FACE_BOUND('',#19165,.F.);
#19165 = EDGE_LOOP('',(#19166,#19167,#19168,#19169));
#19166 = ORIENTED_EDGE('',*,*,#18481,.T.);
#19167 = ORIENTED_EDGE('',*,*,#18434,.T.);
#19168 = ORIENTED_EDGE('',*,*,#18387,.T.);
#19169 = ORIENTED_EDGE('',*,*,#18335,.T.);
#19170 = ADVANCED_FACE('',(#19171),#18543,.T.);
#19171 = FACE_BOUND('',#19172,.F.);
#19172 = EDGE_LOOP('',(#19173,#19174,#19175,#19176));
#19173 = ORIENTED_EDGE('',*,*,#18674,.T.);
#19174 = ORIENTED_EDGE('',*,*,#18627,.T.);
#19175 = ORIENTED_EDGE('',*,*,#18580,.T.);
#19176 = ORIENTED_EDGE('',*,*,#18528,.T.);
#19177 = ADVANCED_FACE('',(#19178),#18737,.F.);
#19178 = FACE_BOUND('',#19179,.F.);
#19179 = EDGE_LOOP('',(#19180));
#19180 = ORIENTED_EDGE('',*,*,#18722,.T.);
#19181 = ADVANCED_FACE('',(#19182),#18814,.F.);
#19182 = FACE_BOUND('',#19183,.F.);
#19183 = EDGE_LOOP('',(#19184,#19185,#19186,#19187));
#19184 = ORIENTED_EDGE('',*,*,#18800,.T.);
#19185 = ORIENTED_EDGE('',*,*,#18904,.T.);
#19186 = ORIENTED_EDGE('',*,*,#18932,.T.);
#19187 = ORIENTED_EDGE('',*,*,#18854,.T.);
#19188 = ADVANCED_FACE('',(#19189),#19017,.F.);
#19189 = FACE_BOUND('',#19190,.F.);
#19190 = EDGE_LOOP('',(#19191,#19192,#19193,#19194));
#19191 = ORIENTED_EDGE('',*,*,#19003,.T.);
#19192 = ORIENTED_EDGE('',*,*,#19107,.T.);
#19193 = ORIENTED_EDGE('',*,*,#19135,.T.);
#19194 = ORIENTED_EDGE('',*,*,#19057,.T.);
#19195 = ( GEOMETRIC_REPRESENTATION_CONTEXT(3) 
GLOBAL_UNCERTAINTY_ASSIGNED_CONTEXT((#19199)) 
GLOBAL_UNIT_ASSIGNED_CONTEXT((#19196,#19197,#19198)) 
REPRESENTATION_CONTEXT('Context #1',
  '3D Context with UNIT and UNCERTAINTY') );
#19196 = ( LENGTH_UNIT() NAMED_UNIT(*) SI_UNIT(.MILLI.,.METRE.) );
#19197 = ( NAMED_UNIT(*) PLANE_ANGLE_UNIT() SI_UNIT($,.RADIAN.) );
#19198 = ( NAMED_UNIT(*) SI_UNIT($,.STERADIAN.) SOLID_ANGLE_UNIT() );
#19199 = UNCERTAINTY_MEASURE_WITH_UNIT(LENGTH_MEASURE(1.E-07),#19196,
  'distance_accuracy_value','confusion accuracy');
#19200 = CONTEXT_DEPENDENT_SHAPE_REPRESENTATION(#19201,#19203);
#19201 = ( REPRESENTATION_RELATIONSHIP('','',#12281,#10) 
REPRESENTATION_RELATIONSHIP_WITH_TRANSFORMATION(#19202) 
SHAPE_REPRESENTATION_RELATIONSHIP() );
#19202 = ITEM_DEFINED_TRANSFORMATION('','',#11,#19);
#19203 = PRODUCT_DEFINITION_SHAPE('Placement','Placement of an item',
  #19204);
#19204 = NEXT_ASSEMBLY_USAGE_OCCURRENCE('2','','',#5,#12276,$);
#19205 = PRODUCT_RELATED_PRODUCT_CATEGORY('part',$,(#12278));
ENDSEC;
END-ISO-10303-21;
